frame_index,frame_number_1based,integrated_time_s,raw_std
0,1,0.013783,0.474497
1,2,0.027566,0.408521
2,3,0.041350,0.476299
3,4,0.055133,0.461585
4,5,0.068916,0.466800
5,6,0.082699,0.433839
6,7,0.096482,0.428044
7,8,0.110265,0.441015
8,9,0.124049,0.419182
9,10,0.137832,0.407953
10,11,0.151615,0.427894
11,12,0.165398,0.414623
12,13,0.179181,0.449261
13,14,0.192964,0.405869
14,15,0.206748,0.442989
15,16,0.220531,0.441066
16,17,0.234314,0.417222
17,18,0.248097,0.375322
18,19,0.261880,0.393275
19,20,0.275663,0.430403
20,21,0.289447,0.498067
21,22,0.303230,0.492382
22,23,0.317013,0.478339
23,24,0.330796,0.467729
24,25,0.344579,0.452227
25,26,0.358362,0.466492
26,27,0.372146,0.483952
27,28,0.385929,0.457875
28,29,0.399712,0.467356
29,30,0.413495,0.397550
30,31,0.427278,0.445920
31,32,0.441062,0.417219
32,33,0.454845,0.450770
33,34,0.468628,0.469747
34,35,0.482411,0.454712
35,36,0.496194,0.486751
36,37,0.509977,0.481108
37,38,0.523761,0.419319
38,39,0.537544,0.405804
39,40,0.551327,0.507801
40,41,0.565110,0.423881
41,42,0.578893,0.409888
42,43,0.592676,0.445351
43,44,0.606460,0.458776
44,45,0.620243,0.408275
45,46,0.634026,0.493467
46,47,0.647809,0.454589
47,48,0.661592,0.517602
48,49,0.675375,0.367432
49,50,0.689159,0.400644
50,51,0.702942,0.464060
51,52,0.716725,0.558012
52,53,0.730508,0.559362
53,54,0.744291,0.414408
54,55,0.758074,0.486558
55,56,0.771858,0.397074
56,57,0.785641,0.449037
57,58,0.799424,0.432214
58,59,0.813207,0.413515
59,60,0.826990,0.476683
60,61,0.840774,0.431099
61,62,0.854557,0.469964
62,63,0.868340,0.487014
63,64,0.882123,0.480149
64,65,0.895906,0.484332
65,66,0.909689,0.476430
66,67,0.923473,0.454161
67,68,0.937256,0.370584
68,69,0.951039,0.448820
69,70,0.964822,0.517858
70,71,0.978605,0.458702
71,72,0.992388,0.334432
72,73,1.006172,0.478473
73,74,1.019955,0.394498
74,75,1.033738,0.444745
75,76,1.047521,0.425018
76,77,1.061304,0.376206
77,78,1.075087,0.506136
78,79,1.088871,0.365318
79,80,1.102654,0.413230
80,81,1.116437,0.463384
81,82,1.130220,0.357807
82,83,1.144003,0.410390
83,84,1.157786,0.403172
84,85,1.171570,0.449137
85,86,1.185353,0.378830
86,87,1.199136,0.509177
87,88,1.212919,0.474257
88,89,1.226702,0.467318
89,90,1.240485,0.369097
90,91,1.254269,0.432439
91,92,1.268052,0.383274
92,93,1.281835,0.508760
93,94,1.295618,0.474912
94,95,1.309401,0.438802
95,96,1.323185,0.466846
96,97,1.336968,0.456652
97,98,1.350751,0.421755
98,99,1.364534,0.438723
99,100,1.378317,0.514456
100,101,1.392100,0.428991
101,102,1.405884,0.438031
102,103,1.419667,0.449387
103,104,1.433450,0.444123
104,105,1.447233,0.602089
105,106,1.461016,0.474537
106,107,1.474799,0.455846
107,108,1.488583,0.422658
108,109,1.502366,0.488301
109,110,1.516149,0.483377
110,111,1.529932,0.408692
111,112,1.543715,0.439823
112,113,1.557498,0.518977
113,114,1.571282,0.396384
114,115,1.585065,0.518707
115,116,1.598848,0.418360
116,117,1.612631,0.418532
117,118,1.626414,0.422012
118,119,1.640197,0.436019
119,120,1.653981,0.501434
120,121,1.667764,0.390616
121,122,1.681547,0.435485
122,123,1.695330,0.488886
123,124,1.709113,0.471432
124,125,1.722897,0.444968
125,126,1.736680,0.394844
126,127,1.750463,0.480971
127,128,1.764246,0.452137
128,129,1.778029,0.515968
129,130,1.791812,0.484239
130,131,1.805596,0.510175
131,132,1.819379,0.402930
132,133,1.833162,0.458373
133,134,1.846945,0.446770
134,135,1.860728,0.471373
135,136,1.874511,0.464909
136,137,1.888295,0.436911
137,138,1.902078,0.442895
138,139,1.915861,0.420776
139,140,1.929644,0.480447
140,141,1.943427,0.504325
141,142,1.957210,0.459753
142,143,1.970994,0.425791
143,144,1.984777,0.389943
144,145,1.998560,0.532130
145,146,2.012343,0.486609
146,147,2.026126,0.457955
147,148,2.039909,0.496261
148,149,2.053693,0.478523
149,150,2.067476,0.475279
150,151,2.081259,0.474466
151,152,2.095042,0.420579
152,153,2.108825,0.493806
153,154,2.122609,0.470289
154,155,2.136392,0.484346
155,156,2.150175,0.509197
156,157,2.163958,0.441136
157,158,2.177741,0.538877
158,159,2.191524,0.448854
159,160,2.205308,0.534232
160,161,2.219091,0.442706
161,162,2.232874,0.457965
162,163,2.246657,0.468918
163,164,2.260440,0.398679
164,165,2.274223,0.403607
165,166,2.288007,0.477493
166,167,2.301790,0.454405
167,168,2.315573,0.405535
168,169,2.329356,0.495203
169,170,2.343139,0.458450
170,171,2.356922,0.466583
171,172,2.370706,0.500076
172,173,2.384489,0.490765
173,174,2.398272,0.462501
174,175,2.412055,0.461112
175,176,2.425838,0.498042
176,177,2.439621,0.392804
177,178,2.453405,0.379421
178,179,2.467188,0.453245
179,180,2.480971,0.393131
180,181,2.494754,0.411939
181,182,2.508537,0.416874
182,183,2.522321,0.463043
183,184,2.536104,0.483208
184,185,2.549887,0.434437
185,186,2.563670,0.465503
186,187,2.577453,0.456089
187,188,2.591236,0.461494
188,189,2.605020,0.418817
189,190,2.618803,0.471106
190,191,2.632586,0.364879
191,192,2.646369,0.433378
192,193,2.660152,0.451731
193,194,2.673935,0.470860
194,195,2.687719,0.420499
195,196,2.701502,0.363716
196,197,2.715285,0.462727
197,198,2.729068,0.389066
198,199,2.742851,0.459093
199,200,2.756634,0.480234
200,201,2.770418,0.384222
201,202,2.784201,0.430691
202,203,2.797984,0.421116
203,204,2.811767,0.462671
204,205,2.825550,0.447071
205,206,2.839333,0.447040
206,207,2.853117,0.422405
207,208,2.866900,0.487769
208,209,2.880683,0.431940
209,210,2.894466,0.445831
210,211,2.908249,0.466823
211,212,2.922033,0.459980
212,213,2.935816,0.451536
213,214,2.949599,0.398223
214,215,2.963382,0.506888
215,216,2.977165,0.418904
216,217,2.990948,0.462608
217,218,3.004732,0.428720
218,219,3.018515,0.427665
219,220,3.032298,0.503136
220,221,3.046081,0.432464
221,222,3.059864,0.478712
222,223,3.073647,0.426974
223,224,3.087431,0.466308
224,225,3.101214,0.453443
225,226,3.114997,0.417736
226,227,3.128780,0.359341
227,228,3.142563,0.377615
228,229,3.156346,0.491271
229,230,3.170130,0.422524
230,231,3.183913,0.561494
231,232,3.197696,0.402247
232,233,3.211479,0.412219
233,234,3.225262,0.444488
234,235,3.239045,0.448013
235,236,3.252829,0.466501
236,237,3.266612,0.430862
237,238,3.280395,0.422176
238,239,3.294178,0.461702
239,240,3.307961,0.474708
240,241,3.321744,0.451238
241,242,3.335528,0.474059
242,243,3.349311,0.503929
243,244,3.363094,0.441775
244,245,3.376877,0.468906
245,246,3.390660,0.485982
246,247,3.404444,0.467120
247,248,3.418227,0.424309
248,249,3.432010,0.459116
249,250,3.445793,0.423683
250,251,3.459576,0.483019
251,252,3.473359,0.400811
252,253,3.487143,0.396151
253,254,3.500926,0.514551
254,255,3.514709,0.400635
255,256,3.528492,0.508636
256,257,3.542275,0.441871
257,258,3.556058,0.463262
258,259,3.569842,0.393621
259,260,3.583625,0.487625
260,261,3.597408,0.461658
261,262,3.611191,0.465127
262,263,3.624974,0.490624
263,264,3.638757,0.445058
264,265,3.652541,0.470949
265,266,3.666324,0.427315
266,267,3.680107,0.397424
267,268,3.693890,0.438795
268,269,3.707673,0.472874
269,270,3.721456,0.448134
270,271,3.735240,0.320023
271,272,3.749023,0.473421
272,273,3.762806,0.420450
273,274,3.776589,0.526237
274,275,3.790372,0.490449
275,276,3.804156,0.438359
276,277,3.817939,0.442937
277,278,3.831722,0.477387
278,279,3.845505,0.477764
279,280,3.859288,0.452363
280,281,3.873071,0.466940
281,282,3.886855,0.423628
282,283,3.900638,0.446085
283,284,3.914421,0.467425
284,285,3.928204,0.467184
285,286,3.941987,0.481471
286,287,3.955770,0.390714
287,288,3.969554,0.554970
288,289,3.983337,0.365639
289,290,3.997120,0.466381
290,291,4.010903,0.501552
291,292,4.024686,0.590469
292,293,4.038469,0.483690
293,294,4.052253,0.403721
294,295,4.066036,0.429890
295,296,4.079819,0.399751
296,297,4.093602,0.437156
297,298,4.107385,0.489091
298,299,4.121168,0.351542
299,300,4.134952,0.405501
300,301,4.148735,0.381257
301,302,4.162518,0.444633
302,303,4.176301,0.395267
303,304,4.190084,0.426815
304,305,4.203868,0.455269
305,306,4.217651,0.445644
306,307,4.231434,0.455252
307,308,4.245217,0.348562
308,309,4.259000,0.466866
309,310,4.272783,0.460690
310,311,4.286567,0.453177
311,312,4.300350,0.453187
312,313,4.314133,0.441479
313,314,4.327916,0.407517
314,315,4.341699,0.391470
315,316,4.355482,0.447817
316,317,4.369266,0.394913
317,318,4.383049,0.475908
318,319,4.396832,0.536639
319,320,4.410615,0.419303
320,321,4.424398,0.472299
321,322,4.438181,0.397265
322,323,4.451965,0.509118
323,324,4.465748,0.439984
324,325,4.479531,0.403699
325,326,4.493314,0.489599
326,327,4.507097,0.453370
327,328,4.520880,0.445357
328,329,4.534664,0.386615
329,330,4.548447,0.470580
330,331,4.562230,0.428996
331,332,4.576013,0.492311
332,333,4.589796,0.453811
333,334,4.603580,0.451582
334,335,4.617363,0.454619
335,336,4.631146,0.518597
336,337,4.644929,0.340847
337,338,4.658712,0.454858
338,339,4.672495,0.494705
339,340,4.686279,0.505394
340,341,4.700062,0.470900
341,342,4.713845,0.410984
342,343,4.727628,0.469034
343,344,4.741411,0.423923
344,345,4.755194,0.501128
345,346,4.768978,0.482016
346,347,4.782761,0.446784
347,348,4.796544,0.424006
348,349,4.810327,0.428786
349,350,4.824110,0.447942
350,351,4.837893,0.480859
351,352,4.851677,0.394769
352,353,4.865460,0.497014
353,354,4.879243,0.462542
354,355,4.893026,0.416612
355,356,4.906809,0.476300
356,357,4.920592,0.490969
357,358,4.934376,0.444268
358,359,4.948159,0.416955
359,360,4.961942,0.410335
360,361,4.975725,0.425467
361,362,4.989508,0.433186
362,363,5.003292,0.401598
363,364,5.017075,0.389140
364,365,5.030858,0.421115
365,366,5.044641,0.444722
366,367,5.058424,0.475688
367,368,5.072207,0.425527
368,369,5.085991,0.433417
369,370,5.099774,0.355743
370,371,5.113557,0.421655
371,372,5.127340,0.410582
372,373,5.141123,0.445355
373,374,5.154906,0.549571
374,375,5.168690,0.481319
375,376,5.182473,0.475529
376,377,5.196256,0.519677
377,378,5.210039,0.532398
378,379,5.223822,0.379894
379,380,5.237605,0.496672
380,381,5.251389,0.479781
381,382,5.265172,0.482674
382,383,5.278955,0.417575
383,384,5.292738,0.437585
384,385,5.306521,0.521109
385,386,5.320304,0.478360
386,387,5.334088,0.427368
387,388,5.347871,0.452940
388,389,5.361654,0.463619
389,390,5.375437,0.499234
390,391,5.389220,0.393837
391,392,5.403003,0.426574
392,393,5.416787,0.426745
393,394,5.430570,0.480809
394,395,5.444353,0.419572
395,396,5.458136,0.449064
396,397,5.471919,0.464763
397,398,5.485703,0.462617
398,399,5.499486,0.418733
399,400,5.513269,0.433249
400,401,5.527052,0.436749
401,402,5.540835,0.528725
402,403,5.554618,0.418055
403,404,5.568402,0.430717
404,405,5.582185,0.460275
405,406,5.595968,0.459091
406,407,5.609751,0.397690
407,408,5.623534,0.508517
408,409,5.637317,0.478654
409,410,5.651101,0.508516
410,411,5.664884,0.451719
411,412,5.678667,0.437578
412,413,5.692450,0.378651
413,414,5.706233,0.469345
414,415,5.720016,0.476367
415,416,5.733800,0.465079
416,417,5.747583,0.385724
417,418,5.761366,0.437276
418,419,5.775149,0.384947
419,420,5.788932,0.447228
420,421,5.802715,0.412397
421,422,5.816499,0.481740
422,423,5.830282,0.479921
423,424,5.844065,0.505275
424,425,5.857848,0.508021
425,426,5.871631,0.371687
426,427,5.885415,0.414076
427,428,5.899198,0.363866
428,429,5.912981,0.514571
429,430,5.926764,0.401213
430,431,5.940547,0.379637
431,432,5.954330,0.502746
432,433,5.968114,0.381587
433,434,5.981897,0.443361
434,435,5.995680,0.449843
435,436,6.009463,0.445107
436,437,6.023246,0.422468
437,438,6.037029,0.476120
438,439,6.050813,0.448030
439,440,6.064596,0.427063
440,441,6.078379,0.420839
441,442,6.092162,0.478494
442,443,6.105945,0.416962
443,444,6.119728,0.413128
444,445,6.133512,0.444733
445,446,6.147295,0.399636
446,447,6.161078,0.472967
447,448,6.174861,0.424812
448,449,6.188644,0.364285
449,450,6.202427,0.494393
450,451,6.216211,0.476238
451,452,6.229994,0.403081
452,453,6.243777,0.443845
453,454,6.257560,0.409432
454,455,6.271343,0.456547
455,456,6.285127,0.503309
456,457,6.298910,0.374437
457,458,6.312693,0.522165
458,459,6.326476,0.416823
459,460,6.340259,0.462890
460,461,6.354042,0.383529
461,462,6.367826,0.501448
462,463,6.381609,0.411580
463,464,6.395392,0.401398
464,465,6.409175,0.408676
465,466,6.422958,0.435405
466,467,6.436741,0.402863
467,468,6.450525,0.440837
468,469,6.464308,0.540409
469,470,6.478091,0.488702
470,471,6.491874,0.461447
471,472,6.505657,0.408450
472,473,6.519440,0.429272
473,474,6.533224,0.483836
474,475,6.547007,0.500196
475,476,6.560790,0.407898
476,477,6.574573,0.452954
477,478,6.588356,0.414997
478,479,6.602139,0.433012
479,480,6.615923,0.485903
480,481,6.629706,0.526880
481,482,6.643489,0.472704
482,483,6.657272,0.377548
483,484,6.671055,0.567130
484,485,6.684839,0.481016
485,486,6.698622,0.423608
486,487,6.712405,0.499698
487,488,6.726188,0.411101
488,489,6.739971,0.414524
489,490,6.753754,0.403985
490,491,6.767538,0.374154
491,492,6.781321,0.478577
492,493,6.795104,0.495305
493,494,6.808887,0.486901
494,495,6.822670,0.441475
495,496,6.836453,0.480401
496,497,6.850237,0.404715
497,498,6.864020,0.403712
498,499,6.877803,0.441819
499,500,6.891586,0.351097
500,501,6.905369,0.417206
501,502,6.919152,0.414331
502,503,6.932936,0.433624
503,504,6.946719,0.453740
504,505,6.960502,0.468302
505,506,6.974285,0.407684
506,507,6.988068,0.429894
507,508,7.001851,0.474203
508,509,7.015635,0.461158
509,510,7.029418,0.470831
510,511,7.043201,0.402405
511,512,7.056984,0.444878
512,513,7.070767,0.448496
513,514,7.084551,0.480104
514,515,7.098334,0.490238
515,516,7.112117,0.495119
516,517,7.125900,0.352548
517,518,7.139683,0.496485
518,519,7.153466,0.560397
519,520,7.167250,0.394183
520,521,7.181033,0.438471
521,522,7.194816,0.440495
522,523,7.208599,0.414500
523,524,7.222382,0.389287
524,525,7.236165,0.453370
525,526,7.249949,0.461543
526,527,7.263732,0.434762
527,528,7.277515,0.393274
528,529,7.291298,0.409611
529,530,7.305081,0.465571
530,531,7.318864,0.413397
531,532,7.332648,0.457106
532,533,7.346431,0.502925
533,534,7.360214,0.382797
534,535,7.373997,0.429244
535,536,7.387780,0.478109
536,537,7.401563,0.475461
537,538,7.415347,0.412000
538,539,7.429130,0.468124
539,540,7.442913,0.464172
540,541,7.456696,0.465980
541,542,7.470479,0.468284
542,543,7.484262,0.464661
543,544,7.498046,0.473393
544,545,7.511829,0.468961
545,546,7.525612,0.484914
546,547,7.539395,0.462275
547,548,7.553178,0.368619
548,549,7.566962,0.509904
549,550,7.580745,0.532591
550,551,7.594528,0.432659
551,552,7.608311,0.470346
552,553,7.622094,0.453621
553,554,7.635877,0.487922
554,555,7.649661,0.522131
555,556,7.663444,0.453028
556,557,7.677227,0.463688
557,558,7.691010,0.448970
558,559,7.704793,0.397908
559,560,7.718576,0.418854
560,561,7.732360,0.387591
561,562,7.746143,0.431580
562,563,7.759926,0.444493
563,564,7.773709,0.434267
564,565,7.787492,0.481148
565,566,7.801275,0.477296
566,567,7.815059,0.490771
567,568,7.828842,0.502003
568,569,7.842625,0.468518
569,570,7.856408,0.433037
570,571,7.870191,0.397207
571,572,7.883974,0.471305
572,573,7.897758,0.460119
573,574,7.911541,0.492003
574,575,7.925324,0.424086
575,576,7.939107,0.425063
576,577,7.952890,0.475785
577,578,7.966674,0.388068
578,579,7.980457,0.431644
579,580,7.994240,0.437344
580,581,8.008023,0.463904
581,582,8.021806,0.497457
582,583,8.035589,0.454426
583,584,8.049373,0.477537
584,585,8.063156,0.415731
585,586,8.076939,0.425694
586,587,8.090722,0.436915
587,588,8.104505,0.454334
588,589,8.118288,0.427386
589,590,8.132072,0.486410
590,591,8.145855,0.452506
591,592,8.159638,0.405736
592,593,8.173421,0.445880
593,594,8.187204,0.393943
594,595,8.200987,0.476879
595,596,8.214771,0.393766
596,597,8.228554,0.505287
597,598,8.242337,0.465445
598,599,8.256120,0.507774
599,600,8.269903,0.471844
600,601,8.283686,0.429764
601,602,8.297470,0.404227
602,603,8.311253,0.414974
603,604,8.325036,0.452537
604,605,8.338819,0.515595
605,606,8.352602,0.507630
606,607,8.366386,0.432426
607,608,8.380169,0.527652
608,609,8.393952,0.402809
609,610,8.407735,0.419260
610,611,8.421518,0.396866
611,612,8.435301,0.383447
612,613,8.449085,0.422517
613,614,8.462868,0.442839
614,615,8.476651,0.363026
615,616,8.490434,0.367936
616,617,8.504217,0.561604
617,618,8.518000,0.436577
618,619,8.531784,0.403523
619,620,8.545567,0.437553
620,621,8.559350,0.455903
621,622,8.573133,0.447667
622,623,8.586916,0.501327
623,624,8.600699,0.375381
624,625,8.614483,0.396554
625,626,8.628266,0.479430
626,627,8.642049,0.442620
627,628,8.655832,0.399732
628,629,8.669615,0.425822
629,630,8.683398,0.413696
630,631,8.697182,0.453978
631,632,8.710965,0.434902
632,633,8.724748,0.509048
633,634,8.738531,0.396219
634,635,8.752314,0.494125
635,636,8.766098,0.453695
636,637,8.779881,0.520791
637,638,8.793664,0.391389
638,639,8.807447,0.388858
639,640,8.821230,0.337401
640,641,8.835013,0.407757
641,642,8.848797,0.413069
642,643,8.862580,0.456139
643,644,8.876363,0.406853
644,645,8.890146,0.455849
645,646,8.903929,0.332400
646,647,8.917712,0.487138
647,648,8.931496,0.407057
648,649,8.945279,0.470133
649,650,8.959062,0.382731
650,651,8.972845,0.428249
651,652,8.986628,0.509891
652,653,9.000411,0.422646
653,654,9.014195,0.429181
654,655,9.027978,0.469570
655,656,9.041761,0.376478
656,657,9.055544,0.503124
657,658,9.069327,0.473135
658,659,9.083110,0.400565
659,660,9.096894,0.462585
660,661,9.110677,0.410649
661,662,9.124460,0.455003
662,663,9.138243,0.496143
663,664,9.152026,0.433276
664,665,9.165810,0.455660
665,666,9.179593,0.433117
666,667,9.193376,0.487404
667,668,9.207159,0.574623
668,669,9.220942,0.442672
669,670,9.234725,0.496806
670,671,9.248509,0.489956
671,672,9.262292,0.455158
672,673,9.276075,0.437949
673,674,9.289858,0.505477
674,675,9.303641,0.422588
675,676,9.317424,0.449974
676,677,9.331208,0.423904
677,678,9.344991,0.469337
678,679,9.358774,0.461999
679,680,9.372557,0.457791
680,681,9.386340,0.466679
681,682,9.400123,0.482310
682,683,9.413907,0.458824
683,684,9.427690,0.448978
684,685,9.441473,0.443844
685,686,9.455256,0.411065
686,687,9.469039,0.458965
687,688,9.482822,0.413176
688,689,9.496606,0.459351
689,690,9.510389,0.579113
690,691,9.524172,0.462932
691,692,9.537955,0.527628
692,693,9.551738,0.449788
693,694,9.565521,0.486835
694,695,9.579305,0.464847
695,696,9.593088,0.460746
696,697,9.606871,0.464705
697,698,9.620654,0.443293
698,699,9.634437,0.478940
699,700,9.648221,0.471526
700,701,9.662004,0.427821
701,702,9.675787,0.454949
702,703,9.689570,0.388654
703,704,9.703353,0.451969
704,705,9.717136,0.446284
705,706,9.730920,0.468191
706,707,9.744703,0.428229
707,708,9.758486,0.446749
708,709,9.772269,0.439308
709,710,9.786052,0.491347
710,711,9.799835,0.421223
711,712,9.813619,0.513488
712,713,9.827402,0.469176
713,714,9.841185,0.476095
714,715,9.854968,0.392863
715,716,9.868751,0.460738
716,717,9.882534,0.418075
717,718,9.896318,0.461884
718,719,9.910101,0.425790
719,720,9.923884,0.457030
720,721,9.937667,0.437260
721,722,9.951450,0.473169
722,723,9.965233,0.347344
723,724,9.979017,0.471053
724,725,9.992800,0.458762
725,726,10.006583,0.546702
726,727,10.020366,0.473459
727,728,10.034149,0.426744
728,729,10.047933,0.430068
729,730,10.061716,0.499521
730,731,10.075499,0.482355
731,732,10.089282,0.443081
732,733,10.103065,0.450201
733,734,10.116848,0.376918
734,735,10.130632,0.415069
735,736,10.144415,0.445601
736,737,10.158198,0.426587
737,738,10.171981,0.428321
738,739,10.185764,0.472841
739,740,10.199547,0.434743
740,741,10.213331,0.516991
741,742,10.227114,0.419363
742,743,10.240897,0.411643
743,744,10.254680,0.448161
744,745,10.268463,0.520252
745,746,10.282246,0.468927
746,747,10.296030,0.474173
747,748,10.309813,0.477868
748,749,10.323596,0.472023
749,750,10.337379,0.445494
750,751,10.351162,0.485485
751,752,10.364945,0.437781
752,753,10.378729,0.537020
753,754,10.392512,0.396574
754,755,10.406295,0.521921
755,756,10.420078,0.452900
756,757,10.433861,0.448978
757,758,10.447645,0.436310
758,759,10.461428,0.483034
759,760,10.475211,0.413367
760,761,10.488994,0.484174
761,762,10.502777,0.455510
762,763,10.516560,0.421035
763,764,10.530344,0.413701
764,765,10.544127,0.481310
765,766,10.557910,0.502077
766,767,10.571693,0.503058
767,768,10.585476,0.474065
768,769,10.599259,0.475179
769,770,10.613043,0.388243
770,771,10.626826,0.481741
771,772,10.640609,0.452930
772,773,10.654392,0.488855
773,774,10.668175,0.443601
774,775,10.681958,0.362302
775,776,10.695742,0.446756
776,777,10.709525,0.460550
777,778,10.723308,0.425244
778,779,10.737091,0.394545
779,780,10.750874,0.433148
780,781,10.764657,0.461865
781,782,10.778441,0.487024
782,783,10.792224,0.416264
783,784,10.806007,0.573661
784,785,10.819790,0.459541
785,786,10.833573,0.435294
786,787,10.847357,0.460447
787,788,10.861140,0.477021
788,789,10.874923,0.453307
789,790,10.888706,0.456699
790,791,10.902489,0.455591
791,792,10.916272,0.423700
792,793,10.930056,0.414986
793,794,10.943839,0.469991
794,795,10.957622,0.513634
795,796,10.971405,0.362765
796,797,10.985188,0.502160
797,798,10.998971,0.406147
798,799,11.012755,0.470939
799,800,11.026538,0.477937
800,801,11.040321,0.423048
801,802,11.054104,0.429513
802,803,11.067887,0.451169
803,804,11.081670,0.542415
804,805,11.095454,0.397623
805,806,11.109237,0.444421
806,807,11.123020,0.487525
807,808,11.136803,0.518562
808,809,11.150586,0.463544
809,810,11.164369,0.481568
810,811,11.178153,0.473169
811,812,11.191936,0.430089
812,813,11.205719,0.435175
813,814,11.219502,0.445479
814,815,11.233285,0.432562
815,816,11.247069,0.509560
816,817,11.260852,0.426244
817,818,11.274635,0.500167
818,819,11.288418,0.444024
819,820,11.302201,0.441971
820,821,11.315984,0.403479
821,822,11.329768,0.400116
822,823,11.343551,0.390412
823,824,11.357334,0.386804
824,825,11.371117,0.463767
825,826,11.384900,0.395133
826,827,11.398683,0.543014
827,828,11.412467,0.443180
828,829,11.426250,0.424464
829,830,11.440033,0.447337
830,831,11.453816,0.420176
831,832,11.467599,0.427122
832,833,11.481382,0.485760
833,834,11.495166,0.413619
834,835,11.508949,0.534215
835,836,11.522732,0.493772
836,837,11.536515,0.473919
837,838,11.550298,0.421344
838,839,11.564081,0.390655
839,840,11.577865,0.408855
840,841,11.591648,0.443688
841,842,11.605431,0.453027
842,843,11.619214,0.494119
843,844,11.632997,0.448512
844,845,11.646780,0.378142
845,846,11.660564,0.489297
846,847,11.674347,0.474363
847,848,11.688130,0.441347
848,849,11.701913,0.521241
849,850,11.715696,0.446639
850,851,11.729480,0.526839
851,852,11.743263,0.607823
852,853,11.757046,0.440301
853,854,11.770829,0.516400
854,855,11.784612,0.424553
855,856,11.798395,0.486725
856,857,11.812179,0.450780
857,858,11.825962,0.455393
858,859,11.839745,0.452848
859,860,11.853528,0.481272
860,861,11.867311,0.421620
861,862,11.881094,0.438889
862,863,11.894878,0.477297
863,864,11.908661,0.410567
864,865,11.922444,0.379307
865,866,11.936227,0.430849
866,867,11.950010,0.424509
867,868,11.963793,0.441903
868,869,11.977577,0.442453
869,870,11.991360,0.447932
870,871,12.005143,0.478288
871,872,12.018926,0.468098
872,873,12.032709,0.477027
873,874,12.046492,0.422310
874,875,12.060276,0.389989
875,876,12.074059,0.422456
876,877,12.087842,0.442240
877,878,12.101625,0.469914
878,879,12.115408,0.439068
879,880,12.129192,0.427005
880,881,12.142975,0.457164
881,882,12.156758,0.404645
882,883,12.170541,0.371537
883,884,12.184324,0.467228
884,885,12.198107,0.402773
885,886,12.211891,0.460616
886,887,12.225674,0.473310
887,888,12.239457,0.417131
888,889,12.253240,0.435067
889,890,12.267023,0.414929
890,891,12.280806,0.454054
891,892,12.294590,0.430797
892,893,12.308373,0.473904
893,894,12.322156,0.437160
894,895,12.335939,0.432921
895,896,12.349722,0.404381
896,897,12.363505,0.476739
897,898,12.377289,0.415649
898,899,12.391072,0.408386
899,900,12.404855,0.455102
900,901,12.418638,0.429304
901,902,12.432421,0.508453
902,903,12.446204,0.463108
903,904,12.459988,0.462775
904,905,12.473771,0.426696
905,906,12.487554,0.532288
906,907,12.501337,0.371727
907,908,12.515120,0.426578
908,909,12.528904,0.427259
909,910,12.542687,0.436510
910,911,12.556470,0.431399
911,912,12.570253,0.455655
912,913,12.584036,0.394566
913,914,12.597819,0.436405
914,915,12.611603,0.439968
915,916,12.625386,0.417257
916,917,12.639169,0.432281
917,918,12.652952,0.460217
918,919,12.666735,0.498915
919,920,12.680518,0.418682
920,921,12.694302,0.475080
921,922,12.708085,0.492848
922,923,12.721868,0.457662
923,924,12.735651,0.463729
924,925,12.749434,0.460611
925,926,12.763217,0.472924
926,927,12.777001,0.397229
927,928,12.790784,0.420390
928,929,12.804567,0.381994
929,930,12.818350,0.404868
930,931,12.832133,0.538699
931,932,12.845916,0.444404
932,933,12.859700,0.468568
933,934,12.873483,0.440583
934,935,12.887266,0.508041
935,936,12.901049,0.427643
936,937,12.914832,0.503540
937,938,12.928616,0.398201
938,939,12.942399,0.484016
939,940,12.956182,0.458661
940,941,12.969965,0.450391
941,942,12.983748,0.549426
942,943,12.997531,0.469011
943,944,13.011315,0.430008
944,945,13.025098,0.439724
945,946,13.038881,0.514034
946,947,13.052664,0.464583
947,948,13.066447,0.395003
948,949,13.080230,0.492048
949,950,13.094014,0.422663
950,951,13.107797,0.440708
951,952,13.121580,0.444757
952,953,13.135363,0.397666
953,954,13.149146,0.418150
954,955,13.162929,0.389914
955,956,13.176713,0.430616
956,957,13.190496,0.429667
957,958,13.204279,0.499988
958,959,13.218062,0.498162
959,960,13.231845,0.375099
960,961,13.245628,0.463291
961,962,13.259412,0.440973
962,963,13.273195,0.487703
963,964,13.286978,0.492272
964,965,13.300761,0.367188
965,966,13.314544,0.480006
966,967,13.328328,0.443636
967,968,13.342111,0.511837
968,969,13.355894,0.452694
969,970,13.369677,0.462671
970,971,13.383460,0.513042
971,972,13.397243,0.432423
972,973,13.411027,0.520760
973,974,13.424810,0.414380
974,975,13.438593,0.462042
975,976,13.452376,0.450344
976,977,13.466159,0.393873
977,978,13.479942,0.484672
978,979,13.493726,0.408959
979,980,13.507509,0.500812
980,981,13.521292,0.444440
981,982,13.535075,0.482720
982,983,13.548858,0.399436
983,984,13.562641,0.396385
984,985,13.576425,0.420595
985,986,13.590208,0.452398
986,987,13.603991,0.438508
987,988,13.617774,0.420719
988,989,13.631557,0.410745
989,990,13.645340,0.394208
990,991,13.659124,0.478547
991,992,13.672907,0.408870
992,993,13.686690,0.436874
993,994,13.700473,0.460610
994,995,13.714256,0.476579
995,996,13.728039,0.429656
996,997,13.741823,0.504611
997,998,13.755606,0.473763
998,999,13.769389,0.482564
999,1000,13.783172,0.486941
1000,1001,13.796955,0.472542
1001,1002,13.810739,0.381242
1002,1003,13.824522,0.359084
1003,1004,13.838305,0.376434
1004,1005,13.852088,0.453692
1005,1006,13.865871,0.483284
1006,1007,13.879654,0.478392
1007,1008,13.893438,0.454577
1008,1009,13.907221,0.440143
1009,1010,13.921004,0.519732
1010,1011,13.934787,0.392431
1011,1012,13.948570,0.416031
1012,1013,13.962353,0.434118
1013,1014,13.976137,0.414269
1014,1015,13.989920,0.366894
1015,1016,14.003703,0.461752
1016,1017,14.017486,0.436840
1017,1018,14.031269,0.450715
1018,1019,14.045052,0.468805
1019,1020,14.058836,0.426793
1020,1021,14.072619,0.468158
1021,1022,14.086402,0.417065
1022,1023,14.100185,0.437869
1023,1024,14.113968,0.536915
1024,1025,14.127751,0.422672
1025,1026,14.141535,0.558627
1026,1027,14.155318,0.504161
1027,1028,14.169101,0.491657
1028,1029,14.182884,0.490037
1029,1030,14.196667,0.477846
1030,1031,14.210451,0.445339
1031,1032,14.224234,0.463663
1032,1033,14.238017,0.419318
1033,1034,14.251800,0.418133
1034,1035,14.265583,0.445866
1035,1036,14.279366,0.378073
1036,1037,14.293150,0.482010
1037,1038,14.306933,0.404334
1038,1039,14.320716,0.404667
1039,1040,14.334499,0.429355
1040,1041,14.348282,0.451907
1041,1042,14.362065,0.419844
1042,1043,14.375849,0.458366
1043,1044,14.389632,0.478783
1044,1045,14.403415,0.429610
1045,1046,14.417198,0.419128
1046,1047,14.430981,0.419730
1047,1048,14.444764,0.444158
1048,1049,14.458548,0.465309
1049,1050,14.472331,0.497322
1050,1051,14.486114,0.496076
1051,1052,14.499897,0.451354
1052,1053,14.513680,0.440148
1053,1054,14.527463,0.428721
1054,1055,14.541247,0.395513
1055,1056,14.555030,0.452816
1056,1057,14.568813,0.409503
1057,1058,14.582596,0.505971
1058,1059,14.596379,0.405357
1059,1060,14.610163,0.483222
1060,1061,14.623946,0.504288
1061,1062,14.637729,0.423431
1062,1063,14.651512,0.463231
1063,1064,14.665295,0.513792
1064,1065,14.679078,0.468221
1065,1066,14.692862,0.434423
1066,1067,14.706645,0.485097
1067,1068,14.720428,0.487485
1068,1069,14.734211,0.484084
1069,1070,14.747994,0.459926
1070,1071,14.761777,0.451334
1071,1072,14.775561,0.511658
1072,1073,14.789344,0.426658
1073,1074,14.803127,0.522103
1074,1075,14.816910,0.511853
1075,1076,14.830693,0.441653
1076,1077,14.844476,0.418047
1077,1078,14.858260,0.481835
1078,1079,14.872043,0.399435
1079,1080,14.885826,0.567518
1080,1081,14.899609,0.463366
1081,1082,14.913392,0.452711
1082,1083,14.927175,0.401235
1083,1084,14.940959,0.440616
1084,1085,14.954742,0.385715
1085,1086,14.968525,0.529110
1086,1087,14.982308,0.490645
1087,1088,14.996091,0.434163
1088,1089,15.009875,0.476209
1089,1090,15.023658,0.398205
1090,1091,15.037441,0.524821
1091,1092,15.051224,0.430894
1092,1093,15.065007,0.480848
1093,1094,15.078790,0.447309
1094,1095,15.092574,0.459418
1095,1096,15.106357,0.498562
1096,1097,15.120140,0.418955
1097,1098,15.133923,0.471192
1098,1099,15.147706,0.506379
1099,1100,15.161489,0.438559
1100,1101,15.175273,0.531824
1101,1102,15.189056,0.405866
1102,1103,15.202839,0.401415
1103,1104,15.216622,0.440886
1104,1105,15.230405,0.380606
1105,1106,15.244188,0.468210
1106,1107,15.257972,0.486355
1107,1108,15.271755,0.492542
1108,1109,15.285538,0.418478
1109,1110,15.299321,0.487879
1110,1111,15.313104,0.461637
1111,1112,15.326887,0.372345
1112,1113,15.340671,0.509466
1113,1114,15.354454,0.450352
1114,1115,15.368237,0.485709
1115,1116,15.382020,0.424458
1116,1117,15.395803,0.521840
1117,1118,15.409587,0.419393
1118,1119,15.423370,0.453477
1119,1120,15.437153,0.442289
1120,1121,15.450936,0.424501
1121,1122,15.464719,0.421760
1122,1123,15.478502,0.449034
1123,1124,15.492286,0.447942
1124,1125,15.506069,0.420553
1125,1126,15.519852,0.398082
1126,1127,15.533635,0.465653
1127,1128,15.547418,0.478458
1128,1129,15.561201,0.430231
1129,1130,15.574985,0.425583
1130,1131,15.588768,0.488246
1131,1132,15.602551,0.399094
1132,1133,15.616334,0.403094
1133,1134,15.630117,0.444673
1134,1135,15.643900,0.427925
1135,1136,15.657684,0.423690
1136,1137,15.671467,0.424378
1137,1138,15.685250,0.494194
1138,1139,15.699033,0.456975
1139,1140,15.712816,0.444577
1140,1141,15.726599,0.490061
1141,1142,15.740383,0.444925
1142,1143,15.754166,0.514235
1143,1144,15.767949,0.474644
1144,1145,15.781732,0.487332
1145,1146,15.795515,0.444188
1146,1147,15.809298,0.469008
1147,1148,15.823082,0.515809
1148,1149,15.836865,0.460930
1149,1150,15.850648,0.452012
1150,1151,15.864431,0.433043
1151,1152,15.878214,0.386062
1152,1153,15.891998,0.474523
1153,1154,15.905781,0.460274
1154,1155,15.919564,0.399157
1155,1156,15.933347,0.372380
1156,1157,15.947130,0.439913
1157,1158,15.960913,0.387408
1158,1159,15.974697,0.459298
1159,1160,15.988480,0.385869
1160,1161,16.002263,0.447991
1161,1162,16.016046,0.510323
1162,1163,16.029829,0.392862
1163,1164,16.043612,0.468502
1164,1165,16.057396,0.329371
1165,1166,16.071179,0.558008
1166,1167,16.084962,0.514651
1167,1168,16.098745,0.377163
1168,1169,16.112528,0.405778
1169,1170,16.126311,0.479165
1170,1171,16.140095,0.371423
1171,1172,16.153878,0.410822
1172,1173,16.167661,0.474456
1173,1174,16.181444,0.428774
1174,1175,16.195227,0.469876
1175,1176,16.209010,0.457835
1176,1177,16.222794,0.501396
1177,1178,16.236577,0.481977
1178,1179,16.250360,0.489065
1179,1180,16.264143,0.506147
1180,1181,16.277926,0.405007
1181,1182,16.291710,0.417079
1182,1183,16.305493,0.425024
1183,1184,16.319276,0.405679
1184,1185,16.333059,0.421689
1185,1186,16.346842,0.331821
1186,1187,16.360625,0.482848
1187,1188,16.374409,0.430221
1188,1189,16.388192,0.426167
1189,1190,16.401975,0.464212
1190,1191,16.415758,0.465702
1191,1192,16.429541,0.423189
1192,1193,16.443324,0.367492
1193,1194,16.457108,0.523821
1194,1195,16.470891,0.467764
1195,1196,16.484674,0.495809
1196,1197,16.498457,0.456171
1197,1198,16.512240,0.416778
1198,1199,16.526023,0.409084
1199,1200,16.539807,0.485437
1200,1201,16.553590,0.400351
1201,1202,16.567373,0.453359
1202,1203,16.581156,0.424426
1203,1204,16.594939,0.438487
1204,1205,16.608722,0.499706
1205,1206,16.622506,0.387009
1206,1207,16.636289,0.402521
1207,1208,16.650072,0.424264
1208,1209,16.663855,0.335517
1209,1210,16.677638,0.451355
1210,1211,16.691422,0.434934
1211,1212,16.705205,0.455697
1212,1213,16.718988,0.376537
1213,1214,16.732771,0.432798
1214,1215,16.746554,0.481086
1215,1216,16.760337,0.342559
1216,1217,16.774121,0.417623
1217,1218,16.787904,0.499084
1218,1219,16.801687,0.437575
1219,1220,16.815470,0.382064
1220,1221,16.829253,0.421724
1221,1222,16.843036,0.386397
1222,1223,16.856820,0.478142
1223,1224,16.870603,0.491210
1224,1225,16.884386,0.498283
1225,1226,16.898169,0.390895
1226,1227,16.911952,0.417844
1227,1228,16.925735,0.451180
1228,1229,16.939519,0.453911
1229,1230,16.953302,0.465804
1230,1231,16.967085,0.465661
1231,1232,16.980868,0.384196
1232,1233,16.994651,0.406716
1233,1234,17.008434,0.445965
1234,1235,17.022218,0.427103
1235,1236,17.036001,0.453460
1236,1237,17.049784,0.414509
1237,1238,17.063567,0.485151
1238,1239,17.077350,0.396513
1239,1240,17.091134,0.423901
1240,1241,17.104917,0.452930
1241,1242,17.118700,0.524092
1242,1243,17.132483,0.491151
1243,1244,17.146266,0.514171
1244,1245,17.160049,0.540307
1245,1246,17.173833,0.456673
1246,1247,17.187616,0.421638
1247,1248,17.201399,0.412834
1248,1249,17.215182,0.461509
1249,1250,17.228965,0.425653
1250,1251,17.242748,0.452720
1251,1252,17.256532,0.413966
1252,1253,17.270315,0.416294
1253,1254,17.284098,0.359288
1254,1255,17.297881,0.436625
1255,1256,17.311664,0.515369
1256,1257,17.325447,0.396989
1257,1258,17.339231,0.436334
1258,1259,17.353014,0.418835
1259,1260,17.366797,0.463916
1260,1261,17.380580,0.421581
1261,1262,17.394363,0.436654
1262,1263,17.408146,0.329538
1263,1264,17.421930,0.444138
1264,1265,17.435713,0.502914
1265,1266,17.449496,0.432633
1266,1267,17.463279,0.494206
1267,1268,17.477062,0.494007
1268,1269,17.490846,0.438337
1269,1270,17.504629,0.455790
1270,1271,17.518412,0.438557
1271,1272,17.532195,0.459465
1272,1273,17.545978,0.422451
1273,1274,17.559761,0.412164
1274,1275,17.573545,0.437221
1275,1276,17.587328,0.472635
1276,1277,17.601111,0.371276
1277,1278,17.614894,0.393449
1278,1279,17.628677,0.425403
1279,1280,17.642460,0.437830
1280,1281,17.656244,0.415689
1281,1282,17.670027,0.402746
1282,1283,17.683810,0.397402
1283,1284,17.697593,0.398775
1284,1285,17.711376,0.381992
1285,1286,17.725159,0.440893
1286,1287,17.738943,0.472448
1287,1288,17.752726,0.391357
1288,1289,17.766509,0.452641
1289,1290,17.780292,0.448699
1290,1291,17.794075,0.465114
1291,1292,17.807858,0.395351
1292,1293,17.821642,0.453573
1293,1294,17.835425,0.456271
1294,1295,17.849208,0.403235
1295,1296,17.862991,0.406322
1296,1297,17.876774,0.407563
1297,1298,17.890557,0.454008
1298,1299,17.904341,0.471443
1299,1300,17.918124,0.479798
1300,1301,17.931907,0.405001
1301,1302,17.945690,0.500775
1302,1303,17.959473,0.553846
1303,1304,17.973257,0.382821
1304,1305,17.987040,0.482940
1305,1306,18.000823,0.425674
1306,1307,18.014606,0.432801
1307,1308,18.028389,0.439383
1308,1309,18.042172,0.544924
1309,1310,18.055956,0.534173
1310,1311,18.069739,0.426964
1311,1312,18.083522,0.476563
1312,1313,18.097305,0.479663
1313,1314,18.111088,0.437505
1314,1315,18.124871,0.439778
1315,1316,18.138655,0.493448
1316,1317,18.152438,0.383033
1317,1318,18.166221,0.437007
1318,1319,18.180004,0.471598
1319,1320,18.193787,0.370359
1320,1321,18.207570,0.429240
1321,1322,18.221354,0.426008
1322,1323,18.235137,0.555901
1323,1324,18.248920,0.460867
1324,1325,18.262703,0.417598
1325,1326,18.276486,0.389412
1326,1327,18.290269,0.459663
1327,1328,18.304053,0.558106
1328,1329,18.317836,0.421167
1329,1330,18.331619,0.485095
1330,1331,18.345402,0.464527
1331,1332,18.359185,0.412024
1332,1333,18.372969,0.397777
1333,1334,18.386752,0.445497
1334,1335,18.400535,0.389678
1335,1336,18.414318,0.400435
1336,1337,18.428101,0.429229
1337,1338,18.441884,0.400152
1338,1339,18.455668,0.454618
1339,1340,18.469451,0.391717
1340,1341,18.483234,0.489733
1341,1342,18.497017,0.389800
1342,1343,18.510800,0.461133
1343,1344,18.524583,0.480997
1344,1345,18.538367,0.471981
1345,1346,18.552150,0.502032
1346,1347,18.565933,0.460824
1347,1348,18.579716,0.484675
1348,1349,18.593499,0.458581
1349,1350,18.607282,0.453989
1350,1351,18.621066,0.467477
1351,1352,18.634849,0.418813
1352,1353,18.648632,0.463647
1353,1354,18.662415,0.487387
1354,1355,18.676198,0.564672
1355,1356,18.689981,0.528034
1356,1357,18.703765,0.467294
1357,1358,18.717548,0.446374
1358,1359,18.731331,0.453091
1359,1360,18.745114,0.396075
1360,1361,18.758897,0.460336
1361,1362,18.772681,0.470110
1362,1363,18.786464,0.386166
1363,1364,18.800247,0.515797
1364,1365,18.814030,0.470101
1365,1366,18.827813,0.416412
1366,1367,18.841596,0.426568
1367,1368,18.855380,0.409194
1368,1369,18.869163,0.403304
1369,1370,18.882946,0.440308
1370,1371,18.896729,0.439149
1371,1372,18.910512,0.410028
1372,1373,18.924295,0.449085
1373,1374,18.938079,0.492845
1374,1375,18.951862,0.519655
1375,1376,18.965645,0.504022
1376,1377,18.979428,0.440025
1377,1378,18.993211,0.457185
1378,1379,19.006994,0.442680
1379,1380,19.020778,0.520367
1380,1381,19.034561,0.404428
1381,1382,19.048344,0.486712
1382,1383,19.062127,0.510669
1383,1384,19.075910,0.357330
1384,1385,19.089693,0.408271
1385,1386,19.103477,0.395230
1386,1387,19.117260,0.365676
1387,1388,19.131043,0.485984
1388,1389,19.144826,0.466968
1389,1390,19.158609,0.413658
1390,1391,19.172393,0.464994
1391,1392,19.186176,0.418885
1392,1393,19.199959,0.419522
1393,1394,19.213742,0.456956
1394,1395,19.227525,0.405136
1395,1396,19.241308,0.422609
1396,1397,19.255092,0.467072
1397,1398,19.268875,0.401235
1398,1399,19.282658,0.402615
1399,1400,19.296441,0.521382
1400,1401,19.310224,0.416979
1401,1402,19.324007,0.458230
1402,1403,19.337791,0.515964
1403,1404,19.351574,0.513196
1404,1405,19.365357,0.387021
1405,1406,19.379140,0.482357
1406,1407,19.392923,0.484543
1407,1408,19.406706,0.428607
1408,1409,19.420490,0.427331
1409,1410,19.434273,0.492434
1410,1411,19.448056,0.395421
1411,1412,19.461839,0.470458
1412,1413,19.475622,0.471509
1413,1414,19.489405,0.418855
1414,1415,19.503189,0.447328
1415,1416,19.516972,0.441956
1416,1417,19.530755,0.443163
1417,1418,19.544538,0.383154
1418,1419,19.558321,0.455855
1419,1420,19.572105,0.394709
1420,1421,19.585888,0.452986
1421,1422,19.599671,0.502022
1422,1423,19.613454,0.446475
1423,1424,19.627237,0.495987
1424,1425,19.641020,0.479894
1425,1426,19.654804,0.477184
1426,1427,19.668587,0.452628
1427,1428,19.682370,0.477269
1428,1429,19.696153,0.450834
1429,1430,19.709936,0.471727
1430,1431,19.723719,0.489377
1431,1432,19.737503,0.425740
1432,1433,19.751286,0.382974
1433,1434,19.765069,0.559224
1434,1435,19.778852,0.460289
1435,1436,19.792635,0.450049
1436,1437,19.806418,0.429017
1437,1438,19.820202,0.387789
1438,1439,19.833985,0.442458
1439,1440,19.847768,0.504559
1440,1441,19.861551,0.402670
1441,1442,19.875334,0.425831
1442,1443,19.889117,0.467442
1443,1444,19.902901,0.442735
1444,1445,19.916684,0.367353
1445,1446,19.930467,0.396261
1446,1447,19.944250,0.438711
1447,1448,19.958033,0.483994
1448,1449,19.971816,0.375018
1449,1450,19.985600,0.436141
1450,1451,19.999383,0.456966
1451,1452,20.013166,0.456211
1452,1453,20.026949,0.438638
1453,1454,20.040732,0.465278
1454,1455,20.054516,0.434877
1455,1456,20.068299,0.434214
1456,1457,20.082082,0.467280
1457,1458,20.095865,0.444428
1458,1459,20.109648,0.398408
1459,1460,20.123431,0.487359
1460,1461,20.137215,0.398125
1461,1462,20.150998,0.422554
1462,1463,20.164781,0.406624
1463,1464,20.178564,0.423439
1464,1465,20.192347,0.471952
1465,1466,20.206130,0.412033
1466,1467,20.219914,0.504215
1467,1468,20.233697,0.492366
1468,1469,20.247480,0.471137
1469,1470,20.261263,0.364778
1470,1471,20.275046,0.514035
1471,1472,20.288829,0.373601
1472,1473,20.302613,0.486945
1473,1474,20.316396,0.465058
1474,1475,20.330179,0.526092
1475,1476,20.343962,0.415799
1476,1477,20.357745,0.416587
1477,1478,20.371528,0.508238
1478,1479,20.385312,0.426181
1479,1480,20.399095,0.424094
1480,1481,20.412878,0.408185
1481,1482,20.426661,0.479822
1482,1483,20.440444,0.465078
1483,1484,20.454228,0.388366
1484,1485,20.468011,0.449859
1485,1486,20.481794,0.447412
1486,1487,20.495577,0.427099
1487,1488,20.509360,0.423125
1488,1489,20.523143,0.476716
1489,1490,20.536927,0.511811
1490,1491,20.550710,0.457830
1491,1492,20.564493,0.347433
1492,1493,20.578276,0.504035
1493,1494,20.592059,0.412533
1494,1495,20.605842,0.463835
1495,1496,20.619626,0.479227
1496,1497,20.633409,0.382082
1497,1498,20.647192,0.439886
1498,1499,20.660975,0.441897
1499,1500,20.674758,0.505278
1500,1501,20.688541,0.374382
1501,1502,20.702325,0.436713
1502,1503,20.716108,0.416488
1503,1504,20.729891,0.440849
1504,1505,20.743674,0.480607
1505,1506,20.757457,0.372418
1506,1507,20.771240,0.438321
1507,1508,20.785024,0.443398
1508,1509,20.798807,0.480334
1509,1510,20.812590,0.451249
1510,1511,20.826373,0.498646
1511,1512,20.840156,0.445591
1512,1513,20.853940,0.424943
1513,1514,20.867723,0.456974
1514,1515,20.881506,0.461386
1515,1516,20.895289,0.487213
1516,1517,20.909072,0.441209
1517,1518,20.922855,0.489498
1518,1519,20.936639,0.391720
1519,1520,20.950422,0.411330
1520,1521,20.964205,0.488565
1521,1522,20.977988,0.447671
1522,1523,20.991771,0.413269
1523,1524,21.005554,0.438509
1524,1525,21.019338,0.487695
1525,1526,21.033121,0.519940
1526,1527,21.046904,0.502881
1527,1528,21.060687,0.448139
1528,1529,21.074470,0.447833
1529,1530,21.088253,0.479756
1530,1531,21.102037,0.407846
1531,1532,21.115820,0.437706
1532,1533,21.129603,0.356070
1533,1534,21.143386,0.457165
1534,1535,21.157169,0.454492
1535,1536,21.170952,0.457808
1536,1537,21.184736,0.464506
1537,1538,21.198519,0.402217
1538,1539,21.212302,0.462066
1539,1540,21.226085,0.481121
1540,1541,21.239868,0.430542
1541,1542,21.253652,0.406276
1542,1543,21.267435,0.464080
1543,1544,21.281218,0.468369
1544,1545,21.295001,0.455106
1545,1546,21.308784,0.515553
1546,1547,21.322567,0.396236
1547,1548,21.336351,0.459074
1548,1549,21.350134,0.450490
1549,1550,21.363917,0.450509
1550,1551,21.377700,0.426293
1551,1552,21.391483,0.503680
1552,1553,21.405266,0.462365
1553,1554,21.419050,0.458008
1554,1555,21.432833,0.432113
1555,1556,21.446616,0.501870
1556,1557,21.460399,0.474930
1557,1558,21.474182,0.505808
1558,1559,21.487965,0.396442
1559,1560,21.501749,0.481898
1560,1561,21.515532,0.389834
1561,1562,21.529315,0.447497
1562,1563,21.543098,0.412290
1563,1564,21.556881,0.481798
1564,1565,21.570664,0.422662
1565,1566,21.584448,0.379027
1566,1567,21.598231,0.442374
1567,1568,21.612014,0.458126
1568,1569,21.625797,0.472933
1569,1570,21.639580,0.426196
1570,1571,21.653364,0.450476
1571,1572,21.667147,0.429193
1572,1573,21.680930,0.443749
1573,1574,21.694713,0.451393
1574,1575,21.708496,0.452125
1575,1576,21.722279,0.452870
1576,1577,21.736063,0.373105
1577,1578,21.749846,0.422882
1578,1579,21.763629,0.444624
1579,1580,21.777412,0.402896
1580,1581,21.791195,0.392016
1581,1582,21.804978,0.460554
1582,1583,21.818762,0.524238
1583,1584,21.832545,0.462095
1584,1585,21.846328,0.457297
1585,1586,21.860111,0.449199
1586,1587,21.873894,0.487334
1587,1588,21.887677,0.472205
1588,1589,21.901461,0.443591
1589,1590,21.915244,0.460557
1590,1591,21.929027,0.512269
1591,1592,21.942810,0.476203
1592,1593,21.956593,0.439404
1593,1594,21.970376,0.523740
1594,1595,21.984160,0.435993
1595,1596,21.997943,0.469026
1596,1597,22.011726,0.385418
1597,1598,22.025509,0.389550
1598,1599,22.039292,0.453676
1599,1600,22.053075,0.468693
1600,1601,22.066859,0.440135
1601,1602,22.080642,0.406017
1602,1603,22.094425,0.430481
1603,1604,22.108208,0.450486
1604,1605,22.121991,0.460005
1605,1606,22.135775,0.462426
1606,1607,22.149558,0.440000
1607,1608,22.163341,0.493224
1608,1609,22.177124,0.396048
1609,1610,22.190907,0.450510
1610,1611,22.204690,0.485692
1611,1612,22.218474,0.373862
1612,1613,22.232257,0.508481
1613,1614,22.246040,0.426208
1614,1615,22.259823,0.423542
1615,1616,22.273606,0.482423
1616,1617,22.287389,0.407131
1617,1618,22.301173,0.423522
1618,1619,22.314956,0.404096
1619,1620,22.328739,0.443526
1620,1621,22.342522,0.475017
1621,1622,22.356305,0.488494
1622,1623,22.370088,0.425974
1623,1624,22.383872,0.441564
1624,1625,22.397655,0.440263
1625,1626,22.411438,0.394234
1626,1627,22.425221,0.520151
1627,1628,22.439004,0.441550
1628,1629,22.452787,0.477493
1629,1630,22.466571,0.460791
1630,1631,22.480354,0.476206
1631,1632,22.494137,0.393681
1632,1633,22.507920,0.419477
1633,1634,22.521703,0.444885
1634,1635,22.535487,0.428313
1635,1636,22.549270,0.457667
1636,1637,22.563053,0.467374
1637,1638,22.576836,0.460834
1638,1639,22.590619,0.433977
1639,1640,22.604402,0.446313
1640,1641,22.618186,0.449733
1641,1642,22.631969,0.436830
1642,1643,22.645752,0.470967
1643,1644,22.659535,0.446414
1644,1645,22.673318,0.365056
1645,1646,22.687101,0.371374
1646,1647,22.700885,0.445770
1647,1648,22.714668,0.511068
1648,1649,22.728451,0.501202
1649,1650,22.742234,0.458018
1650,1651,22.756017,0.499280
1651,1652,22.769800,0.405148
1652,1653,22.783584,0.488671
1653,1654,22.797367,0.469872
1654,1655,22.811150,0.401307
1655,1656,22.824933,0.492072
1656,1657,22.838716,0.504016
1657,1658,22.852499,0.548247
1658,1659,22.866283,0.452032
1659,1660,22.880066,0.404849
1660,1661,22.893849,0.466354
1661,1662,22.907632,0.438137
1662,1663,22.921415,0.477333
1663,1664,22.935199,0.476974
1664,1665,22.948982,0.497580
1665,1666,22.962765,0.370415
1666,1667,22.976548,0.446679
1667,1668,22.990331,0.376040
1668,1669,23.004114,0.423732
1669,1670,23.017898,0.496205
1670,1671,23.031681,0.371299
1671,1672,23.045464,0.482011
1672,1673,23.059247,0.424960
1673,1674,23.073030,0.418195
1674,1675,23.086813,0.438959
1675,1676,23.100597,0.411594
1676,1677,23.114380,0.453696
1677,1678,23.128163,0.473909
1678,1679,23.141946,0.426741
1679,1680,23.155729,0.457088
1680,1681,23.169512,0.473400
1681,1682,23.183296,0.444904
1682,1683,23.197079,0.465076
1683,1684,23.210862,0.385032
1684,1685,23.224645,0.384607
1685,1686,23.238428,0.370918
1686,1687,23.252211,0.409322
1687,1688,23.265995,0.420335
1688,1689,23.279778,0.467674
1689,1690,23.293561,0.457160
1690,1691,23.307344,0.458965
1691,1692,23.321127,0.527112
1692,1693,23.334911,0.417039
1693,1694,23.348694,0.457268
1694,1695,23.362477,0.484408
1695,1696,23.376260,0.407985
1696,1697,23.390043,0.437443
1697,1698,23.403826,0.471150
1698,1699,23.417610,0.510437
1699,1700,23.431393,0.439250
1700,1701,23.445176,0.447884
1701,1702,23.458959,0.452716
1702,1703,23.472742,0.472754
1703,1704,23.486525,0.454603
1704,1705,23.500309,0.480920
1705,1706,23.514092,0.440942
1706,1707,23.527875,0.397571
1707,1708,23.541658,0.495698
1708,1709,23.555441,0.394291
1709,1710,23.569224,0.405854
1710,1711,23.583008,0.469367
1711,1712,23.596791,0.406619
1712,1713,23.610574,0.389786
1713,1714,23.624357,0.390956
1714,1715,23.638140,0.523727
1715,1716,23.651923,0.431873
1716,1717,23.665707,0.444917
1717,1718,23.679490,0.477512
1718,1719,23.693273,0.451209
1719,1720,23.707056,0.428548
1720,1721,23.720839,0.478578
1721,1722,23.734623,0.467208
1722,1723,23.748406,0.425512
1723,1724,23.762189,0.438422
1724,1725,23.775972,0.409255
1725,1726,23.789755,0.462871
1726,1727,23.803538,0.464634
1727,1728,23.817322,0.444647
1728,1729,23.831105,0.511206
1729,1730,23.844888,0.439628
1730,1731,23.858671,0.438022
1731,1732,23.872454,0.457118
1732,1733,23.886237,0.371813
1733,1734,23.900021,0.423974
1734,1735,23.913804,0.492730
1735,1736,23.927587,0.491115
1736,1737,23.941370,0.386305
1737,1738,23.955153,0.432703
1738,1739,23.968936,0.468936
1739,1740,23.982720,0.385721
1740,1741,23.996503,0.514844
1741,1742,24.010286,0.480984
1742,1743,24.024069,0.404620
1743,1744,24.037852,0.441761
1744,1745,24.051635,0.463317
1745,1746,24.065419,0.450496
1746,1747,24.079202,0.436228
1747,1748,24.092985,0.412161
1748,1749,24.106768,0.427911
1749,1750,24.120551,0.406270
1750,1751,24.134334,0.399218
1751,1752,24.148118,0.450036
1752,1753,24.161901,0.397579
1753,1754,24.175684,0.485261
1754,1755,24.189467,0.410844
1755,1756,24.203250,0.568090
1756,1757,24.217034,0.523673
1757,1758,24.230817,0.477127
1758,1759,24.244600,0.422832
1759,1760,24.258383,0.402082
1760,1761,24.272166,0.387106
1761,1762,24.285949,0.403008
1762,1763,24.299733,0.451940
1763,1764,24.313516,0.434824
1764,1765,24.327299,0.431780
1765,1766,24.341082,0.384060
1766,1767,24.354865,0.532154
1767,1768,24.368648,0.463408
1768,1769,24.382432,0.495293
1769,1770,24.396215,0.441067
1770,1771,24.409998,0.467066
1771,1772,24.423781,0.508352
1772,1773,24.437564,0.438423
1773,1774,24.451347,0.446375
1774,1775,24.465131,0.414617
1775,1776,24.478914,0.488617
1776,1777,24.492697,0.406243
1777,1778,24.506480,0.423441
1778,1779,24.520263,0.469155
1779,1780,24.534046,0.422924
1780,1781,24.547830,0.488265
1781,1782,24.561613,0.427768
1782,1783,24.575396,0.505972
1783,1784,24.589179,0.449146
1784,1785,24.602962,0.454699
1785,1786,24.616746,0.468282
1786,1787,24.630529,0.443842
1787,1788,24.644312,0.443047
1788,1789,24.658095,0.506558
1789,1790,24.671878,0.441365
1790,1791,24.685661,0.407059
1791,1792,24.699445,0.470229
1792,1793,24.713228,0.455573
1793,1794,24.727011,0.408357
1794,1795,24.740794,0.376215
1795,1796,24.754577,0.410159
1796,1797,24.768360,0.421570
1797,1798,24.782144,0.388367
1798,1799,24.795927,0.430209
1799,1800,24.809710,0.394261
1800,1801,24.823493,0.365511
1801,1802,24.837276,0.480921
1802,1803,24.851059,0.476742
1803,1804,24.864843,0.406916
1804,1805,24.878626,0.440807
1805,1806,24.892409,0.444701
1806,1807,24.906192,0.421058
1807,1808,24.919975,0.352044
1808,1809,24.933758,0.437735
1809,1810,24.947542,0.474402
1810,1811,24.961325,0.495534
1811,1812,24.975108,0.417032
1812,1813,24.988891,0.436919
1813,1814,25.002674,0.475015
1814,1815,25.016458,0.479529
1815,1816,25.030241,0.493182
1816,1817,25.044024,0.479982
1817,1818,25.057807,0.462614
1818,1819,25.071590,0.438117
1819,1820,25.085373,0.474189
1820,1821,25.099157,0.529056
1821,1822,25.112940,0.484540
1822,1823,25.126723,0.330797
1823,1824,25.140506,0.418614
1824,1825,25.154289,0.498946
1825,1826,25.168072,0.337485
1826,1827,25.181856,0.474445
1827,1828,25.195639,0.505924
1828,1829,25.209422,0.413768
1829,1830,25.223205,0.483995
1830,1831,25.236988,0.529406
1831,1832,25.250771,0.447770
1832,1833,25.264555,0.498751
1833,1834,25.278338,0.462443
1834,1835,25.292121,0.481177
1835,1836,25.305904,0.549668
1836,1837,25.319687,0.396066
1837,1838,25.333470,0.368317
1838,1839,25.347254,0.436893
1839,1840,25.361037,0.475714
1840,1841,25.374820,0.448176
1841,1842,25.388603,0.385024
1842,1843,25.402386,0.340823
1843,1844,25.416170,0.445701
1844,1845,25.429953,0.411990
1845,1846,25.443736,0.451498
1846,1847,25.457519,0.449321
1847,1848,25.471302,0.428312
1848,1849,25.485085,0.528124
1849,1850,25.498869,0.442417
1850,1851,25.512652,0.418028
1851,1852,25.526435,0.469976
1852,1853,25.540218,0.459827
1853,1854,25.554001,0.521974
1854,1855,25.567784,0.471782
1855,1856,25.581568,0.487166
1856,1857,25.595351,0.477875
1857,1858,25.609134,0.495512
1858,1859,25.622917,0.467220
1859,1860,25.636700,0.444651
1860,1861,25.650483,0.426952
1861,1862,25.664267,0.445801
1862,1863,25.678050,0.487258
1863,1864,25.691833,0.416938
1864,1865,25.705616,0.440545
1865,1866,25.719399,0.493540
1866,1867,25.733182,0.442115
1867,1868,25.746966,0.427864
1868,1869,25.760749,0.426225
1869,1870,25.774532,0.433335
1870,1871,25.788315,0.468130
1871,1872,25.802098,0.358879
1872,1873,25.815882,0.395174
1873,1874,25.829665,0.474232
1874,1875,25.843448,0.512810
1875,1876,25.857231,0.478170
1876,1877,25.871014,0.466125
1877,1878,25.884797,0.472007
1878,1879,25.898581,0.475505
1879,1880,25.912364,0.429162
1880,1881,25.926147,0.383507
1881,1882,25.939930,0.463743
1882,1883,25.953713,0.394082
1883,1884,25.967496,0.393483
1884,1885,25.981280,0.475530
1885,1886,25.995063,0.406088
1886,1887,26.008846,0.445738
1887,1888,26.022629,0.461048
1888,1889,26.036412,0.433201
1889,1890,26.050195,0.436197
1890,1891,26.063979,0.407227
1891,1892,26.077762,0.500551
1892,1893,26.091545,0.400915
1893,1894,26.105328,0.452879
1894,1895,26.119111,0.484646
1895,1896,26.132894,0.429426
1896,1897,26.146678,0.460327
1897,1898,26.160461,0.501584
1898,1899,26.174244,0.426634
1899,1900,26.188027,0.460603
1900,1901,26.201810,0.403832
1901,1902,26.215593,0.435535
1902,1903,26.229377,0.423638
1903,1904,26.243160,0.398831
1904,1905,26.256943,0.426765
1905,1906,26.270726,0.412705
1906,1907,26.284509,0.389564
1907,1908,26.298293,0.396579
1908,1909,26.312076,0.477852
1909,1910,26.325859,0.394540
1910,1911,26.339642,0.479568
1911,1912,26.353425,0.482279
1912,1913,26.367208,0.462965
1913,1914,26.380992,0.478436
1914,1915,26.394775,0.489196
1915,1916,26.408558,0.443246
1916,1917,26.422341,0.367891
1917,1918,26.436124,0.459911
1918,1919,26.449907,0.473090
1919,1920,26.463691,0.517748
1920,1921,26.477474,0.457947
1921,1922,26.491257,0.461142
1922,1923,26.505040,0.408666
1923,1924,26.518823,0.471520
1924,1925,26.532606,0.439809
1925,1926,26.546390,0.499566
1926,1927,26.560173,0.432487
1927,1928,26.573956,0.496483
1928,1929,26.587739,0.439755
1929,1930,26.601522,0.406336
1930,1931,26.615305,0.399363
1931,1932,26.629089,0.469874
1932,1933,26.642872,0.476595
1933,1934,26.656655,0.470768
1934,1935,26.670438,0.416372
1935,1936,26.684221,0.374767
1936,1937,26.698005,0.415165
1937,1938,26.711788,0.517793
1938,1939,26.725571,0.395814
1939,1940,26.739354,0.446710
1940,1941,26.753137,0.419318
1941,1942,26.766920,0.376727
1942,1943,26.780704,0.463356
1943,1944,26.794487,0.517101
1944,1945,26.808270,0.416742
1945,1946,26.822053,0.487783
1946,1947,26.835836,0.426929
1947,1948,26.849619,0.385101
1948,1949,26.863403,0.488611
1949,1950,26.877186,0.382341
1950,1951,26.890969,0.428510
1951,1952,26.904752,0.429358
1952,1953,26.918535,0.460587
1953,1954,26.932318,0.396919
1954,1955,26.946102,0.430260
1955,1956,26.959885,0.484292
1956,1957,26.973668,0.539101
1957,1958,26.987451,0.368585
1958,1959,27.001234,0.419337
1959,1960,27.015017,0.444303
1960,1961,27.028801,0.541168
1961,1962,27.042584,0.450610
1962,1963,27.056367,0.369740
1963,1964,27.070150,0.453381
1964,1965,27.083933,0.503759
1965,1966,27.097717,0.399990
1966,1967,27.111500,0.438035
1967,1968,27.125283,0.425585
1968,1969,27.139066,0.414135
1969,1970,27.152849,0.533398
1970,1971,27.166632,0.453592
1971,1972,27.180416,0.463694
1972,1973,27.194199,0.440288
1973,1974,27.207982,0.421825
1974,1975,27.221765,0.391649
1975,1976,27.235548,0.437979
1976,1977,27.249331,0.432507
1977,1978,27.263115,0.445269
1978,1979,27.276898,0.468411
1979,1980,27.290681,0.419119
1980,1981,27.304464,0.458074
1981,1982,27.318247,0.432705
1982,1983,27.332030,0.447622
1983,1984,27.345814,0.391808
1984,1985,27.359597,0.404150
1985,1986,27.373380,0.437636
1986,1987,27.387163,0.422647
1987,1988,27.400946,0.451327
1988,1989,27.414729,0.486570
1989,1990,27.428513,0.403966
1990,1991,27.442296,0.480049
1991,1992,27.456079,0.390822
1992,1993,27.469862,0.420540
1993,1994,27.483645,0.515042
1994,1995,27.497429,0.430038
1995,1996,27.511212,0.426878
1996,1997,27.524995,0.463548
1997,1998,27.538778,0.532822
1998,1999,27.552561,0.478932
1999,2000,27.566344,0.412295
2000,2001,27.580128,0.430925
2001,2002,27.593911,0.451049
2002,2003,27.607694,0.465060
2003,2004,27.621477,0.448429
2004,2005,27.635260,0.472535
2005,2006,27.649043,0.443944
2006,2007,27.662827,0.424381
2007,2008,27.676610,0.446603
2008,2009,27.690393,0.458113
2009,2010,27.704176,0.417752
2010,2011,27.717959,0.438671
2011,2012,27.731742,0.427018
2012,2013,27.745526,0.448305
2013,2014,27.759309,0.452483
2014,2015,27.773092,0.491747
2015,2016,27.786875,0.465133
2016,2017,27.800658,0.438279
2017,2018,27.814441,0.449051
2018,2019,27.828225,0.480744
2019,2020,27.842008,0.460448
2020,2021,27.855791,0.449176
2021,2022,27.869574,0.431197
2022,2023,27.883357,0.510665
2023,2024,27.897141,0.452091
2024,2025,27.910924,0.502127
2025,2026,27.924707,0.393289
2026,2027,27.938490,0.427244
2027,2028,27.952273,0.412277
2028,2029,27.966056,0.475202
2029,2030,27.979840,0.465613
2030,2031,27.993623,0.415705
2031,2032,28.007406,0.444464
2032,2033,28.021189,0.422260
2033,2034,28.034972,0.463418
2034,2035,28.048755,0.406085
2035,2036,28.062539,0.423476
2036,2037,28.076322,0.498477
2037,2038,28.090105,0.477948
2038,2039,28.103888,0.453320
2039,2040,28.117671,0.478482
2040,2041,28.131454,0.435099
2041,2042,28.145238,0.430704
2042,2043,28.159021,0.449758
2043,2044,28.172804,0.504712
2044,2045,28.186587,0.454066
2045,2046,28.200370,0.448618
2046,2047,28.214153,0.432967
2047,2048,28.227937,0.428883
2048,2049,28.241720,0.359350
2049,2050,28.255503,0.431550
2050,2051,28.269286,0.411335
2051,2052,28.283069,0.504303
2052,2053,28.296852,0.473117
2053,2054,28.310636,0.453383
2054,2055,28.324419,0.436509
2055,2056,28.338202,0.408761
2056,2057,28.351985,0.423263
2057,2058,28.365768,0.435748
2058,2059,28.379552,0.456618
2059,2060,28.393335,0.451474
2060,2061,28.407118,0.446051
2061,2062,28.420901,0.417794
2062,2063,28.434684,0.408370
2063,2064,28.448467,0.463386
2064,2065,28.462251,0.506573
2065,2066,28.476034,0.382567
2066,2067,28.489817,0.399803
2067,2068,28.503600,0.416546
2068,2069,28.517383,0.452395
2069,2070,28.531166,0.451723
2070,2071,28.544950,0.438914
2071,2072,28.558733,0.422774
2072,2073,28.572516,0.450525
2073,2074,28.586299,0.451389
2074,2075,28.600082,0.452924
2075,2076,28.613865,0.456247
2076,2077,28.627649,0.464538
2077,2078,28.641432,0.445859
2078,2079,28.655215,0.380354
2079,2080,28.668998,0.457375
2080,2081,28.682781,0.485979
2081,2082,28.696564,0.453166
2082,2083,28.710348,0.448121
2083,2084,28.724131,0.463815
2084,2085,28.737914,0.443881
2085,2086,28.751697,0.488704
2086,2087,28.765480,0.405801
2087,2088,28.779264,0.427996
2088,2089,28.793047,0.439995
2089,2090,28.806830,0.396972
2090,2091,28.820613,0.465928
2091,2092,28.834396,0.421738
2092,2093,28.848179,0.404885
2093,2094,28.861963,0.467463
2094,2095,28.875746,0.454962
2095,2096,28.889529,0.384258
2096,2097,28.903312,0.488928
2097,2098,28.917095,0.447640
2098,2099,28.930878,0.491313
2099,2100,28.944662,0.411434
2100,2101,28.958445,0.415805
2101,2102,28.972228,0.528906
2102,2103,28.986011,0.488707
2103,2104,28.999794,0.488754
2104,2105,29.013577,0.477907
2105,2106,29.027361,0.458553
2106,2107,29.041144,0.471460
2107,2108,29.054927,0.465533
2108,2109,29.068710,0.347393
2109,2110,29.082493,0.482579
2110,2111,29.096276,0.424896
2111,2112,29.110060,0.526347
2112,2113,29.123843,0.398649
2113,2114,29.137626,0.492256
2114,2115,29.151409,0.472744
2115,2116,29.165192,0.479339
2116,2117,29.178976,0.479306
2117,2118,29.192759,0.446329
2118,2119,29.206542,0.407547
2119,2120,29.220325,0.401147
2120,2121,29.234108,0.403052
2121,2122,29.247891,0.417537
2122,2123,29.261675,0.492877
2123,2124,29.275458,0.408446
2124,2125,29.289241,0.407481
2125,2126,29.303024,0.483037
2126,2127,29.316807,0.486763
2127,2128,29.330590,0.375684
2128,2129,29.344374,0.405546
2129,2130,29.358157,0.421317
2130,2131,29.371940,0.416483
2131,2132,29.385723,0.397017
2132,2133,29.399506,0.493221
2133,2134,29.413289,0.406484
2134,2135,29.427073,0.504635
2135,2136,29.440856,0.441673
2136,2137,29.454639,0.409022
2137,2138,29.468422,0.461425
2138,2139,29.482205,0.404929
2139,2140,29.495988,0.446279
2140,2141,29.509772,0.482919
2141,2142,29.523555,0.460157
2142,2143,29.537338,0.440705
2143,2144,29.551121,0.529544
2144,2145,29.564904,0.421511
2145,2146,29.578688,0.394821
2146,2147,29.592471,0.427508
2147,2148,29.606254,0.459470
2148,2149,29.620037,0.470026
2149,2150,29.633820,0.471813
2150,2151,29.647603,0.442809
2151,2152,29.661387,0.443358
2152,2153,29.675170,0.413979
2153,2154,29.688953,0.375306
2154,2155,29.702736,0.421209
2155,2156,29.716519,0.413085
2156,2157,29.730302,0.409149
2157,2158,29.744086,0.471464
2158,2159,29.757869,0.467737
2159,2160,29.771652,0.431655
2160,2161,29.785435,0.435351
2161,2162,29.799218,0.498021
2162,2163,29.813001,0.435458
2163,2164,29.826785,0.378197
2164,2165,29.840568,0.384497
2165,2166,29.854351,0.387411
2166,2167,29.868134,0.503484
2167,2168,29.881917,0.437024
2168,2169,29.895700,0.424810
2169,2170,29.909484,0.432110
2170,2171,29.923267,0.468491
2171,2172,29.937050,0.465324
2172,2173,29.950833,0.425026
2173,2174,29.964616,0.398321
2174,2175,29.978400,0.400439
2175,2176,29.992183,0.480352
2176,2177,30.005966,0.459217
2177,2178,30.019749,0.395978
2178,2179,30.033532,0.424482
2179,2180,30.047315,0.463590
2180,2181,30.061099,0.475365
2181,2182,30.074882,0.449243
2182,2183,30.088665,0.427070
2183,2184,30.102448,0.454075
2184,2185,30.116231,0.452126
2185,2186,30.130014,0.459928
2186,2187,30.143798,0.449765
2187,2188,30.157581,0.469488
2188,2189,30.171364,0.509375
2189,2190,30.185147,0.486464
2190,2191,30.198930,0.414582
2191,2192,30.212713,0.511359
2192,2193,30.226497,0.395075
2193,2194,30.240280,0.447974
2194,2195,30.254063,0.542181
2195,2196,30.267846,0.371972
2196,2197,30.281629,0.472773
2197,2198,30.295412,0.497169
2198,2199,30.309196,0.459713
2199,2200,30.322979,0.397345
2200,2201,30.336762,0.420257
2201,2202,30.350545,0.370830
2202,2203,30.364328,0.469086
2203,2204,30.378111,0.414848
2204,2205,30.391895,0.434188
2205,2206,30.405678,0.426822
2206,2207,30.419461,0.394385
2207,2208,30.433244,0.470768
2208,2209,30.447027,0.418643
2209,2210,30.460811,0.432361
2210,2211,30.474594,0.501066
2211,2212,30.488377,0.452663
2212,2213,30.502160,0.410365
2213,2214,30.515943,0.431987
2214,2215,30.529726,0.433655
2215,2216,30.543510,0.423531
2216,2217,30.557293,0.455377
2217,2218,30.571076,0.506557
2218,2219,30.584859,0.400673
2219,2220,30.598642,0.507095
2220,2221,30.612425,0.414365
2221,2222,30.626209,0.452914
2222,2223,30.639992,0.468853
2223,2224,30.653775,0.391488
2224,2225,30.667558,0.468485
2225,2226,30.681341,0.439207
2226,2227,30.695124,0.455134
2227,2228,30.708908,0.476578
2228,2229,30.722691,0.425814
2229,2230,30.736474,0.474677
2230,2231,30.750257,0.456909
2231,2232,30.764040,0.428099
2232,2233,30.777823,0.503130
2233,2234,30.791607,0.470498
2234,2235,30.805390,0.471826
2235,2236,30.819173,0.346962
2236,2237,30.832956,0.440392
2237,2238,30.846739,0.485128
2238,2239,30.860523,0.412840
2239,2240,30.874306,0.458309
2240,2241,30.888089,0.388110
2241,2242,30.901872,0.400981
2242,2243,30.915655,0.408479
2243,2244,30.929438,0.434973
2244,2245,30.943222,0.361972
2245,2246,30.957005,0.433252
2246,2247,30.970788,0.378606
2247,2248,30.984571,0.440177
2248,2249,30.998354,0.423040
2249,2250,31.012137,0.537172
2250,2251,31.025921,0.420288
2251,2252,31.039704,0.451407
2252,2253,31.053487,0.445215
2253,2254,31.067270,0.498485
2254,2255,31.081053,0.479497
2255,2256,31.094836,0.517474
2256,2257,31.108620,0.428136
2257,2258,31.122403,0.472666
2258,2259,31.136186,0.385044
2259,2260,31.149969,0.442210
2260,2261,31.163752,0.479917
2261,2262,31.177535,0.478201
2262,2263,31.191319,0.434786
2263,2264,31.205102,0.489328
2264,2265,31.218885,0.403708
2265,2266,31.232668,0.397331
2266,2267,31.246451,0.392121
2267,2268,31.260235,0.396439
2268,2269,31.274018,0.464283
2269,2270,31.287801,0.478345
2270,2271,31.301584,0.488899
2271,2272,31.315367,0.476361
2272,2273,31.329150,0.428462
2273,2274,31.342934,0.420684
2274,2275,31.356717,0.447497
2275,2276,31.370500,0.438387
2276,2277,31.384283,0.398986
2277,2278,31.398066,0.467775
2278,2279,31.411849,0.456038
2279,2280,31.425633,0.538567
2280,2281,31.439416,0.447047
2281,2282,31.453199,0.402603
2282,2283,31.466982,0.474179
2283,2284,31.480765,0.388052
2284,2285,31.494548,0.434879
2285,2286,31.508332,0.470624
2286,2287,31.522115,0.429877
2287,2288,31.535898,0.422330
2288,2289,31.549681,0.414108
2289,2290,31.563464,0.431110
2290,2291,31.577247,0.508879
2291,2292,31.591031,0.450980
2292,2293,31.604814,0.359031
2293,2294,31.618597,0.416300
2294,2295,31.632380,0.414383
2295,2296,31.646163,0.482232
2296,2297,31.659947,0.468264
2297,2298,31.673730,0.417047
2298,2299,31.687513,0.474860
2299,2300,31.701296,0.428982
2300,2301,31.715079,0.466691
2301,2302,31.728862,0.390133
2302,2303,31.742646,0.459844
2303,2304,31.756429,0.422630
2304,2305,31.770212,0.478738
2305,2306,31.783995,0.426284
2306,2307,31.797778,0.426193
2307,2308,31.811561,0.440370
2308,2309,31.825345,0.469696
2309,2310,31.839128,0.491623
2310,2311,31.852911,0.405912
2311,2312,31.866694,0.455799
2312,2313,31.880477,0.393572
2313,2314,31.894260,0.423455
2314,2315,31.908044,0.419995
2315,2316,31.921827,0.416701
2316,2317,31.935610,0.532383
2317,2318,31.949393,0.420009
2318,2319,31.963176,0.436436
2319,2320,31.976959,0.518817
2320,2321,31.990743,0.424143
2321,2322,32.004526,0.357459
2322,2323,32.018309,0.455247
2323,2324,32.032092,0.374814
2324,2325,32.045875,0.448992
2325,2326,32.059659,0.465310
2326,2327,32.073442,0.449163
2327,2328,32.087225,0.409289
2328,2329,32.101008,0.488012
2329,2330,32.114791,0.451272
2330,2331,32.128574,0.458557
2331,2332,32.142358,0.476827
2332,2333,32.156141,0.468735
2333,2334,32.169924,0.398126
2334,2335,32.183707,0.407127
2335,2336,32.197490,0.457217
2336,2337,32.211273,0.476298
2337,2338,32.225057,0.427469
2338,2339,32.238840,0.411059
2339,2340,32.252623,0.409952
2340,2341,32.266406,0.400154
2341,2342,32.280189,0.397668
2342,2343,32.293972,0.354063
2343,2344,32.307756,0.487190
2344,2345,32.321539,0.418045
2345,2346,32.335322,0.474408
2346,2347,32.349105,0.440149
2347,2348,32.362888,0.388746
2348,2349,32.376671,0.465631
2349,2350,32.390455,0.449163
2350,2351,32.404238,0.443106
2351,2352,32.418021,0.395795
2352,2353,32.431804,0.469192
2353,2354,32.445587,0.424633
2354,2355,32.459370,0.442862
2355,2356,32.473154,0.489771
2356,2357,32.486937,0.403099
2357,2358,32.500720,0.452939
2358,2359,32.514503,0.475667
2359,2360,32.528286,0.448538
2360,2361,32.542070,0.495828
2361,2362,32.555853,0.449722
2362,2363,32.569636,0.403138
2363,2364,32.583419,0.484428
2364,2365,32.597202,0.414901
2365,2366,32.610985,0.436224
2366,2367,32.624769,0.457383
2367,2368,32.638552,0.425448
2368,2369,32.652335,0.390194
2369,2370,32.666118,0.355557
2370,2371,32.679901,0.467079
2371,2372,32.693684,0.445649
2372,2373,32.707468,0.513699
2373,2374,32.721251,0.439526
2374,2375,32.735034,0.437314
2375,2376,32.748817,0.462829
2376,2377,32.762600,0.442882
2377,2378,32.776383,0.468608
2378,2379,32.790167,0.442155
2379,2380,32.803950,0.465362
2380,2381,32.817733,0.417671
2381,2382,32.831516,0.429883
2382,2383,32.845299,0.394591
2383,2384,32.859082,0.364485
2384,2385,32.872866,0.457295
2385,2386,32.886649,0.402352
2386,2387,32.900432,0.511797
2387,2388,32.914215,0.487375
2388,2389,32.927998,0.468783
2389,2390,32.941782,0.442229
2390,2391,32.955565,0.531237
2391,2392,32.969348,0.423234
2392,2393,32.983131,0.451778
2393,2394,32.996914,0.483120
2394,2395,33.010697,0.402708
2395,2396,33.024481,0.472236
2396,2397,33.038264,0.436614
2397,2398,33.052047,0.431450
2398,2399,33.065830,0.430735
2399,2400,33.079613,0.423900
2400,2401,33.093396,0.412088
2401,2402,33.107180,0.462454
2402,2403,33.120963,0.425795
2403,2404,33.134746,0.372563
2404,2405,33.148529,0.473379
2405,2406,33.162312,0.490298
2406,2407,33.176095,0.479605
2407,2408,33.189879,0.409694
2408,2409,33.203662,0.381816
2409,2410,33.217445,0.441652
2410,2411,33.231228,0.461649
2411,2412,33.245011,0.522185
2412,2413,33.258794,0.498074
2413,2414,33.272578,0.441420
2414,2415,33.286361,0.441384
2415,2416,33.300144,0.515953
2416,2417,33.313927,0.446426
2417,2418,33.327710,0.514686
2418,2419,33.341494,0.466365
2419,2420,33.355277,0.486205
2420,2421,33.369060,0.448012
2421,2422,33.382843,0.500596
2422,2423,33.396626,0.430394
2423,2424,33.410409,0.426943
2424,2425,33.424193,0.419799
2425,2426,33.437976,0.470500
2426,2427,33.451759,0.470017
2427,2428,33.465542,0.458536
2428,2429,33.479325,0.436602
2429,2430,33.493108,0.403526
2430,2431,33.506892,0.466719
2431,2432,33.520675,0.360227
2432,2433,33.534458,0.446649
2433,2434,33.548241,0.390251
2434,2435,33.562024,0.423426
2435,2436,33.575807,0.457395
2436,2437,33.589591,0.421805
2437,2438,33.603374,0.324292
2438,2439,33.617157,0.472271
2439,2440,33.630940,0.419722
2440,2441,33.644723,0.376326
2441,2442,33.658506,0.405658
2442,2443,33.672290,0.428967
2443,2444,33.686073,0.490480
2444,2445,33.699856,0.444447
2445,2446,33.713639,0.459201
2446,2447,33.727422,0.429451
2447,2448,33.741206,0.350060
2448,2449,33.754989,0.392431
2449,2450,33.768772,0.474346
2450,2451,33.782555,0.465311
2451,2452,33.796338,0.437798
2452,2453,33.810121,0.483927
2453,2454,33.823905,0.376531
2454,2455,33.837688,0.461497
2455,2456,33.851471,0.438732
2456,2457,33.865254,0.429838
2457,2458,33.879037,0.422170
2458,2459,33.892820,0.452300
2459,2460,33.906604,0.496355
2460,2461,33.920387,0.427895
2461,2462,33.934170,0.480773
2462,2463,33.947953,0.432708
2463,2464,33.961736,0.493883
2464,2465,33.975519,0.446355
2465,2466,33.989303,0.433994
2466,2467,34.003086,0.499425
2467,2468,34.016869,0.413806
2468,2469,34.030652,0.462135
2469,2470,34.044435,0.439096
2470,2471,34.058218,0.470300
2471,2472,34.072002,0.500334
2472,2473,34.085785,0.395240
2473,2474,34.099568,0.481811
2474,2475,34.113351,0.509975
2475,2476,34.127134,0.418822
2476,2477,34.140918,0.455869
2477,2478,34.154701,0.466983
2478,2479,34.168484,0.487237
2479,2480,34.182267,0.420570
2480,2481,34.196050,0.372767
2481,2482,34.209833,0.438112
2482,2483,34.223617,0.409824
2483,2484,34.237400,0.396155
2484,2485,34.251183,0.489177
2485,2486,34.264966,0.412651
2486,2487,34.278749,0.398138
2487,2488,34.292532,0.491451
2488,2489,34.306316,0.483026
2489,2490,34.320099,0.521236
2490,2491,34.333882,0.580535
2491,2492,34.347665,0.521357
2492,2493,34.361448,0.538365
2493,2494,34.375231,0.462921
2494,2495,34.389015,0.458665
2495,2496,34.402798,0.471386
2496,2497,34.416581,0.432462
2497,2498,34.430364,0.489967
2498,2499,34.444147,0.439817
2499,2500,34.457930,0.385252
2500,2501,34.471714,0.479346
2501,2502,34.485497,0.515576
2502,2503,34.499280,0.386019
2503,2504,34.513063,0.356312
2504,2505,34.526846,0.413031
2505,2506,34.540630,0.457275
2506,2507,34.554413,0.464765
2507,2508,34.568196,0.398173
2508,2509,34.581979,0.436373
2509,2510,34.595762,0.397099
2510,2511,34.609545,0.477689
2511,2512,34.623329,0.445170
2512,2513,34.637112,0.456852
2513,2514,34.650895,0.469880
2514,2515,34.664678,0.526393
2515,2516,34.678461,0.419044
2516,2517,34.692244,0.536527
2517,2518,34.706028,0.389523
2518,2519,34.719811,0.501183
2519,2520,34.733594,0.499748
2520,2521,34.747377,0.457478
2521,2522,34.761160,0.482113
2522,2523,34.774943,0.490312
2523,2524,34.788727,0.376788
2524,2525,34.802510,0.425337
2525,2526,34.816293,0.514883
2526,2527,34.830076,0.434343
2527,2528,34.843859,0.471119
2528,2529,34.857642,0.480910
2529,2530,34.871426,0.431440
2530,2531,34.885209,0.502742
2531,2532,34.898992,0.448595
2532,2533,34.912775,0.444855
2533,2534,34.926558,0.428113
2534,2535,34.940341,0.435554
2535,2536,34.954125,0.437848
2536,2537,34.967908,0.445152
2537,2538,34.981691,0.464043
2538,2539,34.995474,0.403287
2539,2540,35.009257,0.497336
2540,2541,35.023041,0.406502
2541,2542,35.036824,0.422088
2542,2543,35.050607,0.467025
2543,2544,35.064390,0.345706
2544,2545,35.078173,0.438230
2545,2546,35.091956,0.469173
2546,2547,35.105740,0.448949
2547,2548,35.119523,0.398310
2548,2549,35.133306,0.370763
2549,2550,35.147089,0.379785
2550,2551,35.160872,0.372118
2551,2552,35.174655,0.397427
2552,2553,35.188439,0.426965
2553,2554,35.202222,0.447732
2554,2555,35.216005,0.477546
2555,2556,35.229788,0.430824
2556,2557,35.243571,0.473221
2557,2558,35.257354,0.453804
2558,2559,35.271138,0.434137
2559,2560,35.284921,0.429054
2560,2561,35.298704,0.484841
2561,2562,35.312487,0.443406
2562,2563,35.326270,0.424415
2563,2564,35.340053,0.471929
2564,2565,35.353837,0.389345
2565,2566,35.367620,0.456872
2566,2567,35.381403,0.429486
2567,2568,35.395186,0.483641
2568,2569,35.408969,0.471187
2569,2570,35.422753,0.458010
2570,2571,35.436536,0.439754
2571,2572,35.450319,0.421412
2572,2573,35.464102,0.505029
2573,2574,35.477885,0.468108
2574,2575,35.491668,0.465953
2575,2576,35.505452,0.473954
2576,2577,35.519235,0.445148
2577,2578,35.533018,0.473169
2578,2579,35.546801,0.418777
2579,2580,35.560584,0.417539
2580,2581,35.574367,0.425161
2581,2582,35.588151,0.486820
2582,2583,35.601934,0.469205
2583,2584,35.615717,0.397127
2584,2585,35.629500,0.503542
2585,2586,35.643283,0.529253
2586,2587,35.657066,0.420647
2587,2588,35.670850,0.394970
2588,2589,35.684633,0.441464
2589,2590,35.698416,0.393718
2590,2591,35.712199,0.446781
2591,2592,35.725982,0.353985
2592,2593,35.739765,0.433524
2593,2594,35.753549,0.401348
2594,2595,35.767332,0.405459
2595,2596,35.781115,0.421593
2596,2597,35.794898,0.394811
2597,2598,35.808681,0.411330
2598,2599,35.822465,0.376717
2599,2600,35.836248,0.486997
2600,2601,35.850031,0.495807
2601,2602,35.863814,0.519070
2602,2603,35.877597,0.527802
2603,2604,35.891380,0.434030
2604,2605,35.905164,0.434832
2605,2606,35.918947,0.390655
2606,2607,35.932730,0.482767
2607,2608,35.946513,0.409548
2608,2609,35.960296,0.456482
2609,2610,35.974079,0.421280
2610,2611,35.987863,0.418881
2611,2612,36.001646,0.430559
2612,2613,36.015429,0.403599
2613,2614,36.029212,0.429768
2614,2615,36.042995,0.372434
2615,2616,36.056778,0.487041
2616,2617,36.070562,0.421632
2617,2618,36.084345,0.398209
2618,2619,36.098128,0.458169
2619,2620,36.111911,0.470392
2620,2621,36.125694,0.424838
2621,2622,36.139477,0.388633
2622,2623,36.153261,0.475299
2623,2624,36.167044,0.475588
2624,2625,36.180827,0.416385
2625,2626,36.194610,0.403374
2626,2627,36.208393,0.522259
2627,2628,36.222177,0.351577
2628,2629,36.235960,0.372114
2629,2630,36.249743,0.429390
2630,2631,36.263526,0.465376
2631,2632,36.277309,0.405868
2632,2633,36.291092,0.387355
2633,2634,36.304876,0.435662
2634,2635,36.318659,0.462919
2635,2636,36.332442,0.449749
2636,2637,36.346225,0.546829
2637,2638,36.360008,0.365483
2638,2639,36.373791,0.452971
2639,2640,36.387575,0.401848
2640,2641,36.401358,0.421471
2641,2642,36.415141,0.496237
2642,2643,36.428924,0.388478
2643,2644,36.442707,0.469526
2644,2645,36.456490,0.415159
2645,2646,36.470274,0.480182
2646,2647,36.484057,0.431988
2647,2648,36.497840,0.499296
2648,2649,36.511623,0.428856
2649,2650,36.525406,0.467375
2650,2651,36.539189,0.466131
2651,2652,36.552973,0.464278
2652,2653,36.566756,0.434154
2653,2654,36.580539,0.456329
2654,2655,36.594322,0.468558
2655,2656,36.608105,0.435620
2656,2657,36.621889,0.415859
2657,2658,36.635672,0.379004
2658,2659,36.649455,0.427890
2659,2660,36.663238,0.480015
2660,2661,36.677021,0.450029
2661,2662,36.690804,0.429562
2662,2663,36.704588,0.492158
2663,2664,36.718371,0.381004
2664,2665,36.732154,0.406568
2665,2666,36.745937,0.408479
2666,2667,36.759720,0.448091
2667,2668,36.773503,0.344618
2668,2669,36.787287,0.464398
2669,2670,36.801070,0.404499
2670,2671,36.814853,0.449611
2671,2672,36.828636,0.380247
2672,2673,36.842419,0.424513
2673,2674,36.856202,0.483929
2674,2675,36.869986,0.377269
2675,2676,36.883769,0.366675
2676,2677,36.897552,0.468813
2677,2678,36.911335,0.378157
2678,2679,36.925118,0.448008
2679,2680,36.938901,0.415646
2680,2681,36.952685,0.391766
2681,2682,36.966468,0.405431
2682,2683,36.980251,0.337743
2683,2684,36.994034,0.453547
2684,2685,37.007817,0.456531
2685,2686,37.021600,0.463503
2686,2687,37.035384,0.537074
2687,2688,37.049167,0.370788
2688,2689,37.062950,0.451535
2689,2690,37.076733,0.461387
2690,2691,37.090516,0.422619
2691,2692,37.104300,0.466226
2692,2693,37.118083,0.443060
2693,2694,37.131866,0.437736
2694,2695,37.145649,0.395906
2695,2696,37.159432,0.498037
2696,2697,37.173215,0.435058
2697,2698,37.186999,0.427110
2698,2699,37.200782,0.454166
2699,2700,37.214565,0.463399
2700,2701,37.228348,0.397549
2701,2702,37.242131,0.429436
2702,2703,37.255914,0.442350
2703,2704,37.269698,0.415464
2704,2705,37.283481,0.375970
2705,2706,37.297264,0.430118
2706,2707,37.311047,0.492340
2707,2708,37.324830,0.461118
2708,2709,37.338613,0.461900
2709,2710,37.352397,0.457353
2710,2711,37.366180,0.421828
2711,2712,37.379963,0.420658
2712,2713,37.393746,0.510326
2713,2714,37.407529,0.384029
2714,2715,37.421312,0.487327
2715,2716,37.435096,0.541110
2716,2717,37.448879,0.405767
2717,2718,37.462662,0.443916
2718,2719,37.476445,0.467258
2719,2720,37.490228,0.529114
2720,2721,37.504012,0.446877
2721,2722,37.517795,0.343392
2722,2723,37.531578,0.440937
2723,2724,37.545361,0.497809
2724,2725,37.559144,0.419926
2725,2726,37.572927,0.447335
2726,2727,37.586711,0.490658
2727,2728,37.600494,0.432317
2728,2729,37.614277,0.401435
2729,2730,37.628060,0.523816
2730,2731,37.641843,0.467143
2731,2732,37.655626,0.417458
2732,2733,37.669410,0.454932
2733,2734,37.683193,0.455464
2734,2735,37.696976,0.486953
2735,2736,37.710759,0.413659
2736,2737,37.724542,0.483715
2737,2738,37.738325,0.566499
2738,2739,37.752109,0.457582
2739,2740,37.765892,0.453447
2740,2741,37.779675,0.437871
2741,2742,37.793458,0.455258
2742,2743,37.807241,0.371919
2743,2744,37.821024,0.432101
2744,2745,37.834808,0.418519
2745,2746,37.848591,0.421082
2746,2747,37.862374,0.483435
2747,2748,37.876157,0.389612
2748,2749,37.889940,0.364036
2749,2750,37.903724,0.366879
2750,2751,37.917507,0.475585
2751,2752,37.931290,0.440108
2752,2753,37.945073,0.410426
2753,2754,37.958856,0.505429
2754,2755,37.972639,0.447914
2755,2756,37.986423,0.497972
2756,2757,38.000206,0.462520
2757,2758,38.013989,0.445557
2758,2759,38.027772,0.499776
2759,2760,38.041555,0.438148
2760,2761,38.055338,0.486300
2761,2762,38.069122,0.439833
2762,2763,38.082905,0.363765
2763,2764,38.096688,0.442338
2764,2765,38.110471,0.472368
2765,2766,38.124254,0.375944
2766,2767,38.138037,0.462499
2767,2768,38.151821,0.415777
2768,2769,38.165604,0.442266
2769,2770,38.179387,0.450055
2770,2771,38.193170,0.374837
2771,2772,38.206953,0.450871
2772,2773,38.220736,0.462313
2773,2774,38.234520,0.410484
2774,2775,38.248303,0.369181
2775,2776,38.262086,0.555410
2776,2777,38.275869,0.478443
2777,2778,38.289652,0.433062
2778,2779,38.303436,0.347436
2779,2780,38.317219,0.459898
2780,2781,38.331002,0.405170
2781,2782,38.344785,0.401497
2782,2783,38.358568,0.486459
2783,2784,38.372351,0.522641
2784,2785,38.386135,0.459372
2785,2786,38.399918,0.427458
2786,2787,38.413701,0.457104
2787,2788,38.427484,0.361295
2788,2789,38.441267,0.385386
2789,2790,38.455050,0.396336
2790,2791,38.468834,0.477435
2791,2792,38.482617,0.455502
2792,2793,38.496400,0.387931
2793,2794,38.510183,0.404839
2794,2795,38.523966,0.446770
2795,2796,38.537749,0.471644
2796,2797,38.551533,0.496415
2797,2798,38.565316,0.506379
2798,2799,38.579099,0.436928
2799,2800,38.592882,0.457323
2800,2801,38.606665,0.446636
2801,2802,38.620448,0.444692
2802,2803,38.634232,0.434673
2803,2804,38.648015,0.458622
2804,2805,38.661798,0.431861
2805,2806,38.675581,0.489065
2806,2807,38.689364,0.449860
2807,2808,38.703148,0.433113
2808,2809,38.716931,0.431507
2809,2810,38.730714,0.507012
2810,2811,38.744497,0.485362
2811,2812,38.758280,0.475962
2812,2813,38.772063,0.483366
2813,2814,38.785847,0.442475
2814,2815,38.799630,0.425538
2815,2816,38.813413,0.528669
2816,2817,38.827196,0.505845
2817,2818,38.840979,0.392494
2818,2819,38.854762,0.431367
2819,2820,38.868546,0.348055
2820,2821,38.882329,0.441089
2821,2822,38.896112,0.419838
2822,2823,38.909895,0.473855
2823,2824,38.923678,0.371689
2824,2825,38.937461,0.481580
2825,2826,38.951245,0.421877
2826,2827,38.965028,0.457143
2827,2828,38.978811,0.411308
2828,2829,38.992594,0.487158
2829,2830,39.006377,0.460334
2830,2831,39.020160,0.541021
2831,2832,39.033944,0.456899
2832,2833,39.047727,0.473414
2833,2834,39.061510,0.403998
2834,2835,39.075293,0.496142
2835,2836,39.089076,0.441208
2836,2837,39.102859,0.484531
2837,2838,39.116643,0.488020
2838,2839,39.130426,0.439921
2839,2840,39.144209,0.425005
2840,2841,39.157992,0.399364
2841,2842,39.171775,0.446197
2842,2843,39.185559,0.406159
2843,2844,39.199342,0.442729
2844,2845,39.213125,0.423638
2845,2846,39.226908,0.510245
2846,2847,39.240691,0.384544
2847,2848,39.254474,0.459465
2848,2849,39.268258,0.371446
2849,2850,39.282041,0.443792
2850,2851,39.295824,0.447184
2851,2852,39.309607,0.437493
2852,2853,39.323390,0.427929
2853,2854,39.337173,0.370636
2854,2855,39.350957,0.431303
2855,2856,39.364740,0.411775
2856,2857,39.378523,0.334572
2857,2858,39.392306,0.476077
2858,2859,39.406089,0.458893
2859,2860,39.419872,0.424522
2860,2861,39.433656,0.435889
2861,2862,39.447439,0.427050
2862,2863,39.461222,0.445514
2863,2864,39.475005,0.359765
2864,2865,39.488788,0.441544
2865,2866,39.502571,0.413857
2866,2867,39.516355,0.509367
2867,2868,39.530138,0.484862
2868,2869,39.543921,0.416002
2869,2870,39.557704,0.383573
2870,2871,39.571487,0.391862
2871,2872,39.585271,0.407745
2872,2873,39.599054,0.445675
2873,2874,39.612837,0.435298
2874,2875,39.626620,0.432740
2875,2876,39.640403,0.540099
2876,2877,39.654186,0.433147
2877,2878,39.667970,0.414431
2878,2879,39.681753,0.458524
2879,2880,39.695536,0.441372
2880,2881,39.709319,0.416690
2881,2882,39.723102,0.476251
2882,2883,39.736885,0.480163
2883,2884,39.750669,0.435618
2884,2885,39.764452,0.431084
2885,2886,39.778235,0.455986
2886,2887,39.792018,0.383815
2887,2888,39.805801,0.439833
2888,2889,39.819584,0.479928
2889,2890,39.833368,0.438025
2890,2891,39.847151,0.457286
2891,2892,39.860934,0.379635
2892,2893,39.874717,0.418004
2893,2894,39.888500,0.496433
2894,2895,39.902283,0.397731
2895,2896,39.916067,0.438393
2896,2897,39.929850,0.423873
2897,2898,39.943633,0.361569
2898,2899,39.957416,0.474005
2899,2900,39.971199,0.470288
2900,2901,39.984983,0.505684
2901,2902,39.998766,0.524350
2902,2903,40.012549,0.395165
2903,2904,40.026332,0.363894
2904,2905,40.040115,0.402385
2905,2906,40.053898,0.428466
2906,2907,40.067682,0.422858
2907,2908,40.081465,0.366191
2908,2909,40.095248,0.408313
2909,2910,40.109031,0.430156
2910,2911,40.122814,0.350942
2911,2912,40.136597,0.426382
2912,2913,40.150381,0.411735
2913,2914,40.164164,0.358108
2914,2915,40.177947,0.455990
2915,2916,40.191730,0.487964
2916,2917,40.205513,0.378298
2917,2918,40.219296,0.413929
2918,2919,40.233080,0.480576
2919,2920,40.246863,0.435332
2920,2921,40.260646,0.424490
2921,2922,40.274429,0.419327
2922,2923,40.288212,0.442321
2923,2924,40.301995,0.485130
2924,2925,40.315779,0.366767
2925,2926,40.329562,0.465053
2926,2927,40.343345,0.479683
2927,2928,40.357128,0.541281
2928,2929,40.370911,0.486125
2929,2930,40.384695,0.463284
2930,2931,40.398478,0.560569
2931,2932,40.412261,0.420091
2932,2933,40.426044,0.432802
2933,2934,40.439827,0.451352
2934,2935,40.453610,0.479617
2935,2936,40.467394,0.415487
2936,2937,40.481177,0.483782
2937,2938,40.494960,0.451099
2938,2939,40.508743,0.423652
2939,2940,40.522526,0.452390
2940,2941,40.536309,0.369459
2941,2942,40.550093,0.450511
2942,2943,40.563876,0.492708
2943,2944,40.577659,0.461333
2944,2945,40.591442,0.412186
2945,2946,40.605225,0.414951
2946,2947,40.619008,0.423025
2947,2948,40.632792,0.416712
2948,2949,40.646575,0.459076
2949,2950,40.660358,0.526695
2950,2951,40.674141,0.454593
2951,2952,40.687924,0.410214
2952,2953,40.701707,0.444381
2953,2954,40.715491,0.458545
2954,2955,40.729274,0.445268
2955,2956,40.743057,0.456990
2956,2957,40.756840,0.404645
2957,2958,40.770623,0.393296
2958,2959,40.784407,0.439113
2959,2960,40.798190,0.395210
2960,2961,40.811973,0.422742
2961,2962,40.825756,0.486097
2962,2963,40.839539,0.477352
2963,2964,40.853322,0.424802
2964,2965,40.867106,0.450436
2965,2966,40.880889,0.496681
2966,2967,40.894672,0.380735
2967,2968,40.908455,0.524963
2968,2969,40.922238,0.423293
2969,2970,40.936021,0.493627
2970,2971,40.949805,0.520229
2971,2972,40.963588,0.400715
2972,2973,40.977371,0.425419
2973,2974,40.991154,0.464109
2974,2975,41.004937,0.430666
2975,2976,41.018720,0.493846
2976,2977,41.032504,0.455324
2977,2978,41.046287,0.467403
2978,2979,41.060070,0.486032
2979,2980,41.073853,0.422777
2980,2981,41.087636,0.477508
2981,2982,41.101419,0.442015
2982,2983,41.115203,0.448862
2983,2984,41.128986,0.412871
2984,2985,41.142769,0.495035
2985,2986,41.156552,0.460563
2986,2987,41.170335,0.445654
2987,2988,41.184118,0.440338
2988,2989,41.197902,0.550821
2989,2990,41.211685,0.486625
2990,2991,41.225468,0.454832
2991,2992,41.239251,0.473320
2992,2993,41.253034,0.381887
2993,2994,41.266818,0.449576
2994,2995,41.280601,0.464527
2995,2996,41.294384,0.464959
2996,2997,41.308167,0.437713
2997,2998,41.321950,0.445453
2998,2999,41.335733,0.514880
2999,3000,41.349517,0.461888
3000,3001,41.363300,0.436772
3001,3002,41.377083,0.449393
3002,3003,41.390866,0.445917
3003,3004,41.404649,0.381469
3004,3005,41.418432,0.370330
3005,3006,41.432216,0.476931
3006,3007,41.445999,0.450713
3007,3008,41.459782,0.393417
3008,3009,41.473565,0.395097
3009,3010,41.487348,0.346724
3010,3011,41.501131,0.413308
3011,3012,41.514915,0.381256
3012,3013,41.528698,0.370439
3013,3014,41.542481,0.528654
3014,3015,41.556264,0.408305
3015,3016,41.570047,0.444763
3016,3017,41.583830,0.437007
3017,3018,41.597614,0.384284
3018,3019,41.611397,0.408416
3019,3020,41.625180,0.413645
3020,3021,41.638963,0.458842
3021,3022,41.652746,0.416205
3022,3023,41.666530,0.485602
3023,3024,41.680313,0.473980
3024,3025,41.694096,0.480765
3025,3026,41.707879,0.406950
3026,3027,41.721662,0.467922
3027,3028,41.735445,0.485192
3028,3029,41.749229,0.473465
3029,3030,41.763012,0.430152
3030,3031,41.776795,0.402131
3031,3032,41.790578,0.427609
3032,3033,41.804361,0.427558
3033,3034,41.818144,0.455308
3034,3035,41.831928,0.460249
3035,3036,41.845711,0.452792
3036,3037,41.859494,0.456981
3037,3038,41.873277,0.418844
3038,3039,41.887060,0.400312
3039,3040,41.900843,0.366690
3040,3041,41.914627,0.491558
3041,3042,41.928410,0.541137
3042,3043,41.942193,0.454154
3043,3044,41.955976,0.449018
3044,3045,41.969759,0.405258
3045,3046,41.983542,0.497458
3046,3047,41.997326,0.476415
3047,3048,42.011109,0.444529
3048,3049,42.024892,0.473368
3049,3050,42.038675,0.345149
3050,3051,42.052458,0.455074
3051,3052,42.066242,0.433330
3052,3053,42.080025,0.425398
3053,3054,42.093808,0.494916
3054,3055,42.107591,0.432858
3055,3056,42.121374,0.472915
3056,3057,42.135157,0.472023
3057,3058,42.148941,0.425069
3058,3059,42.162724,0.527228
3059,3060,42.176507,0.480204
3060,3061,42.190290,0.467827
3061,3062,42.204073,0.418020
3062,3063,42.217856,0.438569
3063,3064,42.231640,0.409571
3064,3065,42.245423,0.488480
3065,3066,42.259206,0.454137
3066,3067,42.272989,0.322479
3067,3068,42.286772,0.389073
3068,3069,42.300555,0.446032
3069,3070,42.314339,0.424520
3070,3071,42.328122,0.423904
3071,3072,42.341905,0.402755
3072,3073,42.355688,0.494187
3073,3074,42.369471,0.405918
3074,3075,42.383254,0.420779
3075,3076,42.397038,0.413831
3076,3077,42.410821,0.478791
3077,3078,42.424604,0.454336
3078,3079,42.438387,0.386100
3079,3080,42.452170,0.468337
3080,3081,42.465954,0.425942
3081,3082,42.479737,0.410443
3082,3083,42.493520,0.454610
3083,3084,42.507303,0.454942
3084,3085,42.521086,0.445157
3085,3086,42.534869,0.402296
3086,3087,42.548653,0.420839
3087,3088,42.562436,0.394968
3088,3089,42.576219,0.413783
3089,3090,42.590002,0.421274
3090,3091,42.603785,0.403271
3091,3092,42.617568,0.383583
3092,3093,42.631352,0.404350
3093,3094,42.645135,0.466292
3094,3095,42.658918,0.424226
3095,3096,42.672701,0.489487
3096,3097,42.686484,0.464065
3097,3098,42.700267,0.506423
3098,3099,42.714051,0.406084
3099,3100,42.727834,0.486519
3100,3101,42.741617,0.425545
3101,3102,42.755400,0.394338
3102,3103,42.769183,0.458890
3103,3104,42.782966,0.494231
3104,3105,42.796750,0.510853
3105,3106,42.810533,0.387055
3106,3107,42.824316,0.492968
3107,3108,42.838099,0.470182
3108,3109,42.851882,0.346982
3109,3110,42.865666,0.346162
3110,3111,42.879449,0.486211
3111,3112,42.893232,0.456258
3112,3113,42.907015,0.480760
3113,3114,42.920798,0.464647
3114,3115,42.934581,0.444606
3115,3116,42.948365,0.409427
3116,3117,42.962148,0.377770
3117,3118,42.975931,0.506325
3118,3119,42.989714,0.486286
3119,3120,43.003497,0.405854
3120,3121,43.017280,0.416084
3121,3122,43.031064,0.460914
3122,3123,43.044847,0.439641
3123,3124,43.058630,0.457266
3124,3125,43.072413,0.418631
3125,3126,43.086196,0.499163
3126,3127,43.099979,0.444752
3127,3128,43.113763,0.551324
3128,3129,43.127546,0.394803
3129,3130,43.141329,0.441680
3130,3131,43.155112,0.394638
3131,3132,43.168895,0.473528
3132,3133,43.182678,0.495870
3133,3134,43.196462,0.366714
3134,3135,43.210245,0.543369
3135,3136,43.224028,0.440594
3136,3137,43.237811,0.451573
3137,3138,43.251594,0.370929
3138,3139,43.265377,0.512736
3139,3140,43.279161,0.457012
3140,3141,43.292944,0.427266
3141,3142,43.306727,0.408284
3142,3143,43.320510,0.318737
3143,3144,43.334293,0.501246
3144,3145,43.348077,0.412408
3145,3146,43.361860,0.406968
3146,3147,43.375643,0.466182
3147,3148,43.389426,0.440997
3148,3149,43.403209,0.490352
3149,3150,43.416992,0.515110
3150,3151,43.430776,0.490289
3151,3152,43.444559,0.432676
3152,3153,43.458342,0.442898
3153,3154,43.472125,0.456833
3154,3155,43.485908,0.491630
3155,3156,43.499691,0.391226
3156,3157,43.513475,0.403361
3157,3158,43.527258,0.461962
3158,3159,43.541041,0.409760
3159,3160,43.554824,0.460690
3160,3161,43.568607,0.477384
3161,3162,43.582390,0.421750
3162,3163,43.596174,0.508294
3163,3164,43.609957,0.413237
3164,3165,43.623740,0.467242
3165,3166,43.637523,0.479856
3166,3167,43.651306,0.422330
3167,3168,43.665089,0.431375
3168,3169,43.678873,0.563845
3169,3170,43.692656,0.484242
3170,3171,43.706439,0.402261
3171,3172,43.720222,0.424689
3172,3173,43.734005,0.479644
3173,3174,43.747789,0.438597
3174,3175,43.761572,0.441372
3175,3176,43.775355,0.452968
3176,3177,43.789138,0.396057
3177,3178,43.802921,0.445704
3178,3179,43.816704,0.422557
3179,3180,43.830488,0.425368
3180,3181,43.844271,0.480170
3181,3182,43.858054,0.473329
3182,3183,43.871837,0.385052
3183,3184,43.885620,0.343300
3184,3185,43.899403,0.441631
3185,3186,43.913187,0.395974
3186,3187,43.926970,0.442224
3187,3188,43.940753,0.470938
3188,3189,43.954536,0.419837
3189,3190,43.968319,0.368507
3190,3191,43.982102,0.468681
3191,3192,43.995886,0.382675
3192,3193,44.009669,0.484819
3193,3194,44.023452,0.439894
3194,3195,44.037235,0.413906
3195,3196,44.051018,0.419110
3196,3197,44.064801,0.461003
3197,3198,44.078585,0.370361
3198,3199,44.092368,0.428435
3199,3200,44.106151,0.364495
3200,3201,44.119934,0.364644
3201,3202,44.133717,0.429920
3202,3203,44.147501,0.498459
3203,3204,44.161284,0.439010
3204,3205,44.175067,0.487702
3205,3206,44.188850,0.438826
3206,3207,44.202633,0.420435
3207,3208,44.216416,0.463116
3208,3209,44.230200,0.427803
3209,3210,44.243983,0.458355
3210,3211,44.257766,0.402934
3211,3212,44.271549,0.456392
3212,3213,44.285332,0.435591
3213,3214,44.299115,0.391649
3214,3215,44.312899,0.450151
3215,3216,44.326682,0.476197
3216,3217,44.340465,0.447430
3217,3218,44.354248,0.467237
3218,3219,44.368031,0.444784
3219,3220,44.381814,0.555286
3220,3221,44.395598,0.537615
3221,3222,44.409381,0.420975
3222,3223,44.423164,0.377262
3223,3224,44.436947,0.443960
3224,3225,44.450730,0.408994
3225,3226,44.464513,0.369025
3226,3227,44.478297,0.371133
3227,3228,44.492080,0.469937
3228,3229,44.505863,0.462705
3229,3230,44.519646,0.422255
3230,3231,44.533429,0.457734
3231,3232,44.547213,0.439370
3232,3233,44.560996,0.507562
3233,3234,44.574779,0.516343
3234,3235,44.588562,0.462577
3235,3236,44.602345,0.432346
3236,3237,44.616128,0.500798
3237,3238,44.629912,0.532857
3238,3239,44.643695,0.533049
3239,3240,44.657478,0.442587
3240,3241,44.671261,0.398543
3241,3242,44.685044,0.496691
3242,3243,44.698827,0.401611
3243,3244,44.712611,0.432506
3244,3245,44.726394,0.384496
3245,3246,44.740177,0.440256
3246,3247,44.753960,0.557531
3247,3248,44.767743,0.351066
3248,3249,44.781526,0.444173
3249,3250,44.795310,0.457557
3250,3251,44.809093,0.384667
3251,3252,44.822876,0.429075
3252,3253,44.836659,0.472685
3253,3254,44.850442,0.330157
3254,3255,44.864225,0.424320
3255,3256,44.878009,0.376289
3256,3257,44.891792,0.516595
3257,3258,44.905575,0.500151
3258,3259,44.919358,0.470784
3259,3260,44.933141,0.594125
3260,3261,44.946925,0.408555
3261,3262,44.960708,0.433135
3262,3263,44.974491,0.438407
3263,3264,44.988274,0.475507
3264,3265,45.002057,0.448655
3265,3266,45.015840,0.429175
3266,3267,45.029624,0.462402
3267,3268,45.043407,0.513522
3268,3269,45.057190,0.409864
3269,3270,45.070973,0.489963
3270,3271,45.084756,0.398991
3271,3272,45.098539,0.469596
3272,3273,45.112323,0.484230
3273,3274,45.126106,0.477361
3274,3275,45.139889,0.526847
3275,3276,45.153672,0.475263
3276,3277,45.167455,0.437096
3277,3278,45.181238,0.435281
3278,3279,45.195022,0.435507
3279,3280,45.208805,0.415955
3280,3281,45.222588,0.458457
3281,3282,45.236371,0.492514
3282,3283,45.250154,0.450977
3283,3284,45.263937,0.420738
3284,3285,45.277721,0.403504
3285,3286,45.291504,0.427599
3286,3287,45.305287,0.482562
3287,3288,45.319070,0.376723
3288,3289,45.332853,0.379585
3289,3290,45.346636,0.439519
3290,3291,45.360420,0.388269
3291,3292,45.374203,0.447638
3292,3293,45.387986,0.463067
3293,3294,45.401769,0.441436
3294,3295,45.415552,0.442707
3295,3296,45.429336,0.397661
3296,3297,45.443119,0.434752
3297,3298,45.456902,0.472570
3298,3299,45.470685,0.455532
3299,3300,45.484468,0.409235
3300,3301,45.498251,0.394862
3301,3302,45.512035,0.392088
3302,3303,45.525818,0.472363
3303,3304,45.539601,0.402470
3304,3305,45.553384,0.431486
3305,3306,45.567167,0.425272
3306,3307,45.580950,0.431757
3307,3308,45.594734,0.339312
3308,3309,45.608517,0.537522
3309,3310,45.622300,0.444316
3310,3311,45.636083,0.494207
3311,3312,45.649866,0.432639
3312,3313,45.663649,0.392602
3313,3314,45.677433,0.439170
3314,3315,45.691216,0.396981
3315,3316,45.704999,0.524330
3316,3317,45.718782,0.421501
3317,3318,45.732565,0.406716
3318,3319,45.746348,0.399654
3319,3320,45.760132,0.440531
3320,3321,45.773915,0.411349
3321,3322,45.787698,0.459332
3322,3323,45.801481,0.443715
3323,3324,45.815264,0.361650
3324,3325,45.829048,0.503625
3325,3326,45.842831,0.398762
3326,3327,45.856614,0.357463
3327,3328,45.870397,0.537851
3328,3329,45.884180,0.469194
3329,3330,45.897963,0.391439
3330,3331,45.911747,0.415423
3331,3332,45.925530,0.442084
3332,3333,45.939313,0.395405
3333,3334,45.953096,0.465027
3334,3335,45.966879,0.441864
3335,3336,45.980662,0.453726
3336,3337,45.994446,0.354838
3337,3338,46.008229,0.459424
3338,3339,46.022012,0.404145
3339,3340,46.035795,0.444934
3340,3341,46.049578,0.476617
3341,3342,46.063361,0.455047
3342,3343,46.077145,0.345163
3343,3344,46.090928,0.422385
3344,3345,46.104711,0.462688
3345,3346,46.118494,0.416501
3346,3347,46.132277,0.459093
3347,3348,46.146060,0.442018
3348,3349,46.159844,0.459757
3349,3350,46.173627,0.441067
3350,3351,46.187410,0.476683
3351,3352,46.201193,0.485780
3352,3353,46.214976,0.377044
3353,3354,46.228760,0.412106
3354,3355,46.242543,0.459876
3355,3356,46.256326,0.438952
3356,3357,46.270109,0.428412
3357,3358,46.283892,0.399043
3358,3359,46.297675,0.443118
3359,3360,46.311459,0.429503
3360,3361,46.325242,0.436627
3361,3362,46.339025,0.508957
3362,3363,46.352808,0.453914
3363,3364,46.366591,0.411414
3364,3365,46.380374,0.425196
3365,3366,46.394158,0.460919
3366,3367,46.407941,0.409793
3367,3368,46.421724,0.541881
3368,3369,46.435507,0.413259
3369,3370,46.449290,0.455922
3370,3371,46.463073,0.342659
3371,3372,46.476857,0.403416
3372,3373,46.490640,0.441559
3373,3374,46.504423,0.406790
3374,3375,46.518206,0.420723
3375,3376,46.531989,0.447080
3376,3377,46.545772,0.454618
3377,3378,46.559556,0.474067
3378,3379,46.573339,0.467718
3379,3380,46.587122,0.387493
3380,3381,46.600905,0.468555
3381,3382,46.614688,0.514357
3382,3383,46.628472,0.407052
3383,3384,46.642255,0.500661
3384,3385,46.656038,0.419030
3385,3386,46.669821,0.423318
3386,3387,46.683604,0.442554
3387,3388,46.697387,0.446142
3388,3389,46.711171,0.434387
3389,3390,46.724954,0.474829
3390,3391,46.738737,0.421681
3391,3392,46.752520,0.408450
3392,3393,46.766303,0.472666
3393,3394,46.780086,0.398633
3394,3395,46.793870,0.421278
3395,3396,46.807653,0.464826
3396,3397,46.821436,0.450396
3397,3398,46.835219,0.456788
3398,3399,46.849002,0.386308
3399,3400,46.862785,0.459265
3400,3401,46.876569,0.455450
3401,3402,46.890352,0.463063
3402,3403,46.904135,0.485172
3403,3404,46.917918,0.407356
3404,3405,46.931701,0.424415
3405,3406,46.945484,0.429081
3406,3407,46.959268,0.477121
3407,3408,46.973051,0.460737
3408,3409,46.986834,0.528201
3409,3410,47.000617,0.451613
3410,3411,47.014400,0.431329
3411,3412,47.028184,0.352913
3412,3413,47.041967,0.381116
3413,3414,47.055750,0.424302
3414,3415,47.069533,0.465086
3415,3416,47.083316,0.412922
3416,3417,47.097099,0.420233
3417,3418,47.110883,0.436342
3418,3419,47.124666,0.429653
3419,3420,47.138449,0.497440
3420,3421,47.152232,0.530494
3421,3422,47.166015,0.398733
3422,3423,47.179798,0.444607
3423,3424,47.193582,0.424778
3424,3425,47.207365,0.389928
3425,3426,47.221148,0.453441
3426,3427,47.234931,0.448741
3427,3428,47.248714,0.424094
3428,3429,47.262497,0.459070
3429,3430,47.276281,0.413143
3430,3431,47.290064,0.426644
3431,3432,47.303847,0.518694
3432,3433,47.317630,0.461718
3433,3434,47.331413,0.456437
3434,3435,47.345196,0.465086
3435,3436,47.358980,0.419102
3436,3437,47.372763,0.390478
3437,3438,47.386546,0.413306
3438,3439,47.400329,0.406521
3439,3440,47.414112,0.411255
3440,3441,47.427895,0.476488
3441,3442,47.441679,0.448324
3442,3443,47.455462,0.514208
3443,3444,47.469245,0.483135
3444,3445,47.483028,0.515199
3445,3446,47.496811,0.350902
3446,3447,47.510595,0.329515
3447,3448,47.524378,0.542025
3448,3449,47.538161,0.375390
3449,3450,47.551944,0.457765
3450,3451,47.565727,0.446176
3451,3452,47.579510,0.363957
3452,3453,47.593294,0.427923
3453,3454,47.607077,0.437871
3454,3455,47.620860,0.429335
3455,3456,47.634643,0.464717
3456,3457,47.648426,0.397377
3457,3458,47.662209,0.383321
3458,3459,47.675993,0.428470
3459,3460,47.689776,0.387751
3460,3461,47.703559,0.441925
3461,3462,47.717342,0.526788
3462,3463,47.731125,0.456057
3463,3464,47.744908,0.367140
3464,3465,47.758692,0.384730
3465,3466,47.772475,0.439839
3466,3467,47.786258,0.437568
3467,3468,47.800041,0.395864
3468,3469,47.813824,0.457126
3469,3470,47.827607,0.380258
3470,3471,47.841391,0.352515
3471,3472,47.855174,0.433766
3472,3473,47.868957,0.479569
3473,3474,47.882740,0.478697
3474,3475,47.896523,0.406563
3475,3476,47.910307,0.454327
3476,3477,47.924090,0.423950
3477,3478,47.937873,0.446341
3478,3479,47.951656,0.477088
3479,3480,47.965439,0.463070
3480,3481,47.979222,0.413782
3481,3482,47.993006,0.380650
3482,3483,48.006789,0.466239
3483,3484,48.020572,0.433844
3484,3485,48.034355,0.433668
3485,3486,48.048138,0.405138
3486,3487,48.061921,0.466304
3487,3488,48.075705,0.404071
3488,3489,48.089488,0.407119
3489,3490,48.103271,0.439427
3490,3491,48.117054,0.426112
3491,3492,48.130837,0.430194
3492,3493,48.144620,0.391313
3493,3494,48.158404,0.359865
3494,3495,48.172187,0.375346
3495,3496,48.185970,0.462956
3496,3497,48.199753,0.500561
3497,3498,48.213536,0.436089
3498,3499,48.227319,0.411126
3499,3500,48.241103,0.380082
3500,3501,48.254886,0.438904
3501,3502,48.268669,0.395233
3502,3503,48.282452,0.391134
3503,3504,48.296235,0.430350
3504,3505,48.310019,0.400147
3505,3506,48.323802,0.471353
3506,3507,48.337585,0.428747
3507,3508,48.351368,0.502855
3508,3509,48.365151,0.455312
3509,3510,48.378934,0.471542
3510,3511,48.392718,0.456252
3511,3512,48.406501,0.424089
3512,3513,48.420284,0.445030
3513,3514,48.434067,0.422968
3514,3515,48.447850,0.447625
3515,3516,48.461633,0.523198
3516,3517,48.475417,0.379008
3517,3518,48.489200,0.446212
3518,3519,48.502983,0.456414
3519,3520,48.516766,0.441870
3520,3521,48.530549,0.435474
3521,3522,48.544332,0.372871
3522,3523,48.558116,0.433019
3523,3524,48.571899,0.444415
3524,3525,48.585682,0.462779
3525,3526,48.599465,0.435466
3526,3527,48.613248,0.456193
3527,3528,48.627031,0.499068
3528,3529,48.640815,0.464360
3529,3530,48.654598,0.379041
3530,3531,48.668381,0.457200
3531,3532,48.682164,0.451509
3532,3533,48.695947,0.489665
3533,3534,48.709731,0.447401
3534,3535,48.723514,0.416703
3535,3536,48.737297,0.427052
3536,3537,48.751080,0.461799
3537,3538,48.764863,0.472302
3538,3539,48.778646,0.464358
3539,3540,48.792430,0.484255
3540,3541,48.806213,0.459213
3541,3542,48.819996,0.451340
3542,3543,48.833779,0.412574
3543,3544,48.847562,0.362437
3544,3545,48.861345,0.444743
3545,3546,48.875129,0.436578
3546,3547,48.888912,0.392841
3547,3548,48.902695,0.399683
3548,3549,48.916478,0.504771
3549,3550,48.930261,0.507936
3550,3551,48.944044,0.462368
3551,3552,48.957828,0.468266
3552,3553,48.971611,0.397249
3553,3554,48.985394,0.439473
3554,3555,48.999177,0.431190
3555,3556,49.012960,0.423171
3556,3557,49.026743,0.418457
3557,3558,49.040527,0.489019
3558,3559,49.054310,0.495697
3559,3560,49.068093,0.495640
3560,3561,49.081876,0.379968
3561,3562,49.095659,0.492165
3562,3563,49.109443,0.379023
3563,3564,49.123226,0.431698
3564,3565,49.137009,0.443865
3565,3566,49.150792,0.445578
3566,3567,49.164575,0.445400
3567,3568,49.178358,0.436240
3568,3569,49.192142,0.452216
3569,3570,49.205925,0.472891
3570,3571,49.219708,0.437758
3571,3572,49.233491,0.467729
3572,3573,49.247274,0.418506
3573,3574,49.261057,0.454459
3574,3575,49.274841,0.399855
3575,3576,49.288624,0.471220
3576,3577,49.302407,0.444842
3577,3578,49.316190,0.471245
3578,3579,49.329973,0.493510
3579,3580,49.343756,0.438447
3580,3581,49.357540,0.490813
3581,3582,49.371323,0.455231
3582,3583,49.385106,0.455996
3583,3584,49.398889,0.496886
3584,3585,49.412672,0.391368
3585,3586,49.426455,0.396472
3586,3587,49.440239,0.450978
3587,3588,49.454022,0.471333
3588,3589,49.467805,0.419429
3589,3590,49.481588,0.368346
3590,3591,49.495371,0.494767
3591,3592,49.509154,0.442484
3592,3593,49.522938,0.397815
3593,3594,49.536721,0.444813
3594,3595,49.550504,0.485586
3595,3596,49.564287,0.483984
3596,3597,49.578070,0.417128
3597,3598,49.591854,0.432807
3598,3599,49.605637,0.471354
3599,3600,49.619420,0.453293
3600,3601,49.633203,0.431990
3601,3602,49.646986,0.397881
3602,3603,49.660769,0.442994
3603,3604,49.674553,0.409047
3604,3605,49.688336,0.421983
3605,3606,49.702119,0.439304
3606,3607,49.715902,0.442147
3607,3608,49.729685,0.443446
3608,3609,49.743468,0.478146
3609,3610,49.757252,0.435937
3610,3611,49.771035,0.373648
3611,3612,49.784818,0.438982
3612,3613,49.798601,0.433450
3613,3614,49.812384,0.439786
3614,3615,49.826167,0.404027
3615,3616,49.839951,0.460948
3616,3617,49.853734,0.373369
3617,3618,49.867517,0.420860
3618,3619,49.881300,0.469238
3619,3620,49.895083,0.448209
3620,3621,49.908866,0.409676
3621,3622,49.922650,0.447750
3622,3623,49.936433,0.361149
3623,3624,49.950216,0.502930
3624,3625,49.963999,0.438868
3625,3626,49.977782,0.333396
3626,3627,49.991566,0.408446
3627,3628,50.005349,0.465601
3628,3629,50.019132,0.440933
3629,3630,50.032915,0.427166
3630,3631,50.046698,0.472744
3631,3632,50.060481,0.394190
3632,3633,50.074265,0.492716
3633,3634,50.088048,0.404177
3634,3635,50.101831,0.463791
3635,3636,50.115614,0.415411
3636,3637,50.129397,0.408665
3637,3638,50.143180,0.407720
3638,3639,50.156964,0.501775
3639,3640,50.170747,0.368632
3640,3641,50.184530,0.387469
3641,3642,50.198313,0.403532
3642,3643,50.212096,0.395290
3643,3644,50.225879,0.494873
3644,3645,50.239663,0.499357
3645,3646,50.253446,0.503975
3646,3647,50.267229,0.475579
3647,3648,50.281012,0.432939
3648,3649,50.294795,0.444850
3649,3650,50.308578,0.425962
3650,3651,50.322362,0.447282
3651,3652,50.336145,0.506907
3652,3653,50.349928,0.470040
3653,3654,50.363711,0.497075
3654,3655,50.377494,0.458308
3655,3656,50.391278,0.392888
3656,3657,50.405061,0.464689
3657,3658,50.418844,0.434053
3658,3659,50.432627,0.490928
3659,3660,50.446410,0.485934
3660,3661,50.460193,0.408167
3661,3662,50.473977,0.402066
3662,3663,50.487760,0.503253
3663,3664,50.501543,0.409710
3664,3665,50.515326,0.415735
3665,3666,50.529109,0.418158
3666,3667,50.542892,0.410854
3667,3668,50.556676,0.451096
3668,3669,50.570459,0.425168
3669,3670,50.584242,0.410066
3670,3671,50.598025,0.412472
3671,3672,50.611808,0.369873
3672,3673,50.625591,0.459460
3673,3674,50.639375,0.467681
3674,3675,50.653158,0.510006
3675,3676,50.666941,0.386601
3676,3677,50.680724,0.460850
3677,3678,50.694507,0.460626
3678,3679,50.708290,0.442134
3679,3680,50.722074,0.475703
3680,3681,50.735857,0.419666
3681,3682,50.749640,0.432888
3682,3683,50.763423,0.376867
3683,3684,50.777206,0.443608
3684,3685,50.790990,0.458051
3685,3686,50.804773,0.434108
3686,3687,50.818556,0.456711
3687,3688,50.832339,0.446323
3688,3689,50.846122,0.409397
3689,3690,50.859905,0.403700
3690,3691,50.873689,0.515263
3691,3692,50.887472,0.433880
3692,3693,50.901255,0.405635
3693,3694,50.915038,0.413201
3694,3695,50.928821,0.461594
3695,3696,50.942604,0.415904
3696,3697,50.956388,0.369228
3697,3698,50.970171,0.409818
3698,3699,50.983954,0.385413
3699,3700,50.997737,0.425806
3700,3701,51.011520,0.424777
3701,3702,51.025303,0.464034
3702,3703,51.039087,0.439830
3703,3704,51.052870,0.450362
3704,3705,51.066653,0.399034
3705,3706,51.080436,0.361130
3706,3707,51.094219,0.403254
3707,3708,51.108002,0.452096
3708,3709,51.121786,0.415801
3709,3710,51.135569,0.420323
3710,3711,51.149352,0.453257
3711,3712,51.163135,0.437455
3712,3713,51.176918,0.414417
3713,3714,51.190702,0.394309
3714,3715,51.204485,0.462396
3715,3716,51.218268,0.452875
3716,3717,51.232051,0.407734
3717,3718,51.245834,0.420076
3718,3719,51.259617,0.429591
3719,3720,51.273401,0.420930
3720,3721,51.287184,0.436259
3721,3722,51.300967,0.504639
3722,3723,51.314750,0.377831
3723,3724,51.328533,0.453231
3724,3725,51.342316,0.458370
3725,3726,51.356100,0.525439
3726,3727,51.369883,0.410485
3727,3728,51.383666,0.359194
3728,3729,51.397449,0.525376
3729,3730,51.411232,0.493525
3730,3731,51.425015,0.431366
3731,3732,51.438799,0.443071
3732,3733,51.452582,0.492847
3733,3734,51.466365,0.396038
3734,3735,51.480148,0.396534
3735,3736,51.493931,0.365755
3736,3737,51.507714,0.431197
3737,3738,51.521498,0.426582
3738,3739,51.535281,0.413567
3739,3740,51.549064,0.413065
3740,3741,51.562847,0.439807
3741,3742,51.576630,0.413940
3742,3743,51.590413,0.441184
3743,3744,51.604197,0.490731
3744,3745,51.617980,0.445823
3745,3746,51.631763,0.427853
3746,3747,51.645546,0.430213
3747,3748,51.659329,0.431464
3748,3749,51.673113,0.525361
3749,3750,51.686896,0.513905
3750,3751,51.700679,0.418760
3751,3752,51.714462,0.411270
3752,3753,51.728245,0.419918
3753,3754,51.742028,0.445619
3754,3755,51.755812,0.410855
3755,3756,51.769595,0.384988
3756,3757,51.783378,0.433402
3757,3758,51.797161,0.443896
3758,3759,51.810944,0.389551
3759,3760,51.824727,0.425392
3760,3761,51.838511,0.492488
3761,3762,51.852294,0.418154
3762,3763,51.866077,0.398210
3763,3764,51.879860,0.394625
3764,3765,51.893643,0.443634
3765,3766,51.907426,0.443746
3766,3767,51.921210,0.480024
3767,3768,51.934993,0.393410
3768,3769,51.948776,0.524055
3769,3770,51.962559,0.430617
3770,3771,51.976342,0.403396
3771,3772,51.990125,0.460706
3772,3773,52.003909,0.417546
3773,3774,52.017692,0.437546
3774,3775,52.031475,0.432134
3775,3776,52.045258,0.394197
3776,3777,52.059041,0.445884
3777,3778,52.072825,0.405285
3778,3779,52.086608,0.374470
3779,3780,52.100391,0.510341
3780,3781,52.114174,0.397790
3781,3782,52.127957,0.411364
3782,3783,52.141740,0.413391
3783,3784,52.155524,0.377341
3784,3785,52.169307,0.478560
3785,3786,52.183090,0.403299
3786,3787,52.196873,0.474247
3787,3788,52.210656,0.461374
3788,3789,52.224439,0.466577
3789,3790,52.238223,0.460641
3790,3791,52.252006,0.432152
3791,3792,52.265789,0.459994
3792,3793,52.279572,0.424645
3793,3794,52.293355,0.508586
3794,3795,52.307138,0.458680
3795,3796,52.320922,0.425191
3796,3797,52.334705,0.438957
3797,3798,52.348488,0.427920
3798,3799,52.362271,0.425678
3799,3800,52.376054,0.471315
3800,3801,52.389837,0.427276
3801,3802,52.403621,0.444107
3802,3803,52.417404,0.449608
3803,3804,52.431187,0.489722
3804,3805,52.444970,0.386061
3805,3806,52.458753,0.393580
3806,3807,52.472537,0.414864
3807,3808,52.486320,0.430297
3808,3809,52.500103,0.451323
3809,3810,52.513886,0.412328
3810,3811,52.527669,0.462052
3811,3812,52.541452,0.455611
3812,3813,52.555236,0.407771
3813,3814,52.569019,0.375640
3814,3815,52.582802,0.380993
3815,3816,52.596585,0.393051
3816,3817,52.610368,0.415247
3817,3818,52.624151,0.349828
3818,3819,52.637935,0.427209
3819,3820,52.651718,0.356224
3820,3821,52.665501,0.459253
3821,3822,52.679284,0.480268
3822,3823,52.693067,0.446963
3823,3824,52.706850,0.416251
3824,3825,52.720634,0.424231
3825,3826,52.734417,0.409178
3826,3827,52.748200,0.441906
3827,3828,52.761983,0.461931
3828,3829,52.775766,0.438070
3829,3830,52.789549,0.397982
3830,3831,52.803333,0.390803
3831,3832,52.817116,0.436841
3832,3833,52.830899,0.438362
3833,3834,52.844682,0.409809
3834,3835,52.858465,0.416034
3835,3836,52.872249,0.413993
3836,3837,52.886032,0.405361
3837,3838,52.899815,0.361632
3838,3839,52.913598,0.496552
3839,3840,52.927381,0.436156
3840,3841,52.941164,0.449286
3841,3842,52.954948,0.398637
3842,3843,52.968731,0.441935
3843,3844,52.982514,0.442614
3844,3845,52.996297,0.420046
3845,3846,53.010080,0.419393
3846,3847,53.023863,0.421416
3847,3848,53.037647,0.438673
3848,3849,53.051430,0.440354
3849,3850,53.065213,0.467915
3850,3851,53.078996,0.445036
3851,3852,53.092779,0.436807
3852,3853,53.106562,0.395698
3853,3854,53.120346,0.452659
3854,3855,53.134129,0.440646
3855,3856,53.147912,0.408157
3856,3857,53.161695,0.408189
3857,3858,53.175478,0.494339
3858,3859,53.189261,0.354941
3859,3860,53.203045,0.508214
3860,3861,53.216828,0.436693
3861,3862,53.230611,0.430391
3862,3863,53.244394,0.449468
3863,3864,53.258177,0.468175
3864,3865,53.271961,0.372901
3865,3866,53.285744,0.481231
3866,3867,53.299527,0.375585
3867,3868,53.313310,0.432247
3868,3869,53.327093,0.435736
3869,3870,53.340876,0.479656
3870,3871,53.354660,0.409712
3871,3872,53.368443,0.432198
3872,3873,53.382226,0.441377
3873,3874,53.396009,0.413704
3874,3875,53.409792,0.500577
3875,3876,53.423575,0.372298
3876,3877,53.437359,0.482488
3877,3878,53.451142,0.460816
3878,3879,53.464925,0.402709
3879,3880,53.478708,0.428211
3880,3881,53.492491,0.486765
3881,3882,53.506274,0.444706
3882,3883,53.520058,0.386806
3883,3884,53.533841,0.426298
3884,3885,53.547624,0.416243
3885,3886,53.561407,0.435359
3886,3887,53.575190,0.399732
3887,3888,53.588973,0.417438
3888,3889,53.602757,0.418559
3889,3890,53.616540,0.411786
3890,3891,53.630323,0.374556
3891,3892,53.644106,0.415091
3892,3893,53.657889,0.475929
3893,3894,53.671672,0.387875
3894,3895,53.685456,0.445432
3895,3896,53.699239,0.412784
3896,3897,53.713022,0.448570
3897,3898,53.726805,0.560843
3898,3899,53.740588,0.432597
3899,3900,53.754372,0.446228
3900,3901,53.768155,0.450582
3901,3902,53.781938,0.429017
3902,3903,53.795721,0.411255
3903,3904,53.809504,0.467081
3904,3905,53.823287,0.446260
3905,3906,53.837071,0.398221
3906,3907,53.850854,0.454958
3907,3908,53.864637,0.395697
3908,3909,53.878420,0.445772
3909,3910,53.892203,0.491512
3910,3911,53.905986,0.463706
3911,3912,53.919770,0.377822
3912,3913,53.933553,0.446899
3913,3914,53.947336,0.367350
3914,3915,53.961119,0.405997
3915,3916,53.974902,0.405778
3916,3917,53.988685,0.419481
3917,3918,54.002469,0.469112
3918,3919,54.016252,0.425531
3919,3920,54.030035,0.423154
3920,3921,54.043818,0.498468
3921,3922,54.057601,0.447748
3922,3923,54.071384,0.399636
3923,3924,54.085168,0.401226
3924,3925,54.098951,0.412778
3925,3926,54.112734,0.445220
3926,3927,54.126517,0.478426
3927,3928,54.140300,0.344736
3928,3929,54.154084,0.416506
3929,3930,54.167867,0.425260
3930,3931,54.181650,0.414640
3931,3932,54.195433,0.536851
3932,3933,54.209216,0.419205
3933,3934,54.222999,0.437570
3934,3935,54.236783,0.394212
3935,3936,54.250566,0.435877
3936,3937,54.264349,0.450461
3937,3938,54.278132,0.392879
3938,3939,54.291915,0.413897
3939,3940,54.305698,0.471581
3940,3941,54.319482,0.442049
3941,3942,54.333265,0.443823
3942,3943,54.347048,0.345940
3943,3944,54.360831,0.448624
3944,3945,54.374614,0.377891
3945,3946,54.388397,0.407652
3946,3947,54.402181,0.458791
3947,3948,54.415964,0.417327
3948,3949,54.429747,0.468985
3949,3950,54.443530,0.468915
3950,3951,54.457313,0.444335
3951,3952,54.471096,0.448699
3952,3953,54.484880,0.438983
3953,3954,54.498663,0.440509
3954,3955,54.512446,0.481235
3955,3956,54.526229,0.401697
3956,3957,54.540012,0.464880
3957,3958,54.553796,0.461720
3958,3959,54.567579,0.440400
3959,3960,54.581362,0.479458
3960,3961,54.595145,0.455856
3961,3962,54.608928,0.465758
3962,3963,54.622711,0.440762
3963,3964,54.636495,0.386209
3964,3965,54.650278,0.440318
3965,3966,54.664061,0.471880
3966,3967,54.677844,0.422266
3967,3968,54.691627,0.403383
3968,3969,54.705410,0.423903
3969,3970,54.719194,0.404804
3970,3971,54.732977,0.424309
3971,3972,54.746760,0.486111
3972,3973,54.760543,0.468055
3973,3974,54.774326,0.362007
3974,3975,54.788109,0.475344
3975,3976,54.801893,0.502989
3976,3977,54.815676,0.430970
3977,3978,54.829459,0.514878
3978,3979,54.843242,0.438937
3979,3980,54.857025,0.384961
3980,3981,54.870808,0.361516
3981,3982,54.884592,0.437835
3982,3983,54.898375,0.404329
3983,3984,54.912158,0.415888
3984,3985,54.925941,0.375008
3985,3986,54.939724,0.440854
3986,3987,54.953508,0.418335
3987,3988,54.967291,0.444861
3988,3989,54.981074,0.486171
3989,3990,54.994857,0.481131
3990,3991,55.008640,0.446365
3991,3992,55.022423,0.453507
3992,3993,55.036207,0.381144
3993,3994,55.049990,0.487042
3994,3995,55.063773,0.453258
3995,3996,55.077556,0.474158
3996,3997,55.091339,0.364468
3997,3998,55.105122,0.419386
3998,3999,55.118906,0.415830
3999,4000,55.132689,0.485796
4000,4001,55.146472,0.420874
4001,4002,55.160255,0.379193
4002,4003,55.174038,0.479519
4003,4004,55.187821,0.490920
4004,4005,55.201605,0.380196
4005,4006,55.215388,0.416491
4006,4007,55.229171,0.452438
4007,4008,55.242954,0.412521
4008,4009,55.256737,0.376492
4009,4010,55.270520,0.505787
4010,4011,55.284304,0.538282
4011,4012,55.298087,0.419835
4012,4013,55.311870,0.457674
4013,4014,55.325653,0.389086
4014,4015,55.339436,0.410481
4015,4016,55.353220,0.450107
4016,4017,55.367003,0.379107
4017,4018,55.380786,0.495714
4018,4019,55.394569,0.480148
4019,4020,55.408352,0.433905
4020,4021,55.422135,0.412713
4021,4022,55.435919,0.433211
4022,4023,55.449702,0.460527
4023,4024,55.463485,0.416733
4024,4025,55.477268,0.413949
4025,4026,55.491051,0.293665
4026,4027,55.504834,0.488900
4027,4028,55.518618,0.386193
4028,4029,55.532401,0.492729
4029,4030,55.546184,0.440877
4030,4031,55.559967,0.483976
4031,4032,55.573750,0.487835
4032,4033,55.587533,0.455054
4033,4034,55.601317,0.481419
4034,4035,55.615100,0.442547
4035,4036,55.628883,0.418933
4036,4037,55.642666,0.397900
4037,4038,55.656449,0.368129
4038,4039,55.670232,0.514477
4039,4040,55.684016,0.454502
4040,4041,55.697799,0.384610
4041,4042,55.711582,0.408877
4042,4043,55.725365,0.455690
4043,4044,55.739148,0.457385
4044,4045,55.752931,0.394087
4045,4046,55.766715,0.464082
4046,4047,55.780498,0.424390
4047,4048,55.794281,0.424742
4048,4049,55.808064,0.413901
4049,4050,55.821847,0.444446
4050,4051,55.835631,0.464112
4051,4052,55.849414,0.445826
4052,4053,55.863197,0.504273
4053,4054,55.876980,0.458926
4054,4055,55.890763,0.513209
4055,4056,55.904546,0.463777
4056,4057,55.918330,0.389940
4057,4058,55.932113,0.465540
4058,4059,55.945896,0.375958
4059,4060,55.959679,0.429426
4060,4061,55.973462,0.480631
4061,4062,55.987245,0.445310
4062,4063,56.001029,0.518931
4063,4064,56.014812,0.400482
4064,4065,56.028595,0.426143
4065,4066,56.042378,0.458427
4066,4067,56.056161,0.379147
4067,4068,56.069944,0.389463
4068,4069,56.083728,0.462328
4069,4070,56.097511,0.464247
4070,4071,56.111294,0.421094
4071,4072,56.125077,0.420848
4072,4073,56.138860,0.383108
4073,4074,56.152643,0.486195
4074,4075,56.166427,0.397655
4075,4076,56.180210,0.391074
4076,4077,56.193993,0.343946
4077,4078,56.207776,0.390147
4078,4079,56.221559,0.367735
4079,4080,56.235343,0.430360
4080,4081,56.249126,0.436675
4081,4082,56.262909,0.473533
4082,4083,56.276692,0.467902
4083,4084,56.290475,0.452482
4084,4085,56.304258,0.511334
4085,4086,56.318042,0.475748
4086,4087,56.331825,0.402325
4087,4088,56.345608,0.391299
4088,4089,56.359391,0.475346
4089,4090,56.373174,0.452871
4090,4091,56.386957,0.514444
4091,4092,56.400741,0.418044
4092,4093,56.414524,0.428284
4093,4094,56.428307,0.452380
4094,4095,56.442090,0.464584
4095,4096,56.455873,0.403264
4096,4097,56.469656,0.378140
4097,4098,56.483440,0.395155
4098,4099,56.497223,0.366823
4099,4100,56.511006,0.318823
4100,4101,56.524789,0.396104
4101,4102,56.538572,0.484339
4102,4103,56.552355,0.363740
4103,4104,56.566139,0.461943
4104,4105,56.579922,0.438785
4105,4106,56.593705,0.448162
4106,4107,56.607488,0.396067
4107,4108,56.621271,0.468031
4108,4109,56.635055,0.502885
4109,4110,56.648838,0.389539
4110,4111,56.662621,0.467981
4111,4112,56.676404,0.463688
4112,4113,56.690187,0.395023
4113,4114,56.703970,0.391905
4114,4115,56.717754,0.414533
4115,4116,56.731537,0.444630
4116,4117,56.745320,0.374314
4117,4118,56.759103,0.418936
4118,4119,56.772886,0.427099
4119,4120,56.786669,0.372519
4120,4121,56.800453,0.462197
4121,4122,56.814236,0.422723
4122,4123,56.828019,0.457576
4123,4124,56.841802,0.442164
4124,4125,56.855585,0.445437
4125,4126,56.869368,0.390393
4126,4127,56.883152,0.435675
4127,4128,56.896935,0.418741
4128,4129,56.910718,0.469550
4129,4130,56.924501,0.410404
4130,4131,56.938284,0.425285
4131,4132,56.952067,0.512452
4132,4133,56.965851,0.396784
4133,4134,56.979634,0.521374
4134,4135,56.993417,0.438101
4135,4136,57.007200,0.422908
4136,4137,57.020983,0.437600
4137,4138,57.034767,0.420092
4138,4139,57.048550,0.397075
4139,4140,57.062333,0.497690
4140,4141,57.076116,0.474794
4141,4142,57.089899,0.411582
4142,4143,57.103682,0.382643
4143,4144,57.117466,0.339512
4144,4145,57.131249,0.429510
4145,4146,57.145032,0.460685
4146,4147,57.158815,0.461667
4147,4148,57.172598,0.483968
4148,4149,57.186381,0.530863
4149,4150,57.200165,0.508337
4150,4151,57.213948,0.492966
4151,4152,57.227731,0.499605
4152,4153,57.241514,0.449014
4153,4154,57.255297,0.423697
4154,4155,57.269080,0.384399
4155,4156,57.282864,0.483410
4156,4157,57.296647,0.414880
4157,4158,57.310430,0.391441
4158,4159,57.324213,0.427987
4159,4160,57.337996,0.407268
4160,4161,57.351779,0.481538
4161,4162,57.365563,0.447810
4162,4163,57.379346,0.405161
4163,4164,57.393129,0.431738
4164,4165,57.406912,0.456721
4165,4166,57.420695,0.472776
4166,4167,57.434479,0.418152
4167,4168,57.448262,0.420265
4168,4169,57.462045,0.381816
4169,4170,57.475828,0.473950
4170,4171,57.489611,0.413184
4171,4172,57.503394,0.470938
4172,4173,57.517178,0.431344
4173,4174,57.530961,0.444398
4174,4175,57.544744,0.432042
4175,4176,57.558527,0.479019
4176,4177,57.572310,0.382231
4177,4178,57.586093,0.423404
4178,4179,57.599877,0.473374
4179,4180,57.613660,0.446764
4180,4181,57.627443,0.453133
4181,4182,57.641226,0.451789
4182,4183,57.655009,0.488800
4183,4184,57.668792,0.402393
4184,4185,57.682576,0.421747
4185,4186,57.696359,0.485796
4186,4187,57.710142,0.455678
4187,4188,57.723925,0.475708
4188,4189,57.737708,0.458363
4189,4190,57.751491,0.421045
4190,4191,57.765275,0.496947
4191,4192,57.779058,0.445593
4192,4193,57.792841,0.442926
4193,4194,57.806624,0.434220
4194,4195,57.820407,0.440782
4195,4196,57.834190,0.422736
4196,4197,57.847974,0.411107
4197,4198,57.861757,0.483900
4198,4199,57.875540,0.340260
4199,4200,57.889323,0.425670
4200,4201,57.903106,0.422046
4201,4202,57.916890,0.442238
4202,4203,57.930673,0.415786
4203,4204,57.944456,0.413721
4204,4205,57.958239,0.447988
4205,4206,57.972022,0.438486
4206,4207,57.985805,0.478789
4207,4208,57.999589,0.520059
4208,4209,58.013372,0.545154
4209,4210,58.027155,0.367344
4210,4211,58.040938,0.427634
4211,4212,58.054721,0.372813
4212,4213,58.068504,0.485061
4213,4214,58.082288,0.425432
4214,4215,58.096071,0.485309
4215,4216,58.109854,0.433707
4216,4217,58.123637,0.455705
4217,4218,58.137420,0.450568
4218,4219,58.151203,0.395336
4219,4220,58.164987,0.429195
4220,4221,58.178770,0.387172
4221,4222,58.192553,0.442746
4222,4223,58.206336,0.426533
4223,4224,58.220119,0.431041
4224,4225,58.233902,0.380121
4225,4226,58.247686,0.467105
4226,4227,58.261469,0.487674
4227,4228,58.275252,0.428244
4228,4229,58.289035,0.449909
4229,4230,58.302818,0.450914
4230,4231,58.316602,0.467165
4231,4232,58.330385,0.465552
4232,4233,58.344168,0.394500
4233,4234,58.357951,0.433427
4234,4235,58.371734,0.435054
4235,4236,58.385517,0.490444
4236,4237,58.399301,0.449705
4237,4238,58.413084,0.417291
4238,4239,58.426867,0.381673
4239,4240,58.440650,0.359303
4240,4241,58.454433,0.435071
4241,4242,58.468216,0.368012
4242,4243,58.482000,0.432614
4243,4244,58.495783,0.399166
4244,4245,58.509566,0.452189
4245,4246,58.523349,0.413561
4246,4247,58.537132,0.416141
4247,4248,58.550915,0.412992
4248,4249,58.564699,0.395243
4249,4250,58.578482,0.372959
4250,4251,58.592265,0.418605
4251,4252,58.606048,0.503430
4252,4253,58.619831,0.525657
4253,4254,58.633614,0.519868
4254,4255,58.647398,0.448246
4255,4256,58.661181,0.386788
4256,4257,58.674964,0.457194
4257,4258,58.688747,0.451034
4258,4259,58.702530,0.401768
4259,4260,58.716314,0.434161
4260,4261,58.730097,0.408738
4261,4262,58.743880,0.524819
4262,4263,58.757663,0.444087
4263,4264,58.771446,0.490730
4264,4265,58.785229,0.394703
4265,4266,58.799013,0.450916
4266,4267,58.812796,0.416624
4267,4268,58.826579,0.479835
4268,4269,58.840362,0.428056
4269,4270,58.854145,0.472788
4270,4271,58.867928,0.498436
4271,4272,58.881712,0.454958
4272,4273,58.895495,0.502091
4273,4274,58.909278,0.394463
4274,4275,58.923061,0.451386
4275,4276,58.936844,0.491159
4276,4277,58.950627,0.446535
4277,4278,58.964411,0.417979
4278,4279,58.978194,0.447442
4279,4280,58.991977,0.418749
4280,4281,59.005760,0.452688
4281,4282,59.019543,0.441461
4282,4283,59.033326,0.443382
4283,4284,59.047110,0.399484
4284,4285,59.060893,0.421952
4285,4286,59.074676,0.407277
4286,4287,59.088459,0.429971
4287,4288,59.102242,0.462511
4288,4289,59.116026,0.479246
4289,4290,59.129809,0.463724
4290,4291,59.143592,0.487152
4291,4292,59.157375,0.421276
4292,4293,59.171158,0.412036
4293,4294,59.184941,0.365467
4294,4295,59.198725,0.433525
4295,4296,59.212508,0.425599
4296,4297,59.226291,0.411618
4297,4298,59.240074,0.467387
4298,4299,59.253857,0.450472
4299,4300,59.267640,0.437281
4300,4301,59.281424,0.451582
4301,4302,59.295207,0.398958
4302,4303,59.308990,0.454541
4303,4304,59.322773,0.373492
4304,4305,59.336556,0.457457
4305,4306,59.350339,0.449839
4306,4307,59.364123,0.414999
4307,4308,59.377906,0.434187
4308,4309,59.391689,0.361649
4309,4310,59.405472,0.451799
4310,4311,59.419255,0.457324
4311,4312,59.433038,0.442572
4312,4313,59.446822,0.385130
4313,4314,59.460605,0.377809
4314,4315,59.474388,0.355705
4315,4316,59.488171,0.466485
4316,4317,59.501954,0.370046
4317,4318,59.515738,0.463972
4318,4319,59.529521,0.402599
4319,4320,59.543304,0.413012
4320,4321,59.557087,0.407897
4321,4322,59.570870,0.412998
4322,4323,59.584653,0.475357
4323,4324,59.598437,0.442935
4324,4325,59.612220,0.426157
4325,4326,59.626003,0.411771
4326,4327,59.639786,0.464097
4327,4328,59.653569,0.490143
4328,4329,59.667352,0.450181
4329,4330,59.681136,0.419598
4330,4331,59.694919,0.438582
4331,4332,59.708702,0.424428
4332,4333,59.722485,0.431463
4333,4334,59.736268,0.418819
4334,4335,59.750051,0.464769
4335,4336,59.763835,0.461668
4336,4337,59.777618,0.442487
4337,4338,59.791401,0.423834
4338,4339,59.805184,0.441891
4339,4340,59.818967,0.378459
4340,4341,59.832750,0.453318
4341,4342,59.846534,0.363725
4342,4343,59.860317,0.415864
4343,4344,59.874100,0.396549
4344,4345,59.887883,0.470512
4345,4346,59.901666,0.437975
4346,4347,59.915449,0.451081
4347,4348,59.929233,0.408471
4348,4349,59.943016,0.404809
4349,4350,59.956799,0.404400
4350,4351,59.970582,0.382899
4351,4352,59.984365,0.454755
4352,4353,59.998149,0.434455
4353,4354,60.011932,0.481906
4354,4355,60.025715,0.395211
4355,4356,60.039498,0.465299
4356,4357,60.053281,0.399592
4357,4358,60.067064,0.415931
4358,4359,60.080848,0.398064
4359,4360,60.094631,0.470826
4360,4361,60.108414,0.392928
4361,4362,60.122197,0.452520
4362,4363,60.135980,0.423740
4363,4364,60.149763,0.472336
4364,4365,60.163547,0.428373
4365,4366,60.177330,0.431982
4366,4367,60.191113,0.448287
4367,4368,60.204896,0.379110
4368,4369,60.218679,0.434113
4369,4370,60.232462,0.454191
4370,4371,60.246246,0.401490
4371,4372,60.260029,0.427208
4372,4373,60.273812,0.416874
4373,4374,60.287595,0.472396
4374,4375,60.301378,0.439852
4375,4376,60.315161,0.438066
4376,4377,60.328945,0.416907
4377,4378,60.342728,0.380867
4378,4379,60.356511,0.496992
4379,4380,60.370294,0.478193
4380,4381,60.384077,0.421151
4381,4382,60.397861,0.410103
4382,4383,60.411644,0.382296
4383,4384,60.425427,0.410071
4384,4385,60.439210,0.421984
4385,4386,60.452993,0.408835
4386,4387,60.466776,0.426366
4387,4388,60.480560,0.449275
4388,4389,60.494343,0.370940
4389,4390,60.508126,0.421830
4390,4391,60.521909,0.488632
4391,4392,60.535692,0.417480
4392,4393,60.549475,0.384623
4393,4394,60.563259,0.467332
4394,4395,60.577042,0.444831
4395,4396,60.590825,0.409426
4396,4397,60.604608,0.452503
4397,4398,60.618391,0.458207
4398,4399,60.632174,0.435148
4399,4400,60.645958,0.439153
4400,4401,60.659741,0.482463
4401,4402,60.673524,0.412686
4402,4403,60.687307,0.488299
4403,4404,60.701090,0.460093
4404,4405,60.714873,0.453896
4405,4406,60.728657,0.440004
4406,4407,60.742440,0.562994
4407,4408,60.756223,0.424279
4408,4409,60.770006,0.429381
4409,4410,60.783789,0.369162
4410,4411,60.797573,0.421993
4411,4412,60.811356,0.466202
4412,4413,60.825139,0.318609
4413,4414,60.838922,0.357513
4414,4415,60.852705,0.437722
4415,4416,60.866488,0.445327
4416,4417,60.880272,0.494607
4417,4418,60.894055,0.448877
4418,4419,60.907838,0.474755
4419,4420,60.921621,0.476148
4420,4421,60.935404,0.404763
4421,4422,60.949187,0.365189
4422,4423,60.962971,0.418731
4423,4424,60.976754,0.422110
4424,4425,60.990537,0.412975
4425,4426,61.004320,0.457715
4426,4427,61.018103,0.432837
4427,4428,61.031886,0.438312
4428,4429,61.045670,0.461275
4429,4430,61.059453,0.457585
4430,4431,61.073236,0.479531
4431,4432,61.087019,0.403078
4432,4433,61.100802,0.412724
4433,4434,61.114585,0.434459
4434,4435,61.128369,0.368966
4435,4436,61.142152,0.458699
4436,4437,61.155935,0.408191
4437,4438,61.169718,0.546811
4438,4439,61.183501,0.472768
4439,4440,61.197285,0.466514
4440,4441,61.211068,0.474265
4441,4442,61.224851,0.445200
4442,4443,61.238634,0.424655
4443,4444,61.252417,0.383445
4444,4445,61.266200,0.411301
4445,4446,61.279984,0.475608
4446,4447,61.293767,0.357699
4447,4448,61.307550,0.443622
4448,4449,61.321333,0.424094
4449,4450,61.335116,0.411900
4450,4451,61.348899,0.401336
4451,4452,61.362683,0.523390
4452,4453,61.376466,0.400567
4453,4454,61.390249,0.495582
4454,4455,61.404032,0.410885
4455,4456,61.417815,0.427229
4456,4457,61.431598,0.388969
4457,4458,61.445382,0.421140
4458,4459,61.459165,0.387649
4459,4460,61.472948,0.428328
4460,4461,61.486731,0.437310
4461,4462,61.500514,0.457629
4462,4463,61.514297,0.449160
4463,4464,61.528081,0.403469
4464,4465,61.541864,0.518864
4465,4466,61.555647,0.460765
4466,4467,61.569430,0.421372
4467,4468,61.583213,0.486956
4468,4469,61.596997,0.438593
4469,4470,61.610780,0.476500
4470,4471,61.624563,0.365533
4471,4472,61.638346,0.473011
4472,4473,61.652129,0.420455
4473,4474,61.665912,0.392381
4474,4475,61.679696,0.481098
4475,4476,61.693479,0.390696
4476,4477,61.707262,0.391651
4477,4478,61.721045,0.441035
4478,4479,61.734828,0.426648
4479,4480,61.748611,0.407120
4480,4481,61.762395,0.460209
4481,4482,61.776178,0.407016
4482,4483,61.789961,0.553242
4483,4484,61.803744,0.382622
4484,4485,61.817527,0.446050
4485,4486,61.831310,0.436814
4486,4487,61.845094,0.383666
4487,4488,61.858877,0.496420
4488,4489,61.872660,0.435638
4489,4490,61.886443,0.450468
4490,4491,61.900226,0.451569
4491,4492,61.914009,0.418074
4492,4493,61.927793,0.474823
4493,4494,61.941576,0.413642
4494,4495,61.955359,0.428770
4495,4496,61.969142,0.454741
4496,4497,61.982925,0.470035
4497,4498,61.996708,0.431548
4498,4499,62.010492,0.451206
4499,4500,62.024275,0.365105
4500,4501,62.038058,0.475299
4501,4502,62.051841,0.444612
4502,4503,62.065624,0.439235
4503,4504,62.079408,0.472870
4504,4505,62.093191,0.416103
4505,4506,62.106974,0.403073
4506,4507,62.120757,0.374219
4507,4508,62.134540,0.467002
4508,4509,62.148323,0.454765
4509,4510,62.162107,0.352419
4510,4511,62.175890,0.376453
4511,4512,62.189673,0.445219
4512,4513,62.203456,0.485004
4513,4514,62.217239,0.435710
4514,4515,62.231022,0.503113
4515,4516,62.244806,0.433544
4516,4517,62.258589,0.463236
4517,4518,62.272372,0.360795
4518,4519,62.286155,0.420400
4519,4520,62.299938,0.418327
4520,4521,62.313721,0.462477
4521,4522,62.327505,0.464193
4522,4523,62.341288,0.375110
4523,4524,62.355071,0.448577
4524,4525,62.368854,0.366422
4525,4526,62.382637,0.319459
4526,4527,62.396420,0.476206
4527,4528,62.410204,0.377280
4528,4529,62.423987,0.395017
4529,4530,62.437770,0.429675
4530,4531,62.451553,0.441976
4531,4532,62.465336,0.443960
4532,4533,62.479120,0.379624
4533,4534,62.492903,0.431067
4534,4535,62.506686,0.405265
4535,4536,62.520469,0.487330
4536,4537,62.534252,0.406931
4537,4538,62.548035,0.553894
4538,4539,62.561819,0.429436
4539,4540,62.575602,0.411245
4540,4541,62.589385,0.381423
4541,4542,62.603168,0.423059
4542,4543,62.616951,0.492245
4543,4544,62.630734,0.454374
4544,4545,62.644518,0.449563
4545,4546,62.658301,0.466689
4546,4547,62.672084,0.391206
4547,4548,62.685867,0.403496
4548,4549,62.699650,0.438682
4549,4550,62.713433,0.414056
4550,4551,62.727217,0.461025
4551,4552,62.741000,0.378779
4552,4553,62.754783,0.405667
4553,4554,62.768566,0.411060
4554,4555,62.782349,0.508878
4555,4556,62.796132,0.454437
4556,4557,62.809916,0.439963
4557,4558,62.823699,0.371090
4558,4559,62.837482,0.394476
4559,4560,62.851265,0.487202
4560,4561,62.865048,0.422724
4561,4562,62.878832,0.400208
4562,4563,62.892615,0.392009
4563,4564,62.906398,0.485189
4564,4565,62.920181,0.395222
4565,4566,62.933964,0.437282
4566,4567,62.947747,0.414117
4567,4568,62.961531,0.442774
4568,4569,62.975314,0.474728
4569,4570,62.989097,0.512742
4570,4571,63.002880,0.404288
4571,4572,63.016663,0.452037
4572,4573,63.030446,0.465647
4573,4574,63.044230,0.405601
4574,4575,63.058013,0.494740
4575,4576,63.071796,0.455578
4576,4577,63.085579,0.526286
4577,4578,63.099362,0.464022
4578,4579,63.113145,0.490151
4579,4580,63.126929,0.454480
4580,4581,63.140712,0.369220
4581,4582,63.154495,0.516651
4582,4583,63.168278,0.464200
4583,4584,63.182061,0.398441
4584,4585,63.195844,0.415699
4585,4586,63.209628,0.383248
4586,4587,63.223411,0.384032
4587,4588,63.237194,0.478763
4588,4589,63.250977,0.400871
4589,4590,63.264760,0.437825
4590,4591,63.278544,0.433249
4591,4592,63.292327,0.435225
4592,4593,63.306110,0.428737
4593,4594,63.319893,0.396337
4594,4595,63.333676,0.445916
4595,4596,63.347459,0.422452
4596,4597,63.361243,0.433409
4597,4598,63.375026,0.513835
4598,4599,63.388809,0.498819
4599,4600,63.402592,0.411571
4600,4601,63.416375,0.456437
4601,4602,63.430158,0.412292
4602,4603,63.443942,0.473113
4603,4604,63.457725,0.503994
4604,4605,63.471508,0.433778
4605,4606,63.485291,0.408310
4606,4607,63.499074,0.327403
4607,4608,63.512857,0.464367
4608,4609,63.526641,0.428516
4609,4610,63.540424,0.407770
4610,4611,63.554207,0.396126
4611,4612,63.567990,0.403355
4612,4613,63.581773,0.438568
4613,4614,63.595556,0.436720
4614,4615,63.609340,0.467577
4615,4616,63.623123,0.404627
4616,4617,63.636906,0.350457
4617,4618,63.650689,0.476270
4618,4619,63.664472,0.413615
4619,4620,63.678256,0.424006
4620,4621,63.692039,0.491936
4621,4622,63.705822,0.392065
4622,4623,63.719605,0.439450
4623,4624,63.733388,0.476041
4624,4625,63.747171,0.416084
4625,4626,63.760955,0.406595
4626,4627,63.774738,0.465283
4627,4628,63.788521,0.495386
4628,4629,63.802304,0.459122
4629,4630,63.816087,0.440110
4630,4631,63.829870,0.414437
4631,4632,63.843654,0.388009
4632,4633,63.857437,0.495102
4633,4634,63.871220,0.486259
4634,4635,63.885003,0.422934
4635,4636,63.898786,0.418128
4636,4637,63.912569,0.469242
4637,4638,63.926353,0.426978
4638,4639,63.940136,0.362240
4639,4640,63.953919,0.396405
4640,4641,63.967702,0.400989
4641,4642,63.981485,0.508194
4642,4643,63.995268,0.440689
4643,4644,64.009052,0.482544
4644,4645,64.022835,0.352333
4645,4646,64.036618,0.427965
4646,4647,64.050401,0.439795
4647,4648,64.064184,0.468118
4648,4649,64.077967,0.406003
4649,4650,64.091751,0.445481
4650,4651,64.105534,0.504877
4651,4652,64.119317,0.438207
4652,4653,64.133100,0.499975
4653,4654,64.146883,0.463025
4654,4655,64.160667,0.390459
4655,4656,64.174450,0.436137
4656,4657,64.188233,0.429523
4657,4658,64.202016,0.417579
4658,4659,64.215799,0.457156
4659,4660,64.229582,0.398745
4660,4661,64.243366,0.404503
4661,4662,64.257149,0.455059
4662,4663,64.270932,0.436483
4663,4664,64.284715,0.401150
4664,4665,64.298498,0.422149
4665,4666,64.312281,0.485121
4666,4667,64.326065,0.391443
4667,4668,64.339848,0.481073
4668,4669,64.353631,0.423111
4669,4670,64.367414,0.474536
4670,4671,64.381197,0.438721
4671,4672,64.394980,0.485257
4672,4673,64.408764,0.407550
4673,4674,64.422547,0.446631
4674,4675,64.436330,0.436763
4675,4676,64.450113,0.499247
4676,4677,64.463896,0.474156
4677,4678,64.477679,0.432466
4678,4679,64.491463,0.429169
4679,4680,64.505246,0.473601
4680,4681,64.519029,0.404905
4681,4682,64.532812,0.472759
4682,4683,64.546595,0.402373
4683,4684,64.560379,0.482629
4684,4685,64.574162,0.453439
4685,4686,64.587945,0.516074
4686,4687,64.601728,0.429655
4687,4688,64.615511,0.424741
4688,4689,64.629294,0.444328
4689,4690,64.643078,0.430353
4690,4691,64.656861,0.468441
4691,4692,64.670644,0.487007
4692,4693,64.684427,0.385244
4693,4694,64.698210,0.437296
4694,4695,64.711993,0.441315
4695,4696,64.725777,0.445077
4696,4697,64.739560,0.449385
4697,4698,64.753343,0.458221
4698,4699,64.767126,0.379872
4699,4700,64.780909,0.461713
4700,4701,64.794692,0.385009
4701,4702,64.808476,0.458996
4702,4703,64.822259,0.448009
4703,4704,64.836042,0.422667
4704,4705,64.849825,0.480851
4705,4706,64.863608,0.363398
4706,4707,64.877391,0.418568
4707,4708,64.891175,0.397056
4708,4709,64.904958,0.329450
4709,4710,64.918741,0.492325
4710,4711,64.932524,0.391476
4711,4712,64.946307,0.514138
4712,4713,64.960091,0.402111
4713,4714,64.973874,0.354590
4714,4715,64.987657,0.423848
4715,4716,65.001440,0.422011
4716,4717,65.015223,0.414159
4717,4718,65.029006,0.423876
4718,4719,65.042790,0.442065
4719,4720,65.056573,0.468001
4720,4721,65.070356,0.358915
4721,4722,65.084139,0.482774
4722,4723,65.097922,0.416510
4723,4724,65.111705,0.407714
4724,4725,65.125489,0.407470
4725,4726,65.139272,0.345729
4726,4727,65.153055,0.473534
4727,4728,65.166838,0.414812
4728,4729,65.180621,0.427109
4729,4730,65.194404,0.443386
4730,4731,65.208188,0.503509
4731,4732,65.221971,0.444204
4732,4733,65.235754,0.429162
4733,4734,65.249537,0.396143
4734,4735,65.263320,0.345555
4735,4736,65.277103,0.469507
4736,4737,65.290887,0.458898
4737,4738,65.304670,0.451934
4738,4739,65.318453,0.444426
4739,4740,65.332236,0.464744
4740,4741,65.346019,0.474929
4741,4742,65.359803,0.493924
4742,4743,65.373586,0.369928
4743,4744,65.387369,0.457649
4744,4745,65.401152,0.448509
4745,4746,65.414935,0.429240
4746,4747,65.428718,0.459737
4747,4748,65.442502,0.450165
4748,4749,65.456285,0.496871
4749,4750,65.470068,0.507874
4750,4751,65.483851,0.356470
4751,4752,65.497634,0.441250
4752,4753,65.511417,0.431976
4753,4754,65.525201,0.422067
4754,4755,65.538984,0.438663
4755,4756,65.552767,0.404862
4756,4757,65.566550,0.473484
4757,4758,65.580333,0.491992
4758,4759,65.594116,0.449853
4759,4760,65.607900,0.394787
4760,4761,65.621683,0.430549
4761,4762,65.635466,0.496120
4762,4763,65.649249,0.412825
4763,4764,65.663032,0.396734
4764,4765,65.676815,0.456319
4765,4766,65.690599,0.468020
4766,4767,65.704382,0.446428
4767,4768,65.718165,0.382944
4768,4769,65.731948,0.417645
4769,4770,65.745731,0.389655
4770,4771,65.759515,0.397521
4771,4772,65.773298,0.394251
4772,4773,65.787081,0.446769
4773,4774,65.800864,0.474284
4774,4775,65.814647,0.472913
4775,4776,65.828430,0.457347
4776,4777,65.842214,0.358673
4777,4778,65.855997,0.386442
4778,4779,65.869780,0.444496
4779,4780,65.883563,0.377413
4780,4781,65.897346,0.474105
4781,4782,65.911129,0.472934
4782,4783,65.924913,0.482142
4783,4784,65.938696,0.436395
4784,4785,65.952479,0.366898
4785,4786,65.966262,0.522770
4786,4787,65.980045,0.380105
4787,4788,65.993828,0.420071
4788,4789,66.007612,0.435670
4789,4790,66.021395,0.431751
4790,4791,66.035178,0.398029
4791,4792,66.048961,0.405088
4792,4793,66.062744,0.444456
4793,4794,66.076527,0.429260
4794,4795,66.090311,0.353733
4795,4796,66.104094,0.418680
4796,4797,66.117877,0.453835
4797,4798,66.131660,0.499499
4798,4799,66.145443,0.384061
4799,4800,66.159226,0.383595
4800,4801,66.173010,0.400576
4801,4802,66.186793,0.374674
4802,4803,66.200576,0.472051
4803,4804,66.214359,0.439127
4804,4805,66.228142,0.395623
4805,4806,66.241926,0.420787
4806,4807,66.255709,0.423158
4807,4808,66.269492,0.490040
4808,4809,66.283275,0.418283
4809,4810,66.297058,0.398107
4810,4811,66.310841,0.458514
4811,4812,66.324625,0.429939
4812,4813,66.338408,0.503473
4813,4814,66.352191,0.390686
4814,4815,66.365974,0.506865
4815,4816,66.379757,0.411489
4816,4817,66.393540,0.412363
4817,4818,66.407324,0.457836
4818,4819,66.421107,0.365987
4819,4820,66.434890,0.484960
4820,4821,66.448673,0.446205
4821,4822,66.462456,0.440360
4822,4823,66.476239,0.386495
4823,4824,66.490023,0.527535
4824,4825,66.503806,0.414724
4825,4826,66.517589,0.405800
4826,4827,66.531372,0.462058
4827,4828,66.545155,0.409756
4828,4829,66.558938,0.494417
4829,4830,66.572722,0.430905
4830,4831,66.586505,0.465928
4831,4832,66.600288,0.431194
4832,4833,66.614071,0.418338
4833,4834,66.627854,0.320467
4834,4835,66.641638,0.434571
4835,4836,66.655421,0.440004
4836,4837,66.669204,0.401323
4837,4838,66.682987,0.382853
4838,4839,66.696770,0.458558
4839,4840,66.710553,0.381677
4840,4841,66.724337,0.375726
4841,4842,66.738120,0.462097
4842,4843,66.751903,0.437918
4843,4844,66.765686,0.461875
4844,4845,66.779469,0.399213
4845,4846,66.793252,0.462053
4846,4847,66.807036,0.409778
4847,4848,66.820819,0.439280
4848,4849,66.834602,0.444883
4849,4850,66.848385,0.466918
4850,4851,66.862168,0.442297
4851,4852,66.875951,0.378256
4852,4853,66.889735,0.383254
4853,4854,66.903518,0.371797
4854,4855,66.917301,0.426334
4855,4856,66.931084,0.364443
4856,4857,66.944867,0.427733
4857,4858,66.958650,0.487498
4858,4859,66.972434,0.388583
4859,4860,66.986217,0.337506
4860,4861,67.000000,0.503734
4861,4862,67.013783,0.418565
4862,4863,67.027566,0.400815
4863,4864,67.041350,0.452469
4864,4865,67.055133,0.455433
4865,4866,67.068916,0.462081
4866,4867,67.082699,0.361750
4867,4868,67.096482,0.470417
4868,4869,67.110265,0.335072
4869,4870,67.124049,0.420628
4870,4871,67.137832,0.498136
4871,4872,67.151615,0.420794
4872,4873,67.165398,0.439029
4873,4874,67.179181,0.385324
4874,4875,67.192964,0.379175
4875,4876,67.206748,0.433458
4876,4877,67.220531,0.454598
4877,4878,67.234314,0.440078
4878,4879,67.248097,0.436221
4879,4880,67.261880,0.488205
4880,4881,67.275663,0.349851
4881,4882,67.289447,0.394170
4882,4883,67.303230,0.431058
4883,4884,67.317013,0.504814
4884,4885,67.330796,0.418255
4885,4886,67.344579,0.471149
4886,4887,67.358362,0.406097
4887,4888,67.372146,0.446523
4888,4889,67.385929,0.395587
4889,4890,67.399712,0.470668
4890,4891,67.413495,0.439184
4891,4892,67.427278,0.478951
4892,4893,67.441062,0.416234
4893,4894,67.454845,0.414133
4894,4895,67.468628,0.449912
4895,4896,67.482411,0.412530
4896,4897,67.496194,0.433077
4897,4898,67.509977,0.420235
4898,4899,67.523761,0.417878
4899,4900,67.537544,0.455764
4900,4901,67.551327,0.430387
4901,4902,67.565110,0.329919
4902,4903,67.578893,0.414720
4903,4904,67.592676,0.486970
4904,4905,67.606460,0.449550
4905,4906,67.620243,0.482925
4906,4907,67.634026,0.480654
4907,4908,67.647809,0.376784
4908,4909,67.661592,0.453597
4909,4910,67.675375,0.362767
4910,4911,67.689159,0.455910
4911,4912,67.702942,0.413089
4912,4913,67.716725,0.440274
4913,4914,67.730508,0.416333
4914,4915,67.744291,0.402173
4915,4916,67.758074,0.424352
4916,4917,67.771858,0.468849
4917,4918,67.785641,0.411048
4918,4919,67.799424,0.377622
4919,4920,67.813207,0.436675
4920,4921,67.826990,0.408418
4921,4922,67.840774,0.479283
4922,4923,67.854557,0.481588
4923,4924,67.868340,0.405274
4924,4925,67.882123,0.405924
4925,4926,67.895906,0.463176
4926,4927,67.909689,0.423052
4927,4928,67.923473,0.442750
4928,4929,67.937256,0.374280
4929,4930,67.951039,0.442730
4930,4931,67.964822,0.392125
4931,4932,67.978605,0.441526
4932,4933,67.992388,0.413341
4933,4934,68.006172,0.476402
4934,4935,68.019955,0.491972
4935,4936,68.033738,0.448190
4936,4937,68.047521,0.421240
4937,4938,68.061304,0.447632
4938,4939,68.075087,0.463726
4939,4940,68.088871,0.453942
4940,4941,68.102654,0.387240
4941,4942,68.116437,0.466063
4942,4943,68.130220,0.367402
4943,4944,68.144003,0.390360
4944,4945,68.157786,0.445231
4945,4946,68.171570,0.426336
4946,4947,68.185353,0.444430
4947,4948,68.199136,0.498146
4948,4949,68.212919,0.442291
4949,4950,68.226702,0.358406
4950,4951,68.240485,0.463848
4951,4952,68.254269,0.371387
4952,4953,68.268052,0.393967
4953,4954,68.281835,0.407925
4954,4955,68.295618,0.415690
4955,4956,68.309401,0.450175
4956,4957,68.323185,0.506815
4957,4958,68.336968,0.403231
4958,4959,68.350751,0.493852
4959,4960,68.364534,0.436879
4960,4961,68.378317,0.443023
4961,4962,68.392100,0.430794
4962,4963,68.405884,0.421541
4963,4964,68.419667,0.405090
4964,4965,68.433450,0.399787
4965,4966,68.447233,0.425313
4966,4967,68.461016,0.476813
4967,4968,68.474799,0.480282
4968,4969,68.488583,0.491394
4969,4970,68.502366,0.532042
4970,4971,68.516149,0.477078
4971,4972,68.529932,0.391637
4972,4973,68.543715,0.362850
4973,4974,68.557498,0.485566
4974,4975,68.571282,0.498923
4975,4976,68.585065,0.413102
4976,4977,68.598848,0.433784
4977,4978,68.612631,0.465663
4978,4979,68.626414,0.405573
4979,4980,68.640197,0.461755
4980,4981,68.653981,0.445184
4981,4982,68.667764,0.381213
4982,4983,68.681547,0.460681
4983,4984,68.695330,0.436429
4984,4985,68.709113,0.416134
4985,4986,68.722897,0.447354
4986,4987,68.736680,0.442187
4987,4988,68.750463,0.410990
4988,4989,68.764246,0.430593
4989,4990,68.778029,0.468794
4990,4991,68.791812,0.370533
4991,4992,68.805596,0.466241
4992,4993,68.819379,0.489182
4993,4994,68.833162,0.356054
4994,4995,68.846945,0.452191
4995,4996,68.860728,0.537528
4996,4997,68.874511,0.390219
4997,4998,68.888295,0.463330
4998,4999,68.902078,0.484460
4999,5000,68.915861,0.416812
5000,5001,68.929644,0.474370
5001,5002,68.943427,0.418592
5002,5003,68.957210,0.420607
5003,5004,68.970994,0.457621
5004,5005,68.984777,0.448500
5005,5006,68.998560,0.276611
5006,5007,69.012343,0.473953
5007,5008,69.026126,0.457882
5008,5009,69.039909,0.446615
5009,5010,69.053693,0.405341
5010,5011,69.067476,0.386173
5011,5012,69.081259,0.414869
5012,5013,69.095042,0.408112
5013,5014,69.108825,0.487609
5014,5015,69.122609,0.430524
5015,5016,69.136392,0.464435
5016,5017,69.150175,0.383992
5017,5018,69.163958,0.392848
5018,5019,69.177741,0.387827
5019,5020,69.191524,0.371236
5020,5021,69.205308,0.394615
5021,5022,69.219091,0.412357
5022,5023,69.232874,0.508101
5023,5024,69.246657,0.377665
5024,5025,69.260440,0.364932
5025,5026,69.274223,0.431209
5026,5027,69.288007,0.450192
5027,5028,69.301790,0.459201
5028,5029,69.315573,0.443613
5029,5030,69.329356,0.514142
5030,5031,69.343139,0.483532
5031,5032,69.356922,0.412589
5032,5033,69.370706,0.519186
5033,5034,69.384489,0.439614
5034,5035,69.398272,0.464524
5035,5036,69.412055,0.389409
5036,5037,69.425838,0.506105
5037,5038,69.439621,0.441776
5038,5039,69.453405,0.425752
5039,5040,69.467188,0.426712
5040,5041,69.480971,0.455985
5041,5042,69.494754,0.422257
5042,5043,69.508537,0.399373
5043,5044,69.522321,0.444670
5044,5045,69.536104,0.469161
5045,5046,69.549887,0.457996
5046,5047,69.563670,0.478075
5047,5048,69.577453,0.446521
5048,5049,69.591236,0.459639
5049,5050,69.605020,0.468430
5050,5051,69.618803,0.496287
5051,5052,69.632586,0.355351
5052,5053,69.646369,0.456525
5053,5054,69.660152,0.485392
5054,5055,69.673935,0.446360
5055,5056,69.687719,0.420303
5056,5057,69.701502,0.438802
5057,5058,69.715285,0.466355
5058,5059,69.729068,0.414440
5059,5060,69.742851,0.452184
5060,5061,69.756634,0.445436
5061,5062,69.770418,0.430576
5062,5063,69.784201,0.446264
5063,5064,69.797984,0.414452
5064,5065,69.811767,0.425841
5065,5066,69.825550,0.440704
5066,5067,69.839333,0.383940
5067,5068,69.853117,0.420987
5068,5069,69.866900,0.468709
5069,5070,69.880683,0.394249
5070,5071,69.894466,0.394219
5071,5072,69.908249,0.422829
5072,5073,69.922033,0.469358
5073,5074,69.935816,0.460829
5074,5075,69.949599,0.436893
5075,5076,69.963382,0.410396
5076,5077,69.977165,0.436041
5077,5078,69.990948,0.414908
5078,5079,70.004732,0.457247
5079,5080,70.018515,0.382066
5080,5081,70.032298,0.429280
5081,5082,70.046081,0.424181
5082,5083,70.059864,0.436009
5083,5084,70.073647,0.390857
5084,5085,70.087431,0.407218
5085,5086,70.101214,0.442109
5086,5087,70.114997,0.447847
5087,5088,70.128780,0.418446
5088,5089,70.142563,0.461328
5089,5090,70.156346,0.415896
5090,5091,70.170130,0.432208
5091,5092,70.183913,0.392468
5092,5093,70.197696,0.431532
5093,5094,70.211479,0.440557
5094,5095,70.225262,0.432273
5095,5096,70.239045,0.500099
5096,5097,70.252829,0.497791
5097,5098,70.266612,0.392735
5098,5099,70.280395,0.518201
5099,5100,70.294178,0.371290
5100,5101,70.307961,0.416718
5101,5102,70.321744,0.478840
5102,5103,70.335528,0.492358
5103,5104,70.349311,0.418033
5104,5105,70.363094,0.504352
5105,5106,70.376877,0.480919
5106,5107,70.390660,0.457658
5107,5108,70.404444,0.442533
5108,5109,70.418227,0.430729
5109,5110,70.432010,0.431654
5110,5111,70.445793,0.380067
5111,5112,70.459576,0.415083
5112,5113,70.473359,0.494520
5113,5114,70.487143,0.463863
5114,5115,70.500926,0.443261
5115,5116,70.514709,0.464088
5116,5117,70.528492,0.407978
5117,5118,70.542275,0.432989
5118,5119,70.556058,0.413358
5119,5120,70.569842,0.539283
5120,5121,70.583625,0.387049
5121,5122,70.597408,0.436251
5122,5123,70.611191,0.417014
5123,5124,70.624974,0.427077
5124,5125,70.638757,0.378218
5125,5126,70.652541,0.431051
5126,5127,70.666324,0.483428
5127,5128,70.680107,0.439035
5128,5129,70.693890,0.364392
5129,5130,70.707673,0.470943
5130,5131,70.721456,0.450516
5131,5132,70.735240,0.409414
5132,5133,70.749023,0.414233
5133,5134,70.762806,0.361693
5134,5135,70.776589,0.382953
5135,5136,70.790372,0.472710
5136,5137,70.804156,0.532530
5137,5138,70.817939,0.432661
5138,5139,70.831722,0.425558
5139,5140,70.845505,0.408717
5140,5141,70.859288,0.402918
5141,5142,70.873071,0.430741
5142,5143,70.886855,0.444977
5143,5144,70.900638,0.472149
5144,5145,70.914421,0.444726
5145,5146,70.928204,0.429865
5146,5147,70.941987,0.406005
5147,5148,70.955770,0.419693
5148,5149,70.969554,0.488584
5149,5150,70.983337,0.468018
5150,5151,70.997120,0.522213
5151,5152,71.010903,0.449233
5152,5153,71.024686,0.462982
5153,5154,71.038469,0.453565
5154,5155,71.052253,0.469888
5155,5156,71.066036,0.467432
5156,5157,71.079819,0.472878
5157,5158,71.093602,0.455046
5158,5159,71.107385,0.408971
5159,5160,71.121168,0.441692
5160,5161,71.134952,0.405949
5161,5162,71.148735,0.394550
5162,5163,71.162518,0.431222
5163,5164,71.176301,0.403674
5164,5165,71.190084,0.347675
5165,5166,71.203868,0.509956
5166,5167,71.217651,0.387539
5167,5168,71.231434,0.430943
5168,5169,71.245217,0.341402
5169,5170,71.259000,0.401858
5170,5171,71.272783,0.487771
5171,5172,71.286567,0.506508
5172,5173,71.300350,0.422221
5173,5174,71.314133,0.412721
5174,5175,71.327916,0.445477
5175,5176,71.341699,0.397058
5176,5177,71.355482,0.421027
5177,5178,71.369266,0.445847
5178,5179,71.383049,0.411435
5179,5180,71.396832,0.462873
5180,5181,71.410615,0.418339
5181,5182,71.424398,0.406019
5182,5183,71.438181,0.498717
5183,5184,71.451965,0.550386
5184,5185,71.465748,0.394012
5185,5186,71.479531,0.430319
5186,5187,71.493314,0.405433
5187,5188,71.507097,0.410273
5188,5189,71.520880,0.473690
5189,5190,71.534664,0.339801
5190,5191,71.548447,0.455442
5191,5192,71.562230,0.434029
5192,5193,71.576013,0.448365
5193,5194,71.589796,0.397022
5194,5195,71.603580,0.436168
5195,5196,71.617363,0.492474
5196,5197,71.631146,0.414976
5197,5198,71.644929,0.523502
5198,5199,71.658712,0.461194
5199,5200,71.672495,0.420593
5200,5201,71.686279,0.402992
5201,5202,71.700062,0.368300
5202,5203,71.713845,0.416665
5203,5204,71.727628,0.440393
5204,5205,71.741411,0.436239
5205,5206,71.755194,0.368057
5206,5207,71.768978,0.440784
5207,5208,71.782761,0.469867
5208,5209,71.796544,0.396178
5209,5210,71.810327,0.428734
5210,5211,71.824110,0.388857
5211,5212,71.837893,0.430583
5212,5213,71.851677,0.426935
5213,5214,71.865460,0.440086
5214,5215,71.879243,0.444192
5215,5216,71.893026,0.419033
5216,5217,71.906809,0.480881
5217,5218,71.920592,0.473161
5218,5219,71.934376,0.457071
5219,5220,71.948159,0.428191
5220,5221,71.961942,0.423707
5221,5222,71.975725,0.485747
5222,5223,71.989508,0.359273
5223,5224,72.003292,0.441225
5224,5225,72.017075,0.395930
5225,5226,72.030858,0.445506
5226,5227,72.044641,0.494169
5227,5228,72.058424,0.477362
5228,5229,72.072207,0.447172
5229,5230,72.085991,0.413920
5230,5231,72.099774,0.362027
5231,5232,72.113557,0.485353
5232,5233,72.127340,0.402529
5233,5234,72.141123,0.429349
5234,5235,72.154906,0.411605
5235,5236,72.168690,0.471405
5236,5237,72.182473,0.447944
5237,5238,72.196256,0.473373
5238,5239,72.210039,0.424198
5239,5240,72.223822,0.385355
5240,5241,72.237605,0.396033
5241,5242,72.251389,0.432488
5242,5243,72.265172,0.419571
5243,5244,72.278955,0.487379
5244,5245,72.292738,0.437197
5245,5246,72.306521,0.485862
5246,5247,72.320304,0.457569
5247,5248,72.334088,0.441962
5248,5249,72.347871,0.503099
5249,5250,72.361654,0.512192
5250,5251,72.375437,0.461832
5251,5252,72.389220,0.457612
5252,5253,72.403003,0.486354
5253,5254,72.416787,0.465640
5254,5255,72.430570,0.462815
5255,5256,72.444353,0.399956
5256,5257,72.458136,0.417039
5257,5258,72.471919,0.432759
5258,5259,72.485703,0.367548
5259,5260,72.499486,0.401411
5260,5261,72.513269,0.423391
5261,5262,72.527052,0.386078
5262,5263,72.540835,0.352880
5263,5264,72.554618,0.473862
5264,5265,72.568402,0.456136
5265,5266,72.582185,0.471555
5266,5267,72.595968,0.462789
5267,5268,72.609751,0.406252
5268,5269,72.623534,0.420943
5269,5270,72.637317,0.381684
5270,5271,72.651101,0.451872
5271,5272,72.664884,0.400261
5272,5273,72.678667,0.431910
5273,5274,72.692450,0.486641
5274,5275,72.706233,0.448511
5275,5276,72.720016,0.474879
5276,5277,72.733800,0.459938
5277,5278,72.747583,0.466471
5278,5279,72.761366,0.431334
5279,5280,72.775149,0.374064
5280,5281,72.788932,0.441397
5281,5282,72.802715,0.449844
5282,5283,72.816499,0.435105
5283,5284,72.830282,0.471116
5284,5285,72.844065,0.461284
5285,5286,72.857848,0.464760
5286,5287,72.871631,0.376633
5287,5288,72.885415,0.406067
5288,5289,72.899198,0.473518
5289,5290,72.912981,0.443822
5290,5291,72.926764,0.450253
5291,5292,72.940547,0.407162
5292,5293,72.954330,0.489039
5293,5294,72.968114,0.481887
5294,5295,72.981897,0.456569
5295,5296,72.995680,0.371205
5296,5297,73.009463,0.431771
5297,5298,73.023246,0.454186
5298,5299,73.037029,0.492580
5299,5300,73.050813,0.396607
5300,5301,73.064596,0.343011
5301,5302,73.078379,0.527073
5302,5303,73.092162,0.344061
5303,5304,73.105945,0.345456
5304,5305,73.119728,0.483524
5305,5306,73.133512,0.457540
5306,5307,73.147295,0.450077
5307,5308,73.161078,0.445675
5308,5309,73.174861,0.416435
5309,5310,73.188644,0.430519
5310,5311,73.202427,0.421514
5311,5312,73.216211,0.422923
5312,5313,73.229994,0.425473
5313,5314,73.243777,0.445408
5314,5315,73.257560,0.430173
5315,5316,73.271343,0.448295
5316,5317,73.285127,0.553650
5317,5318,73.298910,0.459173
5318,5319,73.312693,0.409887
5319,5320,73.326476,0.430171
5320,5321,73.340259,0.429900
5321,5322,73.354042,0.498763
5322,5323,73.367826,0.413167
5323,5324,73.381609,0.434484
5324,5325,73.395392,0.443500
5325,5326,73.409175,0.420442
5326,5327,73.422958,0.459411
5327,5328,73.436741,0.467478
5328,5329,73.450525,0.449681
5329,5330,73.464308,0.333264
5330,5331,73.478091,0.433043
5331,5332,73.491874,0.467056
5332,5333,73.505657,0.447370
5333,5334,73.519440,0.460571
5334,5335,73.533224,0.552496
5335,5336,73.547007,0.423818
5336,5337,73.560790,0.470594
5337,5338,73.574573,0.470328
5338,5339,73.588356,0.485735
5339,5340,73.602139,0.417565
5340,5341,73.615923,0.424209
5341,5342,73.629706,0.400558
5342,5343,73.643489,0.483815
5343,5344,73.657272,0.391317
5344,5345,73.671055,0.399787
5345,5346,73.684839,0.441335
5346,5347,73.698622,0.447951
5347,5348,73.712405,0.447909
5348,5349,73.726188,0.344930
5349,5350,73.739971,0.510939
5350,5351,73.753754,0.476796
5351,5352,73.767538,0.416067
5352,5353,73.781321,0.385224
5353,5354,73.795104,0.465934
5354,5355,73.808887,0.409813
5355,5356,73.822670,0.355858
5356,5357,73.836453,0.454538
5357,5358,73.850237,0.375491
5358,5359,73.864020,0.452786
5359,5360,73.877803,0.396353
5360,5361,73.891586,0.468863
5361,5362,73.905369,0.459639
5362,5363,73.919152,0.358629
5363,5364,73.932936,0.433323
5364,5365,73.946719,0.441382
5365,5366,73.960502,0.477345
5366,5367,73.974285,0.417957
5367,5368,73.988068,0.483342
5368,5369,74.001851,0.354450
5369,5370,74.015635,0.440431
5370,5371,74.029418,0.451105
5371,5372,74.043201,0.411213
5372,5373,74.056984,0.520342
5373,5374,74.070767,0.430058
5374,5375,74.084551,0.483121
5375,5376,74.098334,0.408479
5376,5377,74.112117,0.493485
5377,5378,74.125900,0.442432
5378,5379,74.139683,0.462725
5379,5380,74.153466,0.455075
5380,5381,74.167250,0.321696
5381,5382,74.181033,0.412380
5382,5383,74.194816,0.417410
5383,5384,74.208599,0.462618
5384,5385,74.222382,0.414286
5385,5386,74.236165,0.477553
5386,5387,74.249949,0.383784
5387,5388,74.263732,0.428827
5388,5389,74.277515,0.402132
5389,5390,74.291298,0.467037
5390,5391,74.305081,0.377966
5391,5392,74.318864,0.368351
5392,5393,74.332648,0.391339
5393,5394,74.346431,0.373794
5394,5395,74.360214,0.389368
5395,5396,74.373997,0.410787
5396,5397,74.387780,0.448977
5397,5398,74.401563,0.383789
5398,5399,74.415347,0.544570
5399,5400,74.429130,0.392004
5400,5401,74.442913,0.508387
5401,5402,74.456696,0.503062
5402,5403,74.470479,0.480932
5403,5404,74.484262,0.410737
5404,5405,74.498046,0.465425
5405,5406,74.511829,0.437816
5406,5407,74.525612,0.406410
5407,5408,74.539395,0.519429
5408,5409,74.553178,0.428643
5409,5410,74.566962,0.445336
5410,5411,74.580745,0.435614
5411,5412,74.594528,0.534547
5412,5413,74.608311,0.442133
5413,5414,74.622094,0.406301
5414,5415,74.635877,0.452638
5415,5416,74.649661,0.357836
5416,5417,74.663444,0.461856
5417,5418,74.677227,0.399529
5418,5419,74.691010,0.387477
5419,5420,74.704793,0.445257
5420,5421,74.718576,0.420729
5421,5422,74.732360,0.361043
5422,5423,74.746143,0.414408
5423,5424,74.759926,0.347384
5424,5425,74.773709,0.421995
5425,5426,74.787492,0.435568
5426,5427,74.801275,0.399207
5427,5428,74.815059,0.416504
5428,5429,74.828842,0.384118
5429,5430,74.842625,0.468364
5430,5431,74.856408,0.393686
5431,5432,74.870191,0.418241
5432,5433,74.883974,0.448766
5433,5434,74.897758,0.451523
5434,5435,74.911541,0.407045
5435,5436,74.925324,0.411086
5436,5437,74.939107,0.364075
5437,5438,74.952890,0.481221
5438,5439,74.966674,0.412067
5439,5440,74.980457,0.429176
5440,5441,74.994240,0.458632
5441,5442,75.008023,0.503993
5442,5443,75.021806,0.467289
5443,5444,75.035589,0.429430
5444,5445,75.049373,0.486411
5445,5446,75.063156,0.430087
5446,5447,75.076939,0.421160
5447,5448,75.090722,0.371590
5448,5449,75.104505,0.402037
5449,5450,75.118288,0.465083
5450,5451,75.132072,0.449091
5451,5452,75.145855,0.428140
5452,5453,75.159638,0.399327
5453,5454,75.173421,0.410176
5454,5455,75.187204,0.406245
5455,5456,75.200987,0.469552
5456,5457,75.214771,0.476510
5457,5458,75.228554,0.405291
5458,5459,75.242337,0.462436
5459,5460,75.256120,0.385074
5460,5461,75.269903,0.353914
5461,5462,75.283686,0.393595
5462,5463,75.297470,0.433073
5463,5464,75.311253,0.434089
5464,5465,75.325036,0.429069
5465,5466,75.338819,0.521701
5466,5467,75.352602,0.425584
5467,5468,75.366386,0.399983
5468,5469,75.380169,0.447386
5469,5470,75.393952,0.326701
5470,5471,75.407735,0.448905
5471,5472,75.421518,0.442814
5472,5473,75.435301,0.417213
5473,5474,75.449085,0.443908
5474,5475,75.462868,0.470670
5475,5476,75.476651,0.460587
5476,5477,75.490434,0.458994
5477,5478,75.504217,0.433753
5478,5479,75.518000,0.466013
5479,5480,75.531784,0.448454
5480,5481,75.545567,0.401024
5481,5482,75.559350,0.406450
5482,5483,75.573133,0.386665
5483,5484,75.586916,0.470735
5484,5485,75.600699,0.401081
5485,5486,75.614483,0.530904
5486,5487,75.628266,0.458739
5487,5488,75.642049,0.491096
5488,5489,75.655832,0.439688
5489,5490,75.669615,0.415341
5490,5491,75.683398,0.483292
5491,5492,75.697182,0.401118
5492,5493,75.710965,0.447604
5493,5494,75.724748,0.425581
5494,5495,75.738531,0.439049
5495,5496,75.752314,0.357506
5496,5497,75.766098,0.421998
5497,5498,75.779881,0.522444
5498,5499,75.793664,0.432532
5499,5500,75.807447,0.398840
5500,5501,75.821230,0.438288
5501,5502,75.835013,0.384043
5502,5503,75.848797,0.437808
5503,5504,75.862580,0.422000
5504,5505,75.876363,0.456980
5505,5506,75.890146,0.389538
5506,5507,75.903929,0.457371
5507,5508,75.917712,0.352029
5508,5509,75.931496,0.472448
5509,5510,75.945279,0.448536
5510,5511,75.959062,0.440323
5511,5512,75.972845,0.455512
5512,5513,75.986628,0.528864
5513,5514,76.000411,0.436179
5514,5515,76.014195,0.470272
5515,5516,76.027978,0.368478
5516,5517,76.041761,0.470417
5517,5518,76.055544,0.433325
5518,5519,76.069327,0.434477
5519,5520,76.083110,0.365568
5520,5521,76.096894,0.439640
5521,5522,76.110677,0.469135
5522,5523,76.124460,0.467994
5523,5524,76.138243,0.467280
5524,5525,76.152026,0.470102
5525,5526,76.165810,0.423225
5526,5527,76.179593,0.442295
5527,5528,76.193376,0.409799
5528,5529,76.207159,0.411777
5529,5530,76.220942,0.428280
5530,5531,76.234725,0.419714
5531,5532,76.248509,0.413194
5532,5533,76.262292,0.414887
5533,5534,76.276075,0.360100
5534,5535,76.289858,0.517885
5535,5536,76.303641,0.451382
5536,5537,76.317424,0.439995
5537,5538,76.331208,0.442223
5538,5539,76.344991,0.418835
5539,5540,76.358774,0.447411
5540,5541,76.372557,0.370130
5541,5542,76.386340,0.481218
5542,5543,76.400123,0.421057
5543,5544,76.413907,0.426007
5544,5545,76.427690,0.398074
5545,5546,76.441473,0.410867
5546,5547,76.455256,0.515367
5547,5548,76.469039,0.386380
5548,5549,76.482822,0.399620
5549,5550,76.496606,0.435293
5550,5551,76.510389,0.451155
5551,5552,76.524172,0.482710
5552,5553,76.537955,0.524780
5553,5554,76.551738,0.403655
5554,5555,76.565521,0.448908
5555,5556,76.579305,0.488672
5556,5557,76.593088,0.338279
5557,5558,76.606871,0.387752
5558,5559,76.620654,0.416729
5559,5560,76.634437,0.418239
5560,5561,76.648221,0.378377
5561,5562,76.662004,0.445357
5562,5563,76.675787,0.441771
5563,5564,76.689570,0.397496
5564,5565,76.703353,0.422371
5565,5566,76.717136,0.465713
5566,5567,76.730920,0.399650
5567,5568,76.744703,0.403548
5568,5569,76.758486,0.421059
5569,5570,76.772269,0.431913
5570,5571,76.786052,0.394545
5571,5572,76.799835,0.372239
5572,5573,76.813619,0.395605
5573,5574,76.827402,0.490302
5574,5575,76.841185,0.401258
5575,5576,76.854968,0.454616
5576,5577,76.868751,0.447376
5577,5578,76.882534,0.436771
5578,5579,76.896318,0.433088
5579,5580,76.910101,0.462186
5580,5581,76.923884,0.431595
5581,5582,76.937667,0.497172
5582,5583,76.951450,0.440476
5583,5584,76.965233,0.454577
5584,5585,76.979017,0.466006
5585,5586,76.992800,0.426114
5586,5587,77.006583,0.369773
5587,5588,77.020366,0.363538
5588,5589,77.034149,0.381016
5589,5590,77.047933,0.437123
5590,5591,77.061716,0.406778
5591,5592,77.075499,0.513597
5592,5593,77.089282,0.422796
5593,5594,77.103065,0.403744
5594,5595,77.116848,0.419242
5595,5596,77.130632,0.408628
5596,5597,77.144415,0.470975
5597,5598,77.158198,0.414603
5598,5599,77.171981,0.438662
5599,5600,77.185764,0.446954
5600,5601,77.199547,0.446953
5601,5602,77.213331,0.465583
5602,5603,77.227114,0.462011
5603,5604,77.240897,0.396827
5604,5605,77.254680,0.406826
5605,5606,77.268463,0.427567
5606,5607,77.282246,0.444939
5607,5608,77.296030,0.443367
5608,5609,77.309813,0.380977
5609,5610,77.323596,0.356149
5610,5611,77.337379,0.431589
5611,5612,77.351162,0.398072
5612,5613,77.364945,0.380640
5613,5614,77.378729,0.448092
5614,5615,77.392512,0.432415
5615,5616,77.406295,0.373868
5616,5617,77.420078,0.406353
5617,5618,77.433861,0.437918
5618,5619,77.447645,0.409860
5619,5620,77.461428,0.402869
5620,5621,77.475211,0.413328
5621,5622,77.488994,0.417710
5622,5623,77.502777,0.441083
5623,5624,77.516560,0.409268
5624,5625,77.530344,0.412681
5625,5626,77.544127,0.492682
5626,5627,77.557910,0.431100
5627,5628,77.571693,0.432514
5628,5629,77.585476,0.423274
5629,5630,77.599259,0.419759
5630,5631,77.613043,0.410170
5631,5632,77.626826,0.416758
5632,5633,77.640609,0.453519
5633,5634,77.654392,0.462014
5634,5635,77.668175,0.472515
5635,5636,77.681958,0.368406
5636,5637,77.695742,0.463279
5637,5638,77.709525,0.529493
5638,5639,77.723308,0.430733
5639,5640,77.737091,0.388324
5640,5641,77.750874,0.456851
5641,5642,77.764657,0.470982
5642,5643,77.778441,0.343618
5643,5644,77.792224,0.482075
5644,5645,77.806007,0.469339
5645,5646,77.819790,0.475627
5646,5647,77.833573,0.468493
5647,5648,77.847357,0.430399
5648,5649,77.861140,0.387109
5649,5650,77.874923,0.404764
5650,5651,77.888706,0.469566
5651,5652,77.902489,0.448062
5652,5653,77.916272,0.435138
5653,5654,77.930056,0.399152
5654,5655,77.943839,0.374390
5655,5656,77.957622,0.424218
5656,5657,77.971405,0.370923
5657,5658,77.985188,0.447745
5658,5659,77.998971,0.461009
5659,5660,78.012755,0.363244
5660,5661,78.026538,0.422128
5661,5662,78.040321,0.428432
5662,5663,78.054104,0.441879
5663,5664,78.067887,0.372397
5664,5665,78.081670,0.489531
5665,5666,78.095454,0.354346
5666,5667,78.109237,0.412450
5667,5668,78.123020,0.367319
5668,5669,78.136803,0.441244
5669,5670,78.150586,0.451036
5670,5671,78.164369,0.480651
5671,5672,78.178153,0.408292
5672,5673,78.191936,0.449142
5673,5674,78.205719,0.442352
5674,5675,78.219502,0.428298
5675,5676,78.233285,0.483925
5676,5677,78.247069,0.448831
5677,5678,78.260852,0.508286
5678,5679,78.274635,0.427319
5679,5680,78.288418,0.393681
5680,5681,78.302201,0.410747
5681,5682,78.315984,0.488863
5682,5683,78.329768,0.492396
5683,5684,78.343551,0.404215
5684,5685,78.357334,0.437277
5685,5686,78.371117,0.420317
5686,5687,78.384900,0.411930
5687,5688,78.398683,0.413623
5688,5689,78.412467,0.524365
5689,5690,78.426250,0.435728
5690,5691,78.440033,0.387325
5691,5692,78.453816,0.468170
5692,5693,78.467599,0.372310
5693,5694,78.481382,0.371773
5694,5695,78.495166,0.473521
5695,5696,78.508949,0.375880
5696,5697,78.522732,0.493978
5697,5698,78.536515,0.500658
5698,5699,78.550298,0.378774
5699,5700,78.564081,0.398141
5700,5701,78.577865,0.496385
5701,5702,78.591648,0.499303
5702,5703,78.605431,0.492407
5703,5704,78.619214,0.490932
5704,5705,78.632997,0.399698
5705,5706,78.646780,0.537994
5706,5707,78.660564,0.392631
5707,5708,78.674347,0.501325
5708,5709,78.688130,0.420546
5709,5710,78.701913,0.497907
5710,5711,78.715696,0.471505
5711,5712,78.729480,0.469076
5712,5713,78.743263,0.480540
5713,5714,78.757046,0.470950
5714,5715,78.770829,0.415746
5715,5716,78.784612,0.454720
5716,5717,78.798395,0.467388
5717,5718,78.812179,0.481478
5718,5719,78.825962,0.498397
5719,5720,78.839745,0.422178
5720,5721,78.853528,0.463416
5721,5722,78.867311,0.468377
5722,5723,78.881094,0.403736
5723,5724,78.894878,0.528016
5724,5725,78.908661,0.458391
5725,5726,78.922444,0.510503
5726,5727,78.936227,0.351807
5727,5728,78.950010,0.409870
5728,5729,78.963793,0.423729
5729,5730,78.977577,0.376582
5730,5731,78.991360,0.439291
5731,5732,79.005143,0.437945
5732,5733,79.018926,0.465113
5733,5734,79.032709,0.423053
5734,5735,79.046492,0.467185
5735,5736,79.060276,0.388695
5736,5737,79.074059,0.436949
5737,5738,79.087842,0.456714
5738,5739,79.101625,0.436163
5739,5740,79.115408,0.434132
5740,5741,79.129192,0.427015
5741,5742,79.142975,0.405977
5742,5743,79.156758,0.459084
5743,5744,79.170541,0.446726
5744,5745,79.184324,0.446750
5745,5746,79.198107,0.427608
5746,5747,79.211891,0.387334
5747,5748,79.225674,0.393602
5748,5749,79.239457,0.484705
5749,5750,79.253240,0.404272
5750,5751,79.267023,0.517200
5751,5752,79.280806,0.347012
5752,5753,79.294590,0.434106
5753,5754,79.308373,0.414006
5754,5755,79.322156,0.446065
5755,5756,79.335939,0.344019
5756,5757,79.349722,0.438564
5757,5758,79.363505,0.387613
5758,5759,79.377289,0.506016
5759,5760,79.391072,0.384971
5760,5761,79.404855,0.369779
5761,5762,79.418638,0.413173
5762,5763,79.432421,0.428145
5763,5764,79.446204,0.456947
5764,5765,79.459988,0.402559
5765,5766,79.473771,0.463228
5766,5767,79.487554,0.365714
5767,5768,79.501337,0.440700
5768,5769,79.515120,0.356071
5769,5770,79.528904,0.473911
5770,5771,79.542687,0.473952
5771,5772,79.556470,0.397978
5772,5773,79.570253,0.433466
5773,5774,79.584036,0.472378
5774,5775,79.597819,0.498310
5775,5776,79.611603,0.408268
5776,5777,79.625386,0.455740
5777,5778,79.639169,0.412197
5778,5779,79.652952,0.471331
5779,5780,79.666735,0.471574
5780,5781,79.680518,0.381045
5781,5782,79.694302,0.447586
5782,5783,79.708085,0.416105
5783,5784,79.721868,0.466970
5784,5785,79.735651,0.458165
5785,5786,79.749434,0.478222
5786,5787,79.763217,0.419175
5787,5788,79.777001,0.483888
5788,5789,79.790784,0.417873
5789,5790,79.804567,0.522344
5790,5791,79.818350,0.443318
5791,5792,79.832133,0.403086
5792,5793,79.845916,0.410284
5793,5794,79.859700,0.452101
5794,5795,79.873483,0.427848
5795,5796,79.887266,0.383178
5796,5797,79.901049,0.464733
5797,5798,79.914832,0.413940
5798,5799,79.928616,0.448124
5799,5800,79.942399,0.440129
5800,5801,79.956182,0.468858
5801,5802,79.969965,0.424858
5802,5803,79.983748,0.459817
5803,5804,79.997531,0.422022
5804,5805,80.011315,0.467610
5805,5806,80.025098,0.482862
5806,5807,80.038881,0.440569
5807,5808,80.052664,0.406306
5808,5809,80.066447,0.400162
5809,5810,80.080230,0.376160
5810,5811,80.094014,0.406302
5811,5812,80.107797,0.432711
5812,5813,80.121580,0.445271
5813,5814,80.135363,0.443091
5814,5815,80.149146,0.489559
5815,5816,80.162929,0.448597
5816,5817,80.176713,0.398488
5817,5818,80.190496,0.496667
5818,5819,80.204279,0.434805
5819,5820,80.218062,0.401128
5820,5821,80.231845,0.418467
5821,5822,80.245628,0.480443
5822,5823,80.259412,0.468582
5823,5824,80.273195,0.407507
5824,5825,80.286978,0.412294
5825,5826,80.300761,0.452508
5826,5827,80.314544,0.481227
5827,5828,80.328328,0.444722
5828,5829,80.342111,0.465686
5829,5830,80.355894,0.512553
5830,5831,80.369677,0.476947
5831,5832,80.383460,0.442090
5832,5833,80.397243,0.538357
5833,5834,80.411027,0.454691
5834,5835,80.424810,0.437598
5835,5836,80.438593,0.404470
5836,5837,80.452376,0.379115
5837,5838,80.466159,0.461163
5838,5839,80.479942,0.460837
5839,5840,80.493726,0.416719
5840,5841,80.507509,0.405901
5841,5842,80.521292,0.461698
5842,5843,80.535075,0.348057
5843,5844,80.548858,0.463303
5844,5845,80.562641,0.441778
5845,5846,80.576425,0.432233
5846,5847,80.590208,0.397526
5847,5848,80.603991,0.436716
5848,5849,80.617774,0.347119
5849,5850,80.631557,0.395793
5850,5851,80.645340,0.418616
5851,5852,80.659124,0.402942
5852,5853,80.672907,0.358291
5853,5854,80.686690,0.382052
5854,5855,80.700473,0.452254
5855,5856,80.714256,0.461120
5856,5857,80.728039,0.507916
5857,5858,80.741823,0.399184
5858,5859,80.755606,0.397142
5859,5860,80.769389,0.390139
5860,5861,80.783172,0.503177
5861,5862,80.796955,0.400657
5862,5863,80.810739,0.468460
5863,5864,80.824522,0.452619
5864,5865,80.838305,0.383668
5865,5866,80.852088,0.394997
5866,5867,80.865871,0.422854
5867,5868,80.879654,0.462030
5868,5869,80.893438,0.440447
5869,5870,80.907221,0.467889
5870,5871,80.921004,0.383573
5871,5872,80.934787,0.502846
5872,5873,80.948570,0.460245
5873,5874,80.962353,0.407670
5874,5875,80.976137,0.430248
5875,5876,80.989920,0.417190
5876,5877,81.003703,0.450176
5877,5878,81.017486,0.415676
5878,5879,81.031269,0.460135
5879,5880,81.045052,0.399508
5880,5881,81.058836,0.495828
5881,5882,81.072619,0.423988
5882,5883,81.086402,0.520059
5883,5884,81.100185,0.422432
5884,5885,81.113968,0.526145
5885,5886,81.127751,0.406972
5886,5887,81.141535,0.414573
5887,5888,81.155318,0.407186
5888,5889,81.169101,0.458274
5889,5890,81.182884,0.344262
5890,5891,81.196667,0.433346
5891,5892,81.210451,0.448545
5892,5893,81.224234,0.425074
5893,5894,81.238017,0.416868
5894,5895,81.251800,0.392314
5895,5896,81.265583,0.468238
5896,5897,81.279366,0.405134
5897,5898,81.293150,0.443136
5898,5899,81.306933,0.450083
5899,5900,81.320716,0.507631
5900,5901,81.334499,0.452809
5901,5902,81.348282,0.445990
5902,5903,81.362065,0.483646
5903,5904,81.375849,0.428185
5904,5905,81.389632,0.459662
5905,5906,81.403415,0.474796
5906,5907,81.417198,0.391314
5907,5908,81.430981,0.494007
5908,5909,81.444764,0.449954
5909,5910,81.458548,0.457054
5910,5911,81.472331,0.367272
5911,5912,81.486114,0.383352
5912,5913,81.499897,0.402180
5913,5914,81.513680,0.425963
5914,5915,81.527463,0.435747
5915,5916,81.541247,0.400850
5916,5917,81.555030,0.468217
5917,5918,81.568813,0.421897
5918,5919,81.582596,0.429085
5919,5920,81.596379,0.483541
5920,5921,81.610163,0.446913
5921,5922,81.623946,0.468442
5922,5923,81.637729,0.390267
5923,5924,81.651512,0.462783
5924,5925,81.665295,0.439557
5925,5926,81.679078,0.395009
5926,5927,81.692862,0.445907
5927,5928,81.706645,0.457556
5928,5929,81.720428,0.424359
5929,5930,81.734211,0.379372
5930,5931,81.747994,0.438863
5931,5932,81.761777,0.494419
5932,5933,81.775561,0.532537
5933,5934,81.789344,0.420552
5934,5935,81.803127,0.388095
5935,5936,81.816910,0.457363
5936,5937,81.830693,0.349010
5937,5938,81.844476,0.450357
5938,5939,81.858260,0.437018
5939,5940,81.872043,0.499996
5940,5941,81.885826,0.455988
5941,5942,81.899609,0.433679
5942,5943,81.913392,0.398492
5943,5944,81.927175,0.425862
5944,5945,81.940959,0.382053
5945,5946,81.954742,0.427677
5946,5947,81.968525,0.502448
5947,5948,81.982308,0.481826
5948,5949,81.996091,0.440663
5949,5950,82.009875,0.461961
5950,5951,82.023658,0.387545
5951,5952,82.037441,0.490562
5952,5953,82.051224,0.404750
5953,5954,82.065007,0.399273
5954,5955,82.078790,0.445584
5955,5956,82.092574,0.483206
5956,5957,82.106357,0.456072
5957,5958,82.120140,0.419350
5958,5959,82.133923,0.444332
5959,5960,82.147706,0.429766
5960,5961,82.161489,0.411706
5961,5962,82.175273,0.453716
5962,5963,82.189056,0.455189
5963,5964,82.202839,0.474988
5964,5965,82.216622,0.441075
5965,5966,82.230405,0.508941
5966,5967,82.244188,0.395304
5967,5968,82.257972,0.428547
5968,5969,82.271755,0.398106
5969,5970,82.285538,0.380860
5970,5971,82.299321,0.451449
5971,5972,82.313104,0.370967
5972,5973,82.326887,0.413613
5973,5974,82.340671,0.485249
5974,5975,82.354454,0.391947
5975,5976,82.368237,0.397135
5976,5977,82.382020,0.454391
5977,5978,82.395803,0.388727
5978,5979,82.409587,0.441487
5979,5980,82.423370,0.369089
5980,5981,82.437153,0.431216
5981,5982,82.450936,0.441514
5982,5983,82.464719,0.413153
5983,5984,82.478502,0.472971
5984,5985,82.492286,0.431791
5985,5986,82.506069,0.501395
5986,5987,82.519852,0.439499
5987,5988,82.533635,0.430622
5988,5989,82.547418,0.460470
5989,5990,82.561201,0.495685
5990,5991,82.574985,0.451513
5991,5992,82.588768,0.432195
5992,5993,82.602551,0.404492
5993,5994,82.616334,0.420230
5994,5995,82.630117,0.405144
5995,5996,82.643900,0.469058
5996,5997,82.657684,0.470345
5997,5998,82.671467,0.491116
5998,5999,82.685250,0.471231
5999,6000,82.699033,0.495077
6000,6001,82.712816,0.455111
6001,6002,82.726599,0.384711
6002,6003,82.740383,0.457971
6003,6004,82.754166,0.434596
6004,6005,82.767949,0.390409
6005,6006,82.781732,0.393452
6006,6007,82.795515,0.417091
6007,6008,82.809298,0.479538
6008,6009,82.823082,0.494344
6009,6010,82.836865,0.421767
6010,6011,82.850648,0.409633
6011,6012,82.864431,0.421169
6012,6013,82.878214,0.389173
6013,6014,82.891998,0.482658
6014,6015,82.905781,0.419059
6015,6016,82.919564,0.453711
6016,6017,82.933347,0.443262
6017,6018,82.947130,0.377849
6018,6019,82.960913,0.397907
6019,6020,82.974697,0.427560
6020,6021,82.988480,0.431285
6021,6022,83.002263,0.520468
6022,6023,83.016046,0.441626
6023,6024,83.029829,0.479364
6024,6025,83.043612,0.458503
6025,6026,83.057396,0.508953
6026,6027,83.071179,0.390920
6027,6028,83.084962,0.451908
6028,6029,83.098745,0.511483
6029,6030,83.112528,0.451291
6030,6031,83.126311,0.391039
6031,6032,83.140095,0.405686
6032,6033,83.153878,0.429189
6033,6034,83.167661,0.409056
6034,6035,83.181444,0.455928
6035,6036,83.195227,0.447876
6036,6037,83.209010,0.533163
6037,6038,83.222794,0.429956
6038,6039,83.236577,0.407924
6039,6040,83.250360,0.403980
6040,6041,83.264143,0.461275
6041,6042,83.277926,0.500617
6042,6043,83.291710,0.428090
6043,6044,83.305493,0.395466
6044,6045,83.319276,0.438906
6045,6046,83.333059,0.441325
6046,6047,83.346842,0.496204
6047,6048,83.360625,0.484288
6048,6049,83.374409,0.457604
6049,6050,83.388192,0.481369
6050,6051,83.401975,0.402735
6051,6052,83.415758,0.436413
6052,6053,83.429541,0.443998
6053,6054,83.443324,0.359977
6054,6055,83.457108,0.405977
6055,6056,83.470891,0.444038
6056,6057,83.484674,0.459373
6057,6058,83.498457,0.401729
6058,6059,83.512240,0.466039
6059,6060,83.526023,0.393818
6060,6061,83.539807,0.434933
6061,6062,83.553590,0.420637
6062,6063,83.567373,0.430427
6063,6064,83.581156,0.451514
6064,6065,83.594939,0.433404
6065,6066,83.608722,0.436738
6066,6067,83.622506,0.439514
6067,6068,83.636289,0.457085
6068,6069,83.650072,0.360737
6069,6070,83.663855,0.390372
6070,6071,83.677638,0.434173
6071,6072,83.691422,0.473925
6072,6073,83.705205,0.473838
6073,6074,83.718988,0.456551
6074,6075,83.732771,0.485326
6075,6076,83.746554,0.477589
6076,6077,83.760337,0.492786
6077,6078,83.774121,0.444602
6078,6079,83.787904,0.403888
6079,6080,83.801687,0.419474
6080,6081,83.815470,0.462043
6081,6082,83.829253,0.458836
6082,6083,83.843036,0.473552
6083,6084,83.856820,0.421325
6084,6085,83.870603,0.438719
6085,6086,83.884386,0.483960
6086,6087,83.898169,0.398293
6087,6088,83.911952,0.391569
6088,6089,83.925735,0.421183
6089,6090,83.939519,0.345395
6090,6091,83.953302,0.523484
6091,6092,83.967085,0.463120
6092,6093,83.980868,0.449585
6093,6094,83.994651,0.570219
6094,6095,84.008434,0.480283
6095,6096,84.022218,0.444900
6096,6097,84.036001,0.468016
6097,6098,84.049784,0.478458
6098,6099,84.063567,0.422627
6099,6100,84.077350,0.447766
6100,6101,84.091134,0.455268
6101,6102,84.104917,0.477649
6102,6103,84.118700,0.445833
6103,6104,84.132483,0.411859
6104,6105,84.146266,0.519625
6105,6106,84.160049,0.479363
6106,6107,84.173833,0.453194
6107,6108,84.187616,0.398970
6108,6109,84.201399,0.409350
6109,6110,84.215182,0.479073
6110,6111,84.228965,0.421822
6111,6112,84.242748,0.521327
6112,6113,84.256532,0.418037
6113,6114,84.270315,0.442734
6114,6115,84.284098,0.418770
6115,6116,84.297881,0.472872
6116,6117,84.311664,0.486198
6117,6118,84.325447,0.447147
6118,6119,84.339231,0.460943
6119,6120,84.353014,0.390632
6120,6121,84.366797,0.440388
6121,6122,84.380580,0.461260
6122,6123,84.394363,0.401539
6123,6124,84.408146,0.467330
6124,6125,84.421930,0.451150
6125,6126,84.435713,0.477242
6126,6127,84.449496,0.471777
6127,6128,84.463279,0.466565
6128,6129,84.477062,0.503713
6129,6130,84.490846,0.543998
6130,6131,84.504629,0.524721
6131,6132,84.518412,0.408369
6132,6133,84.532195,0.525577
6133,6134,84.545978,0.486062
6134,6135,84.559761,0.418101
6135,6136,84.573545,0.466676
6136,6137,84.587328,0.491016
6137,6138,84.601111,0.417213
6138,6139,84.614894,0.449998
6139,6140,84.628677,0.472422
6140,6141,84.642460,0.425006
6141,6142,84.656244,0.485309
6142,6143,84.670027,0.465920
6143,6144,84.683810,0.366107
6144,6145,84.697593,0.527474
6145,6146,84.711376,0.480983
6146,6147,84.725159,0.454881
6147,6148,84.738943,0.386517
6148,6149,84.752726,0.467030
6149,6150,84.766509,0.397882
6150,6151,84.780292,0.444249
6151,6152,84.794075,0.372261
6152,6153,84.807858,0.391693
6153,6154,84.821642,0.414298
6154,6155,84.835425,0.458402
6155,6156,84.849208,0.343195
6156,6157,84.862991,0.467768
6157,6158,84.876774,0.522818
6158,6159,84.890557,0.435088
6159,6160,84.904341,0.416276
6160,6161,84.918124,0.401901
6161,6162,84.931907,0.509436
6162,6163,84.945690,0.378607
6163,6164,84.959473,0.484712
6164,6165,84.973257,0.563570
6165,6166,84.987040,0.465307
6166,6167,85.000823,0.406364
6167,6168,85.014606,0.424650
6168,6169,85.028389,0.428751
6169,6170,85.042172,0.418735
6170,6171,85.055956,0.457795
6171,6172,85.069739,0.454333
6172,6173,85.083522,0.481868
6173,6174,85.097305,0.416009
6174,6175,85.111088,0.390926
6175,6176,85.124871,0.417233
6176,6177,85.138655,0.495004
6177,6178,85.152438,0.463412
6178,6179,85.166221,0.422099
6179,6180,85.180004,0.403301
6180,6181,85.193787,0.452527
6181,6182,85.207570,0.469998
6182,6183,85.221354,0.402323
6183,6184,85.235137,0.440176
6184,6185,85.248920,0.437273
6185,6186,85.262703,0.457769
6186,6187,85.276486,0.423603
6187,6188,85.290269,0.419721
6188,6189,85.304053,0.386985
6189,6190,85.317836,0.424348
6190,6191,85.331619,0.413660
6191,6192,85.345402,0.460022
6192,6193,85.359185,0.385855
6193,6194,85.372969,0.418349
6194,6195,85.386752,0.407808
6195,6196,85.400535,0.447777
6196,6197,85.414318,0.444231
6197,6198,85.428101,0.446908
6198,6199,85.441884,0.493517
6199,6200,85.455668,0.406790
6200,6201,85.469451,0.425228
6201,6202,85.483234,0.417920
6202,6203,85.497017,0.439280
6203,6204,85.510800,0.461453
6204,6205,85.524583,0.546127
6205,6206,85.538367,0.469988
6206,6207,85.552150,0.421505
6207,6208,85.565933,0.441857
6208,6209,85.579716,0.366231
6209,6210,85.593499,0.432047
6210,6211,85.607282,0.414553
6211,6212,85.621066,0.506363
6212,6213,85.634849,0.435441
6213,6214,85.648632,0.516292
6214,6215,85.662415,0.450804
6215,6216,85.676198,0.491560
6216,6217,85.689981,0.445927
6217,6218,85.703765,0.351946
6218,6219,85.717548,0.486232
6219,6220,85.731331,0.413625
6220,6221,85.745114,0.477533
6221,6222,85.758897,0.533488
6222,6223,85.772681,0.494681
6223,6224,85.786464,0.473040
6224,6225,85.800247,0.412010
6225,6226,85.814030,0.418715
6226,6227,85.827813,0.437757
6227,6228,85.841596,0.456905
6228,6229,85.855380,0.410712
6229,6230,85.869163,0.417178
6230,6231,85.882946,0.429202
6231,6232,85.896729,0.510701
6232,6233,85.910512,0.450605
6233,6234,85.924295,0.410627
6234,6235,85.938079,0.515111
6235,6236,85.951862,0.438973
6236,6237,85.965645,0.451835
6237,6238,85.979428,0.384781
6238,6239,85.993211,0.410148
6239,6240,86.006994,0.381516
6240,6241,86.020778,0.410108
6241,6242,86.034561,0.371049
6242,6243,86.048344,0.472321
6243,6244,86.062127,0.409412
6244,6245,86.075910,0.399207
6245,6246,86.089693,0.464117
6246,6247,86.103477,0.518548
6247,6248,86.117260,0.379548
6248,6249,86.131043,0.426072
6249,6250,86.144826,0.439468
6250,6251,86.158609,0.434460
6251,6252,86.172393,0.435005
6252,6253,86.186176,0.414289
6253,6254,86.199959,0.455352
6254,6255,86.213742,0.468353
6255,6256,86.227525,0.481589
6256,6257,86.241308,0.485330
6257,6258,86.255092,0.467536
6258,6259,86.268875,0.461072
6259,6260,86.282658,0.478201
6260,6261,86.296441,0.420041
6261,6262,86.310224,0.405340
6262,6263,86.324007,0.475866
6263,6264,86.337791,0.472721
6264,6265,86.351574,0.421455
6265,6266,86.365357,0.432477
6266,6267,86.379140,0.501180
6267,6268,86.392923,0.387790
6268,6269,86.406706,0.414039
6269,6270,86.420490,0.472976
6270,6271,86.434273,0.413194
6271,6272,86.448056,0.413719
6272,6273,86.461839,0.422185
6273,6274,86.475622,0.475288
6274,6275,86.489405,0.511116
6275,6276,86.503189,0.425301
6276,6277,86.516972,0.444358
6277,6278,86.530755,0.463429
6278,6279,86.544538,0.431017
6279,6280,86.558321,0.428341
6280,6281,86.572105,0.444686
6281,6282,86.585888,0.420192
6282,6283,86.599671,0.481171
6283,6284,86.613454,0.392739
6284,6285,86.627237,0.471526
6285,6286,86.641020,0.468273
6286,6287,86.654804,0.489172
6287,6288,86.668587,0.454720
6288,6289,86.682370,0.453869
6289,6290,86.696153,0.430594
6290,6291,86.709936,0.352284
6291,6292,86.723719,0.436019
6292,6293,86.737503,0.448788
6293,6294,86.751286,0.397927
6294,6295,86.765069,0.465997
6295,6296,86.778852,0.441577
6296,6297,86.792635,0.397145
6297,6298,86.806418,0.474227
6298,6299,86.820202,0.369846
6299,6300,86.833985,0.410282
6300,6301,86.847768,0.375861
6301,6302,86.861551,0.363046
6302,6303,86.875334,0.430273
6303,6304,86.889117,0.394097
6304,6305,86.902901,0.460436
6305,6306,86.916684,0.449393
6306,6307,86.930467,0.443957
6307,6308,86.944250,0.393942
6308,6309,86.958033,0.389961
6309,6310,86.971816,0.476149
6310,6311,86.985600,0.511036
6311,6312,86.999383,0.511628
6312,6313,87.013166,0.468784
6313,6314,87.026949,0.482894
6314,6315,87.040732,0.425723
6315,6316,87.054516,0.388752
6316,6317,87.068299,0.394605
6317,6318,87.082082,0.482373
6318,6319,87.095865,0.422933
6319,6320,87.109648,0.505439
6320,6321,87.123431,0.420715
6321,6322,87.137215,0.412002
6322,6323,87.150998,0.416944
6323,6324,87.164781,0.459391
6324,6325,87.178564,0.400953
6325,6326,87.192347,0.396548
6326,6327,87.206130,0.525983
6327,6328,87.219914,0.422199
6328,6329,87.233697,0.460830
6329,6330,87.247480,0.412752
6330,6331,87.261263,0.427954
6331,6332,87.275046,0.443625
6332,6333,87.288829,0.425128
6333,6334,87.302613,0.354190
6334,6335,87.316396,0.447104
6335,6336,87.330179,0.433327
6336,6337,87.343962,0.496268
6337,6338,87.357745,0.464549
6338,6339,87.371528,0.451040
6339,6340,87.385312,0.505814
6340,6341,87.399095,0.450351
6341,6342,87.412878,0.471933
6342,6343,87.426661,0.336047
6343,6344,87.440444,0.335127
6344,6345,87.454228,0.431590
6345,6346,87.468011,0.422201
6346,6347,87.481794,0.463943
6347,6348,87.495577,0.462708
6348,6349,87.509360,0.458659
6349,6350,87.523143,0.468724
6350,6351,87.536927,0.482787
6351,6352,87.550710,0.490957
6352,6353,87.564493,0.482531
6353,6354,87.578276,0.433992
6354,6355,87.592059,0.486936
6355,6356,87.605842,0.430685
6356,6357,87.619626,0.412327
6357,6358,87.633409,0.411445
6358,6359,87.647192,0.463656
6359,6360,87.660975,0.411173
6360,6361,87.674758,0.483594
6361,6362,87.688541,0.453149
6362,6363,87.702325,0.396353
6363,6364,87.716108,0.444925
6364,6365,87.729891,0.465208
6365,6366,87.743674,0.498219
6366,6367,87.757457,0.377360
6367,6368,87.771240,0.370506
6368,6369,87.785024,0.401584
6369,6370,87.798807,0.451474
6370,6371,87.812590,0.468834
6371,6372,87.826373,0.479703
6372,6373,87.840156,0.402951
6373,6374,87.853940,0.441891
6374,6375,87.867723,0.440365
6375,6376,87.881506,0.406294
6376,6377,87.895289,0.416803
6377,6378,87.909072,0.512260
6378,6379,87.922855,0.469476
6379,6380,87.936639,0.395301
6380,6381,87.950422,0.388395
6381,6382,87.964205,0.478791
6382,6383,87.977988,0.437900
6383,6384,87.991771,0.437956
6384,6385,88.005554,0.544187
6385,6386,88.019338,0.456454
6386,6387,88.033121,0.537539
6387,6388,88.046904,0.362138
6388,6389,88.060687,0.449097
6389,6390,88.074470,0.446845
6390,6391,88.088253,0.395861
6391,6392,88.102037,0.437731
6392,6393,88.115820,0.421572
6393,6394,88.129603,0.528265
6394,6395,88.143386,0.432929
6395,6396,88.157169,0.458366
6396,6397,88.170952,0.473002
6397,6398,88.184736,0.446208
6398,6399,88.198519,0.523696
6399,6400,88.212302,0.433334
6400,6401,88.226085,0.408729
6401,6402,88.239868,0.464082
6402,6403,88.253652,0.395431
6403,6404,88.267435,0.437105
6404,6405,88.281218,0.428250
6405,6406,88.295001,0.485005
6406,6407,88.308784,0.474605
6407,6408,88.322567,0.458400
6408,6409,88.336351,0.475005
6409,6410,88.350134,0.415594
6410,6411,88.363917,0.428834
6411,6412,88.377700,0.463586
6412,6413,88.391483,0.487793
6413,6414,88.405266,0.419121
6414,6415,88.419050,0.477749
6415,6416,88.432833,0.404116
6416,6417,88.446616,0.444885
6417,6418,88.460399,0.488937
6418,6419,88.474182,0.475229
6419,6420,88.487965,0.429194
6420,6421,88.501749,0.516023
6421,6422,88.515532,0.484876
6422,6423,88.529315,0.475076
6423,6424,88.543098,0.361433
6424,6425,88.556881,0.445985
6425,6426,88.570664,0.435169
6426,6427,88.584448,0.406551
6427,6428,88.598231,0.407122
6428,6429,88.612014,0.557081
6429,6430,88.625797,0.477784
6430,6431,88.639580,0.453433
6431,6432,88.653364,0.427622
6432,6433,88.667147,0.448057
6433,6434,88.680930,0.382348
6434,6435,88.694713,0.444962
6435,6436,88.708496,0.483835
6436,6437,88.722279,0.474162
6437,6438,88.736063,0.491795
6438,6439,88.749846,0.420633
6439,6440,88.763629,0.445042
6440,6441,88.777412,0.430729
6441,6442,88.791195,0.456283
6442,6443,88.804978,0.398748
6443,6444,88.818762,0.457095
6444,6445,88.832545,0.450068
6445,6446,88.846328,0.479257
6446,6447,88.860111,0.433991
6447,6448,88.873894,0.406193
6448,6449,88.887677,0.441107
6449,6450,88.901461,0.468148
6450,6451,88.915244,0.392518
6451,6452,88.929027,0.379208
6452,6453,88.942810,0.415771
6453,6454,88.956593,0.389265
6454,6455,88.970376,0.422262
6455,6456,88.984160,0.445288
6456,6457,88.997943,0.475616
6457,6458,89.011726,0.395060
6458,6459,89.025509,0.463515
6459,6460,89.039292,0.507754
6460,6461,89.053075,0.435434
6461,6462,89.066859,0.526341
6462,6463,89.080642,0.400578
6463,6464,89.094425,0.438273
6464,6465,89.108208,0.470478
6465,6466,89.121991,0.465955
6466,6467,89.135775,0.479832
6467,6468,89.149558,0.414829
6468,6469,89.163341,0.443475
6469,6470,89.177124,0.425130
6470,6471,89.190907,0.512604
6471,6472,89.204690,0.433533
6472,6473,89.218474,0.454232
6473,6474,89.232257,0.388450
6474,6475,89.246040,0.449589
6475,6476,89.259823,0.440467
6476,6477,89.273606,0.438309
6477,6478,89.287389,0.499984
6478,6479,89.301173,0.417663
6479,6480,89.314956,0.415999
6480,6481,89.328739,0.472753
6481,6482,89.342522,0.452471
6482,6483,89.356305,0.483212
6483,6484,89.370088,0.413361
6484,6485,89.383872,0.430397
6485,6486,89.397655,0.441557
6486,6487,89.411438,0.407853
6487,6488,89.425221,0.493355
6488,6489,89.439004,0.456502
6489,6490,89.452787,0.412716
6490,6491,89.466571,0.420891
6491,6492,89.480354,0.455980
6492,6493,89.494137,0.545439
6493,6494,89.507920,0.420583
6494,6495,89.521703,0.410237
6495,6496,89.535487,0.416995
6496,6497,89.549270,0.413339
6497,6498,89.563053,0.539860
6498,6499,89.576836,0.431389
6499,6500,89.590619,0.414170
6500,6501,89.604402,0.482080
6501,6502,89.618186,0.471544
6502,6503,89.631969,0.497239
6503,6504,89.645752,0.470005
6504,6505,89.659535,0.449338
6505,6506,89.673318,0.335741
6506,6507,89.687101,0.514110
6507,6508,89.700885,0.413853
6508,6509,89.714668,0.493870
6509,6510,89.728451,0.386966
6510,6511,89.742234,0.435044
6511,6512,89.756017,0.382234
6512,6513,89.769800,0.520528
6513,6514,89.783584,0.368649
6514,6515,89.797367,0.481925
6515,6516,89.811150,0.480933
6516,6517,89.824933,0.432955
6517,6518,89.838716,0.402748
6518,6519,89.852499,0.468082
6519,6520,89.866283,0.400297
6520,6521,89.880066,0.370447
6521,6522,89.893849,0.386206
6522,6523,89.907632,0.439194
6523,6524,89.921415,0.410794
6524,6525,89.935199,0.399161
6525,6526,89.948982,0.369263
6526,6527,89.962765,0.442110
6527,6528,89.976548,0.419569
6528,6529,89.990331,0.428649
6529,6530,90.004114,0.402343
6530,6531,90.017898,0.468302
6531,6532,90.031681,0.467656
6532,6533,90.045464,0.501529
6533,6534,90.059247,0.411547
6534,6535,90.073030,0.474751
6535,6536,90.086813,0.399655
6536,6537,90.100597,0.476768
6537,6538,90.114380,0.409799
6538,6539,90.128163,0.441080
6539,6540,90.141946,0.427663
6540,6541,90.155729,0.396332
6541,6542,90.169512,0.445166
6542,6543,90.183296,0.431130
6543,6544,90.197079,0.400672
6544,6545,90.210862,0.442552
6545,6546,90.224645,0.413990
6546,6547,90.238428,0.464269
6547,6548,90.252211,0.433912
6548,6549,90.265995,0.423542
6549,6550,90.279778,0.482935
6550,6551,90.293561,0.412931
6551,6552,90.307344,0.442330
6552,6553,90.321127,0.455587
6553,6554,90.334911,0.515519
6554,6555,90.348694,0.457869
6555,6556,90.362477,0.440670
6556,6557,90.376260,0.375408
6557,6558,90.390043,0.450101
6558,6559,90.403826,0.443165
6559,6560,90.417610,0.408572
6560,6561,90.431393,0.445815
6561,6562,90.445176,0.384904
6562,6563,90.458959,0.482887
6563,6564,90.472742,0.436634
6564,6565,90.486525,0.405576
6565,6566,90.500309,0.440788
6566,6567,90.514092,0.471116
6567,6568,90.527875,0.467852
6568,6569,90.541658,0.481134
6569,6570,90.555441,0.353320
6570,6571,90.569224,0.416409
6571,6572,90.583008,0.435373
6572,6573,90.596791,0.467677
6573,6574,90.610574,0.428836
6574,6575,90.624357,0.410110
6575,6576,90.638140,0.418159
6576,6577,90.651923,0.452293
6577,6578,90.665707,0.496357
6578,6579,90.679490,0.428986
6579,6580,90.693273,0.420610
6580,6581,90.707056,0.458139
6581,6582,90.720839,0.440741
6582,6583,90.734623,0.450689
6583,6584,90.748406,0.432771
6584,6585,90.762189,0.426794
6585,6586,90.775972,0.572950
6586,6587,90.789755,0.471826
6587,6588,90.803538,0.478986
6588,6589,90.817322,0.493831
6589,6590,90.831105,0.468902
6590,6591,90.844888,0.412872
6591,6592,90.858671,0.363584
6592,6593,90.872454,0.533264
6593,6594,90.886237,0.410433
6594,6595,90.900021,0.430781
6595,6596,90.913804,0.445976
6596,6597,90.927587,0.507889
6597,6598,90.941370,0.456385
6598,6599,90.955153,0.404346
6599,6600,90.968936,0.400806
6600,6601,90.982720,0.530913
6601,6602,90.996503,0.496389
6602,6603,91.010286,0.464870
6603,6604,91.024069,0.394216
6604,6605,91.037852,0.451103
6605,6606,91.051635,0.472973
6606,6607,91.065419,0.340862
6607,6608,91.079202,0.340750
6608,6609,91.092985,0.522295
6609,6610,91.106768,0.402663
6610,6611,91.120551,0.440682
6611,6612,91.134334,0.426583
6612,6613,91.148118,0.380541
6613,6614,91.161901,0.404541
6614,6615,91.175684,0.448851
6615,6616,91.189467,0.478198
6616,6617,91.203250,0.385469
6617,6618,91.217034,0.397299
6618,6619,91.230817,0.395802
6619,6620,91.244600,0.427356
6620,6621,91.258383,0.438737
6621,6622,91.272166,0.391790
6622,6623,91.285949,0.444957
6623,6624,91.299733,0.473436
6624,6625,91.313516,0.398683
6625,6626,91.327299,0.468957
6626,6627,91.341082,0.374409
6627,6628,91.354865,0.447055
6628,6629,91.368648,0.496225
6629,6630,91.382432,0.457669
6630,6631,91.396215,0.397772
6631,6632,91.409998,0.449018
6632,6633,91.423781,0.412186
6633,6634,91.437564,0.457483
6634,6635,91.451347,0.498367
6635,6636,91.465131,0.449478
6636,6637,91.478914,0.403474
6637,6638,91.492697,0.436716
6638,6639,91.506480,0.409374
6639,6640,91.520263,0.420638
6640,6641,91.534046,0.388122
6641,6642,91.547830,0.504752
6642,6643,91.561613,0.406227
6643,6644,91.575396,0.381220
6644,6645,91.589179,0.418416
6645,6646,91.602962,0.422838
6646,6647,91.616746,0.396944
6647,6648,91.630529,0.408136
6648,6649,91.644312,0.420678
6649,6650,91.658095,0.459150
6650,6651,91.671878,0.440628
6651,6652,91.685661,0.450492
6652,6653,91.699445,0.390541
6653,6654,91.713228,0.398621
6654,6655,91.727011,0.455563
6655,6656,91.740794,0.405855
6656,6657,91.754577,0.424623
6657,6658,91.768360,0.436228
6658,6659,91.782144,0.377480
6659,6660,91.795927,0.465587
6660,6661,91.809710,0.479120
6661,6662,91.823493,0.387680
6662,6663,91.837276,0.419121
6663,6664,91.851059,0.497098
6664,6665,91.864843,0.416659
6665,6666,91.878626,0.493382
6666,6667,91.892409,0.384537
6667,6668,91.906192,0.392617
6668,6669,91.919975,0.453133
6669,6670,91.933758,0.444282
6670,6671,91.947542,0.434580
6671,6672,91.961325,0.438819
6672,6673,91.975108,0.411640
6673,6674,91.988891,0.421921
6674,6675,92.002674,0.459091
6675,6676,92.016458,0.489180
6676,6677,92.030241,0.401842
6677,6678,92.044024,0.453722
6678,6679,92.057807,0.504879
6679,6680,92.071590,0.485762
6680,6681,92.085373,0.447847
6681,6682,92.099157,0.426738
6682,6683,92.112940,0.424850
6683,6684,92.126723,0.417042
6684,6685,92.140506,0.470212
6685,6686,92.154289,0.483618
6686,6687,92.168072,0.496910
6687,6688,92.181856,0.486315
6688,6689,92.195639,0.463828
6689,6690,92.209422,0.569627
6690,6691,92.223205,0.407098
6691,6692,92.236988,0.448629
6692,6693,92.250771,0.463212
6693,6694,92.264555,0.463946
6694,6695,92.278338,0.472171
6695,6696,92.292121,0.496759
6696,6697,92.305904,0.461627
6697,6698,92.319687,0.418045
6698,6699,92.333470,0.464267
6699,6700,92.347254,0.393908
6700,6701,92.361037,0.483679
6701,6702,92.374820,0.411451
6702,6703,92.388603,0.390784
6703,6704,92.402386,0.415481
6704,6705,92.416170,0.498352
6705,6706,92.429953,0.467021
6706,6707,92.443736,0.413561
6707,6708,92.457519,0.459571
6708,6709,92.471302,0.441593
6709,6710,92.485085,0.444274
6710,6711,92.498869,0.434821
6711,6712,92.512652,0.439857
6712,6713,92.526435,0.468980
6713,6714,92.540218,0.423109
6714,6715,92.554001,0.471428
6715,6716,92.567784,0.495969
6716,6717,92.581568,0.394147
6717,6718,92.595351,0.408722
6718,6719,92.609134,0.504813
6719,6720,92.622917,0.437956
6720,6721,92.636700,0.463614
6721,6722,92.650483,0.388905
6722,6723,92.664267,0.435790
6723,6724,92.678050,0.461340
6724,6725,92.691833,0.460920
6725,6726,92.705616,0.522396
6726,6727,92.719399,0.395050
6727,6728,92.733182,0.389953
6728,6729,92.746966,0.423701
6729,6730,92.760749,0.454270
6730,6731,92.774532,0.452647
6731,6732,92.788315,0.493448
6732,6733,92.802098,0.444405
6733,6734,92.815882,0.491262
6734,6735,92.829665,0.385811
6735,6736,92.843448,0.409948
6736,6737,92.857231,0.458130
6737,6738,92.871014,0.484682
6738,6739,92.884797,0.485988
6739,6740,92.898581,0.453518
6740,6741,92.912364,0.409517
6741,6742,92.926147,0.391484
6742,6743,92.939930,0.399395
6743,6744,92.953713,0.503106
6744,6745,92.967496,0.466190
6745,6746,92.981280,0.352006
6746,6747,92.995063,0.441873
6747,6748,93.008846,0.415771
6748,6749,93.022629,0.485443
6749,6750,93.036412,0.459233
6750,6751,93.050195,0.393208
6751,6752,93.063979,0.438437
6752,6753,93.077762,0.505503
6753,6754,93.091545,0.417787
6754,6755,93.105328,0.420741
6755,6756,93.119111,0.394365
6756,6757,93.132894,0.426177
6757,6758,93.146678,0.363308
6758,6759,93.160461,0.412357
6759,6760,93.174244,0.485013
6760,6761,93.188027,0.417762
6761,6762,93.201810,0.464942
6762,6763,93.215593,0.540366
6763,6764,93.229377,0.447663
6764,6765,93.243160,0.436861
6765,6766,93.256943,0.390864
6766,6767,93.270726,0.471192
6767,6768,93.284509,0.427084
6768,6769,93.298293,0.452823
6769,6770,93.312076,0.483903
6770,6771,93.325859,0.382819
6771,6772,93.339642,0.531591
6772,6773,93.353425,0.462347
6773,6774,93.367208,0.418491
6774,6775,93.380992,0.439058
6775,6776,93.394775,0.411615
6776,6777,93.408558,0.457772
6777,6778,93.422341,0.427516
6778,6779,93.436124,0.466715
6779,6780,93.449907,0.457457
6780,6781,93.463691,0.432283
6781,6782,93.477474,0.526129
6782,6783,93.491257,0.455554
6783,6784,93.505040,0.504706
6784,6785,93.518823,0.442979
6785,6786,93.532606,0.410505
6786,6787,93.546390,0.515291
6787,6788,93.560173,0.484255
6788,6789,93.573956,0.383694
6789,6790,93.587739,0.414599
6790,6791,93.601522,0.373112
6791,6792,93.615305,0.494084
6792,6793,93.629089,0.434373
6793,6794,93.642872,0.350154
6794,6795,93.656655,0.424457
6795,6796,93.670438,0.488414
6796,6797,93.684221,0.427855
6797,6798,93.698005,0.494078
6798,6799,93.711788,0.469998
6799,6800,93.725571,0.431270
6800,6801,93.739354,0.504841
6801,6802,93.753137,0.441786
6802,6803,93.766920,0.525541
6803,6804,93.780704,0.412022
6804,6805,93.794487,0.461746
6805,6806,93.808270,0.403942
6806,6807,93.822053,0.423216
6807,6808,93.835836,0.456436
6808,6809,93.849619,0.426650
6809,6810,93.863403,0.407021
6810,6811,93.877186,0.423673
6811,6812,93.890969,0.441775
6812,6813,93.904752,0.455425
6813,6814,93.918535,0.422905
6814,6815,93.932318,0.443177
6815,6816,93.946102,0.462089
6816,6817,93.959885,0.437072
6817,6818,93.973668,0.432287
6818,6819,93.987451,0.489619
6819,6820,94.001234,0.474601
6820,6821,94.015017,0.409601
6821,6822,94.028801,0.368534
6822,6823,94.042584,0.495512
6823,6824,94.056367,0.436360
6824,6825,94.070150,0.435032
6825,6826,94.083933,0.491753
6826,6827,94.097717,0.452163
6827,6828,94.111500,0.485245
6828,6829,94.125283,0.414602
6829,6830,94.139066,0.472184
6830,6831,94.152849,0.433848
6831,6832,94.166632,0.483429
6832,6833,94.180416,0.387000
6833,6834,94.194199,0.498134
6834,6835,94.207982,0.435742
6835,6836,94.221765,0.448467
6836,6837,94.235548,0.451366
6837,6838,94.249331,0.479580
6838,6839,94.263115,0.376675
6839,6840,94.276898,0.499111
6840,6841,94.290681,0.493267
6841,6842,94.304464,0.467411
6842,6843,94.318247,0.468681
6843,6844,94.332030,0.450998
6844,6845,94.345814,0.440413
6845,6846,94.359597,0.473765
6846,6847,94.373380,0.456325
6847,6848,94.387163,0.352308
6848,6849,94.400946,0.453132
6849,6850,94.414729,0.417951
6850,6851,94.428513,0.502640
6851,6852,94.442296,0.411067
6852,6853,94.456079,0.467172
6853,6854,94.469862,0.435861
6854,6855,94.483645,0.444053
6855,6856,94.497429,0.450745
6856,6857,94.511212,0.440089
6857,6858,94.524995,0.481552
6858,6859,94.538778,0.555284
6859,6860,94.552561,0.412642
6860,6861,94.566344,0.482027
6861,6862,94.580128,0.414009
6862,6863,94.593911,0.390994
6863,6864,94.607694,0.477230
6864,6865,94.621477,0.531266
6865,6866,94.635260,0.449310
6866,6867,94.649043,0.402341
6867,6868,94.662827,0.495536
6868,6869,94.676610,0.365194
6869,6870,94.690393,0.476277
6870,6871,94.704176,0.396802
6871,6872,94.717959,0.479862
6872,6873,94.731742,0.504450
6873,6874,94.745526,0.442017
6874,6875,94.759309,0.498593
6875,6876,94.773092,0.491307
6876,6877,94.786875,0.371541
6877,6878,94.800658,0.441908
6878,6879,94.814441,0.418127
6879,6880,94.828225,0.390630
6880,6881,94.842008,0.406130
6881,6882,94.855791,0.421183
6882,6883,94.869574,0.462230
6883,6884,94.883357,0.480047
6884,6885,94.897141,0.437527
6885,6886,94.910924,0.453995
6886,6887,94.924707,0.455065
6887,6888,94.938490,0.443472
6888,6889,94.952273,0.432329
6889,6890,94.966056,0.431263
6890,6891,94.979840,0.414091
6891,6892,94.993623,0.421683
6892,6893,95.007406,0.523459
6893,6894,95.021189,0.446418
6894,6895,95.034972,0.395359
6895,6896,95.048755,0.367625
6896,6897,95.062539,0.380779
6897,6898,95.076322,0.442598
6898,6899,95.090105,0.480403
6899,6900,95.103888,0.391546
6900,6901,95.117671,0.454696
6901,6902,95.131454,0.408238
6902,6903,95.145238,0.490439
6903,6904,95.159021,0.487506
6904,6905,95.172804,0.459311
6905,6906,95.186587,0.441827
6906,6907,95.200370,0.442971
6907,6908,95.214153,0.457420
6908,6909,95.227937,0.465281
6909,6910,95.241720,0.412700
6910,6911,95.255503,0.446049
6911,6912,95.269286,0.557465
6912,6913,95.283069,0.452023
6913,6914,95.296852,0.447290
6914,6915,95.310636,0.373869
6915,6916,95.324419,0.450744
6916,6917,95.338202,0.435068
6917,6918,95.351985,0.441167
6918,6919,95.365768,0.402884
6919,6920,95.379552,0.459399
6920,6921,95.393335,0.394145
6921,6922,95.407118,0.436374
6922,6923,95.420901,0.430864
6923,6924,95.434684,0.434511
6924,6925,95.448467,0.446166
6925,6926,95.462251,0.450731
6926,6927,95.476034,0.420610
6927,6928,95.489817,0.414140
6928,6929,95.503600,0.515375
6929,6930,95.517383,0.415959
6930,6931,95.531166,0.408457
6931,6932,95.544950,0.367332
6932,6933,95.558733,0.425761
6933,6934,95.572516,0.423962
6934,6935,95.586299,0.475666
6935,6936,95.600082,0.413867
6936,6937,95.613865,0.489297
6937,6938,95.627649,0.393106
6938,6939,95.641432,0.392273
6939,6940,95.655215,0.441680
6940,6941,95.668998,0.497556
6941,6942,95.682781,0.428042
6942,6943,95.696564,0.450070
6943,6944,95.710348,0.479354
6944,6945,95.724131,0.436621
6945,6946,95.737914,0.422745
6946,6947,95.751697,0.500184
6947,6948,95.765480,0.441299
6948,6949,95.779264,0.398214
6949,6950,95.793047,0.401784
6950,6951,95.806830,0.453810
6951,6952,95.820613,0.371259
6952,6953,95.834396,0.429828
6953,6954,95.848179,0.448215
6954,6955,95.861963,0.465143
6955,6956,95.875746,0.443308
6956,6957,95.889529,0.474607
6957,6958,95.903312,0.446077
6958,6959,95.917095,0.480332
6959,6960,95.930878,0.549029
6960,6961,95.944662,0.462464
6961,6962,95.958445,0.481160
6962,6963,95.972228,0.504116
6963,6964,95.986011,0.450888
6964,6965,95.999794,0.426882
6965,6966,96.013577,0.415975
6966,6967,96.027361,0.449172
6967,6968,96.041144,0.465692
6968,6969,96.054927,0.395351
6969,6970,96.068710,0.444359
6970,6971,96.082493,0.438411
6971,6972,96.096276,0.452731
6972,6973,96.110060,0.424935
6973,6974,96.123843,0.357934
6974,6975,96.137626,0.449412
6975,6976,96.151409,0.389250
6976,6977,96.165192,0.437748
6977,6978,96.178976,0.429138
6978,6979,96.192759,0.411933
6979,6980,96.206542,0.459570
6980,6981,96.220325,0.423625
6981,6982,96.234108,0.486262
6982,6983,96.247891,0.494411
6983,6984,96.261675,0.536838
6984,6985,96.275458,0.419117
6985,6986,96.289241,0.451996
6986,6987,96.303024,0.463431
6987,6988,96.316807,0.448483
6988,6989,96.330590,0.398028
6989,6990,96.344374,0.463487
6990,6991,96.358157,0.401021
6991,6992,96.371940,0.438023
6992,6993,96.385723,0.468141
6993,6994,96.399506,0.390822
6994,6995,96.413289,0.531043
6995,6996,96.427073,0.463948
6996,6997,96.440856,0.426688
6997,6998,96.454639,0.541446
6998,6999,96.468422,0.499961
6999,7000,96.482205,0.491650
7000,7001,96.495988,0.470486
7001,7002,96.509772,0.425929
7002,7003,96.523555,0.391289
7003,7004,96.537338,0.479635
7004,7005,96.551121,0.435714
7005,7006,96.564904,0.397211
7006,7007,96.578688,0.516608
7007,7008,96.592471,0.435290
7008,7009,96.606254,0.526839
7009,7010,96.620037,0.444329
7010,7011,96.633820,0.440002
7011,7012,96.647603,0.441442
7012,7013,96.661387,0.468818
7013,7014,96.675170,0.392048
7014,7015,96.688953,0.518018
7015,7016,96.702736,0.435839
7016,7017,96.716519,0.454232
7017,7018,96.730302,0.474281
7018,7019,96.744086,0.440207
7019,7020,96.757869,0.439543
7020,7021,96.771652,0.529455
7021,7022,96.785435,0.479243
7022,7023,96.799218,0.460689
7023,7024,96.813001,0.465313
7024,7025,96.826785,0.504295
7025,7026,96.840568,0.369523
7026,7027,96.854351,0.473454
7027,7028,96.868134,0.500828
7028,7029,96.881917,0.480617
7029,7030,96.895700,0.473832
7030,7031,96.909484,0.427117
7031,7032,96.923267,0.432181
7032,7033,96.937050,0.445114
7033,7034,96.950833,0.449279
7034,7035,96.964616,0.442740
7035,7036,96.978400,0.436001
7036,7037,96.992183,0.394072
7037,7038,97.005966,0.507789
7038,7039,97.019749,0.381220
7039,7040,97.033532,0.436433
7040,7041,97.047315,0.435915
7041,7042,97.061099,0.495159
7042,7043,97.074882,0.421582
7043,7044,97.088665,0.444854
7044,7045,97.102448,0.374732
7045,7046,97.116231,0.440075
7046,7047,97.130014,0.516745
7047,7048,97.143798,0.387861
7048,7049,97.157581,0.448911
7049,7050,97.171364,0.417653
7050,7051,97.185147,0.451671
7051,7052,97.198930,0.415335
7052,7053,97.212713,0.405549
7053,7054,97.226497,0.451068
7054,7055,97.240280,0.403007
7055,7056,97.254063,0.304981
7056,7057,97.267846,0.460696
7057,7058,97.281629,0.525874
7058,7059,97.295412,0.488866
7059,7060,97.309196,0.380023
7060,7061,97.322979,0.460821
7061,7062,97.336762,0.426997
7062,7063,97.350545,0.414515
7063,7064,97.364328,0.477020
7064,7065,97.378111,0.463461
7065,7066,97.391895,0.466999
7066,7067,97.405678,0.360509
7067,7068,97.419461,0.373954
7068,7069,97.433244,0.376292
7069,7070,97.447027,0.416403
7070,7071,97.460811,0.412838
7071,7072,97.474594,0.375316
7072,7073,97.488377,0.439289
7073,7074,97.502160,0.438478
7074,7075,97.515943,0.394736
7075,7076,97.529726,0.446414
7076,7077,97.543510,0.382857
7077,7078,97.557293,0.470351
7078,7079,97.571076,0.440877
7079,7080,97.584859,0.445718
7080,7081,97.598642,0.474527
7081,7082,97.612425,0.456145
7082,7083,97.626209,0.483738
7083,7084,97.639992,0.496189
7084,7085,97.653775,0.488497
7085,7086,97.667558,0.372917
7086,7087,97.681341,0.413647
7087,7088,97.695124,0.462386
7088,7089,97.708908,0.488989
7089,7090,97.722691,0.436830
7090,7091,97.736474,0.426229
7091,7092,97.750257,0.440925
7092,7093,97.764040,0.446421
7093,7094,97.777823,0.421068
7094,7095,97.791607,0.438993
7095,7096,97.805390,0.444082
7096,7097,97.819173,0.442420
7097,7098,97.832956,0.489552
7098,7099,97.846739,0.453280
7099,7100,97.860523,0.492682
7100,7101,97.874306,0.425403
7101,7102,97.888089,0.443074
7102,7103,97.901872,0.418942
7103,7104,97.915655,0.469682
7104,7105,97.929438,0.449877
7105,7106,97.943222,0.454507
7106,7107,97.957005,0.383229
7107,7108,97.970788,0.479258
7108,7109,97.984571,0.481179
7109,7110,97.998354,0.462041
7110,7111,98.012137,0.452826
7111,7112,98.025921,0.477723
7112,7113,98.039704,0.457054
7113,7114,98.053487,0.351904
7114,7115,98.067270,0.454452
7115,7116,98.081053,0.466646
7116,7117,98.094836,0.419767
7117,7118,98.108620,0.481986
7118,7119,98.122403,0.474738
7119,7120,98.136186,0.476263
7120,7121,98.149969,0.443713
7121,7122,98.163752,0.474141
7122,7123,98.177535,0.517075
7123,7124,98.191319,0.481005
7124,7125,98.205102,0.483895
7125,7126,98.218885,0.426706
7126,7127,98.232668,0.516378
7127,7128,98.246451,0.420565
7128,7129,98.260235,0.462140
7129,7130,98.274018,0.440348
7130,7131,98.287801,0.399254
7131,7132,98.301584,0.421133
7132,7133,98.315367,0.453356
7133,7134,98.329150,0.504098
7134,7135,98.342934,0.437975
7135,7136,98.356717,0.475986
7136,7137,98.370500,0.499326
7137,7138,98.384283,0.492824
7138,7139,98.398066,0.454800
7139,7140,98.411849,0.373084
7140,7141,98.425633,0.457773
7141,7142,98.439416,0.424654
7142,7143,98.453199,0.402792
7143,7144,98.466982,0.381113
7144,7145,98.480765,0.467604
7145,7146,98.494548,0.443980
7146,7147,98.508332,0.445760
7147,7148,98.522115,0.412735
7148,7149,98.535898,0.410224
7149,7150,98.549681,0.363958
7150,7151,98.563464,0.432700
7151,7152,98.577247,0.453827
7152,7153,98.591031,0.436862
7153,7154,98.604814,0.405005
7154,7155,98.618597,0.454067
7155,7156,98.632380,0.480871
7156,7157,98.646163,0.444839
7157,7158,98.659947,0.479531
7158,7159,98.673730,0.401032
7159,7160,98.687513,0.439441
7160,7161,98.701296,0.438784
7161,7162,98.715079,0.452789
7162,7163,98.728862,0.420582
7163,7164,98.742646,0.369815
7164,7165,98.756429,0.416049
7165,7166,98.770212,0.442399
7166,7167,98.783995,0.570592
7167,7168,98.797778,0.388483
7168,7169,98.811561,0.410905
7169,7170,98.825345,0.523598
7170,7171,98.839128,0.477333
7171,7172,98.852911,0.456054
7172,7173,98.866694,0.444674
7173,7174,98.880477,0.417273
7174,7175,98.894260,0.414081
7175,7176,98.908044,0.405167
7176,7177,98.921827,0.496511
7177,7178,98.935610,0.387460
7178,7179,98.949393,0.469487
7179,7180,98.963176,0.416952
7180,7181,98.976959,0.445380
7181,7182,98.990743,0.443359
7182,7183,99.004526,0.497687
7183,7184,99.018309,0.379399
7184,7185,99.032092,0.433310
7185,7186,99.045875,0.453287
7186,7187,99.059659,0.473897
7187,7188,99.073442,0.366137
7188,7189,99.087225,0.451203
7189,7190,99.101008,0.432126
7190,7191,99.114791,0.450684
7191,7192,99.128574,0.402671
7192,7193,99.142358,0.467367
7193,7194,99.156141,0.459827
7194,7195,99.169924,0.388295
7195,7196,99.183707,0.467082
7196,7197,99.197490,0.465125
7197,7198,99.211273,0.455332
7198,7199,99.225057,0.389694
7199,7200,99.238840,0.415126
7200,7201,99.252623,0.426073
7201,7202,99.266406,0.456722
7202,7203,99.280189,0.453407
7203,7204,99.293972,0.451619
7204,7205,99.307756,0.463047
7205,7206,99.321539,0.361843
7206,7207,99.335322,0.459634
7207,7208,99.349105,0.481246
7208,7209,99.362888,0.450406
7209,7210,99.376671,0.474722
7210,7211,99.390455,0.437154
7211,7212,99.404238,0.405541
7212,7213,99.418021,0.454715
7213,7214,99.431804,0.392769
7214,7215,99.445587,0.398100
7215,7216,99.459370,0.412248
7216,7217,99.473154,0.440072
7217,7218,99.486937,0.517805
7218,7219,99.500720,0.418610
7219,7220,99.514503,0.479994
7220,7221,99.528286,0.366160
7221,7222,99.542070,0.426185
7222,7223,99.555853,0.460139
7223,7224,99.569636,0.463004
7224,7225,99.583419,0.469983
7225,7226,99.597202,0.402709
7226,7227,99.610985,0.434460
7227,7228,99.624769,0.409993
7228,7229,99.638552,0.427538
7229,7230,99.652335,0.463967
7230,7231,99.666118,0.409401
7231,7232,99.679901,0.519426
7232,7233,99.693684,0.451391
7233,7234,99.707468,0.460883
7234,7235,99.721251,0.461625
7235,7236,99.735034,0.448779
7236,7237,99.748817,0.460986
7237,7238,99.762600,0.380846
7238,7239,99.776383,0.455299
7239,7240,99.790167,0.425886
7240,7241,99.803950,0.478280
7241,7242,99.817733,0.443520
7242,7243,99.831516,0.403401
7243,7244,99.845299,0.498350
7244,7245,99.859082,0.426378
7245,7246,99.872866,0.489768
7246,7247,99.886649,0.516524
7247,7248,99.900432,0.356468
7248,7249,99.914215,0.450189
7249,7250,99.927998,0.482829
7250,7251,99.941782,0.451283
7251,7252,99.955565,0.454296
7252,7253,99.969348,0.447510
7253,7254,99.983131,0.415712
7254,7255,99.996914,0.508179
7255,7256,100.010697,0.504977
7256,7257,100.024481,0.415301
7257,7258,100.038264,0.397728
7258,7259,100.052047,0.479514
7259,7260,100.065830,0.457396
7260,7261,100.079613,0.344292
7261,7262,100.093396,0.366505
7262,7263,100.107180,0.391529
7263,7264,100.120963,0.465985
7264,7265,100.134746,0.411471
7265,7266,100.148529,0.409403
7266,7267,100.162312,0.501671
7267,7268,100.176095,0.505587
7268,7269,100.189879,0.455458
7269,7270,100.203662,0.440200
7270,7271,100.217445,0.483827
7271,7272,100.231228,0.480894
7272,7273,100.245011,0.435718
7273,7274,100.258794,0.414526
7274,7275,100.272578,0.446211
7275,7276,100.286361,0.394958
7276,7277,100.300144,0.448731
7277,7278,100.313927,0.378999
7278,7279,100.327710,0.518599
7279,7280,100.341494,0.415820
7280,7281,100.355277,0.465590
7281,7282,100.369060,0.424452
7282,7283,100.382843,0.406855
7283,7284,100.396626,0.513916
7284,7285,100.410409,0.426476
7285,7286,100.424193,0.407671
7286,7287,100.437976,0.382376
7287,7288,100.451759,0.512976
7288,7289,100.465542,0.451947
7289,7290,100.479325,0.414104
7290,7291,100.493108,0.391554
7291,7292,100.506892,0.447327
7292,7293,100.520675,0.502424
7293,7294,100.534458,0.494583
7294,7295,100.548241,0.384611
7295,7296,100.562024,0.439303
7296,7297,100.575807,0.379493
7297,7298,100.589591,0.468774
7298,7299,100.603374,0.362424
7299,7300,100.617157,0.411557
7300,7301,100.630940,0.432444
7301,7302,100.644723,0.457808
7302,7303,100.658506,0.451618
7303,7304,100.672290,0.408041
7304,7305,100.686073,0.347605
7305,7306,100.699856,0.420370
7306,7307,100.713639,0.527801
7307,7308,100.727422,0.394504
7308,7309,100.741206,0.475758
7309,7310,100.754989,0.494056
7310,7311,100.768772,0.459669
7311,7312,100.782555,0.438120
7312,7313,100.796338,0.438491
7313,7314,100.810121,0.425997
7314,7315,100.823905,0.450855
7315,7316,100.837688,0.512006
7316,7317,100.851471,0.424905
7317,7318,100.865254,0.434886
7318,7319,100.879037,0.389609
7319,7320,100.892820,0.493881
7320,7321,100.906604,0.413783
7321,7322,100.920387,0.437243
7322,7323,100.934170,0.396758
7323,7324,100.947953,0.447054
7324,7325,100.961736,0.390212
7325,7326,100.975519,0.440929
7326,7327,100.989303,0.491573
7327,7328,101.003086,0.429438
7328,7329,101.016869,0.424774
7329,7330,101.030652,0.472419
7330,7331,101.044435,0.497555
7331,7332,101.058218,0.469802
7332,7333,101.072002,0.451120
7333,7334,101.085785,0.473551
7334,7335,101.099568,0.445390
7335,7336,101.113351,0.473606
7336,7337,101.127134,0.419337
7337,7338,101.140918,0.343765
7338,7339,101.154701,0.493571
7339,7340,101.168484,0.476218
7340,7341,101.182267,0.434411
7341,7342,101.196050,0.526682
7342,7343,101.209833,0.464915
7343,7344,101.223617,0.411639
7344,7345,101.237400,0.483754
7345,7346,101.251183,0.421707
7346,7347,101.264966,0.444003
7347,7348,101.278749,0.419241
7348,7349,101.292532,0.487359
7349,7350,101.306316,0.407896
7350,7351,101.320099,0.419820
7351,7352,101.333882,0.407447
7352,7353,101.347665,0.444566
7353,7354,101.361448,0.392613
7354,7355,101.375231,0.495692
7355,7356,101.389015,0.466395
7356,7357,101.402798,0.458154
7357,7358,101.416581,0.461823
7358,7359,101.430364,0.430201
7359,7360,101.444147,0.425916
7360,7361,101.457930,0.469544
7361,7362,101.471714,0.556314
7362,7363,101.485497,0.453955
7363,7364,101.499280,0.470712
7364,7365,101.513063,0.436069
7365,7366,101.526846,0.469066
7366,7367,101.540630,0.457763
7367,7368,101.554413,0.476071
7368,7369,101.568196,0.444061
7369,7370,101.581979,0.438182
7370,7371,101.595762,0.428671
7371,7372,101.609545,0.478946
7372,7373,101.623329,0.478403
7373,7374,101.637112,0.519407
7374,7375,101.650895,0.438680
7375,7376,101.664678,0.457184
7376,7377,101.678461,0.410498
7377,7378,101.692244,0.553492
7378,7379,101.706028,0.456216
7379,7380,101.719811,0.480376
7380,7381,101.733594,0.464315
7381,7382,101.747377,0.448758
7382,7383,101.761160,0.473684
7383,7384,101.774943,0.424295
7384,7385,101.788727,0.425813
7385,7386,101.802510,0.381396
7386,7387,101.816293,0.372997
7387,7388,101.830076,0.484973
7388,7389,101.843859,0.399994
7389,7390,101.857642,0.436222
7390,7391,101.871426,0.499277
7391,7392,101.885209,0.411797
7392,7393,101.898992,0.463581
7393,7394,101.912775,0.445766
7394,7395,101.926558,0.441008
7395,7396,101.940341,0.459157
7396,7397,101.954125,0.477933
7397,7398,101.967908,0.364445
7398,7399,101.981691,0.452854
7399,7400,101.995474,0.383856
7400,7401,102.009257,0.447906
7401,7402,102.023041,0.412323
7402,7403,102.036824,0.479764
7403,7404,102.050607,0.444249
7404,7405,102.064390,0.516552
7405,7406,102.078173,0.483505
7406,7407,102.091956,0.433594
7407,7408,102.105740,0.414647
7408,7409,102.119523,0.447562
7409,7410,102.133306,0.414428
7410,7411,102.147089,0.430599
7411,7412,102.160872,0.423130
7412,7413,102.174655,0.410551
7413,7414,102.188439,0.419092
7414,7415,102.202222,0.450422
7415,7416,102.216005,0.493116
7416,7417,102.229788,0.530689
7417,7418,102.243571,0.411873
7418,7419,102.257354,0.483263
7419,7420,102.271138,0.410003
7420,7421,102.284921,0.460557
7421,7422,102.298704,0.408794
7422,7423,102.312487,0.425840
7423,7424,102.326270,0.470374
7424,7425,102.340053,0.438867
7425,7426,102.353837,0.431185
7426,7427,102.367620,0.437561
7427,7428,102.381403,0.463207
7428,7429,102.395186,0.436505
7429,7430,102.408969,0.436021
7430,7431,102.422753,0.343354
7431,7432,102.436536,0.500158
7432,7433,102.450319,0.500978
7433,7434,102.464102,0.502001
7434,7435,102.477885,0.365476
7435,7436,102.491668,0.433434
7436,7437,102.505452,0.419905
7437,7438,102.519235,0.418407
7438,7439,102.533018,0.502301
7439,7440,102.546801,0.406925
7440,7441,102.560584,0.390773
7441,7442,102.574367,0.412392
7442,7443,102.588151,0.440791
7443,7444,102.601934,0.461201
7444,7445,102.615717,0.451899
7445,7446,102.629500,0.443723
7446,7447,102.643283,0.473433
7447,7448,102.657066,0.422692
7448,7449,102.670850,0.417513
7449,7450,102.684633,0.404657
7450,7451,102.698416,0.490541
7451,7452,102.712199,0.422987
7452,7453,102.725982,0.359884
7453,7454,102.739765,0.420428
7454,7455,102.753549,0.472776
7455,7456,102.767332,0.377749
7456,7457,102.781115,0.419514
7457,7458,102.794898,0.425214
7458,7459,102.808681,0.418213
7459,7460,102.822465,0.376565
7460,7461,102.836248,0.489481
7461,7462,102.850031,0.470510
7462,7463,102.863814,0.387717
7463,7464,102.877597,0.400635
7464,7465,102.891380,0.521217
7465,7466,102.905164,0.472536
7466,7467,102.918947,0.352135
7467,7468,102.932730,0.458487
7468,7469,102.946513,0.393518
7469,7470,102.960296,0.420268
7470,7471,102.974079,0.481878
7471,7472,102.987863,0.519607
7472,7473,103.001646,0.510706
7473,7474,103.015429,0.476560
7474,7475,103.029212,0.407090
7475,7476,103.042995,0.406564
7476,7477,103.056778,0.413033
7477,7478,103.070562,0.415468
7478,7479,103.084345,0.458930
7479,7480,103.098128,0.435808
7480,7481,103.111911,0.408733
7481,7482,103.125694,0.390146
7482,7483,103.139477,0.491309
7483,7484,103.153261,0.519144
7484,7485,103.167044,0.434293
7485,7486,103.180827,0.445352
7486,7487,103.194610,0.473181
7487,7488,103.208393,0.488257
7488,7489,103.222177,0.462184
7489,7490,103.235960,0.460950
7490,7491,103.249743,0.432512
7491,7492,103.263526,0.441433
7492,7493,103.277309,0.462858
7493,7494,103.291092,0.449052
7494,7495,103.304876,0.565439
7495,7496,103.318659,0.375636
7496,7497,103.332442,0.406127
7497,7498,103.346225,0.490907
7498,7499,103.360008,0.487855
7499,7500,103.373791,0.434688
7500,7501,103.387575,0.478742
7501,7502,103.401358,0.395486
7502,7503,103.415141,0.458904
7503,7504,103.428924,0.408901
7504,7505,103.442707,0.420261
7505,7506,103.456490,0.435424
7506,7507,103.470274,0.424318
7507,7508,103.484057,0.416722
7508,7509,103.497840,0.450495
7509,7510,103.511623,0.404101
7510,7511,103.525406,0.363963
7511,7512,103.539189,0.468717
7512,7513,103.552973,0.462769
7513,7514,103.566756,0.483061
7514,7515,103.580539,0.512109
7515,7516,103.594322,0.419439
7516,7517,103.608105,0.453993
7517,7518,103.621889,0.388749
7518,7519,103.635672,0.442487
7519,7520,103.649455,0.481281
7520,7521,103.663238,0.471711
7521,7522,103.677021,0.438477
7522,7523,103.690804,0.428114
7523,7524,103.704588,0.445351
7524,7525,103.718371,0.484510
7525,7526,103.732154,0.422950
7526,7527,103.745937,0.457315
7527,7528,103.759720,0.461949
7528,7529,103.773503,0.459738
7529,7530,103.787287,0.432132
7530,7531,103.801070,0.489567
7531,7532,103.814853,0.411408
7532,7533,103.828636,0.529053
7533,7534,103.842419,0.445700
7534,7535,103.856202,0.487598
7535,7536,103.869986,0.431834
7536,7537,103.883769,0.490631
7537,7538,103.897552,0.459064
7538,7539,103.911335,0.473279
7539,7540,103.925118,0.400163
7540,7541,103.938901,0.446636
7541,7542,103.952685,0.433356
7542,7543,103.966468,0.524599
7543,7544,103.980251,0.469658
7544,7545,103.994034,0.454215
7545,7546,104.007817,0.461643
7546,7547,104.021600,0.445191
7547,7548,104.035384,0.431578
7548,7549,104.049167,0.493376
7549,7550,104.062950,0.448125
7550,7551,104.076733,0.545807
7551,7552,104.090516,0.440282
7552,7553,104.104300,0.359688
7553,7554,104.118083,0.456530
7554,7555,104.131866,0.454490
7555,7556,104.145649,0.406143
7556,7557,104.159432,0.410073
7557,7558,104.173215,0.571063
7558,7559,104.186999,0.436555
7559,7560,104.200782,0.400086
7560,7561,104.214565,0.445145
7561,7562,104.228348,0.445259
7562,7563,104.242131,0.439123
7563,7564,104.255914,0.407626
7564,7565,104.269698,0.482998
7565,7566,104.283481,0.462326
7566,7567,104.297264,0.441103
7567,7568,104.311047,0.479034
7568,7569,104.324830,0.474186
7569,7570,104.338613,0.434066
7570,7571,104.352397,0.406122
7571,7572,104.366180,0.405189
7572,7573,104.379963,0.520170
7573,7574,104.393746,0.456207
7574,7575,104.407529,0.518121
7575,7576,104.421312,0.457332
7576,7577,104.435096,0.431719
7577,7578,104.448879,0.402111
7578,7579,104.462662,0.455758
7579,7580,104.476445,0.435169
7580,7581,104.490228,0.444458
7581,7582,104.504012,0.404985
7582,7583,104.517795,0.439360
7583,7584,104.531578,0.403284
7584,7585,104.545361,0.436835
7585,7586,104.559144,0.469547
7586,7587,104.572927,0.442501
7587,7588,104.586711,0.448227
7588,7589,104.600494,0.478733
7589,7590,104.614277,0.510145
7590,7591,104.628060,0.468773
7591,7592,104.641843,0.395080
7592,7593,104.655626,0.450019
7593,7594,104.669410,0.493360
7594,7595,104.683193,0.472797
7595,7596,104.696976,0.421776
7596,7597,104.710759,0.450090
7597,7598,104.724542,0.423225
7598,7599,104.738325,0.399958
7599,7600,104.752109,0.411751
7600,7601,104.765892,0.409277
7601,7602,104.779675,0.538659
7602,7603,104.793458,0.435163
7603,7604,104.807241,0.381864
7604,7605,104.821024,0.413884
7605,7606,104.834808,0.476387
7606,7607,104.848591,0.485172
7607,7608,104.862374,0.436763
7608,7609,104.876157,0.418936
7609,7610,104.889940,0.494165
7610,7611,104.903724,0.410838
7611,7612,104.917507,0.422139
7612,7613,104.931290,0.423709
7613,7614,104.945073,0.436079
7614,7615,104.958856,0.477984
7615,7616,104.972639,0.410273
7616,7617,104.986423,0.450344
7617,7618,105.000206,0.476705
7618,7619,105.013989,0.469437
7619,7620,105.027772,0.492120
7620,7621,105.041555,0.436267
7621,7622,105.055338,0.429430
7622,7623,105.069122,0.425963
7623,7624,105.082905,0.417934
7624,7625,105.096688,0.351273
7625,7626,105.110471,0.417554
7626,7627,105.124254,0.399021
7627,7628,105.138037,0.464766
7628,7629,105.151821,0.463582
7629,7630,105.165604,0.415733
7630,7631,105.179387,0.427655
7631,7632,105.193170,0.372400
7632,7633,105.206953,0.424777
7633,7634,105.220736,0.383345
7634,7635,105.234520,0.420412
7635,7636,105.248303,0.423792
7636,7637,105.262086,0.401218
7637,7638,105.275869,0.372988
7638,7639,105.289652,0.373687
7639,7640,105.303436,0.457208
7640,7641,105.317219,0.439899
7641,7642,105.331002,0.485237
7642,7643,105.344785,0.426507
7643,7644,105.358568,0.533967
7644,7645,105.372351,0.437757
7645,7646,105.386135,0.453423
7646,7647,105.399918,0.427493
7647,7648,105.413701,0.397492
7648,7649,105.427484,0.488704
7649,7650,105.441267,0.495617
7650,7651,105.455050,0.404628
7651,7652,105.468834,0.391774
7652,7653,105.482617,0.419923
7653,7654,105.496400,0.457901
7654,7655,105.510183,0.403939
7655,7656,105.523966,0.438857
7656,7657,105.537749,0.445980
7657,7658,105.551533,0.365231
7658,7659,105.565316,0.420530
7659,7660,105.579099,0.432447
7660,7661,105.592882,0.468246
7661,7662,105.606665,0.400484
7662,7663,105.620448,0.455923
7663,7664,105.634232,0.441600
7664,7665,105.648015,0.438028
7665,7666,105.661798,0.451116
7666,7667,105.675581,0.411965
7667,7668,105.689364,0.472134
7668,7669,105.703148,0.428064
7669,7670,105.716931,0.465230
7670,7671,105.730714,0.329136
7671,7672,105.744497,0.403241
7672,7673,105.758280,0.463114
7673,7674,105.772063,0.463182
7674,7675,105.785847,0.413343
7675,7676,105.799630,0.403198
7676,7677,105.813413,0.440248
7677,7678,105.827196,0.415841
7678,7679,105.840979,0.444629
7679,7680,105.854762,0.489754
7680,7681,105.868546,0.480286
7681,7682,105.882329,0.440814
7682,7683,105.896112,0.438183
7683,7684,105.909895,0.420042
7684,7685,105.923678,0.489958
7685,7686,105.937461,0.440250
7686,7687,105.951245,0.487019
7687,7688,105.965028,0.415686
7688,7689,105.978811,0.537649
7689,7690,105.992594,0.389924
7690,7691,106.006377,0.447653
7691,7692,106.020160,0.452762
7692,7693,106.033944,0.453855
7693,7694,106.047727,0.491796
7694,7695,106.061510,0.439065
7695,7696,106.075293,0.365341
7696,7697,106.089076,0.417783
7697,7698,106.102859,0.377055
7698,7699,106.116643,0.468484
7699,7700,106.130426,0.455188
7700,7701,106.144209,0.471378
7701,7702,106.157992,0.552948
7702,7703,106.171775,0.463733
7703,7704,106.185559,0.465733
7704,7705,106.199342,0.385002
7705,7706,106.213125,0.482916
7706,7707,106.226908,0.420046
7707,7708,106.240691,0.539264
7708,7709,106.254474,0.515512
7709,7710,106.268258,0.464238
7710,7711,106.282041,0.439079
7711,7712,106.295824,0.449318
7712,7713,106.309607,0.480875
7713,7714,106.323390,0.454583
7714,7715,106.337173,0.391145
7715,7716,106.350957,0.417753
7716,7717,106.364740,0.442502
7717,7718,106.378523,0.423778
7718,7719,106.392306,0.406253
7719,7720,106.406089,0.379413
7720,7721,106.419872,0.412870
7721,7722,106.433656,0.454912
7722,7723,106.447439,0.513954
7723,7724,106.461222,0.410125
7724,7725,106.475005,0.384012
7725,7726,106.488788,0.467841
7726,7727,106.502571,0.468542
7727,7728,106.516355,0.423210
7728,7729,106.530138,0.444780
7729,7730,106.543921,0.397983
7730,7731,106.557704,0.452883
7731,7732,106.571487,0.405492
7732,7733,106.585271,0.464479
7733,7734,106.599054,0.469566
7734,7735,106.612837,0.442197
7735,7736,106.626620,0.421777
7736,7737,106.640403,0.378882
7737,7738,106.654186,0.426326
7738,7739,106.667970,0.408371
7739,7740,106.681753,0.437013
7740,7741,106.695536,0.424907
7741,7742,106.709319,0.450320
7742,7743,106.723102,0.385757
7743,7744,106.736885,0.465817
7744,7745,106.750669,0.482012
7745,7746,106.764452,0.466231
7746,7747,106.778235,0.397088
7747,7748,106.792018,0.421573
7748,7749,106.805801,0.476117
7749,7750,106.819584,0.425570
7750,7751,106.833368,0.453660
7751,7752,106.847151,0.435152
7752,7753,106.860934,0.465531
7753,7754,106.874717,0.399723
7754,7755,106.888500,0.468681
7755,7756,106.902283,0.401149
7756,7757,106.916067,0.369589
7757,7758,106.929850,0.491975
7758,7759,106.943633,0.463400
7759,7760,106.957416,0.351802
7760,7761,106.971199,0.362613
7761,7762,106.984983,0.428722
7762,7763,106.998766,0.463101
7763,7764,107.012549,0.462197
7764,7765,107.026332,0.400975
7765,7766,107.040115,0.421144
7766,7767,107.053898,0.469687
7767,7768,107.067682,0.464111
7768,7769,107.081465,0.449954
7769,7770,107.095248,0.451118
7770,7771,107.109031,0.404074
7771,7772,107.122814,0.557266
7772,7773,107.136597,0.440246
7773,7774,107.150381,0.527777
7774,7775,107.164164,0.418554
7775,7776,107.177947,0.421348
7776,7777,107.191730,0.453044
7777,7778,107.205513,0.408850
7778,7779,107.219296,0.402171
7779,7780,107.233080,0.445085
7780,7781,107.246863,0.451126
7781,7782,107.260646,0.436651
7782,7783,107.274429,0.390870
7783,7784,107.288212,0.390479
7784,7785,107.301995,0.449456
7785,7786,107.315779,0.445317
7786,7787,107.329562,0.400698
7787,7788,107.343345,0.449831
7788,7789,107.357128,0.473099
7789,7790,107.370911,0.437045
7790,7791,107.384695,0.409538
7791,7792,107.398478,0.397808
7792,7793,107.412261,0.495577
7793,7794,107.426044,0.488598
7794,7795,107.439827,0.468166
7795,7796,107.453610,0.469402
7796,7797,107.467394,0.451034
7797,7798,107.481177,0.506232
7798,7799,107.494960,0.422362
7799,7800,107.508743,0.481358
7800,7801,107.522526,0.476576
7801,7802,107.536309,0.463016
7802,7803,107.550093,0.458290
7803,7804,107.563876,0.509263
7804,7805,107.577659,0.441779
7805,7806,107.591442,0.448373
7806,7807,107.605225,0.444618
7807,7808,107.619008,0.399123
7808,7809,107.632792,0.532206
7809,7810,107.646575,0.479224
7810,7811,107.660358,0.450250
7811,7812,107.674141,0.345416
7812,7813,107.687924,0.447654
7813,7814,107.701707,0.419551
7814,7815,107.715491,0.424095
7815,7816,107.729274,0.425482
7816,7817,107.743057,0.496402
7817,7818,107.756840,0.448082
7818,7819,107.770623,0.399963
7819,7820,107.784407,0.429828
7820,7821,107.798190,0.499013
7821,7822,107.811973,0.421546
7822,7823,107.825756,0.554906
7823,7824,107.839539,0.489622
7824,7825,107.853322,0.401788
7825,7826,107.867106,0.497236
7826,7827,107.880889,0.448284
7827,7828,107.894672,0.466906
7828,7829,107.908455,0.553892
7829,7830,107.922238,0.450074
7830,7831,107.936021,0.441828
7831,7832,107.949805,0.483733
7832,7833,107.963588,0.389477
7833,7834,107.977371,0.418525
7834,7835,107.991154,0.459363
7835,7836,108.004937,0.425082
7836,7837,108.018720,0.379228
7837,7838,108.032504,0.448259
7838,7839,108.046287,0.400679
7839,7840,108.060070,0.470717
7840,7841,108.073853,0.493144
7841,7842,108.087636,0.487718
7842,7843,108.101419,0.484296
7843,7844,108.115203,0.385893
7844,7845,108.128986,0.382636
7845,7846,108.142769,0.448042
7846,7847,108.156552,0.427123
7847,7848,108.170335,0.482474
7848,7849,108.184118,0.491274
7849,7850,108.197902,0.463991
7850,7851,108.211685,0.445198
7851,7852,108.225468,0.389982
7852,7853,108.239251,0.474989
7853,7854,108.253034,0.428198
7854,7855,108.266818,0.428618
7855,7856,108.280601,0.450787
7856,7857,108.294384,0.442249
7857,7858,108.308167,0.499171
7858,7859,108.321950,0.431561
7859,7860,108.335733,0.455916
7860,7861,108.349517,0.426883
7861,7862,108.363300,0.473296
7862,7863,108.377083,0.449322
7863,7864,108.390866,0.437023
7864,7865,108.404649,0.419941
7865,7866,108.418432,0.475827
7866,7867,108.432216,0.430091
7867,7868,108.445999,0.457313
7868,7869,108.459782,0.462261
7869,7870,108.473565,0.400574
7870,7871,108.487348,0.405959
7871,7872,108.501131,0.429277
7872,7873,108.514915,0.441471
7873,7874,108.528698,0.480518
7874,7875,108.542481,0.462142
7875,7876,108.556264,0.560659
7876,7877,108.570047,0.469057
7877,7878,108.583830,0.439906
7878,7879,108.597614,0.456861
7879,7880,108.611397,0.367377
7880,7881,108.625180,0.369564
7881,7882,108.638963,0.425230
7882,7883,108.652746,0.365106
7883,7884,108.666530,0.504577
7884,7885,108.680313,0.519328
7885,7886,108.694096,0.409915
7886,7887,108.707879,0.480343
7887,7888,108.721662,0.368862
7888,7889,108.735445,0.514764
7889,7890,108.749229,0.483483
7890,7891,108.763012,0.494188
7891,7892,108.776795,0.464605
7892,7893,108.790578,0.404813
7893,7894,108.804361,0.433724
7894,7895,108.818144,0.407301
7895,7896,108.831928,0.458302
7896,7897,108.845711,0.434134
7897,7898,108.859494,0.406656
7898,7899,108.873277,0.399806
7899,7900,108.887060,0.429596
7900,7901,108.900843,0.470769
7901,7902,108.914627,0.479358
7902,7903,108.928410,0.455451
7903,7904,108.942193,0.447144
7904,7905,108.955976,0.349937
7905,7906,108.969759,0.536096
7906,7907,108.983542,0.432037
7907,7908,108.997326,0.435803
7908,7909,109.011109,0.370597
7909,7910,109.024892,0.423807
7910,7911,109.038675,0.543196
7911,7912,109.052458,0.438243
7912,7913,109.066242,0.473669
7913,7914,109.080025,0.397751
7914,7915,109.093808,0.441559
7915,7916,109.107591,0.406257
7916,7917,109.121374,0.473937
7917,7918,109.135157,0.483759
7918,7919,109.148941,0.486579
7919,7920,109.162724,0.503856
7920,7921,109.176507,0.500545
7921,7922,109.190290,0.456095
7922,7923,109.204073,0.450482
7923,7924,109.217856,0.431468
7924,7925,109.231640,0.445687
7925,7926,109.245423,0.472689
7926,7927,109.259206,0.354437
7927,7928,109.272989,0.458025
7928,7929,109.286772,0.441043
7929,7930,109.300555,0.446548
7930,7931,109.314339,0.447317
7931,7932,109.328122,0.460126
7932,7933,109.341905,0.400357
7933,7934,109.355688,0.364766
7934,7935,109.369471,0.386727
7935,7936,109.383254,0.389574
7936,7937,109.397038,0.463636
7937,7938,109.410821,0.387774
7938,7939,109.424604,0.380782
7939,7940,109.438387,0.392199
7940,7941,109.452170,0.497783
7941,7942,109.465954,0.464610
7942,7943,109.479737,0.378220
7943,7944,109.493520,0.472004
7944,7945,109.507303,0.465130
7945,7946,109.521086,0.440942
7946,7947,109.534869,0.422467
7947,7948,109.548653,0.499902
7948,7949,109.562436,0.547279
7949,7950,109.576219,0.345428
7950,7951,109.590002,0.489129
7951,7952,109.603785,0.482447
7952,7953,109.617568,0.503963
7953,7954,109.631352,0.446898
7954,7955,109.645135,0.518058
7955,7956,109.658918,0.379571
7956,7957,109.672701,0.421765
7957,7958,109.686484,0.400358
7958,7959,109.700267,0.491745
7959,7960,109.714051,0.485085
7960,7961,109.727834,0.457132
7961,7962,109.741617,0.428820
7962,7963,109.755400,0.399473
7963,7964,109.769183,0.372136
7964,7965,109.782966,0.358322
7965,7966,109.796750,0.445808
7966,7967,109.810533,0.436343
7967,7968,109.824316,0.493241
7968,7969,109.838099,0.447646
7969,7970,109.851882,0.492387
7970,7971,109.865666,0.453112
7971,7972,109.879449,0.442916
7972,7973,109.893232,0.428324
7973,7974,109.907015,0.442231
7974,7975,109.920798,0.447009
7975,7976,109.934581,0.458361
7976,7977,109.948365,0.499827
7977,7978,109.962148,0.435144
7978,7979,109.975931,0.394149
7979,7980,109.989714,0.440767
7980,7981,110.003497,0.459454
7981,7982,110.017280,0.458123
7982,7983,110.031064,0.495896
7983,7984,110.044847,0.482404
7984,7985,110.058630,0.404779
7985,7986,110.072413,0.392935
7986,7987,110.086196,0.494165
7987,7988,110.099979,0.443185
7988,7989,110.113763,0.393766
7989,7990,110.127546,0.487997
7990,7991,110.141329,0.372463
7991,7992,110.155112,0.474046
7992,7993,110.168895,0.417206
7993,7994,110.182678,0.499307
7994,7995,110.196462,0.509436
7995,7996,110.210245,0.405310
7996,7997,110.224028,0.482003
7997,7998,110.237811,0.463966
7998,7999,110.251594,0.416967
7999,8000,110.265377,0.448652
8000,8001,110.279161,0.438753
8001,8002,110.292944,0.471993
8002,8003,110.306727,0.385619
8003,8004,110.320510,0.432112
8004,8005,110.334293,0.485138
8005,8006,110.348077,0.422489
8006,8007,110.361860,0.518645
8007,8008,110.375643,0.392348
8008,8009,110.389426,0.451757
8009,8010,110.403209,0.404229
8010,8011,110.416992,0.461206
8011,8012,110.430776,0.470672
8012,8013,110.444559,0.405733
8013,8014,110.458342,0.455458
8014,8015,110.472125,0.466599
8015,8016,110.485908,0.448240
8016,8017,110.499691,0.467209
8017,8018,110.513475,0.449683
8018,8019,110.527258,0.500851
8019,8020,110.541041,0.434638
8020,8021,110.554824,0.410187
8021,8022,110.568607,0.426431
8022,8023,110.582390,0.432443
8023,8024,110.596174,0.452360
8024,8025,110.609957,0.457368
8025,8026,110.623740,0.491820
8026,8027,110.637523,0.394517
8027,8028,110.651306,0.467511
8028,8029,110.665089,0.510346
8029,8030,110.678873,0.507514
8030,8031,110.692656,0.445706
8031,8032,110.706439,0.472405
8032,8033,110.720222,0.448195
8033,8034,110.734005,0.456887
8034,8035,110.747789,0.396313
8035,8036,110.761572,0.399900
8036,8037,110.775355,0.469741
8037,8038,110.789138,0.435430
8038,8039,110.802921,0.476347
8039,8040,110.816704,0.522173
8040,8041,110.830488,0.476081
8041,8042,110.844271,0.378890
8042,8043,110.858054,0.401409
8043,8044,110.871837,0.490864
8044,8045,110.885620,0.444965
8045,8046,110.899403,0.438869
8046,8047,110.913187,0.449848
8047,8048,110.926970,0.450369
8048,8049,110.940753,0.428676
8049,8050,110.954536,0.396759
8050,8051,110.968319,0.414220
8051,8052,110.982102,0.422122
8052,8053,110.995886,0.441746
8053,8054,111.009669,0.475813
8054,8055,111.023452,0.405634
8055,8056,111.037235,0.457219
8056,8057,111.051018,0.443510
8057,8058,111.064801,0.415045
8058,8059,111.078585,0.459047
8059,8060,111.092368,0.483003
8060,8061,111.106151,0.356441
8061,8062,111.119934,0.482580
8062,8063,111.133717,0.483513
8063,8064,111.147501,0.370899
8064,8065,111.161284,0.328135
8065,8066,111.175067,0.503808
8066,8067,111.188850,0.413521
8067,8068,111.202633,0.471163
8068,8069,111.216416,0.419766
8069,8070,111.230200,0.412475
8070,8071,111.243983,0.488988
8071,8072,111.257766,0.468940
8072,8073,111.271549,0.412310
8073,8074,111.285332,0.426388
8074,8075,111.299115,0.456060
8075,8076,111.312899,0.460653
8076,8077,111.326682,0.431690
8077,8078,111.340465,0.541569
8078,8079,111.354248,0.461873
8079,8080,111.368031,0.417385
8080,8081,111.381814,0.456744
8081,8082,111.395598,0.401692
8082,8083,111.409381,0.418457
8083,8084,111.423164,0.414049
8084,8085,111.436947,0.434559
8085,8086,111.450730,0.440917
8086,8087,111.464513,0.418713
8087,8088,111.478297,0.423158
8088,8089,111.492080,0.435351
8089,8090,111.505863,0.442005
8090,8091,111.519646,0.422116
8091,8092,111.533429,0.447507
8092,8093,111.547213,0.495686
8093,8094,111.560996,0.480372
8094,8095,111.574779,0.418911
8095,8096,111.588562,0.411420
8096,8097,111.602345,0.451459
8097,8098,111.616128,0.390047
8098,8099,111.629912,0.451807
8099,8100,111.643695,0.376369
8100,8101,111.657478,0.482273
8101,8102,111.671261,0.391388
8102,8103,111.685044,0.450972
8103,8104,111.698827,0.492503
8104,8105,111.712611,0.461423
8105,8106,111.726394,0.548178
8106,8107,111.740177,0.375398
8107,8108,111.753960,0.328336
8108,8109,111.767743,0.456729
8109,8110,111.781526,0.325985
8110,8111,111.795310,0.436911
8111,8112,111.809093,0.415542
8112,8113,111.822876,0.421752
8113,8114,111.836659,0.446540
8114,8115,111.850442,0.403649
8115,8116,111.864225,0.428494
8116,8117,111.878009,0.388975
8117,8118,111.891792,0.444377
8118,8119,111.905575,0.473637
8119,8120,111.919358,0.379937
8120,8121,111.933141,0.404931
8121,8122,111.946925,0.449735
8122,8123,111.960708,0.467749
8123,8124,111.974491,0.424715
8124,8125,111.988274,0.531156
8125,8126,112.002057,0.378414
8126,8127,112.015840,0.440664
8127,8128,112.029624,0.445009
8128,8129,112.043407,0.450700
8129,8130,112.057190,0.491213
8130,8131,112.070973,0.481623
8131,8132,112.084756,0.432517
8132,8133,112.098539,0.450010
8133,8134,112.112323,0.440918
8134,8135,112.126106,0.455258
8135,8136,112.139889,0.440673
8136,8137,112.153672,0.515397
8137,8138,112.167455,0.462783
8138,8139,112.181238,0.420311
8139,8140,112.195022,0.517486
8140,8141,112.208805,0.397911
8141,8142,112.222588,0.476345
8142,8143,112.236371,0.353189
8143,8144,112.250154,0.408636
8144,8145,112.263937,0.454780
8145,8146,112.277721,0.369967
8146,8147,112.291504,0.407637
8147,8148,112.305287,0.427257
8148,8149,112.319070,0.374795
8149,8150,112.332853,0.412846
8150,8151,112.346636,0.455931
8151,8152,112.360420,0.512291
8152,8153,112.374203,0.433053
8153,8154,112.387986,0.437517
8154,8155,112.401769,0.397129
8155,8156,112.415552,0.425061
8156,8157,112.429336,0.406398
8157,8158,112.443119,0.474210
8158,8159,112.456902,0.437277
8159,8160,112.470685,0.450820
8160,8161,112.484468,0.416741
8161,8162,112.498251,0.463912
8162,8163,112.512035,0.484881
8163,8164,112.525818,0.417972
8164,8165,112.539601,0.470795
8165,8166,112.553384,0.472665
8166,8167,112.567167,0.412265
8167,8168,112.580950,0.416511
8168,8169,112.594734,0.454747
8169,8170,112.608517,0.366096
8170,8171,112.622300,0.407664
8171,8172,112.636083,0.456684
8172,8173,112.649866,0.477038
8173,8174,112.663649,0.460117
8174,8175,112.677433,0.448723
8175,8176,112.691216,0.422166
8176,8177,112.704999,0.402392
8177,8178,112.718782,0.498383
8178,8179,112.732565,0.441501
8179,8180,112.746348,0.457605
8180,8181,112.760132,0.426243
8181,8182,112.773915,0.389188
8182,8183,112.787698,0.387481
8183,8184,112.801481,0.441272
8184,8185,112.815264,0.524479
8185,8186,112.829048,0.372408
8186,8187,112.842831,0.524391
8187,8188,112.856614,0.486008
8188,8189,112.870397,0.415514
8189,8190,112.884180,0.470347
8190,8191,112.897963,0.454347
8191,8192,112.911747,0.382376
8192,8193,112.925530,0.419476
8193,8194,112.939313,0.513318
8194,8195,112.953096,0.387847
8195,8196,112.966879,0.458820
8196,8197,112.980662,0.414385
8197,8198,112.994446,0.382249
8198,8199,113.008229,0.490636
8199,8200,113.022012,0.374055
8200,8201,113.035795,0.576818
8201,8202,113.049578,0.366667
8202,8203,113.063361,0.396133
8203,8204,113.077145,0.421454
8204,8205,113.090928,0.528402
8205,8206,113.104711,0.500197
8206,8207,113.118494,0.417308
8207,8208,113.132277,0.433926
8208,8209,113.146060,0.462158
8209,8210,113.159844,0.464515
8210,8211,113.173627,0.468885
8211,8212,113.187410,0.426223
8212,8213,113.201193,0.521735
8213,8214,113.214976,0.452245
8214,8215,113.228760,0.496566
8215,8216,113.242543,0.477803
8216,8217,113.256326,0.398768
8217,8218,113.270109,0.443148
8218,8219,113.283892,0.445279
8219,8220,113.297675,0.458896
8220,8221,113.311459,0.484316
8221,8222,113.325242,0.584495
8222,8223,113.339025,0.496492
8223,8224,113.352808,0.548271
8224,8225,113.366591,0.517314
8225,8226,113.380374,0.435820
8226,8227,113.394158,0.435109
8227,8228,113.407941,0.445902
8228,8229,113.421724,0.425597
8229,8230,113.435507,0.493263
8230,8231,113.449290,0.447954
8231,8232,113.463073,0.400016
8232,8233,113.476857,0.429866
8233,8234,113.490640,0.399220
8234,8235,113.504423,0.473338
8235,8236,113.518206,0.470081
8236,8237,113.531989,0.488738
8237,8238,113.545772,0.409336
8238,8239,113.559556,0.398628
8239,8240,113.573339,0.443686
8240,8241,113.587122,0.482154
8241,8242,113.600905,0.475012
8242,8243,113.614688,0.415772
8243,8244,113.628472,0.420867
8244,8245,113.642255,0.447679
8245,8246,113.656038,0.345537
8246,8247,113.669821,0.443836
8247,8248,113.683604,0.456724
8248,8249,113.697387,0.455193
8249,8250,113.711171,0.493535
8250,8251,113.724954,0.492575
8251,8252,113.738737,0.465154
8252,8253,113.752520,0.431958
8253,8254,113.766303,0.476885
8254,8255,113.780086,0.408695
8255,8256,113.793870,0.412117
8256,8257,113.807653,0.431928
8257,8258,113.821436,0.462062
8258,8259,113.835219,0.555190
8259,8260,113.849002,0.481971
8260,8261,113.862785,0.439527
8261,8262,113.876569,0.491261
8262,8263,113.890352,0.418155
8263,8264,113.904135,0.441520
8264,8265,113.917918,0.437883
8265,8266,113.931701,0.478184
8266,8267,113.945484,0.406515
8267,8268,113.959268,0.434952
8268,8269,113.973051,0.468643
8269,8270,113.986834,0.392860
8270,8271,114.000617,0.487851
8271,8272,114.014400,0.425328
8272,8273,114.028184,0.473868
8273,8274,114.041967,0.431197
8274,8275,114.055750,0.449627
8275,8276,114.069533,0.445664
8276,8277,114.083316,0.469560
8277,8278,114.097099,0.406875
8278,8279,114.110883,0.399555
8279,8280,114.124666,0.443575
8280,8281,114.138449,0.433900
8281,8282,114.152232,0.418642
8282,8283,114.166015,0.476720
8283,8284,114.179798,0.409820
8284,8285,114.193582,0.442299
8285,8286,114.207365,0.470483
8286,8287,114.221148,0.486818
8287,8288,114.234931,0.464137
8288,8289,114.248714,0.417755
8289,8290,114.262497,0.482561
8290,8291,114.276281,0.489472
8291,8292,114.290064,0.373341
8292,8293,114.303847,0.432047
8293,8294,114.317630,0.422726
8294,8295,114.331413,0.428912
8295,8296,114.345196,0.474445
8296,8297,114.358980,0.388756
8297,8298,114.372763,0.413331
8298,8299,114.386546,0.515873
8299,8300,114.400329,0.507525
8300,8301,114.414112,0.400048
8301,8302,114.427895,0.492875
8302,8303,114.441679,0.466815
8303,8304,114.455462,0.396621
8304,8305,114.469245,0.378657
8305,8306,114.483028,0.462450
8306,8307,114.496811,0.452090
8307,8308,114.510595,0.456228
8308,8309,114.524378,0.426327
8309,8310,114.538161,0.420039
8310,8311,114.551944,0.435648
8311,8312,114.565727,0.337630
8312,8313,114.579510,0.474359
8313,8314,114.593294,0.469729
8314,8315,114.607077,0.429247
8315,8316,114.620860,0.425860
8316,8317,114.634643,0.417358
8317,8318,114.648426,0.488317
8318,8319,114.662209,0.420477
8319,8320,114.675993,0.424900
8320,8321,114.689776,0.504496
8321,8322,114.703559,0.446097
8322,8323,114.717342,0.471842
8323,8324,114.731125,0.411221
8324,8325,114.744908,0.487171
8325,8326,114.758692,0.436266
8326,8327,114.772475,0.478981
8327,8328,114.786258,0.437909
8328,8329,114.800041,0.519948
8329,8330,114.813824,0.383229
8330,8331,114.827607,0.403019
8331,8332,114.841391,0.399296
8332,8333,114.855174,0.466410
8333,8334,114.868957,0.495313
8334,8335,114.882740,0.415387
8335,8336,114.896523,0.455069
8336,8337,114.910307,0.425353
8337,8338,114.924090,0.441603
8338,8339,114.937873,0.459253
8339,8340,114.951656,0.448979
8340,8341,114.965439,0.504172
8341,8342,114.979222,0.515396
8342,8343,114.993006,0.459436
8343,8344,115.006789,0.392771
8344,8345,115.020572,0.464153
8345,8346,115.034355,0.472015
8346,8347,115.048138,0.444764
8347,8348,115.061921,0.477705
8348,8349,115.075705,0.512724
8349,8350,115.089488,0.405408
8350,8351,115.103271,0.414375
8351,8352,115.117054,0.451192
8352,8353,115.130837,0.346921
8353,8354,115.144620,0.397899
8354,8355,115.158404,0.402580
8355,8356,115.172187,0.492082
8356,8357,115.185970,0.473150
8357,8358,115.199753,0.435341
8358,8359,115.213536,0.477529
8359,8360,115.227319,0.489616
8360,8361,115.241103,0.428119
8361,8362,115.254886,0.430717
8362,8363,115.268669,0.510853
8363,8364,115.282452,0.501293
8364,8365,115.296235,0.381729
8365,8366,115.310019,0.429985
8366,8367,115.323802,0.420215
8367,8368,115.337585,0.478890
8368,8369,115.351368,0.359034
8369,8370,115.365151,0.413267
8370,8371,115.378934,0.446716
8371,8372,115.392718,0.433610
8372,8373,115.406501,0.376352
8373,8374,115.420284,0.423375
8374,8375,115.434067,0.450663
8375,8376,115.447850,0.491400
8376,8377,115.461633,0.455208
8377,8378,115.475417,0.409131
8378,8379,115.489200,0.478746
8379,8380,115.502983,0.451456
8380,8381,115.516766,0.466337
8381,8382,115.530549,0.400307
8382,8383,115.544332,0.499513
8383,8384,115.558116,0.506716
8384,8385,115.571899,0.437193
8385,8386,115.585682,0.460889
8386,8387,115.599465,0.370440
8387,8388,115.613248,0.396108
8388,8389,115.627031,0.472606
8389,8390,115.640815,0.449898
8390,8391,115.654598,0.492604
8391,8392,115.668381,0.492074
8392,8393,115.682164,0.446907
8393,8394,115.695947,0.429108
8394,8395,115.709731,0.444993
8395,8396,115.723514,0.391730
8396,8397,115.737297,0.440334
8397,8398,115.751080,0.438863
8398,8399,115.764863,0.440087
8399,8400,115.778646,0.456383
8400,8401,115.792430,0.472526
8401,8402,115.806213,0.460857
8402,8403,115.819996,0.384732
8403,8404,115.833779,0.360730
8404,8405,115.847562,0.552312
8405,8406,115.861345,0.378560
8406,8407,115.875129,0.445031
8407,8408,115.888912,0.399199
8408,8409,115.902695,0.481604
8409,8410,115.916478,0.431196
8410,8411,115.930261,0.510230
8411,8412,115.944044,0.458944
8412,8413,115.957828,0.437861
8413,8414,115.971611,0.466865
8414,8415,115.985394,0.474554
8415,8416,115.999177,0.472933
8416,8417,116.012960,0.431320
8417,8418,116.026743,0.451889
8418,8419,116.040527,0.448604
8419,8420,116.054310,0.506882
8420,8421,116.068093,0.465451
8421,8422,116.081876,0.524960
8422,8423,116.095659,0.414439
8423,8424,116.109443,0.461179
8424,8425,116.123226,0.580378
8425,8426,116.137009,0.490761
8426,8427,116.150792,0.372081
8427,8428,116.164575,0.499419
8428,8429,116.178358,0.478965
8429,8430,116.192142,0.440687
8430,8431,116.205925,0.444857
8431,8432,116.219708,0.468744
8432,8433,116.233491,0.360435
8433,8434,116.247274,0.433986
8434,8435,116.261057,0.406221
8435,8436,116.274841,0.428196
8436,8437,116.288624,0.473207
8437,8438,116.302407,0.503823
8438,8439,116.316190,0.392787
8439,8440,116.329973,0.496149
8440,8441,116.343756,0.456939
8441,8442,116.357540,0.425500
8442,8443,116.371323,0.446986
8443,8444,116.385106,0.482144
8444,8445,116.398889,0.477392
8445,8446,116.412672,0.432417
8446,8447,116.426455,0.467976
8447,8448,116.440239,0.387223
8448,8449,116.454022,0.432581
8449,8450,116.467805,0.452691
8450,8451,116.481588,0.420839
8451,8452,116.495371,0.376324
8452,8453,116.509154,0.489992
8453,8454,116.522938,0.452283
8454,8455,116.536721,0.485735
8455,8456,116.550504,0.431098
8456,8457,116.564287,0.503215
8457,8458,116.578070,0.413723
8458,8459,116.591854,0.513944
8459,8460,116.605637,0.489307
8460,8461,116.619420,0.418363
8461,8462,116.633203,0.470466
8462,8463,116.646986,0.388424
8463,8464,116.660769,0.452399
8464,8465,116.674553,0.427516
8465,8466,116.688336,0.496425
8466,8467,116.702119,0.425431
8467,8468,116.715902,0.472166
8468,8469,116.729685,0.423210
8469,8470,116.743468,0.463044
8470,8471,116.757252,0.434221
8471,8472,116.771035,0.463243
8472,8473,116.784818,0.485116
8473,8474,116.798601,0.437072
8474,8475,116.812384,0.431446
8475,8476,116.826167,0.441072
8476,8477,116.839951,0.499302
8477,8478,116.853734,0.380726
8478,8479,116.867517,0.415859
8479,8480,116.881300,0.421385
8480,8481,116.895083,0.434973
8481,8482,116.908866,0.467008
8482,8483,116.922650,0.463498
8483,8484,116.936433,0.383481
8484,8485,116.950216,0.457399
8485,8486,116.963999,0.441760
8486,8487,116.977782,0.383632
8487,8488,116.991566,0.455326
8488,8489,117.005349,0.383480
8489,8490,117.019132,0.440694
8490,8491,117.032915,0.400290
8491,8492,117.046698,0.430155
8492,8493,117.060481,0.457149
8493,8494,117.074265,0.410823
8494,8495,117.088048,0.419304
8495,8496,117.101831,0.378052
8496,8497,117.115614,0.406028
8497,8498,117.129397,0.414390
8498,8499,117.143180,0.423860
8499,8500,117.156964,0.453159
8500,8501,117.170747,0.479188
8501,8502,117.184530,0.377095
8502,8503,117.198313,0.409655
8503,8504,117.212096,0.440745
8504,8505,117.225879,0.459852
8505,8506,117.239663,0.439407
8506,8507,117.253446,0.421159
8507,8508,117.267229,0.484002
8508,8509,117.281012,0.419860
8509,8510,117.294795,0.516801
8510,8511,117.308578,0.389981
8511,8512,117.322362,0.520815
8512,8513,117.336145,0.477457
8513,8514,117.349928,0.434660
8514,8515,117.363711,0.462742
8515,8516,117.377494,0.424427
8516,8517,117.391278,0.421015
8517,8518,117.405061,0.407925
8518,8519,117.418844,0.417119
8519,8520,117.432627,0.413939
8520,8521,117.446410,0.448479
8521,8522,117.460193,0.485847
8522,8523,117.473977,0.415962
8523,8524,117.487760,0.465293
8524,8525,117.501543,0.425951
8525,8526,117.515326,0.437160
8526,8527,117.529109,0.457023
8527,8528,117.542892,0.462338
8528,8529,117.556676,0.427510
8529,8530,117.570459,0.386270
8530,8531,117.584242,0.478049
8531,8532,117.598025,0.439546
8532,8533,117.611808,0.422950
8533,8534,117.625591,0.513798
8534,8535,117.639375,0.424783
8535,8536,117.653158,0.432896
8536,8537,117.666941,0.411728
8537,8538,117.680724,0.460159
8538,8539,117.694507,0.393186
8539,8540,117.708290,0.390944
8540,8541,117.722074,0.404789
8541,8542,117.735857,0.489768
8542,8543,117.749640,0.410974
8543,8544,117.763423,0.436585
8544,8545,117.777206,0.370568
8545,8546,117.790990,0.378357
8546,8547,117.804773,0.401051
8547,8548,117.818556,0.389910
8548,8549,117.832339,0.472898
8549,8550,117.846122,0.468552
8550,8551,117.859905,0.441461
8551,8552,117.873689,0.442127
8552,8553,117.887472,0.394734
8553,8554,117.901255,0.459473
8554,8555,117.915038,0.454794
8555,8556,117.928821,0.480202
8556,8557,117.942604,0.490672
8557,8558,117.956388,0.428116
8558,8559,117.970171,0.533437
8559,8560,117.983954,0.414439
8560,8561,117.997737,0.450016
8561,8562,118.011520,0.469874
8562,8563,118.025303,0.373434
8563,8564,118.039087,0.511508
8564,8565,118.052870,0.409136
8565,8566,118.066653,0.449431
8566,8567,118.080436,0.428636
8567,8568,118.094219,0.524733
8568,8569,118.108002,0.545401
8569,8570,118.121786,0.451440
8570,8571,118.135569,0.426389
8571,8572,118.149352,0.448310
8572,8573,118.163135,0.442868
8573,8574,118.176918,0.425236
8574,8575,118.190702,0.413378
8575,8576,118.204485,0.414855
8576,8577,118.218268,0.420295
8577,8578,118.232051,0.468587
8578,8579,118.245834,0.486693
8579,8580,118.259617,0.358820
8580,8581,118.273401,0.478675
8581,8582,118.287184,0.449270
8582,8583,118.300967,0.535294
8583,8584,118.314750,0.474961
8584,8585,118.328533,0.420928
8585,8586,118.342316,0.431325
8586,8587,118.356100,0.458195
8587,8588,118.369883,0.494250
8588,8589,118.383666,0.380259
8589,8590,118.397449,0.459105
8590,8591,118.411232,0.424751
8591,8592,118.425015,0.478138
8592,8593,118.438799,0.438691
8593,8594,118.452582,0.465241
8594,8595,118.466365,0.427234
8595,8596,118.480148,0.487439
8596,8597,118.493931,0.402623
8597,8598,118.507714,0.394666
8598,8599,118.521498,0.468388
8599,8600,118.535281,0.423928
8600,8601,118.549064,0.467701
8601,8602,118.562847,0.496135
8602,8603,118.576630,0.441088
8603,8604,118.590413,0.412587
8604,8605,118.604197,0.424540
8605,8606,118.617980,0.472418
8606,8607,118.631763,0.532712
8607,8608,118.645546,0.414801
8608,8609,118.659329,0.576534
8609,8610,118.673113,0.392187
8610,8611,118.686896,0.387829
8611,8612,118.700679,0.577303
8612,8613,118.714462,0.436070
8613,8614,118.728245,0.425067
8614,8615,118.742028,0.476940
8615,8616,118.755812,0.471328
8616,8617,118.769595,0.432194
8617,8618,118.783378,0.455032
8618,8619,118.797161,0.424518
8619,8620,118.810944,0.503883
8620,8621,118.824727,0.390127
8621,8622,118.838511,0.499891
8622,8623,118.852294,0.374743
8623,8624,118.866077,0.454483
8624,8625,118.879860,0.484918
8625,8626,118.893643,0.401831
8626,8627,118.907426,0.364537
8627,8628,118.921210,0.462638
8628,8629,118.934993,0.427054
8629,8630,118.948776,0.392103
8630,8631,118.962559,0.449654
8631,8632,118.976342,0.433975
8632,8633,118.990125,0.586716
8633,8634,119.003909,0.451680
8634,8635,119.017692,0.398053
8635,8636,119.031475,0.490466
8636,8637,119.045258,0.398652
8637,8638,119.059041,0.461205
8638,8639,119.072825,0.341502
8639,8640,119.086608,0.456885
8640,8641,119.100391,0.446540
8641,8642,119.114174,0.468350
8642,8643,119.127957,0.435797
8643,8644,119.141740,0.515206
8644,8645,119.155524,0.402002
8645,8646,119.169307,0.426237
8646,8647,119.183090,0.513486
8647,8648,119.196873,0.433552
8648,8649,119.210656,0.444134
8649,8650,119.224439,0.467616
8650,8651,119.238223,0.467898
8651,8652,119.252006,0.529026
8652,8653,119.265789,0.473729
8653,8654,119.279572,0.472445
8654,8655,119.293355,0.400641
8655,8656,119.307138,0.396252
8656,8657,119.320922,0.462753
8657,8658,119.334705,0.506598
8658,8659,119.348488,0.509816
8659,8660,119.362271,0.452065
8660,8661,119.376054,0.524221
8661,8662,119.389837,0.441634
8662,8663,119.403621,0.387690
8663,8664,119.417404,0.395906
8664,8665,119.431187,0.383885
8665,8666,119.444970,0.464788
8666,8667,119.458753,0.509295
8667,8668,119.472537,0.468600
8668,8669,119.486320,0.401266
8669,8670,119.500103,0.445941
8670,8671,119.513886,0.378300
8671,8672,119.527669,0.540980
8672,8673,119.541452,0.446275
8673,8674,119.555236,0.436683
8674,8675,119.569019,0.418977
8675,8676,119.582802,0.444540
8676,8677,119.596585,0.456781
8677,8678,119.610368,0.452599
8678,8679,119.624151,0.347454
8679,8680,119.637935,0.436082
8680,8681,119.651718,0.468972
8681,8682,119.665501,0.421551
8682,8683,119.679284,0.412139
8683,8684,119.693067,0.405381
8684,8685,119.706850,0.446917
8685,8686,119.720634,0.380483
8686,8687,119.734417,0.496855
8687,8688,119.748200,0.524504
8688,8689,119.761983,0.490870
8689,8690,119.775766,0.483751
8690,8691,119.789549,0.441222
8691,8692,119.803333,0.484476
8692,8693,119.817116,0.397186
8693,8694,119.830899,0.411153
8694,8695,119.844682,0.445076
8695,8696,119.858465,0.443907
8696,8697,119.872249,0.437641
8697,8698,119.886032,0.495490
8698,8699,119.899815,0.493069
8699,8700,119.913598,0.452424
8700,8701,119.927381,0.422461
8701,8702,119.941164,0.436080
8702,8703,119.954948,0.433223
8703,8704,119.968731,0.414019
8704,8705,119.982514,0.398433
8705,8706,119.996297,0.461729
8706,8707,120.010080,0.409380
8707,8708,120.023863,0.401915
8708,8709,120.037647,0.448768
8709,8710,120.051430,0.372938
8710,8711,120.065213,0.441281
8711,8712,120.078996,0.413080
8712,8713,120.092779,0.394774
8713,8714,120.106562,0.385196
8714,8715,120.120346,0.460556
8715,8716,120.134129,0.468265
8716,8717,120.147912,0.380577
8717,8718,120.161695,0.407145
8718,8719,120.175478,0.461005
8719,8720,120.189261,0.490120
8720,8721,120.203045,0.454760
8721,8722,120.216828,0.463111
8722,8723,120.230611,0.541004
8723,8724,120.244394,0.512059
8724,8725,120.258177,0.462633
8725,8726,120.271961,0.463674
8726,8727,120.285744,0.426560
8727,8728,120.299527,0.448436
8728,8729,120.313310,0.470285
8729,8730,120.327093,0.449245
8730,8731,120.340876,0.369561
8731,8732,120.354660,0.432158
8732,8733,120.368443,0.442899
8733,8734,120.382226,0.440512
8734,8735,120.396009,0.436095
8735,8736,120.409792,0.417745
8736,8737,120.423575,0.482846
8737,8738,120.437359,0.501359
8738,8739,120.451142,0.427141
8739,8740,120.464925,0.426221
8740,8741,120.478708,0.426294
8741,8742,120.492491,0.426212
8742,8743,120.506274,0.480785
8743,8744,120.520058,0.510405
8744,8745,120.533841,0.469936
8745,8746,120.547624,0.414303
8746,8747,120.561407,0.414988
8747,8748,120.575190,0.454544
8748,8749,120.588973,0.418894
8749,8750,120.602757,0.419087
8750,8751,120.616540,0.444919
8751,8752,120.630323,0.395509
8752,8753,120.644106,0.370368
8753,8754,120.657889,0.418160
8754,8755,120.671672,0.489315
8755,8756,120.685456,0.444141
8756,8757,120.699239,0.507647
8757,8758,120.713022,0.465434
8758,8759,120.726805,0.380607
8759,8760,120.740588,0.526874
8760,8761,120.754372,0.458793
8761,8762,120.768155,0.469595
8762,8763,120.781938,0.508937
8763,8764,120.795721,0.324516
8764,8765,120.809504,0.395376
8765,8766,120.823287,0.409364
8766,8767,120.837071,0.451487
8767,8768,120.850854,0.396211
8768,8769,120.864637,0.452236
8769,8770,120.878420,0.378505
8770,8771,120.892203,0.448681
8771,8772,120.905986,0.447221
8772,8773,120.919770,0.461748
8773,8774,120.933553,0.410469
8774,8775,120.947336,0.477417
8775,8776,120.961119,0.477312
8776,8777,120.974902,0.527127
8777,8778,120.988685,0.411047
8778,8779,121.002469,0.380247
8779,8780,121.016252,0.403058
8780,8781,121.030035,0.387960
8781,8782,121.043818,0.469382
8782,8783,121.057601,0.385698
8783,8784,121.071384,0.452049
8784,8785,121.085168,0.392896
8785,8786,121.098951,0.415654
8786,8787,121.112734,0.483553
8787,8788,121.126517,0.413687
8788,8789,121.140300,0.393226
8789,8790,121.154084,0.335829
8790,8791,121.167867,0.469595
8791,8792,121.181650,0.452510
8792,8793,121.195433,0.406229
8793,8794,121.209216,0.415721
8794,8795,121.222999,0.477522
8795,8796,121.236783,0.457640
8796,8797,121.250566,0.499709
8797,8798,121.264349,0.456290
8798,8799,121.278132,0.358072
8799,8800,121.291915,0.428086
8800,8801,121.305698,0.486876
8801,8802,121.319482,0.404627
8802,8803,121.333265,0.507643
8803,8804,121.347048,0.443464
8804,8805,121.360831,0.426611
8805,8806,121.374614,0.409951
8806,8807,121.388397,0.497400
8807,8808,121.402181,0.524657
8808,8809,121.415964,0.441383
8809,8810,121.429747,0.458654
8810,8811,121.443530,0.474720
8811,8812,121.457313,0.463835
8812,8813,121.471096,0.413899
8813,8814,121.484880,0.486252
8814,8815,121.498663,0.442093
8815,8816,121.512446,0.401305
8816,8817,121.526229,0.576829
8817,8818,121.540012,0.382314
8818,8819,121.553796,0.519695
8819,8820,121.567579,0.430039
8820,8821,121.581362,0.470112
8821,8822,121.595145,0.513850
8822,8823,121.608928,0.396099
8823,8824,121.622711,0.445110
8824,8825,121.636495,0.391360
8825,8826,121.650278,0.419342
8826,8827,121.664061,0.442425
8827,8828,121.677844,0.515385
8828,8829,121.691627,0.436098
8829,8830,121.705410,0.399715
8830,8831,121.719194,0.468958
8831,8832,121.732977,0.480405
8832,8833,121.746760,0.419602
8833,8834,121.760543,0.462751
8834,8835,121.774326,0.541933
8835,8836,121.788109,0.500563
8836,8837,121.801893,0.505776
8837,8838,121.815676,0.444321
8838,8839,121.829459,0.475349
8839,8840,121.843242,0.449389
8840,8841,121.857025,0.475382
8841,8842,121.870808,0.494643
8842,8843,121.884592,0.452961
8843,8844,121.898375,0.439049
8844,8845,121.912158,0.448977
8845,8846,121.925941,0.362931
8846,8847,121.939724,0.452470
8847,8848,121.953508,0.498673
8848,8849,121.967291,0.430423
8849,8850,121.981074,0.426531
8850,8851,121.994857,0.413992
8851,8852,122.008640,0.443102
8852,8853,122.022423,0.491336
8853,8854,122.036207,0.459323
8854,8855,122.049990,0.410267
8855,8856,122.063773,0.417939
8856,8857,122.077556,0.485964
8857,8858,122.091339,0.415587
8858,8859,122.105122,0.413924
8859,8860,122.118906,0.518736
8860,8861,122.132689,0.517735
8861,8862,122.146472,0.587304
8862,8863,122.160255,0.462998
8863,8864,122.174038,0.369163
8864,8865,122.187821,0.436508
8865,8866,122.201605,0.433510
8866,8867,122.215388,0.419025
8867,8868,122.229171,0.440672
8868,8869,122.242954,0.397645
8869,8870,122.256737,0.525449
8870,8871,122.270520,0.422226
8871,8872,122.284304,0.428574
8872,8873,122.298087,0.450851
8873,8874,122.311870,0.435253
8874,8875,122.325653,0.437345
8875,8876,122.339436,0.456573
8876,8877,122.353220,0.418157
8877,8878,122.367003,0.452537
8878,8879,122.380786,0.472019
8879,8880,122.394569,0.455375
8880,8881,122.408352,0.512087
8881,8882,122.422135,0.431739
8882,8883,122.435919,0.414801
8883,8884,122.449702,0.485987
8884,8885,122.463485,0.369712
8885,8886,122.477268,0.415331
8886,8887,122.491051,0.388797
8887,8888,122.504834,0.388747
8888,8889,122.518618,0.478504
8889,8890,122.532401,0.393004
8890,8891,122.546184,0.419424
8891,8892,122.559967,0.429604
8892,8893,122.573750,0.492040
8893,8894,122.587533,0.402613
8894,8895,122.601317,0.491737
8895,8896,122.615100,0.405504
8896,8897,122.628883,0.348923
8897,8898,122.642666,0.449785
8898,8899,122.656449,0.445571
8899,8900,122.670232,0.497512
8900,8901,122.684016,0.480509
8901,8902,122.697799,0.439103
8902,8903,122.711582,0.425699
8903,8904,122.725365,0.383864
8904,8905,122.739148,0.461982
8905,8906,122.752931,0.438880
8906,8907,122.766715,0.450795
8907,8908,122.780498,0.445289
8908,8909,122.794281,0.534839
8909,8910,122.808064,0.395040
8910,8911,122.821847,0.457711
8911,8912,122.835631,0.438078
8912,8913,122.849414,0.415667
8913,8914,122.863197,0.453198
8914,8915,122.876980,0.411944
8915,8916,122.890763,0.355122
8916,8917,122.904546,0.388182
8917,8918,122.918330,0.357763
8918,8919,122.932113,0.477850
8919,8920,122.945896,0.421123
8920,8921,122.959679,0.401326
8921,8922,122.973462,0.438250
8922,8923,122.987245,0.431078
8923,8924,123.001029,0.594482
8924,8925,123.014812,0.438038
8925,8926,123.028595,0.454994
8926,8927,123.042378,0.521951
8927,8928,123.056161,0.460592
8928,8929,123.069944,0.423525
8929,8930,123.083728,0.473273
8930,8931,123.097511,0.458006
8931,8932,123.111294,0.488256
8932,8933,123.125077,0.503790
8933,8934,123.138860,0.450588
8934,8935,123.152643,0.468564
8935,8936,123.166427,0.423574
8936,8937,123.180210,0.435117
8937,8938,123.193993,0.426284
8938,8939,123.207776,0.465195
8939,8940,123.221559,0.502698
8940,8941,123.235343,0.446834
8941,8942,123.249126,0.466984
8942,8943,123.262909,0.430775
8943,8944,123.276692,0.485280
8944,8945,123.290475,0.343899
8945,8946,123.304258,0.438738
8946,8947,123.318042,0.470076
8947,8948,123.331825,0.402598
8948,8949,123.345608,0.491525
8949,8950,123.359391,0.440252
8950,8951,123.373174,0.424403
8951,8952,123.386957,0.470381
8952,8953,123.400741,0.349611
8953,8954,123.414524,0.447618
8954,8955,123.428307,0.400173
8955,8956,123.442090,0.508168
8956,8957,123.455873,0.392734
8957,8958,123.469656,0.428337
8958,8959,123.483440,0.422530
8959,8960,123.497223,0.420319
8960,8961,123.511006,0.450147
8961,8962,123.524789,0.439535
8962,8963,123.538572,0.460508
8963,8964,123.552355,0.418016
8964,8965,123.566139,0.454289
8965,8966,123.579922,0.418892
8966,8967,123.593705,0.462502
8967,8968,123.607488,0.429472
8968,8969,123.621271,0.432788
8969,8970,123.635055,0.435311
8970,8971,123.648838,0.413903
8971,8972,123.662621,0.409231
8972,8973,123.676404,0.381274
8973,8974,123.690187,0.478532
8974,8975,123.703970,0.414170
8975,8976,123.717754,0.423833
8976,8977,123.731537,0.443506
8977,8978,123.745320,0.418881
8978,8979,123.759103,0.413134
8979,8980,123.772886,0.441707
8980,8981,123.786669,0.453938
8981,8982,123.800453,0.379751
8982,8983,123.814236,0.433995
8983,8984,123.828019,0.456925
8984,8985,123.841802,0.420944
8985,8986,123.855585,0.448914
8986,8987,123.869368,0.444244
8987,8988,123.883152,0.454348
8988,8989,123.896935,0.506001
8989,8990,123.910718,0.459122
8990,8991,123.924501,0.371683
8991,8992,123.938284,0.394617
8992,8993,123.952067,0.450293
8993,8994,123.965851,0.443889
8994,8995,123.979634,0.396881
8995,8996,123.993417,0.440330
8996,8997,124.007200,0.451639
8997,8998,124.020983,0.415012
8998,8999,124.034767,0.483742
8999,9000,124.048550,0.463521
9000,9001,124.062333,0.452284
9001,9002,124.076116,0.439893
9002,9003,124.089899,0.470297
9003,9004,124.103682,0.448893
9004,9005,124.117466,0.450409
9005,9006,124.131249,0.431870
9006,9007,124.145032,0.460129
9007,9008,124.158815,0.469734
9008,9009,124.172598,0.500185
9009,9010,124.186381,0.487432
9010,9011,124.200165,0.499761
9011,9012,124.213948,0.436529
9012,9013,124.227731,0.410043
9013,9014,124.241514,0.395939
9014,9015,124.255297,0.466584
9015,9016,124.269080,0.487643
9016,9017,124.282864,0.436054
9017,9018,124.296647,0.444170
9018,9019,124.310430,0.425813
9019,9020,124.324213,0.457157
9020,9021,124.337996,0.445735
9021,9022,124.351779,0.410538
9022,9023,124.365563,0.458146
9023,9024,124.379346,0.402789
9024,9025,124.393129,0.486941
9025,9026,124.406912,0.406621
9026,9027,124.420695,0.496683
9027,9028,124.434479,0.444700
9028,9029,124.448262,0.515553
9029,9030,124.462045,0.487949
9030,9031,124.475828,0.448245
9031,9032,124.489611,0.397478
9032,9033,124.503394,0.383502
9033,9034,124.517178,0.508556
9034,9035,124.530961,0.431588
9035,9036,124.544744,0.403286
9036,9037,124.558527,0.511802
9037,9038,124.572310,0.381345
9038,9039,124.586093,0.447187
9039,9040,124.599877,0.484834
9040,9041,124.613660,0.511721
9041,9042,124.627443,0.443145
9042,9043,124.641226,0.486877
9043,9044,124.655009,0.449492
9044,9045,124.668792,0.382890
9045,9046,124.682576,0.422678
9046,9047,124.696359,0.434314
9047,9048,124.710142,0.403009
9048,9049,124.723925,0.396680
9049,9050,124.737708,0.463425
9050,9051,124.751491,0.356665
9051,9052,124.765275,0.464075
9052,9053,124.779058,0.504763
9053,9054,124.792841,0.437194
9054,9055,124.806624,0.439627
9055,9056,124.820407,0.378734
9056,9057,124.834190,0.456725
9057,9058,124.847974,0.429142
9058,9059,124.861757,0.478081
9059,9060,124.875540,0.434298
9060,9061,124.889323,0.433176
9061,9062,124.903106,0.499482
9062,9063,124.916890,0.365645
9063,9064,124.930673,0.427408
9064,9065,124.944456,0.412198
9065,9066,124.958239,0.422413
9066,9067,124.972022,0.466258
9067,9068,124.985805,0.374676
9068,9069,124.999589,0.468959
9069,9070,125.013372,0.449701
9070,9071,125.027155,0.442933
9071,9072,125.040938,0.467999
9072,9073,125.054721,0.481040
9073,9074,125.068504,0.485568
9074,9075,125.082288,0.413655
9075,9076,125.096071,0.438725
9076,9077,125.109854,0.441134
9077,9078,125.123637,0.401849
9078,9079,125.137420,0.385810
9079,9080,125.151203,0.421734
9080,9081,125.164987,0.503093
9081,9082,125.178770,0.400803
9082,9083,125.192553,0.497305
9083,9084,125.206336,0.404512
9084,9085,125.220119,0.419435
9085,9086,125.233902,0.449539
9086,9087,125.247686,0.428014
9087,9088,125.261469,0.400418
9088,9089,125.275252,0.445265
9089,9090,125.289035,0.422813
9090,9091,125.302818,0.447307
9091,9092,125.316602,0.508594
9092,9093,125.330385,0.458591
9093,9094,125.344168,0.461381
9094,9095,125.357951,0.376680
9095,9096,125.371734,0.396252
9096,9097,125.385517,0.391956
9097,9098,125.399301,0.406297
9098,9099,125.413084,0.495620
9099,9100,125.426867,0.420388
9100,9101,125.440650,0.383672
9101,9102,125.454433,0.428768
9102,9103,125.468216,0.480952
9103,9104,125.482000,0.451771
9104,9105,125.495783,0.508619
9105,9106,125.509566,0.443125
9106,9107,125.523349,0.500219
9107,9108,125.537132,0.400773
9108,9109,125.550915,0.442963
9109,9110,125.564699,0.404651
9110,9111,125.578482,0.415625
9111,9112,125.592265,0.393759
9112,9113,125.606048,0.436073
9113,9114,125.619831,0.495543
9114,9115,125.633614,0.358600
9115,9116,125.647398,0.455022
9116,9117,125.661181,0.391366
9117,9118,125.674964,0.393307
9118,9119,125.688747,0.382060
9119,9120,125.702530,0.422138
9120,9121,125.716314,0.441139
9121,9122,125.730097,0.506434
9122,9123,125.743880,0.494405
9123,9124,125.757663,0.442878
9124,9125,125.771446,0.472387
9125,9126,125.785229,0.379529
9126,9127,125.799013,0.439113
9127,9128,125.812796,0.458151
9128,9129,125.826579,0.448730
9129,9130,125.840362,0.467375
9130,9131,125.854145,0.421793
9131,9132,125.867928,0.446290
9132,9133,125.881712,0.422228
9133,9134,125.895495,0.382898
9134,9135,125.909278,0.395742
9135,9136,125.923061,0.409815
9136,9137,125.936844,0.430507
9137,9138,125.950627,0.488596
9138,9139,125.964411,0.427499
9139,9140,125.978194,0.405679
9140,9141,125.991977,0.499461
9141,9142,126.005760,0.420947
9142,9143,126.019543,0.440187
9143,9144,126.033326,0.441466
9144,9145,126.047110,0.476371
9145,9146,126.060893,0.366433
9146,9147,126.074676,0.461142
9147,9148,126.088459,0.409022
9148,9149,126.102242,0.503861
9149,9150,126.116026,0.356018
9150,9151,126.129809,0.400126
9151,9152,126.143592,0.384280
9152,9153,126.157375,0.446705
9153,9154,126.171158,0.394372
9154,9155,126.184941,0.449903
9155,9156,126.198725,0.453252
9156,9157,126.212508,0.524227
9157,9158,126.226291,0.486957
9158,9159,126.240074,0.519080
9159,9160,126.253857,0.346204
9160,9161,126.267640,0.457384
9161,9162,126.281424,0.382126
9162,9163,126.295207,0.437545
9163,9164,126.308990,0.485458
9164,9165,126.322773,0.450070
9165,9166,126.336556,0.357174
9166,9167,126.350339,0.419825
9167,9168,126.364123,0.468526
9168,9169,126.377906,0.455828
9169,9170,126.391689,0.391067
9170,9171,126.405472,0.464440
9171,9172,126.419255,0.434446
9172,9173,126.433038,0.457874
9173,9174,126.446822,0.528271
9174,9175,126.460605,0.525849
9175,9176,126.474388,0.448727
9176,9177,126.488171,0.381267
9177,9178,126.501954,0.453032
9178,9179,126.515738,0.402725
9179,9180,126.529521,0.485465
9180,9181,126.543304,0.418847
9181,9182,126.557087,0.464178
9182,9183,126.570870,0.485203
9183,9184,126.584653,0.437130
9184,9185,126.598437,0.455507
9185,9186,126.612220,0.446466
9186,9187,126.626003,0.467365
9187,9188,126.639786,0.435853
9188,9189,126.653569,0.453658
9189,9190,126.667352,0.462164
9190,9191,126.681136,0.470992
9191,9192,126.694919,0.492490
9192,9193,126.708702,0.428896
9193,9194,126.722485,0.457289
9194,9195,126.736268,0.511712
9195,9196,126.750051,0.433852
9196,9197,126.763835,0.426553
9197,9198,126.777618,0.394467
9198,9199,126.791401,0.466834
9199,9200,126.805184,0.470559
9200,9201,126.818967,0.411011
9201,9202,126.832750,0.424545
9202,9203,126.846534,0.451858
9203,9204,126.860317,0.482773
9204,9205,126.874100,0.468718
9205,9206,126.887883,0.400069
9206,9207,126.901666,0.388686
9207,9208,126.915449,0.460943
9208,9209,126.929233,0.469187
9209,9210,126.943016,0.418040
9210,9211,126.956799,0.408814
9211,9212,126.970582,0.427386
9212,9213,126.984365,0.476420
9213,9214,126.998149,0.455126
9214,9215,127.011932,0.518521
9215,9216,127.025715,0.482645
9216,9217,127.039498,0.453424
9217,9218,127.053281,0.420316
9218,9219,127.067064,0.442523
9219,9220,127.080848,0.530002
9220,9221,127.094631,0.448158
9221,9222,127.108414,0.450291
9222,9223,127.122197,0.440519
9223,9224,127.135980,0.456624
9224,9225,127.149763,0.328175
9225,9226,127.163547,0.418523
9226,9227,127.177330,0.478126
9227,9228,127.191113,0.392694
9228,9229,127.204896,0.477820
9229,9230,127.218679,0.457017
9230,9231,127.232462,0.435629
9231,9232,127.246246,0.452962
9232,9233,127.260029,0.472030
9233,9234,127.273812,0.445531
9234,9235,127.287595,0.418552
9235,9236,127.301378,0.445562
9236,9237,127.315161,0.461309
9237,9238,127.328945,0.467323
9238,9239,127.342728,0.452891
9239,9240,127.356511,0.451658
9240,9241,127.370294,0.385993
9241,9242,127.384077,0.502316
9242,9243,127.397861,0.428365
9243,9244,127.411644,0.418548
9244,9245,127.425427,0.473237
9245,9246,127.439210,0.426716
9246,9247,127.452993,0.413264
9247,9248,127.466776,0.444063
9248,9249,127.480560,0.443503
9249,9250,127.494343,0.475557
9250,9251,127.508126,0.490481
9251,9252,127.521909,0.455584
9252,9253,127.535692,0.371566
9253,9254,127.549475,0.463203
9254,9255,127.563259,0.390278
9255,9256,127.577042,0.460692
9256,9257,127.590825,0.462601
9257,9258,127.604608,0.394073
9258,9259,127.618391,0.445287
9259,9260,127.632174,0.508061
9260,9261,127.645958,0.491929
9261,9262,127.659741,0.430229
9262,9263,127.673524,0.430824
9263,9264,127.687307,0.449504
9264,9265,127.701090,0.443871
9265,9266,127.714873,0.420229
9266,9267,127.728657,0.485380
9267,9268,127.742440,0.474386
9268,9269,127.756223,0.453223
9269,9270,127.770006,0.455978
9270,9271,127.783789,0.434448
9271,9272,127.797573,0.539070
9272,9273,127.811356,0.439065
9273,9274,127.825139,0.495853
9274,9275,127.838922,0.488983
9275,9276,127.852705,0.422627
9276,9277,127.866488,0.488883
9277,9278,127.880272,0.428252
9278,9279,127.894055,0.438703
9279,9280,127.907838,0.434596
9280,9281,127.921621,0.444945
9281,9282,127.935404,0.481176
9282,9283,127.949187,0.491056
9283,9284,127.962971,0.385855
9284,9285,127.976754,0.494995
9285,9286,127.990537,0.507073
9286,9287,128.004320,0.489357
9287,9288,128.018103,0.373569
9288,9289,128.031886,0.385469
9289,9290,128.045670,0.532021
9290,9291,128.059453,0.544310
9291,9292,128.073236,0.427421
9292,9293,128.087019,0.493817
9293,9294,128.100802,0.395770
9294,9295,128.114585,0.454036
9295,9296,128.128369,0.394357
9296,9297,128.142152,0.408650
9297,9298,128.155935,0.393831
9298,9299,128.169718,0.386931
9299,9300,128.183501,0.464448
9300,9301,128.197285,0.478905
9301,9302,128.211068,0.426441
9302,9303,128.224851,0.490244
9303,9304,128.238634,0.440889
9304,9305,128.252417,0.510398
9305,9306,128.266200,0.476690
9306,9307,128.279984,0.544833
9307,9308,128.293767,0.417933
9308,9309,128.307550,0.418689
9309,9310,128.321333,0.502615
9310,9311,128.335116,0.465665
9311,9312,128.348899,0.476464
9312,9313,128.362683,0.448863
9313,9314,128.376466,0.366492
9314,9315,128.390249,0.468287
9315,9316,128.404032,0.461818
9316,9317,128.417815,0.491880
9317,9318,128.431598,0.429390
9318,9319,128.445382,0.469822
9319,9320,128.459165,0.488050
9320,9321,128.472948,0.419416
9321,9322,128.486731,0.415008
9322,9323,128.500514,0.454343
9323,9324,128.514297,0.462612
9324,9325,128.528081,0.425861
9325,9326,128.541864,0.500040
9326,9327,128.555647,0.344612
9327,9328,128.569430,0.400745
9328,9329,128.583213,0.424746
9329,9330,128.596997,0.442629
9330,9331,128.610780,0.446290
9331,9332,128.624563,0.442840
9332,9333,128.638346,0.418477
9333,9334,128.652129,0.428447
9334,9335,128.665912,0.408687
9335,9336,128.679696,0.479477
9336,9337,128.693479,0.394056
9337,9338,128.707262,0.488341
9338,9339,128.721045,0.433392
9339,9340,128.734828,0.461810
9340,9341,128.748611,0.474848
9341,9342,128.762395,0.448057
9342,9343,128.776178,0.411039
9343,9344,128.789961,0.414799
9344,9345,128.803744,0.484815
9345,9346,128.817527,0.438958
9346,9347,128.831310,0.399826
9347,9348,128.845094,0.428944
9348,9349,128.858877,0.443128
9349,9350,128.872660,0.430739
9350,9351,128.886443,0.371256
9351,9352,128.900226,0.478898
9352,9353,128.914009,0.456254
9353,9354,128.927793,0.456970
9354,9355,128.941576,0.501139
9355,9356,128.955359,0.423345
9356,9357,128.969142,0.475038
9357,9358,128.982925,0.489153
9358,9359,128.996708,0.449874
9359,9360,129.010492,0.427129
9360,9361,129.024275,0.415138
9361,9362,129.038058,0.386713
9362,9363,129.051841,0.383453
9363,9364,129.065624,0.402947
9364,9365,129.079408,0.453892
9365,9366,129.093191,0.408765
9366,9367,129.106974,0.465658
9367,9368,129.120757,0.461289
9368,9369,129.134540,0.443323
9369,9370,129.148323,0.364454
9370,9371,129.162107,0.457321
9371,9372,129.175890,0.410770
9372,9373,129.189673,0.477255
9373,9374,129.203456,0.418521
9374,9375,129.217239,0.396480
9375,9376,129.231022,0.431568
9376,9377,129.244806,0.422875
9377,9378,129.258589,0.510393
9378,9379,129.272372,0.441015
9379,9380,129.286155,0.470456
9380,9381,129.299938,0.478380
9381,9382,129.313721,0.399244
9382,9383,129.327505,0.393478
9383,9384,129.341288,0.447911
9384,9385,129.355071,0.501289
9385,9386,129.368854,0.461404
9386,9387,129.382637,0.461333
9387,9388,129.396420,0.400059
9388,9389,129.410204,0.485160
9389,9390,129.423987,0.456896
9390,9391,129.437770,0.475131
9391,9392,129.451553,0.483157
9392,9393,129.465336,0.496192
9393,9394,129.479120,0.425881
9394,9395,129.492903,0.399475
9395,9396,129.506686,0.368601
9396,9397,129.520469,0.383967
9397,9398,129.534252,0.449596
9398,9399,129.548035,0.495862
9399,9400,129.561819,0.517202
9400,9401,129.575602,0.461123
9401,9402,129.589385,0.452781
9402,9403,129.603168,0.357874
9403,9404,129.616951,0.436611
9404,9405,129.630734,0.451266
9405,9406,129.644518,0.446598
9406,9407,129.658301,0.430000
9407,9408,129.672084,0.391043
9408,9409,129.685867,0.442248
9409,9410,129.699650,0.473458
9410,9411,129.713433,0.448718
9411,9412,129.727217,0.450506
9412,9413,129.741000,0.447605
9413,9414,129.754783,0.422342
9414,9415,129.768566,0.467023
9415,9416,129.782349,0.480930
9416,9417,129.796132,0.474505
9417,9418,129.809916,0.477322
9418,9419,129.823699,0.438121
9419,9420,129.837482,0.387682
9420,9421,129.851265,0.503567
9421,9422,129.865048,0.428471
9422,9423,129.878832,0.508340
9423,9424,129.892615,0.408824
9424,9425,129.906398,0.392091
9425,9426,129.920181,0.415261
9426,9427,129.933964,0.416750
9427,9428,129.947747,0.448082
9428,9429,129.961531,0.465016
9429,9430,129.975314,0.483468
9430,9431,129.989097,0.498039
9431,9432,130.002880,0.429234
9432,9433,130.016663,0.384205
9433,9434,130.030446,0.424068
9434,9435,130.044230,0.410069
9435,9436,130.058013,0.457292
9436,9437,130.071796,0.441533
9437,9438,130.085579,0.443244
9438,9439,130.099362,0.380049
9439,9440,130.113145,0.467680
9440,9441,130.126929,0.371151
9441,9442,130.140712,0.405354
9442,9443,130.154495,0.438997
9443,9444,130.168278,0.501151
9444,9445,130.182061,0.426747
9445,9446,130.195844,0.382310
9446,9447,130.209628,0.422899
9447,9448,130.223411,0.347693
9448,9449,130.237194,0.488936
9449,9450,130.250977,0.401098
9450,9451,130.264760,0.444523
9451,9452,130.278544,0.486888
9452,9453,130.292327,0.519778
9453,9454,130.306110,0.404971
9454,9455,130.319893,0.416982
9455,9456,130.333676,0.498469
9456,9457,130.347459,0.515890
9457,9458,130.361243,0.428061
9458,9459,130.375026,0.442380
9459,9460,130.388809,0.425547
9460,9461,130.402592,0.410777
9461,9462,130.416375,0.457936
9462,9463,130.430158,0.489559
9463,9464,130.443942,0.527173
9464,9465,130.457725,0.430419
9465,9466,130.471508,0.420878
9466,9467,130.485291,0.446327
9467,9468,130.499074,0.373665
9468,9469,130.512857,0.436836
9469,9470,130.526641,0.499019
9470,9471,130.540424,0.472690
9471,9472,130.554207,0.415979
9472,9473,130.567990,0.466173
9473,9474,130.581773,0.457014
9474,9475,130.595556,0.454211
9475,9476,130.609340,0.437242
9476,9477,130.623123,0.417066
9477,9478,130.636906,0.447161
9478,9479,130.650689,0.471089
9479,9480,130.664472,0.477478
9480,9481,130.678256,0.465404
9481,9482,130.692039,0.463348
9482,9483,130.705822,0.489393
9483,9484,130.719605,0.425046
9484,9485,130.733388,0.510727
9485,9486,130.747171,0.417979
9486,9487,130.760955,0.488082
9487,9488,130.774738,0.395058
9488,9489,130.788521,0.451375
9489,9490,130.802304,0.399992
9490,9491,130.816087,0.404740
9491,9492,130.829870,0.485680
9492,9493,130.843654,0.437548
9493,9494,130.857437,0.458771
9494,9495,130.871220,0.430996
9495,9496,130.885003,0.475323
9496,9497,130.898786,0.500838
9497,9498,130.912569,0.419046
9498,9499,130.926353,0.493305
9499,9500,130.940136,0.494020
9500,9501,130.953919,0.484384
9501,9502,130.967702,0.405004
9502,9503,130.981485,0.431163
9503,9504,130.995268,0.412326
9504,9505,131.009052,0.398991
9505,9506,131.022835,0.466624
9506,9507,131.036618,0.465215
9507,9508,131.050401,0.423350
9508,9509,131.064184,0.452163
9509,9510,131.077967,0.456682
9510,9511,131.091751,0.419303
9511,9512,131.105534,0.471085
9512,9513,131.119317,0.489432
9513,9514,131.133100,0.436481
9514,9515,131.146883,0.450055
9515,9516,131.160667,0.448779
9516,9517,131.174450,0.537709
9517,9518,131.188233,0.415478
9518,9519,131.202016,0.487266
9519,9520,131.215799,0.468194
9520,9521,131.229582,0.445476
9521,9522,131.243366,0.448540
9522,9523,131.257149,0.474836
9523,9524,131.270932,0.528241
9524,9525,131.284715,0.492926
9525,9526,131.298498,0.483888
9526,9527,131.312281,0.493819
9527,9528,131.326065,0.510494
9528,9529,131.339848,0.457783
9529,9530,131.353631,0.407709
9530,9531,131.367414,0.372802
9531,9532,131.381197,0.456778
9532,9533,131.394980,0.478159
9533,9534,131.408764,0.458225
9534,9535,131.422547,0.399035
9535,9536,131.436330,0.436222
9536,9537,131.450113,0.375745
9537,9538,131.463896,0.438260
9538,9539,131.477679,0.431542
9539,9540,131.491463,0.447672
9540,9541,131.505246,0.443703
9541,9542,131.519029,0.457892
9542,9543,131.532812,0.448344
9543,9544,131.546595,0.375397
9544,9545,131.560379,0.430998
9545,9546,131.574162,0.498207
9546,9547,131.587945,0.436372
9547,9548,131.601728,0.471879
9548,9549,131.615511,0.519189
9549,9550,131.629294,0.449436
9550,9551,131.643078,0.450411
9551,9552,131.656861,0.392943
9552,9553,131.670644,0.378090
9553,9554,131.684427,0.393109
9554,9555,131.698210,0.540025
9555,9556,131.711993,0.396182
9556,9557,131.725777,0.416471
9557,9558,131.739560,0.456496
9558,9559,131.753343,0.523794
9559,9560,131.767126,0.407896
9560,9561,131.780909,0.458270
9561,9562,131.794692,0.380844
9562,9563,131.808476,0.492260
9563,9564,131.822259,0.432266
9564,9565,131.836042,0.452522
9565,9566,131.849825,0.498883
9566,9567,131.863608,0.509914
9567,9568,131.877391,0.470687
9568,9569,131.891175,0.395911
9569,9570,131.904958,0.505818
9570,9571,131.918741,0.424516
9571,9572,131.932524,0.438503
9572,9573,131.946307,0.463234
9573,9574,131.960091,0.398630
9574,9575,131.973874,0.377107
9575,9576,131.987657,0.493097
9576,9577,132.001440,0.455730
9577,9578,132.015223,0.455362
9578,9579,132.029006,0.376435
9579,9580,132.042790,0.417754
9580,9581,132.056573,0.395217
9581,9582,132.070356,0.458025
9582,9583,132.084139,0.409100
9583,9584,132.097922,0.482172
9584,9585,132.111705,0.478373
9585,9586,132.125489,0.435724
9586,9587,132.139272,0.418946
9587,9588,132.153055,0.474732
9588,9589,132.166838,0.443234
9589,9590,132.180621,0.458026
9590,9591,132.194404,0.364570
9591,9592,132.208188,0.452148
9592,9593,132.221971,0.449145
9593,9594,132.235754,0.428739
9594,9595,132.249537,0.392668
9595,9596,132.263320,0.421454
9596,9597,132.277103,0.401271
9597,9598,132.290887,0.423701
9598,9599,132.304670,0.467910
9599,9600,132.318453,0.444950
9600,9601,132.332236,0.474345
9601,9602,132.346019,0.422460
9602,9603,132.359803,0.422847
9603,9604,132.373586,0.516930
9604,9605,132.387369,0.370112
9605,9606,132.401152,0.408396
9606,9607,132.414935,0.470504
9607,9608,132.428718,0.381895
9608,9609,132.442502,0.412386
9609,9610,132.456285,0.457527
9610,9611,132.470068,0.430106
9611,9612,132.483851,0.423258
9612,9613,132.497634,0.430796
9613,9614,132.511417,0.380735
9614,9615,132.525201,0.424310
9615,9616,132.538984,0.477561
9616,9617,132.552767,0.329481
9617,9618,132.566550,0.421432
9618,9619,132.580333,0.479971
9619,9620,132.594116,0.479156
9620,9621,132.607900,0.427956
9621,9622,132.621683,0.418400
9622,9623,132.635466,0.432716
9623,9624,132.649249,0.456730
9624,9625,132.663032,0.470147
9625,9626,132.676815,0.445568
9626,9627,132.690599,0.419710
9627,9628,132.704382,0.439533
9628,9629,132.718165,0.452207
9629,9630,132.731948,0.400756
9630,9631,132.745731,0.442147
9631,9632,132.759515,0.434268
9632,9633,132.773298,0.377411
9633,9634,132.787081,0.418534
9634,9635,132.800864,0.401879
9635,9636,132.814647,0.448990
9636,9637,132.828430,0.383375
9637,9638,132.842214,0.411003
9638,9639,132.855997,0.398850
9639,9640,132.869780,0.442727
9640,9641,132.883563,0.456471
9641,9642,132.897346,0.470499
9642,9643,132.911129,0.438492
9643,9644,132.924913,0.357475
9644,9645,132.938696,0.405846
9645,9646,132.952479,0.419197
9646,9647,132.966262,0.396978
9647,9648,132.980045,0.506016
9648,9649,132.993828,0.429452
9649,9650,133.007612,0.386012
9650,9651,133.021395,0.428708
9651,9652,133.035178,0.414940
9652,9653,133.048961,0.433947
9653,9654,133.062744,0.395073
9654,9655,133.076527,0.430701
9655,9656,133.090311,0.452433
9656,9657,133.104094,0.469061
9657,9658,133.117877,0.454916
9658,9659,133.131660,0.488405
9659,9660,133.145443,0.484536
9660,9661,133.159226,0.413552
9661,9662,133.173010,0.480251
9662,9663,133.186793,0.496025
9663,9664,133.200576,0.488113
9664,9665,133.214359,0.448593
9665,9666,133.228142,0.463049
9666,9667,133.241926,0.457931
9667,9668,133.255709,0.493640
9668,9669,133.269492,0.400145
9669,9670,133.283275,0.476261
9670,9671,133.297058,0.372459
9671,9672,133.310841,0.423032
9672,9673,133.324625,0.489271
9673,9674,133.338408,0.436747
9674,9675,133.352191,0.433783
9675,9676,133.365974,0.425425
9676,9677,133.379757,0.418170
9677,9678,133.393540,0.468700
9678,9679,133.407324,0.369242
9679,9680,133.421107,0.453459
9680,9681,133.434890,0.459575
9681,9682,133.448673,0.498003
9682,9683,133.462456,0.436665
9683,9684,133.476239,0.465835
9684,9685,133.490023,0.500565
9685,9686,133.503806,0.499658
9686,9687,133.517589,0.465929
9687,9688,133.531372,0.491638
9688,9689,133.545155,0.431497
9689,9690,133.558938,0.468062
9690,9691,133.572722,0.442168
9691,9692,133.586505,0.463592
9692,9693,133.600288,0.395695
9693,9694,133.614071,0.545547
9694,9695,133.627854,0.501717
9695,9696,133.641638,0.401868
9696,9697,133.655421,0.419943
9697,9698,133.669204,0.405066
9698,9699,133.682987,0.415982
9699,9700,133.696770,0.464689
9700,9701,133.710553,0.426270
9701,9702,133.724337,0.452949
9702,9703,133.738120,0.407804
9703,9704,133.751903,0.410849
9704,9705,133.765686,0.412495
9705,9706,133.779469,0.492328
9706,9707,133.793252,0.496737
9707,9708,133.807036,0.410872
9708,9709,133.820819,0.470512
9709,9710,133.834602,0.407265
9710,9711,133.848385,0.520376
9711,9712,133.862168,0.426116
9712,9713,133.875951,0.449978
9713,9714,133.889735,0.481536
9714,9715,133.903518,0.414281
9715,9716,133.917301,0.415347
9716,9717,133.931084,0.452670
9717,9718,133.944867,0.454766
9718,9719,133.958650,0.483098
9719,9720,133.972434,0.460947
9720,9721,133.986217,0.520001
9721,9722,134.000000,0.436588
9722,9723,134.013783,0.469429
9723,9724,134.027566,0.525947
9724,9725,134.041350,0.452320
9725,9726,134.055133,0.431271
9726,9727,134.068916,0.474404
9727,9728,134.082699,0.372720
9728,9729,134.096482,0.503409
9729,9730,134.110265,0.492039
9730,9731,134.124049,0.421869
9731,9732,134.137832,0.471168
9732,9733,134.151615,0.503339
9733,9734,134.165398,0.439304
9734,9735,134.179181,0.464574
9735,9736,134.192964,0.406805
9736,9737,134.206748,0.368758
9737,9738,134.220531,0.483790
9738,9739,134.234314,0.381959
9739,9740,134.248097,0.504563
9740,9741,134.261880,0.376028
9741,9742,134.275663,0.415923
9742,9743,134.289447,0.410766
9743,9744,134.303230,0.456707
9744,9745,134.317013,0.454334
9745,9746,134.330796,0.527278
9746,9747,134.344579,0.508620
9747,9748,134.358362,0.442761
9748,9749,134.372146,0.445321
9749,9750,134.385929,0.442783
9750,9751,134.399712,0.417433
9751,9752,134.413495,0.498418
9752,9753,134.427278,0.476829
9753,9754,134.441062,0.401029
9754,9755,134.454845,0.431716
9755,9756,134.468628,0.443482
9756,9757,134.482411,0.499668
9757,9758,134.496194,0.516657
9758,9759,134.509977,0.507469
9759,9760,134.523761,0.480121
9760,9761,134.537544,0.434513
9761,9762,134.551327,0.367313
9762,9763,134.565110,0.377443
9763,9764,134.578893,0.433990
9764,9765,134.592676,0.473352
9765,9766,134.606460,0.471915
9766,9767,134.620243,0.440905
9767,9768,134.634026,0.474424
9768,9769,134.647809,0.504311
9769,9770,134.661592,0.478930
9770,9771,134.675375,0.484440
9771,9772,134.689159,0.383356
9772,9773,134.702942,0.434638
9773,9774,134.716725,0.384925
9774,9775,134.730508,0.446297
9775,9776,134.744291,0.452766
9776,9777,134.758074,0.479962
9777,9778,134.771858,0.482989
9778,9779,134.785641,0.427902
9779,9780,134.799424,0.426624
9780,9781,134.813207,0.361584
9781,9782,134.826990,0.498728
9782,9783,134.840774,0.490124
9783,9784,134.854557,0.417229
9784,9785,134.868340,0.446890
9785,9786,134.882123,0.456940
9786,9787,134.895906,0.467736
9787,9788,134.909689,0.486176
9788,9789,134.923473,0.407802
9789,9790,134.937256,0.406917
9790,9791,134.951039,0.435062
9791,9792,134.964822,0.482391
9792,9793,134.978605,0.425763
9793,9794,134.992388,0.462965
9794,9795,135.006172,0.402514
9795,9796,135.019955,0.435340
9796,9797,135.033738,0.534248
9797,9798,135.047521,0.476893
9798,9799,135.061304,0.477436
9799,9800,135.075087,0.455454
9800,9801,135.088871,0.492090
9801,9802,135.102654,0.369834
9802,9803,135.116437,0.472612
9803,9804,135.130220,0.432418
9804,9805,135.144003,0.475884
9805,9806,135.157786,0.366730
9806,9807,135.171570,0.475965
9807,9808,135.185353,0.428698
9808,9809,135.199136,0.484449
9809,9810,135.212919,0.432670
9810,9811,135.226702,0.475324
9811,9812,135.240485,0.445023
9812,9813,135.254269,0.448250
9813,9814,135.268052,0.461896
9814,9815,135.281835,0.415863
9815,9816,135.295618,0.399226
9816,9817,135.309401,0.417295
9817,9818,135.323185,0.446792
9818,9819,135.336968,0.441071
9819,9820,135.350751,0.395064
9820,9821,135.364534,0.460673
9821,9822,135.378317,0.416095
9822,9823,135.392100,0.522123
9823,9824,135.405884,0.409522
9824,9825,135.419667,0.535811
9825,9826,135.433450,0.390651
9826,9827,135.447233,0.462565
9827,9828,135.461016,0.502754
9828,9829,135.474799,0.464751
9829,9830,135.488583,0.370016
9830,9831,135.502366,0.454866
9831,9832,135.516149,0.487034
9832,9833,135.529932,0.445830
9833,9834,135.543715,0.447120
9834,9835,135.557498,0.450177
9835,9836,135.571282,0.446264
9836,9837,135.585065,0.476914
9837,9838,135.598848,0.378177
9838,9839,135.612631,0.412282
9839,9840,135.626414,0.432388
9840,9841,135.640197,0.402616
9841,9842,135.653981,0.473166
9842,9843,135.667764,0.481570
9843,9844,135.681547,0.455017
9844,9845,135.695330,0.457002
9845,9846,135.709113,0.525968
9846,9847,135.722897,0.423601
9847,9848,135.736680,0.444992
9848,9849,135.750463,0.427620
9849,9850,135.764246,0.469442
9850,9851,135.778029,0.406222
9851,9852,135.791812,0.511246
9852,9853,135.805596,0.441281
9853,9854,135.819379,0.461466
9854,9855,135.833162,0.485800
9855,9856,135.846945,0.476334
9856,9857,135.860728,0.411251
9857,9858,135.874511,0.453675
9858,9859,135.888295,0.490190
9859,9860,135.902078,0.466593
9860,9861,135.915861,0.458859
9861,9862,135.929644,0.466819
9862,9863,135.943427,0.444540
9863,9864,135.957210,0.464595
9864,9865,135.970994,0.434851
9865,9866,135.984777,0.373624
9866,9867,135.998560,0.399745
9867,9868,136.012343,0.385936
9868,9869,136.026126,0.472779
9869,9870,136.039909,0.451032
9870,9871,136.053693,0.475210
9871,9872,136.067476,0.463205
9872,9873,136.081259,0.409745
9873,9874,136.095042,0.406151
9874,9875,136.108825,0.388513
9875,9876,136.122609,0.463381
9876,9877,136.136392,0.451150
9877,9878,136.150175,0.420901
9878,9879,136.163958,0.509959
9879,9880,136.177741,0.417523
9880,9881,136.191524,0.398328
9881,9882,136.205308,0.540836
9882,9883,136.219091,0.353092
9883,9884,136.232874,0.408934
9884,9885,136.246657,0.407129
9885,9886,136.260440,0.472141
9886,9887,136.274223,0.498699
9887,9888,136.288007,0.540406
9888,9889,136.301790,0.447788
9889,9890,136.315573,0.403268
9890,9891,136.329356,0.475193
9891,9892,136.343139,0.449857
9892,9893,136.356922,0.483120
9893,9894,136.370706,0.431347
9894,9895,136.384489,0.435263
9895,9896,136.398272,0.432473
9896,9897,136.412055,0.437826
9897,9898,136.425838,0.420679
9898,9899,136.439621,0.416920
9899,9900,136.453405,0.578111
9900,9901,136.467188,0.533722
9901,9902,136.480971,0.489109
9902,9903,136.494754,0.389693
9903,9904,136.508537,0.462167
9904,9905,136.522321,0.415687
9905,9906,136.536104,0.452480
9906,9907,136.549887,0.410239
9907,9908,136.563670,0.477796
9908,9909,136.577453,0.492779
9909,9910,136.591236,0.464600
9910,9911,136.605020,0.466976
9911,9912,136.618803,0.442223
9912,9913,136.632586,0.423176
9913,9914,136.646369,0.387438
9914,9915,136.660152,0.385810
9915,9916,136.673935,0.439113
9916,9917,136.687719,0.444901
9917,9918,136.701502,0.390055
9918,9919,136.715285,0.473322
9919,9920,136.729068,0.420689
9920,9921,136.742851,0.436358
9921,9922,136.756634,0.372099
9922,9923,136.770418,0.468153
9923,9924,136.784201,0.409816
9924,9925,136.797984,0.445234
9925,9926,136.811767,0.412590
9926,9927,136.825550,0.427616
9927,9928,136.839333,0.425589
9928,9929,136.853117,0.526016
9929,9930,136.866900,0.389965
9930,9931,136.880683,0.409996
9931,9932,136.894466,0.359542
9932,9933,136.908249,0.463311
9933,9934,136.922033,0.487265
9934,9935,136.935816,0.468612
9935,9936,136.949599,0.467309
9936,9937,136.963382,0.428577
9937,9938,136.977165,0.433822
9938,9939,136.990948,0.444506
9939,9940,137.004732,0.447241
9940,9941,137.018515,0.382375
9941,9942,137.032298,0.397623
9942,9943,137.046081,0.398236
9943,9944,137.059864,0.410989
9944,9945,137.073647,0.403867
9945,9946,137.087431,0.423195
9946,9947,137.101214,0.428074
9947,9948,137.114997,0.521589
9948,9949,137.128780,0.474030
9949,9950,137.142563,0.425127
9950,9951,137.156346,0.414934
9951,9952,137.170130,0.400684
9952,9953,137.183913,0.394442
9953,9954,137.197696,0.440842
9954,9955,137.211479,0.452065
9955,9956,137.225262,0.441176
9956,9957,137.239045,0.495864
9957,9958,137.252829,0.427628
9958,9959,137.266612,0.398694
9959,9960,137.280395,0.447931
9960,9961,137.294178,0.437524
9961,9962,137.307961,0.448227
9962,9963,137.321744,0.472360
9963,9964,137.335528,0.441603
9964,9965,137.349311,0.473993
9965,9966,137.363094,0.504166
9966,9967,137.376877,0.501135
9967,9968,137.390660,0.427305
9968,9969,137.404444,0.449863
9969,9970,137.418227,0.396014
9970,9971,137.432010,0.410504
9971,9972,137.445793,0.464192
9972,9973,137.459576,0.445820
9973,9974,137.473359,0.494310
9974,9975,137.487143,0.371856
9975,9976,137.500926,0.443203
9976,9977,137.514709,0.583659
9977,9978,137.528492,0.393919
9978,9979,137.542275,0.411310
9979,9980,137.556058,0.436453
9980,9981,137.569842,0.472051
9981,9982,137.583625,0.497280
9982,9983,137.597408,0.461050
9983,9984,137.611191,0.467515
9984,9985,137.624974,0.420499
9985,9986,137.638757,0.464552
9986,9987,137.652541,0.381238
9987,9988,137.666324,0.464105
9988,9989,137.680107,0.549852
9989,9990,137.693890,0.429514
9990,9991,137.707673,0.385451
9991,9992,137.721456,0.478343
9992,9993,137.735240,0.383020
9993,9994,137.749023,0.438877
9994,9995,137.762806,0.485374
9995,9996,137.776589,0.341756
9996,9997,137.790372,0.422037
9997,9998,137.804156,0.414012
9998,9999,137.817939,0.424390
9999,10000,137.831722,0.446015
10000,10001,137.845505,0.445202
10001,10002,137.859288,0.424335
10002,10003,137.873071,0.456376
10003,10004,137.886855,0.495086
10004,10005,137.900638,0.507628
10005,10006,137.914421,0.450694
10006,10007,137.928204,0.446813
10007,10008,137.941987,0.436208
10008,10009,137.955770,0.485760
10009,10010,137.969554,0.427329
10010,10011,137.983337,0.427134
10011,10012,137.997120,0.410633
10012,10013,138.010903,0.468245
10013,10014,138.024686,0.445699
10014,10015,138.038469,0.499674
10015,10016,138.052253,0.404892
10016,10017,138.066036,0.496352
10017,10018,138.079819,0.467842
10018,10019,138.093602,0.453236
10019,10020,138.107385,0.490647
10020,10021,138.121168,0.464818
10021,10022,138.134952,0.413849
10022,10023,138.148735,0.470865
10023,10024,138.162518,0.478542
10024,10025,138.176301,0.406222
10025,10026,138.190084,0.399418
10026,10027,138.203868,0.455704
10027,10028,138.217651,0.508332
10028,10029,138.231434,0.550874
10029,10030,138.245217,0.405351
10030,10031,138.259000,0.440916
10031,10032,138.272783,0.510657
10032,10033,138.286567,0.446813
10033,10034,138.300350,0.486273
10034,10035,138.314133,0.442750
10035,10036,138.327916,0.461335
10036,10037,138.341699,0.464256
10037,10038,138.355482,0.400851
10038,10039,138.369266,0.449686
10039,10040,138.383049,0.416488
10040,10041,138.396832,0.396698
10041,10042,138.410615,0.463464
10042,10043,138.424398,0.433026
10043,10044,138.438181,0.499837
10044,10045,138.451965,0.425283
10045,10046,138.465748,0.404143
10046,10047,138.479531,0.450728
10047,10048,138.493314,0.387224
10048,10049,138.507097,0.474697
10049,10050,138.520880,0.465124
10050,10051,138.534664,0.565869
10051,10052,138.548447,0.467711
10052,10053,138.562230,0.422668
10053,10054,138.576013,0.437548
10054,10055,138.589796,0.397661
10055,10056,138.603580,0.429448
10056,10057,138.617363,0.438986
10057,10058,138.631146,0.455300
10058,10059,138.644929,0.428372
10059,10060,138.658712,0.411311
10060,10061,138.672495,0.407788
10061,10062,138.686279,0.409225
10062,10063,138.700062,0.492192
10063,10064,138.713845,0.418086
10064,10065,138.727628,0.428004
10065,10066,138.741411,0.400049
10066,10067,138.755194,0.431038
10067,10068,138.768978,0.396167
10068,10069,138.782761,0.420653
10069,10070,138.796544,0.422207
10070,10071,138.810327,0.481582
10071,10072,138.824110,0.469810
10072,10073,138.837893,0.454013
10073,10074,138.851677,0.473803
10074,10075,138.865460,0.398321
10075,10076,138.879243,0.443523
10076,10077,138.893026,0.480661
10077,10078,138.906809,0.398331
10078,10079,138.920592,0.515869
10079,10080,138.934376,0.481403
10080,10081,138.948159,0.444821
10081,10082,138.961942,0.488585
10082,10083,138.975725,0.437063
10083,10084,138.989508,0.409554
10084,10085,139.003292,0.374531
10085,10086,139.017075,0.407698
10086,10087,139.030858,0.457981
10087,10088,139.044641,0.436128
10088,10089,139.058424,0.504503
10089,10090,139.072207,0.527223
10090,10091,139.085991,0.371269
10091,10092,139.099774,0.488124
10092,10093,139.113557,0.456920
10093,10094,139.127340,0.420852
10094,10095,139.141123,0.462347
10095,10096,139.154906,0.393890
10096,10097,139.168690,0.443521
10097,10098,139.182473,0.383865
10098,10099,139.196256,0.429527
10099,10100,139.210039,0.430347
10100,10101,139.223822,0.416799
10101,10102,139.237605,0.465185
10102,10103,139.251389,0.472478
10103,10104,139.265172,0.434197
10104,10105,139.278955,0.397858
10105,10106,139.292738,0.449657
10106,10107,139.306521,0.407203
10107,10108,139.320304,0.434171
10108,10109,139.334088,0.400201
10109,10110,139.347871,0.473217
10110,10111,139.361654,0.486629
10111,10112,139.375437,0.433642
10112,10113,139.389220,0.442229
10113,10114,139.403003,0.371767
10114,10115,139.416787,0.477837
10115,10116,139.430570,0.438356
10116,10117,139.444353,0.474400
10117,10118,139.458136,0.525686
10118,10119,139.471919,0.462095
10119,10120,139.485703,0.401800
10120,10121,139.499486,0.380670
10121,10122,139.513269,0.559487
10122,10123,139.527052,0.412342
10123,10124,139.540835,0.416276
10124,10125,139.554618,0.476163
10125,10126,139.568402,0.445840
10126,10127,139.582185,0.478040
10127,10128,139.595968,0.416086
10128,10129,139.609751,0.408953
10129,10130,139.623534,0.440916
10130,10131,139.637317,0.400279
10131,10132,139.651101,0.452798
10132,10133,139.664884,0.481775
10133,10134,139.678667,0.489957
10134,10135,139.692450,0.408741
10135,10136,139.706233,0.425737
10136,10137,139.720016,0.459768
10137,10138,139.733800,0.420187
10138,10139,139.747583,0.407430
10139,10140,139.761366,0.506178
10140,10141,139.775149,0.450868
10141,10142,139.788932,0.369907
10142,10143,139.802715,0.460268
10143,10144,139.816499,0.418588
10144,10145,139.830282,0.422037
10145,10146,139.844065,0.487504
10146,10147,139.857848,0.455129
10147,10148,139.871631,0.503499
10148,10149,139.885415,0.452575
10149,10150,139.899198,0.442737
10150,10151,139.912981,0.436109
10151,10152,139.926764,0.498099
10152,10153,139.940547,0.399224
10153,10154,139.954330,0.463977
10154,10155,139.968114,0.509884
10155,10156,139.981897,0.436030
10156,10157,139.995680,0.464563
10157,10158,140.009463,0.396133
10158,10159,140.023246,0.491515
10159,10160,140.037029,0.509195
10160,10161,140.050813,0.519006
10161,10162,140.064596,0.414819
10162,10163,140.078379,0.456296
10163,10164,140.092162,0.433029
10164,10165,140.105945,0.434288
10165,10166,140.119728,0.439780
10166,10167,140.133512,0.452476
10167,10168,140.147295,0.398982
10168,10169,140.161078,0.456319
10169,10170,140.174861,0.383749
10170,10171,140.188644,0.345577
10171,10172,140.202427,0.582447
10172,10173,140.216211,0.438456
10173,10174,140.229994,0.504007
10174,10175,140.243777,0.454927
10175,10176,140.257560,0.439290
10176,10177,140.271343,0.442594
10177,10178,140.285127,0.370046
10178,10179,140.298910,0.441127
10179,10180,140.312693,0.508695
10180,10181,140.326476,0.390856
10181,10182,140.340259,0.460427
10182,10183,140.354042,0.413709
10183,10184,140.367826,0.467019
10184,10185,140.381609,0.397021
10185,10186,140.395392,0.442615
10186,10187,140.409175,0.404729
10187,10188,140.422958,0.467700
10188,10189,140.436741,0.453985
10189,10190,140.450525,0.403393
10190,10191,140.464308,0.404331
10191,10192,140.478091,0.406329
10192,10193,140.491874,0.365534
10193,10194,140.505657,0.516875
10194,10195,140.519440,0.460383
10195,10196,140.533224,0.476182
10196,10197,140.547007,0.419484
10197,10198,140.560790,0.492533
10198,10199,140.574573,0.387043
10199,10200,140.588356,0.418207
10200,10201,140.602139,0.422229
10201,10202,140.615923,0.404740
10202,10203,140.629706,0.450158
10203,10204,140.643489,0.408154
10204,10205,140.657272,0.469152
10205,10206,140.671055,0.504418
10206,10207,140.684839,0.434139
10207,10208,140.698622,0.461190
10208,10209,140.712405,0.386660
10209,10210,140.726188,0.416184
10210,10211,140.739971,0.502865
10211,10212,140.753754,0.424231
10212,10213,140.767538,0.433441
10213,10214,140.781321,0.480315
10214,10215,140.795104,0.459422
10215,10216,140.808887,0.461682
10216,10217,140.822670,0.502464
10217,10218,140.836453,0.437543
10218,10219,140.850237,0.457897
10219,10220,140.864020,0.404477
10220,10221,140.877803,0.518622
10221,10222,140.891586,0.491403
10222,10223,140.905369,0.403014
10223,10224,140.919152,0.446075
10224,10225,140.932936,0.428113
10225,10226,140.946719,0.433342
10226,10227,140.960502,0.507647
10227,10228,140.974285,0.390846
10228,10229,140.988068,0.438509
10229,10230,141.001851,0.444924
10230,10231,141.015635,0.532208
10231,10232,141.029418,0.474440
10232,10233,141.043201,0.450615
10233,10234,141.056984,0.482968
10234,10235,141.070767,0.467700
10235,10236,141.084551,0.445484
10236,10237,141.098334,0.413155
10237,10238,141.112117,0.432565
10238,10239,141.125900,0.348969
10239,10240,141.139683,0.334796
10240,10241,141.153466,0.495317
10241,10242,141.167250,0.449022
10242,10243,141.181033,0.454889
10243,10244,141.194816,0.445743
10244,10245,141.208599,0.475344
10245,10246,141.222382,0.480208
10246,10247,141.236165,0.404656
10247,10248,141.249949,0.461343
10248,10249,141.263732,0.463087
10249,10250,141.277515,0.420349
10250,10251,141.291298,0.486924
10251,10252,141.305081,0.428868
10252,10253,141.318864,0.414051
10253,10254,141.332648,0.468738
10254,10255,141.346431,0.470785
10255,10256,141.360214,0.427745
10256,10257,141.373997,0.383910
10257,10258,141.387780,0.418460
10258,10259,141.401563,0.405295
10259,10260,141.415347,0.505458
10260,10261,141.429130,0.461081
10261,10262,141.442913,0.502598
10262,10263,141.456696,0.394032
10263,10264,141.470479,0.515669
10264,10265,141.484262,0.484645
10265,10266,141.498046,0.380698
10266,10267,141.511829,0.415184
10267,10268,141.525612,0.525511
10268,10269,141.539395,0.503456
10269,10270,141.553178,0.365683
10270,10271,141.566962,0.438094
10271,10272,141.580745,0.524569
10272,10273,141.594528,0.383564
10273,10274,141.608311,0.470114
10274,10275,141.622094,0.428463
10275,10276,141.635877,0.486832
10276,10277,141.649661,0.412413
10277,10278,141.663444,0.408679
10278,10279,141.677227,0.547429
10279,10280,141.691010,0.462791
10280,10281,141.704793,0.433247
10281,10282,141.718576,0.466790
10282,10283,141.732360,0.522352
10283,10284,141.746143,0.425188
10284,10285,141.759926,0.444419
10285,10286,141.773709,0.484798
10286,10287,141.787492,0.418999
10287,10288,141.801275,0.492751
10288,10289,141.815059,0.490670
10289,10290,141.828842,0.512031
10290,10291,141.842625,0.454430
10291,10292,141.856408,0.427916
10292,10293,141.870191,0.453265
10293,10294,141.883974,0.415006
10294,10295,141.897758,0.466848
10295,10296,141.911541,0.443694
10296,10297,141.925324,0.387468
10297,10298,141.939107,0.426883
10298,10299,141.952890,0.480173
10299,10300,141.966674,0.401745
10300,10301,141.980457,0.436956
10301,10302,141.994240,0.412448
10302,10303,142.008023,0.390422
10303,10304,142.021806,0.414502
10304,10305,142.035589,0.525610
10305,10306,142.049373,0.538084
10306,10307,142.063156,0.523546
10307,10308,142.076939,0.467768
10308,10309,142.090722,0.404789
10309,10310,142.104505,0.439988
10310,10311,142.118288,0.433647
10311,10312,142.132072,0.549701
10312,10313,142.145855,0.428748
10313,10314,142.159638,0.433913
10314,10315,142.173421,0.429953
10315,10316,142.187204,0.480746
10316,10317,142.200987,0.462843
10317,10318,142.214771,0.455047
10318,10319,142.228554,0.327605
10319,10320,142.242337,0.447533
10320,10321,142.256120,0.429105
10321,10322,142.269903,0.454819
10322,10323,142.283686,0.441055
10323,10324,142.297470,0.449558
10324,10325,142.311253,0.484075
10325,10326,142.325036,0.432080
10326,10327,142.338819,0.518444
10327,10328,142.352602,0.410001
10328,10329,142.366386,0.448179
10329,10330,142.380169,0.469039
10330,10331,142.393952,0.411123
10331,10332,142.407735,0.523263
10332,10333,142.421518,0.485613
10333,10334,142.435301,0.368451
10334,10335,142.449085,0.420981
10335,10336,142.462868,0.413507
10336,10337,142.476651,0.376885
10337,10338,142.490434,0.453609
10338,10339,142.504217,0.437743
10339,10340,142.518000,0.393837
10340,10341,142.531784,0.470816
10341,10342,142.545567,0.492647
10342,10343,142.559350,0.502474
10343,10344,142.573133,0.488351
10344,10345,142.586916,0.415710
10345,10346,142.600699,0.451933
10346,10347,142.614483,0.473022
10347,10348,142.628266,0.405461
10348,10349,142.642049,0.536485
10349,10350,142.655832,0.494468
10350,10351,142.669615,0.398226
10351,10352,142.683398,0.475028
10352,10353,142.697182,0.540259
10353,10354,142.710965,0.447332
10354,10355,142.724748,0.489385
10355,10356,142.738531,0.379584
10356,10357,142.752314,0.412340
10357,10358,142.766098,0.389035
10358,10359,142.779881,0.430637
10359,10360,142.793664,0.456989
10360,10361,142.807447,0.415933
10361,10362,142.821230,0.463177
10362,10363,142.835013,0.440783
10363,10364,142.848797,0.401998
10364,10365,142.862580,0.472035
10365,10366,142.876363,0.449242
10366,10367,142.890146,0.437848
10367,10368,142.903929,0.460290
10368,10369,142.917712,0.453986
10369,10370,142.931496,0.403533
10370,10371,142.945279,0.459375
10371,10372,142.959062,0.443000
10372,10373,142.972845,0.457913
10373,10374,142.986628,0.455111
10374,10375,143.000411,0.429595
10375,10376,143.014195,0.470194
10376,10377,143.027978,0.444583
10377,10378,143.041761,0.516186
10378,10379,143.055544,0.449430
10379,10380,143.069327,0.448785
10380,10381,143.083110,0.507710
10381,10382,143.096894,0.430789
10382,10383,143.110677,0.432107
10383,10384,143.124460,0.445729
10384,10385,143.138243,0.384369
10385,10386,143.152026,0.498688
10386,10387,143.165810,0.413311
10387,10388,143.179593,0.349159
10388,10389,143.193376,0.442668
10389,10390,143.207159,0.429564
10390,10391,143.220942,0.456176
10391,10392,143.234725,0.423583
10392,10393,143.248509,0.389881
10393,10394,143.262292,0.425480
10394,10395,143.276075,0.532878
10395,10396,143.289858,0.420872
10396,10397,143.303641,0.417506
10397,10398,143.317424,0.411462
10398,10399,143.331208,0.421280
10399,10400,143.344991,0.444525
10400,10401,143.358774,0.431066
10401,10402,143.372557,0.496239
10402,10403,143.386340,0.381282
10403,10404,143.400123,0.467551
10404,10405,143.413907,0.428345
10405,10406,143.427690,0.421482
10406,10407,143.441473,0.380168
10407,10408,143.455256,0.438362
10408,10409,143.469039,0.399606
10409,10410,143.482822,0.398704
10410,10411,143.496606,0.497588
10411,10412,143.510389,0.478544
10412,10413,143.524172,0.448824
10413,10414,143.537955,0.410134
10414,10415,143.551738,0.421996
10415,10416,143.565521,0.497446
10416,10417,143.579305,0.450919
10417,10418,143.593088,0.459550
10418,10419,143.606871,0.460924
10419,10420,143.620654,0.450129
10420,10421,143.634437,0.417094
10421,10422,143.648221,0.471339
10422,10423,143.662004,0.435620
10423,10424,143.675787,0.425373
10424,10425,143.689570,0.431521
10425,10426,143.703353,0.388589
10426,10427,143.717136,0.442036
10427,10428,143.730920,0.371953
10428,10429,143.744703,0.427646
10429,10430,143.758486,0.490601
10430,10431,143.772269,0.400608
10431,10432,143.786052,0.366270
10432,10433,143.799835,0.501379
10433,10434,143.813619,0.469034
10434,10435,143.827402,0.424761
10435,10436,143.841185,0.488736
10436,10437,143.854968,0.424522
10437,10438,143.868751,0.453708
10438,10439,143.882534,0.453221
10439,10440,143.896318,0.455291
10440,10441,143.910101,0.348672
10441,10442,143.923884,0.377630
10442,10443,143.937667,0.437294
10443,10444,143.951450,0.468645
10444,10445,143.965233,0.467510
10445,10446,143.979017,0.419179
10446,10447,143.992800,0.444435
10447,10448,144.006583,0.475556
10448,10449,144.020366,0.445586
10449,10450,144.034149,0.408844
10450,10451,144.047933,0.462349
10451,10452,144.061716,0.570312
10452,10453,144.075499,0.383618
10453,10454,144.089282,0.472322
10454,10455,144.103065,0.405115
10455,10456,144.116848,0.409099
10456,10457,144.130632,0.404340
10457,10458,144.144415,0.478313
10458,10459,144.158198,0.447465
10459,10460,144.171981,0.412434
10460,10461,144.185764,0.439887
10461,10462,144.199547,0.467708
10462,10463,144.213331,0.530556
10463,10464,144.227114,0.464913
10464,10465,144.240897,0.404825
10465,10466,144.254680,0.429873
10466,10467,144.268463,0.439226
10467,10468,144.282246,0.455739
10468,10469,144.296030,0.473417
10469,10470,144.309813,0.449295
10470,10471,144.323596,0.463195
10471,10472,144.337379,0.505228
10472,10473,144.351162,0.411095
10473,10474,144.364945,0.493443
10474,10475,144.378729,0.479699
10475,10476,144.392512,0.445631
10476,10477,144.406295,0.374896
10477,10478,144.420078,0.403173
10478,10479,144.433861,0.441529
10479,10480,144.447645,0.382697
10480,10481,144.461428,0.394963
10481,10482,144.475211,0.457717
10482,10483,144.488994,0.480785
10483,10484,144.502777,0.493140
10484,10485,144.516560,0.518447
10485,10486,144.530344,0.430055
10486,10487,144.544127,0.490507
10487,10488,144.557910,0.491612
10488,10489,144.571693,0.440455
10489,10490,144.585476,0.406022
10490,10491,144.599259,0.476870
10491,10492,144.613043,0.458561
10492,10493,144.626826,0.474542
10493,10494,144.640609,0.468462
10494,10495,144.654392,0.459592
10495,10496,144.668175,0.406525
10496,10497,144.681958,0.498586
10497,10498,144.695742,0.427252
10498,10499,144.709525,0.389530
10499,10500,144.723308,0.472227
10500,10501,144.737091,0.384769
10501,10502,144.750874,0.427678
10502,10503,144.764657,0.502216
10503,10504,144.778441,0.465507
10504,10505,144.792224,0.435961
10505,10506,144.806007,0.438944
10506,10507,144.819790,0.474717
10507,10508,144.833573,0.527398
10508,10509,144.847357,0.485350
10509,10510,144.861140,0.425407
10510,10511,144.874923,0.451785
10511,10512,144.888706,0.495511
10512,10513,144.902489,0.417499
10513,10514,144.916272,0.444914
10514,10515,144.930056,0.387087
10515,10516,144.943839,0.422902
10516,10517,144.957622,0.436962
10517,10518,144.971405,0.447706
10518,10519,144.985188,0.430172
10519,10520,144.998971,0.472386
10520,10521,145.012755,0.470790
10521,10522,145.026538,0.445356
10522,10523,145.040321,0.429122
10523,10524,145.054104,0.425456
10524,10525,145.067887,0.468754
10525,10526,145.081670,0.421646
10526,10527,145.095454,0.545840
10527,10528,145.109237,0.449649
10528,10529,145.123020,0.409047
10529,10530,145.136803,0.427117
10530,10531,145.150586,0.447831
10531,10532,145.164369,0.440658
10532,10533,145.178153,0.402405
10533,10534,145.191936,0.423687
10534,10535,145.205719,0.417203
10535,10536,145.219502,0.410107
10536,10537,145.233285,0.459764
10537,10538,145.247069,0.483279
10538,10539,145.260852,0.471797
10539,10540,145.274635,0.419821
10540,10541,145.288418,0.451893
10541,10542,145.302201,0.447547
10542,10543,145.315984,0.370563
10543,10544,145.329768,0.408608
10544,10545,145.343551,0.465381
10545,10546,145.357334,0.495764
10546,10547,145.371117,0.471192
10547,10548,145.384900,0.503110
10548,10549,145.398683,0.427568
10549,10550,145.412467,0.449927
10550,10551,145.426250,0.482194
10551,10552,145.440033,0.527326
10552,10553,145.453816,0.450238
10553,10554,145.467599,0.444641
10554,10555,145.481382,0.481458
10555,10556,145.495166,0.373984
10556,10557,145.508949,0.503798
10557,10558,145.522732,0.418935
10558,10559,145.536515,0.428718
10559,10560,145.550298,0.429115
10560,10561,145.564081,0.471069
10561,10562,145.577865,0.518256
10562,10563,145.591648,0.415322
10563,10564,145.605431,0.472455
10564,10565,145.619214,0.467988
10565,10566,145.632997,0.499224
10566,10567,145.646780,0.383324
10567,10568,145.660564,0.444367
10568,10569,145.674347,0.457188
10569,10570,145.688130,0.366943
10570,10571,145.701913,0.415269
10571,10572,145.715696,0.445582
10572,10573,145.729480,0.414788
10573,10574,145.743263,0.472298
10574,10575,145.757046,0.549659
10575,10576,145.770829,0.391984
10576,10577,145.784612,0.434569
10577,10578,145.798395,0.345686
10578,10579,145.812179,0.423726
10579,10580,145.825962,0.490098
10580,10581,145.839745,0.452355
10581,10582,145.853528,0.471492
10582,10583,145.867311,0.443404
10583,10584,145.881094,0.462272
10584,10585,145.894878,0.359343
10585,10586,145.908661,0.381005
10586,10587,145.922444,0.472071
10587,10588,145.936227,0.436305
10588,10589,145.950010,0.430181
10589,10590,145.963793,0.468507
10590,10591,145.977577,0.423493
10591,10592,145.991360,0.437271
10592,10593,146.005143,0.470191
10593,10594,146.018926,0.503960
10594,10595,146.032709,0.314954
10595,10596,146.046492,0.407102
10596,10597,146.060276,0.413885
10597,10598,146.074059,0.450037
10598,10599,146.087842,0.433793
10599,10600,146.101625,0.462881
10600,10601,146.115408,0.394524
10601,10602,146.129192,0.497677
10602,10603,146.142975,0.455243
10603,10604,146.156758,0.373166
10604,10605,146.170541,0.471463
10605,10606,146.184324,0.449322
10606,10607,146.198107,0.434266
10607,10608,146.211891,0.356581
10608,10609,146.225674,0.401495
10609,10610,146.239457,0.479447
10610,10611,146.253240,0.448852
10611,10612,146.267023,0.590923
10612,10613,146.280806,0.429066
10613,10614,146.294590,0.432813
10614,10615,146.308373,0.403455
10615,10616,146.322156,0.546600
10616,10617,146.335939,0.398699
10617,10618,146.349722,0.440881
10618,10619,146.363505,0.446495
10619,10620,146.377289,0.357243
10620,10621,146.391072,0.458214
10621,10622,146.404855,0.578032
10622,10623,146.418638,0.420228
10623,10624,146.432421,0.402263
10624,10625,146.446204,0.402141
10625,10626,146.459988,0.492459
10626,10627,146.473771,0.537318
10627,10628,146.487554,0.433148
10628,10629,146.501337,0.352700
10629,10630,146.515120,0.446753
10630,10631,146.528904,0.413032
10631,10632,146.542687,0.490460
10632,10633,146.556470,0.447175
10633,10634,146.570253,0.438231
10634,10635,146.584036,0.420822
10635,10636,146.597819,0.512963
10636,10637,146.611603,0.409516
10637,10638,146.625386,0.427341
10638,10639,146.639169,0.480471
10639,10640,146.652952,0.473709
10640,10641,146.666735,0.403122
10641,10642,146.680518,0.407507
10642,10643,146.694302,0.473668
10643,10644,146.708085,0.427941
10644,10645,146.721868,0.442686
10645,10646,146.735651,0.502218
10646,10647,146.749434,0.486727
10647,10648,146.763217,0.437062
10648,10649,146.777001,0.524790
10649,10650,146.790784,0.451345
10650,10651,146.804567,0.469225
10651,10652,146.818350,0.331215
10652,10653,146.832133,0.420486
10653,10654,146.845916,0.394542
10654,10655,146.859700,0.480674
10655,10656,146.873483,0.451806
10656,10657,146.887266,0.369592
10657,10658,146.901049,0.494728
10658,10659,146.914832,0.486033
10659,10660,146.928616,0.388136
10660,10661,146.942399,0.486622
10661,10662,146.956182,0.403847
10662,10663,146.969965,0.405727
10663,10664,146.983748,0.410511
10664,10665,146.997531,0.486751
10665,10666,147.011315,0.455312
10666,10667,147.025098,0.449298
10667,10668,147.038881,0.512442
10668,10669,147.052664,0.480398
10669,10670,147.066447,0.349418
10670,10671,147.080230,0.458864
10671,10672,147.094014,0.408370
10672,10673,147.107797,0.454110
10673,10674,147.121580,0.397508
10674,10675,147.135363,0.425472
10675,10676,147.149146,0.448782
10676,10677,147.162929,0.470662
10677,10678,147.176713,0.437547
10678,10679,147.190496,0.446083
10679,10680,147.204279,0.444223
10680,10681,147.218062,0.450758
10681,10682,147.231845,0.356119
10682,10683,147.245628,0.425824
10683,10684,147.259412,0.484800
10684,10685,147.273195,0.461809
10685,10686,147.286978,0.426656
10686,10687,147.300761,0.417734
10687,10688,147.314544,0.458611
10688,10689,147.328328,0.501584
10689,10690,147.342111,0.483976
10690,10691,147.355894,0.429696
10691,10692,147.369677,0.407451
10692,10693,147.383460,0.470778
10693,10694,147.397243,0.418234
10694,10695,147.411027,0.424216
10695,10696,147.424810,0.439437
10696,10697,147.438593,0.419127
10697,10698,147.452376,0.508568
10698,10699,147.466159,0.405776
10699,10700,147.479942,0.355345
10700,10701,147.493726,0.496390
10701,10702,147.507509,0.448859
10702,10703,147.521292,0.482161
10703,10704,147.535075,0.390852
10704,10705,147.548858,0.518411
10705,10706,147.562641,0.402418
10706,10707,147.576425,0.406796
10707,10708,147.590208,0.433297
10708,10709,147.603991,0.376594
10709,10710,147.617774,0.479807
10710,10711,147.631557,0.419670
10711,10712,147.645340,0.415346
10712,10713,147.659124,0.392735
10713,10714,147.672907,0.433601
10714,10715,147.686690,0.395099
10715,10716,147.700473,0.386178
10716,10717,147.714256,0.551755
10717,10718,147.728039,0.351749
10718,10719,147.741823,0.441327
10719,10720,147.755606,0.486100
10720,10721,147.769389,0.440205
10721,10722,147.783172,0.465162
10722,10723,147.796955,0.476810
10723,10724,147.810739,0.392871
10724,10725,147.824522,0.497624
10725,10726,147.838305,0.466612
10726,10727,147.852088,0.488862
10727,10728,147.865871,0.482273
10728,10729,147.879654,0.418753
10729,10730,147.893438,0.539209
10730,10731,147.907221,0.445012
10731,10732,147.921004,0.381398
10732,10733,147.934787,0.415979
10733,10734,147.948570,0.468825
10734,10735,147.962353,0.446290
10735,10736,147.976137,0.517550
10736,10737,147.989920,0.412402
10737,10738,148.003703,0.516660
10738,10739,148.017486,0.436076
10739,10740,148.031269,0.472433
10740,10741,148.045052,0.417174
10741,10742,148.058836,0.354154
10742,10743,148.072619,0.402273
10743,10744,148.086402,0.366082
10744,10745,148.100185,0.510192
10745,10746,148.113968,0.468287
10746,10747,148.127751,0.403125
10747,10748,148.141535,0.432466
10748,10749,148.155318,0.381986
10749,10750,148.169101,0.514141
10750,10751,148.182884,0.508567
10751,10752,148.196667,0.389397
10752,10753,148.210451,0.429761
10753,10754,148.224234,0.454267
10754,10755,148.238017,0.496689
10755,10756,148.251800,0.362208
10756,10757,148.265583,0.459497
10757,10758,148.279366,0.537338
10758,10759,148.293150,0.497561
10759,10760,148.306933,0.427558
10760,10761,148.320716,0.411516
10761,10762,148.334499,0.460677
10762,10763,148.348282,0.516955
10763,10764,148.362065,0.483555
10764,10765,148.375849,0.358260
10765,10766,148.389632,0.331612
10766,10767,148.403415,0.422865
10767,10768,148.417198,0.471620
10768,10769,148.430981,0.458043
10769,10770,148.444764,0.412541
10770,10771,148.458548,0.423730
10771,10772,148.472331,0.426398
10772,10773,148.486114,0.446882
10773,10774,148.499897,0.492794
10774,10775,148.513680,0.453460
10775,10776,148.527463,0.451674
10776,10777,148.541247,0.468798
10777,10778,148.555030,0.425828
10778,10779,148.568813,0.442572
10779,10780,148.582596,0.491015
10780,10781,148.596379,0.468742
10781,10782,148.610163,0.455442
10782,10783,148.623946,0.494596
10783,10784,148.637729,0.452230
10784,10785,148.651512,0.486637
10785,10786,148.665295,0.403592
10786,10787,148.679078,0.504928
10787,10788,148.692862,0.433648
10788,10789,148.706645,0.442674
10789,10790,148.720428,0.465962
10790,10791,148.734211,0.418956
10791,10792,148.747994,0.440106
10792,10793,148.761777,0.392856
10793,10794,148.775561,0.441836
10794,10795,148.789344,0.416338
10795,10796,148.803127,0.394632
10796,10797,148.816910,0.410593
10797,10798,148.830693,0.500728
10798,10799,148.844476,0.448577
10799,10800,148.858260,0.391729
10800,10801,148.872043,0.468380
10801,10802,148.885826,0.459661
10802,10803,148.899609,0.473956
10803,10804,148.913392,0.510703
10804,10805,148.927175,0.390507
10805,10806,148.940959,0.402625
10806,10807,148.954742,0.510839
10807,10808,148.968525,0.505876
10808,10809,148.982308,0.404989
10809,10810,148.996091,0.381506
10810,10811,149.009875,0.431070
10811,10812,149.023658,0.439774
10812,10813,149.037441,0.451542
10813,10814,149.051224,0.430762
10814,10815,149.065007,0.535549
10815,10816,149.078790,0.439168
10816,10817,149.092574,0.454602
10817,10818,149.106357,0.434364
10818,10819,149.120140,0.426595
10819,10820,149.133923,0.468681
10820,10821,149.147706,0.429111
10821,10822,149.161489,0.425159
10822,10823,149.175273,0.449858
10823,10824,149.189056,0.477435
10824,10825,149.202839,0.441258
10825,10826,149.216622,0.440518
10826,10827,149.230405,0.473002
10827,10828,149.244188,0.422395
10828,10829,149.257972,0.454057
10829,10830,149.271755,0.476466
10830,10831,149.285538,0.509898
10831,10832,149.299321,0.450287
10832,10833,149.313104,0.374429
10833,10834,149.326887,0.445725
10834,10835,149.340671,0.386488
10835,10836,149.354454,0.466366
10836,10837,149.368237,0.426046
10837,10838,149.382020,0.459020
10838,10839,149.395803,0.476549
10839,10840,149.409587,0.451760
10840,10841,149.423370,0.458921
10841,10842,149.437153,0.432986
10842,10843,149.450936,0.415837
10843,10844,149.464719,0.452249
10844,10845,149.478502,0.464208
10845,10846,149.492286,0.442937
10846,10847,149.506069,0.421453
10847,10848,149.519852,0.395602
10848,10849,149.533635,0.447264
10849,10850,149.547418,0.539259
10850,10851,149.561201,0.426701
10851,10852,149.574985,0.391867
10852,10853,149.588768,0.395321
10853,10854,149.602551,0.464499
10854,10855,149.616334,0.454779
10855,10856,149.630117,0.387578
10856,10857,149.643900,0.381181
10857,10858,149.657684,0.487069
10858,10859,149.671467,0.451026
10859,10860,149.685250,0.465369
10860,10861,149.699033,0.504805
10861,10862,149.712816,0.381623
10862,10863,149.726599,0.446780
10863,10864,149.740383,0.467422
10864,10865,149.754166,0.474955
10865,10866,149.767949,0.391642
10866,10867,149.781732,0.482431
10867,10868,149.795515,0.427476
10868,10869,149.809298,0.469355
10869,10870,149.823082,0.480465
10870,10871,149.836865,0.504038
10871,10872,149.850648,0.502834
10872,10873,149.864431,0.403951
10873,10874,149.878214,0.414486
10874,10875,149.891998,0.384233
10875,10876,149.905781,0.434353
10876,10877,149.919564,0.427731
10877,10878,149.933347,0.455515
10878,10879,149.947130,0.433728
10879,10880,149.960913,0.421356
10880,10881,149.974697,0.394866
10881,10882,149.988480,0.398287
10882,10883,150.002263,0.478816
10883,10884,150.016046,0.482339
10884,10885,150.029829,0.458649
10885,10886,150.043612,0.410511
10886,10887,150.057396,0.427355
10887,10888,150.071179,0.476328
10888,10889,150.084962,0.489297
10889,10890,150.098745,0.438607
10890,10891,150.112528,0.439923
10891,10892,150.126311,0.451605
10892,10893,150.140095,0.384278
10893,10894,150.153878,0.439425
10894,10895,150.167661,0.443853
10895,10896,150.181444,0.392384
10896,10897,150.195227,0.485602
10897,10898,150.209010,0.418004
10898,10899,150.222794,0.345496
10899,10900,150.236577,0.491941
10900,10901,150.250360,0.474126
10901,10902,150.264143,0.493415
10902,10903,150.277926,0.445505
10903,10904,150.291710,0.437848
10904,10905,150.305493,0.476171
10905,10906,150.319276,0.401088
10906,10907,150.333059,0.570421
10907,10908,150.346842,0.429055
10908,10909,150.360625,0.434591
10909,10910,150.374409,0.410562
10910,10911,150.388192,0.397260
10911,10912,150.401975,0.433781
10912,10913,150.415758,0.492818
10913,10914,150.429541,0.453063
10914,10915,150.443324,0.435396
10915,10916,150.457108,0.483415
10916,10917,150.470891,0.525653
10917,10918,150.484674,0.461646
10918,10919,150.498457,0.440347
10919,10920,150.512240,0.459221
10920,10921,150.526023,0.454436
10921,10922,150.539807,0.449344
10922,10923,150.553590,0.361662
10923,10924,150.567373,0.478893
10924,10925,150.581156,0.412920
10925,10926,150.594939,0.446762
10926,10927,150.608722,0.444998
10927,10928,150.622506,0.480695
10928,10929,150.636289,0.433730
10929,10930,150.650072,0.363322
10930,10931,150.663855,0.438569
10931,10932,150.677638,0.443877
10932,10933,150.691422,0.491673
10933,10934,150.705205,0.382563
10934,10935,150.718988,0.414163
10935,10936,150.732771,0.439401
10936,10937,150.746554,0.466468
10937,10938,150.760337,0.424427
10938,10939,150.774121,0.428357
10939,10940,150.787904,0.497591
10940,10941,150.801687,0.512240
10941,10942,150.815470,0.410314
10942,10943,150.829253,0.474940
10943,10944,150.843036,0.381215
10944,10945,150.856820,0.403673
10945,10946,150.870603,0.482734
10946,10947,150.884386,0.427430
10947,10948,150.898169,0.452536
10948,10949,150.911952,0.478894
10949,10950,150.925735,0.494330
10950,10951,150.939519,0.532404
10951,10952,150.953302,0.412306
10952,10953,150.967085,0.463951
10953,10954,150.980868,0.359814
10954,10955,150.994651,0.440257
10955,10956,151.008434,0.454520
10956,10957,151.022218,0.427590
10957,10958,151.036001,0.388306
10958,10959,151.049784,0.499323
10959,10960,151.063567,0.492365
10960,10961,151.077350,0.427658
10961,10962,151.091134,0.498482
10962,10963,151.104917,0.475926
10963,10964,151.118700,0.392082
10964,10965,151.132483,0.466252
10965,10966,151.146266,0.480899
10966,10967,151.160049,0.463407
10967,10968,151.173833,0.381394
10968,10969,151.187616,0.499401
10969,10970,151.201399,0.453860
10970,10971,151.215182,0.419629
10971,10972,151.228965,0.484794
10972,10973,151.242748,0.475221
10973,10974,151.256532,0.442003
10974,10975,151.270315,0.439840
10975,10976,151.284098,0.468727
10976,10977,151.297881,0.424433
10977,10978,151.311664,0.421833
10978,10979,151.325447,0.512405
10979,10980,151.339231,0.434116
10980,10981,151.353014,0.470452
10981,10982,151.366797,0.509662
10982,10983,151.380580,0.492922
10983,10984,151.394363,0.432488
10984,10985,151.408146,0.408148
10985,10986,151.421930,0.459349
10986,10987,151.435713,0.446408
10987,10988,151.449496,0.504220
10988,10989,151.463279,0.405718
10989,10990,151.477062,0.381954
10990,10991,151.490846,0.477946
10991,10992,151.504629,0.461050
10992,10993,151.518412,0.480196
10993,10994,151.532195,0.466357
10994,10995,151.545978,0.502254
10995,10996,151.559761,0.432965
10996,10997,151.573545,0.495402
10997,10998,151.587328,0.434442
10998,10999,151.601111,0.490766
10999,11000,151.614894,0.463460
11000,11001,151.628677,0.478494
11001,11002,151.642460,0.355288
11002,11003,151.656244,0.440229
11003,11004,151.670027,0.420779
11004,11005,151.683810,0.480904
11005,11006,151.697593,0.421876
11006,11007,151.711376,0.440928
11007,11008,151.725159,0.354651
11008,11009,151.738943,0.429266
11009,11010,151.752726,0.428283
11010,11011,151.766509,0.454885
11011,11012,151.780292,0.457308
11012,11013,151.794075,0.465086
11013,11014,151.807858,0.385012
11014,11015,151.821642,0.435655
11015,11016,151.835425,0.489721
11016,11017,151.849208,0.394064
11017,11018,151.862991,0.404262
11018,11019,151.876774,0.450326
11019,11020,151.890557,0.532967
11020,11021,151.904341,0.485751
11021,11022,151.918124,0.463133
11022,11023,151.931907,0.413675
11023,11024,151.945690,0.439964
11024,11025,151.959473,0.395428
11025,11026,151.973257,0.480908
11026,11027,151.987040,0.500711
11027,11028,152.000823,0.464562
11028,11029,152.014606,0.452368
11029,11030,152.028389,0.481573
11030,11031,152.042172,0.418261
11031,11032,152.055956,0.436758
11032,11033,152.069739,0.462491
11033,11034,152.083522,0.474099
11034,11035,152.097305,0.453544
11035,11036,152.111088,0.430046
11036,11037,152.124871,0.439393
11037,11038,152.138655,0.463876
11038,11039,152.152438,0.414852
11039,11040,152.166221,0.434468
11040,11041,152.180004,0.468225
11041,11042,152.193787,0.390545
11042,11043,152.207570,0.534323
11043,11044,152.221354,0.414012
11044,11045,152.235137,0.425523
11045,11046,152.248920,0.429685
11046,11047,152.262703,0.519316
11047,11048,152.276486,0.409967
11048,11049,152.290269,0.432017
11049,11050,152.304053,0.410881
11050,11051,152.317836,0.430667
11051,11052,152.331619,0.419513
11052,11053,152.345402,0.436652
11053,11054,152.359185,0.406727
11054,11055,152.372969,0.455049
11055,11056,152.386752,0.349959
11056,11057,152.400535,0.424933
11057,11058,152.414318,0.426155
11058,11059,152.428101,0.392903
11059,11060,152.441884,0.462906
11060,11061,152.455668,0.470337
11061,11062,152.469451,0.463797
11062,11063,152.483234,0.434052
11063,11064,152.497017,0.567497
11064,11065,152.510800,0.406914
11065,11066,152.524583,0.414087
11066,11067,152.538367,0.384885
11067,11068,152.552150,0.440376
11068,11069,152.565933,0.443450
11069,11070,152.579716,0.430759
11070,11071,152.593499,0.459457
11071,11072,152.607282,0.386977
11072,11073,152.621066,0.427027
11073,11074,152.634849,0.456634
11074,11075,152.648632,0.392756
11075,11076,152.662415,0.467458
11076,11077,152.676198,0.322330
11077,11078,152.689981,0.447369
11078,11079,152.703765,0.465608
11079,11080,152.717548,0.378376
11080,11081,152.731331,0.399583
11081,11082,152.745114,0.422839
11082,11083,152.758897,0.418316
11083,11084,152.772681,0.434310
11084,11085,152.786464,0.462175
11085,11086,152.800247,0.423608
11086,11087,152.814030,0.490721
11087,11088,152.827813,0.474421
11088,11089,152.841596,0.424940
11089,11090,152.855380,0.456310
11090,11091,152.869163,0.462920
11091,11092,152.882946,0.420396
11092,11093,152.896729,0.495912
11093,11094,152.910512,0.448801
11094,11095,152.924295,0.426622
11095,11096,152.938079,0.404860
11096,11097,152.951862,0.454417
11097,11098,152.965645,0.470451
11098,11099,152.979428,0.446737
11099,11100,152.993211,0.531619
11100,11101,153.006994,0.409738
11101,11102,153.020778,0.476145
11102,11103,153.034561,0.427303
11103,11104,153.048344,0.454688
11104,11105,153.062127,0.439060
11105,11106,153.075910,0.447442
11106,11107,153.089693,0.458998
11107,11108,153.103477,0.464045
11108,11109,153.117260,0.483395
11109,11110,153.131043,0.493714
11110,11111,153.144826,0.504693
11111,11112,153.158609,0.515253
11112,11113,153.172393,0.525126
11113,11114,153.186176,0.355155
11114,11115,153.199959,0.452656
11115,11116,153.213742,0.427080
11116,11117,153.227525,0.386506
11117,11118,153.241308,0.347466
11118,11119,153.255092,0.426098
11119,11120,153.268875,0.461450
11120,11121,153.282658,0.374537
11121,11122,153.296441,0.515272
11122,11123,153.310224,0.466368
11123,11124,153.324007,0.496716
11124,11125,153.337791,0.408598
11125,11126,153.351574,0.411205
11126,11127,153.365357,0.428284
11127,11128,153.379140,0.446041
11128,11129,153.392923,0.463366
11129,11130,153.406706,0.496159
11130,11131,153.420490,0.506343
11131,11132,153.434273,0.452792
11132,11133,153.448056,0.460059
11133,11134,153.461839,0.444071
11134,11135,153.475622,0.510306
11135,11136,153.489405,0.427055
11136,11137,153.503189,0.443896
11137,11138,153.516972,0.472413
11138,11139,153.530755,0.406579
11139,11140,153.544538,0.453652
11140,11141,153.558321,0.413752
11141,11142,153.572105,0.535575
11142,11143,153.585888,0.459028
11143,11144,153.599671,0.512465
11144,11145,153.613454,0.420164
11145,11146,153.627237,0.411688
11146,11147,153.641020,0.401155
11147,11148,153.654804,0.501084
11148,11149,153.668587,0.447303
11149,11150,153.682370,0.454942
11150,11151,153.696153,0.438271
11151,11152,153.709936,0.512696
11152,11153,153.723719,0.389111
11153,11154,153.737503,0.411538
11154,11155,153.751286,0.437809
11155,11156,153.765069,0.413981
11156,11157,153.778852,0.447409
11157,11158,153.792635,0.453660
11158,11159,153.806418,0.432272
11159,11160,153.820202,0.435122
11160,11161,153.833985,0.416029
11161,11162,153.847768,0.391673
11162,11163,153.861551,0.483263
11163,11164,153.875334,0.423342
11164,11165,153.889117,0.498845
11165,11166,153.902901,0.317151
11166,11167,153.916684,0.440509
11167,11168,153.930467,0.428548
11168,11169,153.944250,0.443377
11169,11170,153.958033,0.487645
11170,11171,153.971816,0.386016
11171,11172,153.985600,0.449294
11172,11173,153.999383,0.434077
11173,11174,154.013166,0.451945
11174,11175,154.026949,0.440311
11175,11176,154.040732,0.462794
11176,11177,154.054516,0.369900
11177,11178,154.068299,0.479061
11178,11179,154.082082,0.389959
11179,11180,154.095865,0.490009
11180,11181,154.109648,0.361943
11181,11182,154.123431,0.461305
11182,11183,154.137215,0.443891
11183,11184,154.150998,0.410488
11184,11185,154.164781,0.425355
11185,11186,154.178564,0.438384
11186,11187,154.192347,0.532781
11187,11188,154.206130,0.461644
11188,11189,154.219914,0.503213
11189,11190,154.233697,0.417288
11190,11191,154.247480,0.483495
11191,11192,154.261263,0.405076
11192,11193,154.275046,0.543350
11193,11194,154.288829,0.462067
11194,11195,154.302613,0.399977
11195,11196,154.316396,0.539186
11196,11197,154.330179,0.531408
11197,11198,154.343962,0.375459
11198,11199,154.357745,0.489200
11199,11200,154.371528,0.452559
11200,11201,154.385312,0.496624
11201,11202,154.399095,0.383642
11202,11203,154.412878,0.398063
11203,11204,154.426661,0.391464
11204,11205,154.440444,0.491113
11205,11206,154.454228,0.429726
11206,11207,154.468011,0.422436
11207,11208,154.481794,0.499603
11208,11209,154.495577,0.359455
11209,11210,154.509360,0.401165
11210,11211,154.523143,0.455903
11211,11212,154.536927,0.342229
11212,11213,154.550710,0.403725
11213,11214,154.564493,0.481622
11214,11215,154.578276,0.482397
11215,11216,154.592059,0.494483
11216,11217,154.605842,0.405900
11217,11218,154.619626,0.484589
11218,11219,154.633409,0.373472
11219,11220,154.647192,0.384667
11220,11221,154.660975,0.393613
11221,11222,154.674758,0.411231
11222,11223,154.688541,0.406320
11223,11224,154.702325,0.429391
11224,11225,154.716108,0.549983
11225,11226,154.729891,0.522509
11226,11227,154.743674,0.501289
11227,11228,154.757457,0.503844
11228,11229,154.771240,0.514548
11229,11230,154.785024,0.359419
11230,11231,154.798807,0.435535
11231,11232,154.812590,0.441366
11232,11233,154.826373,0.494601
11233,11234,154.840156,0.433942
11234,11235,154.853940,0.448335
11235,11236,154.867723,0.459298
11236,11237,154.881506,0.475655
11237,11238,154.895289,0.467828
11238,11239,154.909072,0.424973
11239,11240,154.922855,0.480037
11240,11241,154.936639,0.471937
11241,11242,154.950422,0.466478
11242,11243,154.964205,0.411890
11243,11244,154.977988,0.516607
11244,11245,154.991771,0.419377
11245,11246,155.005554,0.428036
11246,11247,155.019338,0.437383
11247,11248,155.033121,0.441187
11248,11249,155.046904,0.411559
11249,11250,155.060687,0.394904
11250,11251,155.074470,0.379832
11251,11252,155.088253,0.428312
11252,11253,155.102037,0.482080
11253,11254,155.115820,0.475683
11254,11255,155.129603,0.416706
11255,11256,155.143386,0.485395
11256,11257,155.157169,0.430596
11257,11258,155.170952,0.420156
11258,11259,155.184736,0.486542
11259,11260,155.198519,0.409049
11260,11261,155.212302,0.484779
11261,11262,155.226085,0.417169
11262,11263,155.239868,0.441483
11263,11264,155.253652,0.451558
11264,11265,155.267435,0.507549
11265,11266,155.281218,0.459808
11266,11267,155.295001,0.441339
11267,11268,155.308784,0.404455
11268,11269,155.322567,0.442335
11269,11270,155.336351,0.479025
11270,11271,155.350134,0.451925
11271,11272,155.363917,0.343427
11272,11273,155.377700,0.414782
11273,11274,155.391483,0.462541
11274,11275,155.405266,0.392556
11275,11276,155.419050,0.379526
11276,11277,155.432833,0.448479
11277,11278,155.446616,0.457679
11278,11279,155.460399,0.406840
11279,11280,155.474182,0.484702
11280,11281,155.487965,0.423657
11281,11282,155.501749,0.447866
11282,11283,155.515532,0.502837
11283,11284,155.529315,0.375546
11284,11285,155.543098,0.435636
11285,11286,155.556881,0.417454
11286,11287,155.570664,0.454813
11287,11288,155.584448,0.497730
11288,11289,155.598231,0.435026
11289,11290,155.612014,0.479769
11290,11291,155.625797,0.389931
11291,11292,155.639580,0.453005
11292,11293,155.653364,0.518155
11293,11294,155.667147,0.382605
11294,11295,155.680930,0.512143
11295,11296,155.694713,0.508800
11296,11297,155.708496,0.489654
11297,11298,155.722279,0.376456
11298,11299,155.736063,0.399466
11299,11300,155.749846,0.477546
11300,11301,155.763629,0.479957
11301,11302,155.777412,0.436517
11302,11303,155.791195,0.394684
11303,11304,155.804978,0.413508
11304,11305,155.818762,0.396715
11305,11306,155.832545,0.472250
11306,11307,155.846328,0.514036
11307,11308,155.860111,0.488293
11308,11309,155.873894,0.397494
11309,11310,155.887677,0.401196
11310,11311,155.901461,0.464365
11311,11312,155.915244,0.442454
11312,11313,155.929027,0.468509
11313,11314,155.942810,0.500784
11314,11315,155.956593,0.403856
11315,11316,155.970376,0.476147
11316,11317,155.984160,0.426712
11317,11318,155.997943,0.496684
11318,11319,156.011726,0.456369
11319,11320,156.025509,0.394486
11320,11321,156.039292,0.445198
11321,11322,156.053075,0.470392
11322,11323,156.066859,0.452741
11323,11324,156.080642,0.537982
11324,11325,156.094425,0.374348
11325,11326,156.108208,0.452013
11326,11327,156.121991,0.413823
11327,11328,156.135775,0.389405
11328,11329,156.149558,0.448142
11329,11330,156.163341,0.423667
11330,11331,156.177124,0.404451
11331,11332,156.190907,0.373910
11332,11333,156.204690,0.370240
11333,11334,156.218474,0.454174
11334,11335,156.232257,0.337746
11335,11336,156.246040,0.455629
11336,11337,156.259823,0.420446
11337,11338,156.273606,0.341642
11338,11339,156.287389,0.468725
11339,11340,156.301173,0.450757
11340,11341,156.314956,0.404672
11341,11342,156.328739,0.434917
11342,11343,156.342522,0.477446
11343,11344,156.356305,0.386414
11344,11345,156.370088,0.415034
11345,11346,156.383872,0.436932
11346,11347,156.397655,0.373512
11347,11348,156.411438,0.395652
11348,11349,156.425221,0.479056
11349,11350,156.439004,0.400511
11350,11351,156.452787,0.480968
11351,11352,156.466571,0.441353
11352,11353,156.480354,0.341176
11353,11354,156.494137,0.520492
11354,11355,156.507920,0.463804
11355,11356,156.521703,0.407780
11356,11357,156.535487,0.514051
11357,11358,156.549270,0.444656
11358,11359,156.563053,0.475401
11359,11360,156.576836,0.359625
11360,11361,156.590619,0.462015
11361,11362,156.604402,0.409806
11362,11363,156.618186,0.420966
11363,11364,156.631969,0.429016
11364,11365,156.645752,0.500297
11365,11366,156.659535,0.408770
11366,11367,156.673318,0.426451
11367,11368,156.687101,0.413553
11368,11369,156.700885,0.451579
11369,11370,156.714668,0.335009
11370,11371,156.728451,0.493219
11371,11372,156.742234,0.460912
11372,11373,156.756017,0.412752
11373,11374,156.769800,0.394732
11374,11375,156.783584,0.391068
11375,11376,156.797367,0.338202
11376,11377,156.811150,0.422792
11377,11378,156.824933,0.383650
11378,11379,156.838716,0.462390
11379,11380,156.852499,0.428149
11380,11381,156.866283,0.446416
11381,11382,156.880066,0.379064
11382,11383,156.893849,0.387890
11383,11384,156.907632,0.456685
11384,11385,156.921415,0.537711
11385,11386,156.935199,0.426311
11386,11387,156.948982,0.355180
11387,11388,156.962765,0.470812
11388,11389,156.976548,0.409177
11389,11390,156.990331,0.494652
11390,11391,157.004114,0.453826
11391,11392,157.017898,0.492516
11392,11393,157.031681,0.457027
11393,11394,157.045464,0.402948
11394,11395,157.059247,0.400225
11395,11396,157.073030,0.435223
11396,11397,157.086813,0.452642
11397,11398,157.100597,0.471837
11398,11399,157.114380,0.476655
11399,11400,157.128163,0.430986
11400,11401,157.141946,0.433382
11401,11402,157.155729,0.414026
11402,11403,157.169512,0.448765
11403,11404,157.183296,0.472895
11404,11405,157.197079,0.467909
11405,11406,157.210862,0.415330
11406,11407,157.224645,0.489796
11407,11408,157.238428,0.423422
11408,11409,157.252211,0.472008
11409,11410,157.265995,0.441369
11410,11411,157.279778,0.403239
11411,11412,157.293561,0.342164
11412,11413,157.307344,0.384006
11413,11414,157.321127,0.428492
11414,11415,157.334911,0.443364
11415,11416,157.348694,0.404383
11416,11417,157.362477,0.463407
11417,11418,157.376260,0.481072
11418,11419,157.390043,0.433581
11419,11420,157.403826,0.450186
11420,11421,157.417610,0.453954
11421,11422,157.431393,0.442901
11422,11423,157.445176,0.420727
11423,11424,157.458959,0.470691
11424,11425,157.472742,0.455287
11425,11426,157.486525,0.455069
11426,11427,157.500309,0.456113
11427,11428,157.514092,0.400289
11428,11429,157.527875,0.464952
11429,11430,157.541658,0.390885
11430,11431,157.555441,0.480305
11431,11432,157.569224,0.491005
11432,11433,157.583008,0.412489
11433,11434,157.596791,0.403368
11434,11435,157.610574,0.439866
11435,11436,157.624357,0.426663
11436,11437,157.638140,0.399085
11437,11438,157.651923,0.411196
11438,11439,157.665707,0.389254
11439,11440,157.679490,0.451004
11440,11441,157.693273,0.468880
11441,11442,157.707056,0.490991
11442,11443,157.720839,0.468202
11443,11444,157.734623,0.408864
11444,11445,157.748406,0.391010
11445,11446,157.762189,0.425450
11446,11447,157.775972,0.413063
11447,11448,157.789755,0.441910
11448,11449,157.803538,0.425243
11449,11450,157.817322,0.449464
11450,11451,157.831105,0.428965
11451,11452,157.844888,0.416804
11452,11453,157.858671,0.391987
11453,11454,157.872454,0.543898
11454,11455,157.886237,0.446215
11455,11456,157.900021,0.458546
11456,11457,157.913804,0.396877
11457,11458,157.927587,0.343148
11458,11459,157.941370,0.405891
11459,11460,157.955153,0.406315
11460,11461,157.968936,0.437258
11461,11462,157.982720,0.416491
11462,11463,157.996503,0.485451
11463,11464,158.010286,0.468386
11464,11465,158.024069,0.469868
11465,11466,158.037852,0.393097
11466,11467,158.051635,0.448641
11467,11468,158.065419,0.408847
11468,11469,158.079202,0.480955
11469,11470,158.092985,0.460542
11470,11471,158.106768,0.449525
11471,11472,158.120551,0.434600
11472,11473,158.134334,0.415967
11473,11474,158.148118,0.468531
11474,11475,158.161901,0.438757
11475,11476,158.175684,0.420585
11476,11477,158.189467,0.472760
11477,11478,158.203250,0.464490
11478,11479,158.217034,0.414226
11479,11480,158.230817,0.386369
11480,11481,158.244600,0.419941
11481,11482,158.258383,0.393685
11482,11483,158.272166,0.398799
11483,11484,158.285949,0.533882
11484,11485,158.299733,0.506237
11485,11486,158.313516,0.523026
11486,11487,158.327299,0.447998
11487,11488,158.341082,0.408725
11488,11489,158.354865,0.420832
11489,11490,158.368648,0.496353
11490,11491,158.382432,0.407854
11491,11492,158.396215,0.522120
11492,11493,158.409998,0.458698
11493,11494,158.423781,0.452065
11494,11495,158.437564,0.499187
11495,11496,158.451347,0.457832
11496,11497,158.465131,0.459604
11497,11498,158.478914,0.473031
11498,11499,158.492697,0.494578
11499,11500,158.506480,0.370826
11500,11501,158.520263,0.337271
11501,11502,158.534046,0.354820
11502,11503,158.547830,0.393791
11503,11504,158.561613,0.406188
11504,11505,158.575396,0.373958
11505,11506,158.589179,0.454902
11506,11507,158.602962,0.423865
11507,11508,158.616746,0.406017
11508,11509,158.630529,0.400901
11509,11510,158.644312,0.392597
11510,11511,158.658095,0.435350
11511,11512,158.671878,0.396931
11512,11513,158.685661,0.412322
11513,11514,158.699445,0.425175
11514,11515,158.713228,0.430437
11515,11516,158.727011,0.433455
11516,11517,158.740794,0.469129
11517,11518,158.754577,0.386560
11518,11519,158.768360,0.394819
11519,11520,158.782144,0.419889
11520,11521,158.795927,0.404265
11521,11522,158.809710,0.414073
11522,11523,158.823493,0.405499
11523,11524,158.837276,0.477167
11524,11525,158.851059,0.442892
11525,11526,158.864843,0.416565
11526,11527,158.878626,0.469930
11527,11528,158.892409,0.433765
11528,11529,158.906192,0.454773
11529,11530,158.919975,0.481472
11530,11531,158.933758,0.400968
11531,11532,158.947542,0.450651
11532,11533,158.961325,0.435253
11533,11534,158.975108,0.421546
11534,11535,158.988891,0.460179
11535,11536,159.002674,0.434241
11536,11537,159.016458,0.440177
11537,11538,159.030241,0.408102
11538,11539,159.044024,0.494305
11539,11540,159.057807,0.469131
11540,11541,159.071590,0.468552
11541,11542,159.085373,0.460513
11542,11543,159.099157,0.504480
11543,11544,159.112940,0.438049
11544,11545,159.126723,0.440624
11545,11546,159.140506,0.385831
11546,11547,159.154289,0.452096
11547,11548,159.168072,0.359514
11548,11549,159.181856,0.437988
11549,11550,159.195639,0.445244
11550,11551,159.209422,0.397452
11551,11552,159.223205,0.509058
11552,11553,159.236988,0.477643
11553,11554,159.250771,0.411186
11554,11555,159.264555,0.452800
11555,11556,159.278338,0.422826
11556,11557,159.292121,0.438962
11557,11558,159.305904,0.501631
11558,11559,159.319687,0.464860
11559,11560,159.333470,0.460264
11560,11561,159.347254,0.356419
11561,11562,159.361037,0.422689
11562,11563,159.374820,0.423296
11563,11564,159.388603,0.420534
11564,11565,159.402386,0.450992
11565,11566,159.416170,0.421560
11566,11567,159.429953,0.483997
11567,11568,159.443736,0.453580
11568,11569,159.457519,0.459132
11569,11570,159.471302,0.461655
11570,11571,159.485085,0.475236
11571,11572,159.498869,0.449192
11572,11573,159.512652,0.433925
11573,11574,159.526435,0.431536
11574,11575,159.540218,0.409153
11575,11576,159.554001,0.473790
11576,11577,159.567784,0.452927
11577,11578,159.581568,0.458400
11578,11579,159.595351,0.403620
11579,11580,159.609134,0.428572
11580,11581,159.622917,0.481488
11581,11582,159.636700,0.406519
11582,11583,159.650483,0.460540
11583,11584,159.664267,0.490935
11584,11585,159.678050,0.489489
11585,11586,159.691833,0.499644
11586,11587,159.705616,0.447410
11587,11588,159.719399,0.478330
11588,11589,159.733182,0.395385
11589,11590,159.746966,0.563361
11590,11591,159.760749,0.465207
11591,11592,159.774532,0.514585
11592,11593,159.788315,0.444494
11593,11594,159.802098,0.327919
11594,11595,159.815882,0.440651
11595,11596,159.829665,0.432309
11596,11597,159.843448,0.473924
11597,11598,159.857231,0.448381
11598,11599,159.871014,0.445264
11599,11600,159.884797,0.465632
11600,11601,159.898581,0.429237
11601,11602,159.912364,0.443096
11602,11603,159.926147,0.501452
11603,11604,159.939930,0.402675
11604,11605,159.953713,0.423379
11605,11606,159.967496,0.428215
11606,11607,159.981280,0.412498
11607,11608,159.995063,0.447263
11608,11609,160.008846,0.477321
11609,11610,160.022629,0.413242
11610,11611,160.036412,0.454692
11611,11612,160.050195,0.374540
11612,11613,160.063979,0.478731
11613,11614,160.077762,0.481377
11614,11615,160.091545,0.453400
11615,11616,160.105328,0.505700
11616,11617,160.119111,0.432747
11617,11618,160.132894,0.465350
11618,11619,160.146678,0.438562
11619,11620,160.160461,0.434748
11620,11621,160.174244,0.484795
11621,11622,160.188027,0.538781
11622,11623,160.201810,0.406124
11623,11624,160.215593,0.433399
11624,11625,160.229377,0.436354
11625,11626,160.243160,0.510459
11626,11627,160.256943,0.331163
11627,11628,160.270726,0.454723
11628,11629,160.284509,0.443141
11629,11630,160.298293,0.412643
11630,11631,160.312076,0.406852
11631,11632,160.325859,0.469795
11632,11633,160.339642,0.457373
11633,11634,160.353425,0.471154
11634,11635,160.367208,0.422752
11635,11636,160.380992,0.436589
11636,11637,160.394775,0.431015
11637,11638,160.408558,0.412349
11638,11639,160.422341,0.501607
11639,11640,160.436124,0.434412
11640,11641,160.449907,0.415251
11641,11642,160.463691,0.386555
11642,11643,160.477474,0.390001
11643,11644,160.491257,0.467912
11644,11645,160.505040,0.470186
11645,11646,160.518823,0.443352
11646,11647,160.532606,0.506988
11647,11648,160.546390,0.412693
11648,11649,160.560173,0.505121
11649,11650,160.573956,0.417606
11650,11651,160.587739,0.452966
11651,11652,160.601522,0.434438
11652,11653,160.615305,0.466341
11653,11654,160.629089,0.369175
11654,11655,160.642872,0.547918
11655,11656,160.656655,0.452161
11656,11657,160.670438,0.580187
11657,11658,160.684221,0.483585
11658,11659,160.698005,0.486154
11659,11660,160.711788,0.526099
11660,11661,160.725571,0.363743
11661,11662,160.739354,0.499915
11662,11663,160.753137,0.436167
11663,11664,160.766920,0.427276
11664,11665,160.780704,0.464268
11665,11666,160.794487,0.400180
11666,11667,160.808270,0.347800
11667,11668,160.822053,0.499738
11668,11669,160.835836,0.445232
11669,11670,160.849619,0.397809
11670,11671,160.863403,0.423467
11671,11672,160.877186,0.456185
11672,11673,160.890969,0.413857
11673,11674,160.904752,0.465779
11674,11675,160.918535,0.437729
11675,11676,160.932318,0.477420
11676,11677,160.946102,0.436245
11677,11678,160.959885,0.444958
11678,11679,160.973668,0.402208
11679,11680,160.987451,0.502943
11680,11681,161.001234,0.469213
11681,11682,161.015017,0.408064
11682,11683,161.028801,0.406157
11683,11684,161.042584,0.423689
11684,11685,161.056367,0.542417
11685,11686,161.070150,0.453041
11686,11687,161.083933,0.458425
11687,11688,161.097717,0.471976
11688,11689,161.111500,0.435169
11689,11690,161.125283,0.433079
11690,11691,161.139066,0.465701
11691,11692,161.152849,0.392056
11692,11693,161.166632,0.418113
11693,11694,161.180416,0.397971
11694,11695,161.194199,0.329175
11695,11696,161.207982,0.454683
11696,11697,161.221765,0.354288
11697,11698,161.235548,0.484292
11698,11699,161.249331,0.474940
11699,11700,161.263115,0.407891
11700,11701,161.276898,0.477335
11701,11702,161.290681,0.552043
11702,11703,161.304464,0.497126
11703,11704,161.318247,0.396772
11704,11705,161.332030,0.469904
11705,11706,161.345814,0.414772
11706,11707,161.359597,0.410371
11707,11708,161.373380,0.454563
11708,11709,161.387163,0.427876
11709,11710,161.400946,0.478611
11710,11711,161.414729,0.427117
11711,11712,161.428513,0.508155
11712,11713,161.442296,0.426598
11713,11714,161.456079,0.457793
11714,11715,161.469862,0.329578
11715,11716,161.483645,0.458502
11716,11717,161.497429,0.470203
11717,11718,161.511212,0.400460
11718,11719,161.524995,0.455822
11719,11720,161.538778,0.420496
11720,11721,161.552561,0.488665
11721,11722,161.566344,0.437425
11722,11723,161.580128,0.414945
11723,11724,161.593911,0.420024
11724,11725,161.607694,0.389457
11725,11726,161.621477,0.439808
11726,11727,161.635260,0.477095
11727,11728,161.649043,0.463136
11728,11729,161.662827,0.498984
11729,11730,161.676610,0.440150
11730,11731,161.690393,0.516243
11731,11732,161.704176,0.416286
11732,11733,161.717959,0.409293
11733,11734,161.731742,0.418374
11734,11735,161.745526,0.508270
11735,11736,161.759309,0.521386
11736,11737,161.773092,0.438223
11737,11738,161.786875,0.423661
11738,11739,161.800658,0.357594
11739,11740,161.814441,0.405845
11740,11741,161.828225,0.456681
11741,11742,161.842008,0.448237
11742,11743,161.855791,0.412637
11743,11744,161.869574,0.440327
11744,11745,161.883357,0.483294
11745,11746,161.897141,0.445089
11746,11747,161.910924,0.427314
11747,11748,161.924707,0.463598
11748,11749,161.938490,0.461898
11749,11750,161.952273,0.470701
11750,11751,161.966056,0.457057
11751,11752,161.979840,0.389461
11752,11753,161.993623,0.397473
11753,11754,162.007406,0.470205
11754,11755,162.021189,0.449093
11755,11756,162.034972,0.431791
11756,11757,162.048755,0.383136
11757,11758,162.062539,0.513560
11758,11759,162.076322,0.387668
11759,11760,162.090105,0.451511
11760,11761,162.103888,0.425292
11761,11762,162.117671,0.451180
11762,11763,162.131454,0.475904
11763,11764,162.145238,0.510038
11764,11765,162.159021,0.427676
11765,11766,162.172804,0.405705
11766,11767,162.186587,0.460395
11767,11768,162.200370,0.475087
11768,11769,162.214153,0.458098
11769,11770,162.227937,0.403774
11770,11771,162.241720,0.479492
11771,11772,162.255503,0.412886
11772,11773,162.269286,0.503872
11773,11774,162.283069,0.474811
11774,11775,162.296852,0.404655
11775,11776,162.310636,0.435944
11776,11777,162.324419,0.434328
11777,11778,162.338202,0.473528
11778,11779,162.351985,0.524772
11779,11780,162.365768,0.386101
11780,11781,162.379552,0.456406
11781,11782,162.393335,0.454149
11782,11783,162.407118,0.476444
11783,11784,162.420901,0.339748
11784,11785,162.434684,0.402822
11785,11786,162.448467,0.433972
11786,11787,162.462251,0.371082
11787,11788,162.476034,0.425776
11788,11789,162.489817,0.515209
11789,11790,162.503600,0.462306
11790,11791,162.517383,0.401306
11791,11792,162.531166,0.513607
11792,11793,162.544950,0.454783
11793,11794,162.558733,0.410234
11794,11795,162.572516,0.451302
11795,11796,162.586299,0.392633
11796,11797,162.600082,0.419350
11797,11798,162.613865,0.450698
11798,11799,162.627649,0.412137
11799,11800,162.641432,0.456635
11800,11801,162.655215,0.463677
11801,11802,162.668998,0.546323
11802,11803,162.682781,0.439058
11803,11804,162.696564,0.385388
11804,11805,162.710348,0.537115
11805,11806,162.724131,0.414280
11806,11807,162.737914,0.411715
11807,11808,162.751697,0.418486
11808,11809,162.765480,0.480173
11809,11810,162.779264,0.480038
11810,11811,162.793047,0.519455
11811,11812,162.806830,0.508776
11812,11813,162.820613,0.490470
11813,11814,162.834396,0.475915
11814,11815,162.848179,0.422094
11815,11816,162.861963,0.418407
11816,11817,162.875746,0.513842
11817,11818,162.889529,0.451681
11818,11819,162.903312,0.520147
11819,11820,162.917095,0.397018
11820,11821,162.930878,0.391437
11821,11822,162.944662,0.410039
11822,11823,162.958445,0.421690
11823,11824,162.972228,0.476578
11824,11825,162.986011,0.480228
11825,11826,162.999794,0.437333
11826,11827,163.013577,0.466397
11827,11828,163.027361,0.382566
11828,11829,163.041144,0.444409
11829,11830,163.054927,0.427615
11830,11831,163.068710,0.408034
11831,11832,163.082493,0.471134
11832,11833,163.096276,0.473330
11833,11834,163.110060,0.438430
11834,11835,163.123843,0.391501
11835,11836,163.137626,0.448345
11836,11837,163.151409,0.437133
11837,11838,163.165192,0.395690
11838,11839,163.178976,0.440008
11839,11840,163.192759,0.402888
11840,11841,163.206542,0.382053
11841,11842,163.220325,0.527285
11842,11843,163.234108,0.503848
11843,11844,163.247891,0.361000
11844,11845,163.261675,0.436602
11845,11846,163.275458,0.478971
11846,11847,163.289241,0.433246
11847,11848,163.303024,0.483001
11848,11849,163.316807,0.443363
11849,11850,163.330590,0.455859
11850,11851,163.344374,0.447001
11851,11852,163.358157,0.413461
11852,11853,163.371940,0.450007
11853,11854,163.385723,0.455272
11854,11855,163.399506,0.498567
11855,11856,163.413289,0.460846
11856,11857,163.427073,0.475554
11857,11858,163.440856,0.456078
11858,11859,163.454639,0.481667
11859,11860,163.468422,0.399473
11860,11861,163.482205,0.419439
11861,11862,163.495988,0.435850
11862,11863,163.509772,0.391635
11863,11864,163.523555,0.496773
11864,11865,163.537338,0.412150
11865,11866,163.551121,0.386501
11866,11867,163.564904,0.465342
11867,11868,163.578688,0.379802
11868,11869,163.592471,0.400989
11869,11870,163.606254,0.450900
11870,11871,163.620037,0.436754
11871,11872,163.633820,0.445312
11872,11873,163.647603,0.444512
11873,11874,163.661387,0.426037
11874,11875,163.675170,0.444521
11875,11876,163.688953,0.407634
11876,11877,163.702736,0.445108
11877,11878,163.716519,0.434457
11878,11879,163.730302,0.459670
11879,11880,163.744086,0.448196
11880,11881,163.757869,0.418350
11881,11882,163.771652,0.455969
11882,11883,163.785435,0.499385
11883,11884,163.799218,0.439982
11884,11885,163.813001,0.450314
11885,11886,163.826785,0.403199
11886,11887,163.840568,0.489489
11887,11888,163.854351,0.361789
11888,11889,163.868134,0.435110
11889,11890,163.881917,0.458037
11890,11891,163.895700,0.402706
11891,11892,163.909484,0.480469
11892,11893,163.923267,0.405461
11893,11894,163.937050,0.458012
11894,11895,163.950833,0.467969
11895,11896,163.964616,0.399404
11896,11897,163.978400,0.425511
11897,11898,163.992183,0.483558
11898,11899,164.005966,0.467950
11899,11900,164.019749,0.466474
11900,11901,164.033532,0.447314
11901,11902,164.047315,0.531749
11902,11903,164.061099,0.403878
11903,11904,164.074882,0.455167
11904,11905,164.088665,0.408377
11905,11906,164.102448,0.502703
11906,11907,164.116231,0.478976
11907,11908,164.130014,0.404981
11908,11909,164.143798,0.520084
11909,11910,164.157581,0.475528
11910,11911,164.171364,0.445926
11911,11912,164.185147,0.486609
11912,11913,164.198930,0.429064
11913,11914,164.212713,0.456257
11914,11915,164.226497,0.472088
11915,11916,164.240280,0.446668
11916,11917,164.254063,0.431766
11917,11918,164.267846,0.478581
11918,11919,164.281629,0.473368
11919,11920,164.295412,0.418920
11920,11921,164.309196,0.493920
11921,11922,164.322979,0.478297
11922,11923,164.336762,0.431484
11923,11924,164.350545,0.415263
11924,11925,164.364328,0.451086
11925,11926,164.378111,0.421115
11926,11927,164.391895,0.477735
11927,11928,164.405678,0.467480
11928,11929,164.419461,0.450800
11929,11930,164.433244,0.444018
11930,11931,164.447027,0.429311
11931,11932,164.460811,0.474715
11932,11933,164.474594,0.426398
11933,11934,164.488377,0.435124
11934,11935,164.502160,0.405188
11935,11936,164.515943,0.454701
11936,11937,164.529726,0.434294
11937,11938,164.543510,0.409413
11938,11939,164.557293,0.434754
11939,11940,164.571076,0.454119
11940,11941,164.584859,0.401752
11941,11942,164.598642,0.438625
11942,11943,164.612425,0.377944
11943,11944,164.626209,0.453842
11944,11945,164.639992,0.431559
11945,11946,164.653775,0.408131
11946,11947,164.667558,0.510079
11947,11948,164.681341,0.439375
11948,11949,164.695124,0.438325
11949,11950,164.708908,0.451363
11950,11951,164.722691,0.459438
11951,11952,164.736474,0.400684
11952,11953,164.750257,0.479945
11953,11954,164.764040,0.439852
11954,11955,164.777823,0.469536
11955,11956,164.791607,0.430157
11956,11957,164.805390,0.440548
11957,11958,164.819173,0.537198
11958,11959,164.832956,0.481334
11959,11960,164.846739,0.491099
11960,11961,164.860523,0.384154
11961,11962,164.874306,0.469419
11962,11963,164.888089,0.424320
11963,11964,164.901872,0.458427
11964,11965,164.915655,0.415635
11965,11966,164.929438,0.394702
11966,11967,164.943222,0.462252
11967,11968,164.957005,0.453822
11968,11969,164.970788,0.454184
11969,11970,164.984571,0.454374
11970,11971,164.998354,0.479602
11971,11972,165.012137,0.476989
11972,11973,165.025921,0.412281
11973,11974,165.039704,0.594545
11974,11975,165.053487,0.513099
11975,11976,165.067270,0.455344
11976,11977,165.081053,0.371333
11977,11978,165.094836,0.495444
11978,11979,165.108620,0.503406
11979,11980,165.122403,0.437934
11980,11981,165.136186,0.420346
11981,11982,165.149969,0.460706
11982,11983,165.163752,0.518777
11983,11984,165.177535,0.438800
11984,11985,165.191319,0.426755
11985,11986,165.205102,0.497257
11986,11987,165.218885,0.450103
11987,11988,165.232668,0.480443
11988,11989,165.246451,0.418800
11989,11990,165.260235,0.467618
11990,11991,165.274018,0.415055
11991,11992,165.287801,0.416736
11992,11993,165.301584,0.471066
11993,11994,165.315367,0.451073
11994,11995,165.329150,0.489385
11995,11996,165.342934,0.455968
11996,11997,165.356717,0.446635
11997,11998,165.370500,0.399578
11998,11999,165.384283,0.468586
11999,12000,165.398066,0.444613
12000,12001,165.411849,0.398004
12001,12002,165.425633,0.388632
12002,12003,165.439416,0.488523
12003,12004,165.453199,0.496546
12004,12005,165.466982,0.474691
12005,12006,165.480765,0.449522
12006,12007,165.494548,0.440042
12007,12008,165.508332,0.386366
12008,12009,165.522115,0.418889
12009,12010,165.535898,0.472182
12010,12011,165.549681,0.452208
12011,12012,165.563464,0.450395
12012,12013,165.577247,0.413547
12013,12014,165.591031,0.505625
12014,12015,165.604814,0.393235
12015,12016,165.618597,0.438317
12016,12017,165.632380,0.340097
12017,12018,165.646163,0.422254
12018,12019,165.659947,0.438609
12019,12020,165.673730,0.410321
12020,12021,165.687513,0.423418
12021,12022,165.701296,0.415536
12022,12023,165.715079,0.434743
12023,12024,165.728862,0.473635
12024,12025,165.742646,0.410799
12025,12026,165.756429,0.471295
12026,12027,165.770212,0.401061
12027,12028,165.783995,0.460140
12028,12029,165.797778,0.418566
12029,12030,165.811561,0.419074
12030,12031,165.825345,0.463275
12031,12032,165.839128,0.440427
12032,12033,165.852911,0.468862
12033,12034,165.866694,0.532249
12034,12035,165.880477,0.408677
12035,12036,165.894260,0.373457
12036,12037,165.908044,0.409170
12037,12038,165.921827,0.450197
12038,12039,165.935610,0.344628
12039,12040,165.949393,0.516024
12040,12041,165.963176,0.533576
12041,12042,165.976959,0.448939
12042,12043,165.990743,0.495931
12043,12044,166.004526,0.430932
12044,12045,166.018309,0.377124
12045,12046,166.032092,0.434882
12046,12047,166.045875,0.523917
12047,12048,166.059659,0.446046
12048,12049,166.073442,0.482340
12049,12050,166.087225,0.445910
12050,12051,166.101008,0.460340
12051,12052,166.114791,0.499291
12052,12053,166.128574,0.412376
12053,12054,166.142358,0.410140
12054,12055,166.156141,0.522243
12055,12056,166.169924,0.432141
12056,12057,166.183707,0.495757
12057,12058,166.197490,0.538090
12058,12059,166.211273,0.368412
12059,12060,166.225057,0.459477
12060,12061,166.238840,0.399322
12061,12062,166.252623,0.402523
12062,12063,166.266406,0.409083
12063,12064,166.280189,0.441416
12064,12065,166.293972,0.450093
12065,12066,166.307756,0.435183
12066,12067,166.321539,0.441063
12067,12068,166.335322,0.466410
12068,12069,166.349105,0.453111
12069,12070,166.362888,0.478227
12070,12071,166.376671,0.432724
12071,12072,166.390455,0.371903
12072,12073,166.404238,0.409401
12073,12074,166.418021,0.427644
12074,12075,166.431804,0.402906
12075,12076,166.445587,0.388492
12076,12077,166.459370,0.566258
12077,12078,166.473154,0.452319
12078,12079,166.486937,0.467355
12079,12080,166.500720,0.412380
12080,12081,166.514503,0.497267
12081,12082,166.528286,0.469626
12082,12083,166.542070,0.426299
12083,12084,166.555853,0.423642
12084,12085,166.569636,0.482385
12085,12086,166.583419,0.446127
12086,12087,166.597202,0.428446
12087,12088,166.610985,0.434620
12088,12089,166.624769,0.344316
12089,12090,166.638552,0.397289
12090,12091,166.652335,0.530513
12091,12092,166.666118,0.427408
12092,12093,166.679901,0.394974
12093,12094,166.693684,0.456850
12094,12095,166.707468,0.458832
12095,12096,166.721251,0.447436
12096,12097,166.735034,0.388594
12097,12098,166.748817,0.429346
12098,12099,166.762600,0.543877
12099,12100,166.776383,0.428425
12100,12101,166.790167,0.422411
12101,12102,166.803950,0.501968
12102,12103,166.817733,0.459222
12103,12104,166.831516,0.428431
12104,12105,166.845299,0.464845
12105,12106,166.859082,0.439104
12106,12107,166.872866,0.443311
12107,12108,166.886649,0.447382
12108,12109,166.900432,0.465005
12109,12110,166.914215,0.461288
12110,12111,166.927998,0.449247
12111,12112,166.941782,0.464311
12112,12113,166.955565,0.387889
12113,12114,166.969348,0.468155
12114,12115,166.983131,0.458442
12115,12116,166.996914,0.455769
12116,12117,167.010697,0.522776
12117,12118,167.024481,0.428691
12118,12119,167.038264,0.468810
12119,12120,167.052047,0.401013
12120,12121,167.065830,0.439893
12121,12122,167.079613,0.438978
12122,12123,167.093396,0.402546
12123,12124,167.107180,0.475263
12124,12125,167.120963,0.473230
12125,12126,167.134746,0.396617
12126,12127,167.148529,0.404119
12127,12128,167.162312,0.420959
12128,12129,167.176095,0.416280
12129,12130,167.189879,0.408781
12130,12131,167.203662,0.435678
12131,12132,167.217445,0.396468
12132,12133,167.231228,0.413603
12133,12134,167.245011,0.475038
12134,12135,167.258794,0.406735
12135,12136,167.272578,0.461075
12136,12137,167.286361,0.479318
12137,12138,167.300144,0.396460
12138,12139,167.313927,0.454124
12139,12140,167.327710,0.436758
12140,12141,167.341494,0.463205
12141,12142,167.355277,0.447305
12142,12143,167.369060,0.447682
12143,12144,167.382843,0.417701
12144,12145,167.396626,0.487975
12145,12146,167.410409,0.456950
12146,12147,167.424193,0.437903
12147,12148,167.437976,0.475827
12148,12149,167.451759,0.510233
12149,12150,167.465542,0.438366
12150,12151,167.479325,0.448891
12151,12152,167.493108,0.435626
12152,12153,167.506892,0.460557
12153,12154,167.520675,0.417730
12154,12155,167.534458,0.439670
12155,12156,167.548241,0.475871
12156,12157,167.562024,0.371216
12157,12158,167.575807,0.460227
12158,12159,167.589591,0.352359
12159,12160,167.603374,0.489932
12160,12161,167.617157,0.510762
12161,12162,167.630940,0.453140
12162,12163,167.644723,0.411349
12163,12164,167.658506,0.451745
12164,12165,167.672290,0.495927
12165,12166,167.686073,0.469677
12166,12167,167.699856,0.481525
12167,12168,167.713639,0.432775
12168,12169,167.727422,0.463218
12169,12170,167.741206,0.443092
12170,12171,167.754989,0.382559
12171,12172,167.768772,0.450512
12172,12173,167.782555,0.382584
12173,12174,167.796338,0.378470
12174,12175,167.810121,0.401595
12175,12176,167.823905,0.411588
12176,12177,167.837688,0.448012
12177,12178,167.851471,0.441806
12178,12179,167.865254,0.500115
12179,12180,167.879037,0.471812
12180,12181,167.892820,0.453179
12181,12182,167.906604,0.467236
12182,12183,167.920387,0.370003
12183,12184,167.934170,0.390415
12184,12185,167.947953,0.478794
12185,12186,167.961736,0.495945
12186,12187,167.975519,0.475411
12187,12188,167.989303,0.440484
12188,12189,168.003086,0.413162
12189,12190,168.016869,0.446617
12190,12191,168.030652,0.451254
12191,12192,168.044435,0.408583
12192,12193,168.058218,0.472733
12193,12194,168.072002,0.472395
12194,12195,168.085785,0.430899
12195,12196,168.099568,0.405467
12196,12197,168.113351,0.489283
12197,12198,168.127134,0.433981
12198,12199,168.140918,0.342190
12199,12200,168.154701,0.422554
12200,12201,168.168484,0.430735
12201,12202,168.182267,0.506109
12202,12203,168.196050,0.423747
12203,12204,168.209833,0.419388
12204,12205,168.223617,0.384849
12205,12206,168.237400,0.338462
12206,12207,168.251183,0.438915
12207,12208,168.264966,0.445136
12208,12209,168.278749,0.436472
12209,12210,168.292532,0.478707
12210,12211,168.306316,0.426223
12211,12212,168.320099,0.430360
12212,12213,168.333882,0.444183
12213,12214,168.347665,0.460005
12214,12215,168.361448,0.383302
12215,12216,168.375231,0.367300
12216,12217,168.389015,0.402386
12217,12218,168.402798,0.420821
12218,12219,168.416581,0.504204
12219,12220,168.430364,0.579116
12220,12221,168.444147,0.385705
12221,12222,168.457930,0.404365
12222,12223,168.471714,0.423704
12223,12224,168.485497,0.419652
12224,12225,168.499280,0.449381
12225,12226,168.513063,0.469387
12226,12227,168.526846,0.421431
12227,12228,168.540630,0.402863
12228,12229,168.554413,0.444174
12229,12230,168.568196,0.422924
12230,12231,168.581979,0.458763
12231,12232,168.595762,0.377275
12232,12233,168.609545,0.407067
12233,12234,168.623329,0.463478
12234,12235,168.637112,0.485796
12235,12236,168.650895,0.412503
12236,12237,168.664678,0.422702
12237,12238,168.678461,0.408672
12238,12239,168.692244,0.486391
12239,12240,168.706028,0.458903
12240,12241,168.719811,0.484852
12241,12242,168.733594,0.418348
12242,12243,168.747377,0.412999
12243,12244,168.761160,0.506805
12244,12245,168.774943,0.513312
12245,12246,168.788727,0.424355
12246,12247,168.802510,0.442361
12247,12248,168.816293,0.403508
12248,12249,168.830076,0.495845
12249,12250,168.843859,0.520369
12250,12251,168.857642,0.501400
12251,12252,168.871426,0.395633
12252,12253,168.885209,0.463480
12253,12254,168.898992,0.432528
12254,12255,168.912775,0.341268
12255,12256,168.926558,0.445143
12256,12257,168.940341,0.445170
12257,12258,168.954125,0.453331
12258,12259,168.967908,0.430483
12259,12260,168.981691,0.502569
12260,12261,168.995474,0.444119
12261,12262,169.009257,0.537454
12262,12263,169.023041,0.466287
12263,12264,169.036824,0.509339
12264,12265,169.050607,0.436889
12265,12266,169.064390,0.395061
12266,12267,169.078173,0.448863
12267,12268,169.091956,0.426103
12268,12269,169.105740,0.451384
12269,12270,169.119523,0.395505
12270,12271,169.133306,0.409240
12271,12272,169.147089,0.474711
12272,12273,169.160872,0.365689
12273,12274,169.174655,0.565509
12274,12275,169.188439,0.479839
12275,12276,169.202222,0.404766
12276,12277,169.216005,0.481183
12277,12278,169.229788,0.475025
12278,12279,169.243571,0.521256
12279,12280,169.257354,0.461492
12280,12281,169.271138,0.514286
12281,12282,169.284921,0.426270
12282,12283,169.298704,0.449494
12283,12284,169.312487,0.436338
12284,12285,169.326270,0.439753
12285,12286,169.340053,0.393386
12286,12287,169.353837,0.494901
12287,12288,169.367620,0.477233
12288,12289,169.381403,0.442135
12289,12290,169.395186,0.480066
12290,12291,169.408969,0.419263
12291,12292,169.422753,0.506249
12292,12293,169.436536,0.447855
12293,12294,169.450319,0.323350
12294,12295,169.464102,0.492793
12295,12296,169.477885,0.423751
12296,12297,169.491668,0.450194
12297,12298,169.505452,0.408629
12298,12299,169.519235,0.500301
12299,12300,169.533018,0.477363
12300,12301,169.546801,0.404084
12301,12302,169.560584,0.445206
12302,12303,169.574367,0.518748
12303,12304,169.588151,0.412137
12304,12305,169.601934,0.405423
12305,12306,169.615717,0.450836
12306,12307,169.629500,0.447526
12307,12308,169.643283,0.421516
12308,12309,169.657066,0.467786
12309,12310,169.670850,0.455871
12310,12311,169.684633,0.469866
12311,12312,169.698416,0.455682
12312,12313,169.712199,0.423460
12313,12314,169.725982,0.450833
12314,12315,169.739765,0.419978
12315,12316,169.753549,0.367894
12316,12317,169.767332,0.415232
12317,12318,169.781115,0.382269
12318,12319,169.794898,0.486116
12319,12320,169.808681,0.531761
12320,12321,169.822465,0.433466
12321,12322,169.836248,0.446363
12322,12323,169.850031,0.385518
12323,12324,169.863814,0.454348
12324,12325,169.877597,0.458104
12325,12326,169.891380,0.401813
12326,12327,169.905164,0.471420
12327,12328,169.918947,0.423344
12328,12329,169.932730,0.457138
12329,12330,169.946513,0.386936
12330,12331,169.960296,0.462050
12331,12332,169.974079,0.408548
12332,12333,169.987863,0.480094
12333,12334,170.001646,0.494180
12334,12335,170.015429,0.429113
12335,12336,170.029212,0.495440
12336,12337,170.042995,0.394668
12337,12338,170.056778,0.425145
12338,12339,170.070562,0.473228
12339,12340,170.084345,0.424327
12340,12341,170.098128,0.335550
12341,12342,170.111911,0.483653
12342,12343,170.125694,0.375098
12343,12344,170.139477,0.397063
12344,12345,170.153261,0.451688
12345,12346,170.167044,0.426052
12346,12347,170.180827,0.418862
12347,12348,170.194610,0.400141
12348,12349,170.208393,0.441846
12349,12350,170.222177,0.486189
12350,12351,170.235960,0.495764
12351,12352,170.249743,0.443929
12352,12353,170.263526,0.433956
12353,12354,170.277309,0.492105
12354,12355,170.291092,0.443318
12355,12356,170.304876,0.443961
12356,12357,170.318659,0.432153
12357,12358,170.332442,0.466719
12358,12359,170.346225,0.429854
12359,12360,170.360008,0.400059
12360,12361,170.373791,0.377534
12361,12362,170.387575,0.408741
12362,12363,170.401358,0.485521
12363,12364,170.415141,0.454895
12364,12365,170.428924,0.450630
12365,12366,170.442707,0.466438
12366,12367,170.456490,0.457772
12367,12368,170.470274,0.510205
12368,12369,170.484057,0.417868
12369,12370,170.497840,0.428930
12370,12371,170.511623,0.462470
12371,12372,170.525406,0.427342
12372,12373,170.539189,0.410906
12373,12374,170.552973,0.480569
12374,12375,170.566756,0.448289
12375,12376,170.580539,0.417707
12376,12377,170.594322,0.491118
12377,12378,170.608105,0.450841
12378,12379,170.621889,0.491679
12379,12380,170.635672,0.402121
12380,12381,170.649455,0.386381
12381,12382,170.663238,0.420957
12382,12383,170.677021,0.433057
12383,12384,170.690804,0.369391
12384,12385,170.704588,0.418611
12385,12386,170.718371,0.458924
12386,12387,170.732154,0.497125
12387,12388,170.745937,0.508558
12388,12389,170.759720,0.407856
12389,12390,170.773503,0.500515
12390,12391,170.787287,0.390935
12391,12392,170.801070,0.380330
12392,12393,170.814853,0.526939
12393,12394,170.828636,0.448532
12394,12395,170.842419,0.452097
12395,12396,170.856202,0.456404
12396,12397,170.869986,0.411903
12397,12398,170.883769,0.429188
12398,12399,170.897552,0.450976
12399,12400,170.911335,0.403505
12400,12401,170.925118,0.454399
12401,12402,170.938901,0.459976
12402,12403,170.952685,0.455816
12403,12404,170.966468,0.446824
12404,12405,170.980251,0.500739
12405,12406,170.994034,0.525379
12406,12407,171.007817,0.412953
12407,12408,171.021600,0.443196
12408,12409,171.035384,0.449799
12409,12410,171.049167,0.352005
12410,12411,171.062950,0.476309
12411,12412,171.076733,0.391707
12412,12413,171.090516,0.405297
12413,12414,171.104300,0.477388
12414,12415,171.118083,0.464998
12415,12416,171.131866,0.499887
12416,12417,171.145649,0.451744
12417,12418,171.159432,0.458786
12418,12419,171.173215,0.392572
12419,12420,171.186999,0.443541
12420,12421,171.200782,0.452416
12421,12422,171.214565,0.407049
12422,12423,171.228348,0.421255
12423,12424,171.242131,0.473787
12424,12425,171.255914,0.386695
12425,12426,171.269698,0.438055
12426,12427,171.283481,0.473917
12427,12428,171.297264,0.426138
12428,12429,171.311047,0.470174
12429,12430,171.324830,0.408370
12430,12431,171.338613,0.380289
12431,12432,171.352397,0.494603
12432,12433,171.366180,0.431388
12433,12434,171.379963,0.405004
12434,12435,171.393746,0.380318
12435,12436,171.407529,0.410486
12436,12437,171.421312,0.490132
12437,12438,171.435096,0.387716
12438,12439,171.448879,0.422424
12439,12440,171.462662,0.436957
12440,12441,171.476445,0.442449
12441,12442,171.490228,0.458039
12442,12443,171.504012,0.497652
12443,12444,171.517795,0.419524
12444,12445,171.531578,0.465891
12445,12446,171.545361,0.424447
12446,12447,171.559144,0.461152
12447,12448,171.572927,0.410065
12448,12449,171.586711,0.358687
12449,12450,171.600494,0.399677
12450,12451,171.614277,0.448245
12451,12452,171.628060,0.456577
12452,12453,171.641843,0.448548
12453,12454,171.655626,0.449317
12454,12455,171.669410,0.447517
12455,12456,171.683193,0.420072
12456,12457,171.696976,0.435622
12457,12458,171.710759,0.432472
12458,12459,171.724542,0.446818
12459,12460,171.738325,0.437528
12460,12461,171.752109,0.447935
12461,12462,171.765892,0.447686
12462,12463,171.779675,0.399877
12463,12464,171.793458,0.392987
12464,12465,171.807241,0.414337
12465,12466,171.821024,0.427446
12466,12467,171.834808,0.452324
12467,12468,171.848591,0.408183
12468,12469,171.862374,0.438080
12469,12470,171.876157,0.378140
12470,12471,171.889940,0.437947
12471,12472,171.903724,0.446909
12472,12473,171.917507,0.428986
12473,12474,171.931290,0.527546
12474,12475,171.945073,0.459159
12475,12476,171.958856,0.458689
12476,12477,171.972639,0.379528
12477,12478,171.986423,0.461635
12478,12479,172.000206,0.412284
12479,12480,172.013989,0.433858
12480,12481,172.027772,0.399889
12481,12482,172.041555,0.459935
12482,12483,172.055338,0.398287
12483,12484,172.069122,0.480261
12484,12485,172.082905,0.417809
12485,12486,172.096688,0.347510
12486,12487,172.110471,0.515058
12487,12488,172.124254,0.434764
12488,12489,172.138037,0.456630
12489,12490,172.151821,0.408045
12490,12491,172.165604,0.450093
12491,12492,172.179387,0.454473
12492,12493,172.193170,0.502380
12493,12494,172.206953,0.463791
12494,12495,172.220736,0.475694
12495,12496,172.234520,0.421252
12496,12497,172.248303,0.417191
12497,12498,172.262086,0.425513
12498,12499,172.275869,0.503119
12499,12500,172.289652,0.485731
12500,12501,172.303436,0.458038
12501,12502,172.317219,0.466072
12502,12503,172.331002,0.477651
12503,12504,172.344785,0.478202
12504,12505,172.358568,0.414933
12505,12506,172.372351,0.433860
12506,12507,172.386135,0.438649
12507,12508,172.399918,0.411131
12508,12509,172.413701,0.432862
12509,12510,172.427484,0.426615
12510,12511,172.441267,0.479484
12511,12512,172.455050,0.452785
12512,12513,172.468834,0.453681
12513,12514,172.482617,0.432315
12514,12515,172.496400,0.387032
12515,12516,172.510183,0.411592
12516,12517,172.523966,0.411944
12517,12518,172.537749,0.494149
12518,12519,172.551533,0.454554
12519,12520,172.565316,0.397923
12520,12521,172.579099,0.430403
12521,12522,172.592882,0.470392
12522,12523,172.606665,0.353696
12523,12524,172.620448,0.409530
12524,12525,172.634232,0.353092
12525,12526,172.648015,0.479485
12526,12527,172.661798,0.431793
12527,12528,172.675581,0.507147
12528,12529,172.689364,0.374816
12529,12530,172.703148,0.473667
12530,12531,172.716931,0.458036
12531,12532,172.730714,0.437619
12532,12533,172.744497,0.468598
12533,12534,172.758280,0.467870
12534,12535,172.772063,0.381862
12535,12536,172.785847,0.483559
12536,12537,172.799630,0.525724
12537,12538,172.813413,0.453267
12538,12539,172.827196,0.484666
12539,12540,172.840979,0.485072
12540,12541,172.854762,0.410649
12541,12542,172.868546,0.459711
12542,12543,172.882329,0.451381
12543,12544,172.896112,0.468076
12544,12545,172.909895,0.481797
12545,12546,172.923678,0.393111
12546,12547,172.937461,0.454950
12547,12548,172.951245,0.426631
12548,12549,172.965028,0.465865
12549,12550,172.978811,0.467597
12550,12551,172.992594,0.565532
12551,12552,173.006377,0.483002
12552,12553,173.020160,0.462616
12553,12554,173.033944,0.409885
12554,12555,173.047727,0.359013
12555,12556,173.061510,0.454493
12556,12557,173.075293,0.476932
12557,12558,173.089076,0.469008
12558,12559,173.102859,0.464734
12559,12560,173.116643,0.460935
12560,12561,173.130426,0.390007
12561,12562,173.144209,0.426485
12562,12563,173.157992,0.450499
12563,12564,173.171775,0.399426
12564,12565,173.185559,0.522809
12565,12566,173.199342,0.512672
12566,12567,173.213125,0.437302
12567,12568,173.226908,0.427768
12568,12569,173.240691,0.456950
12569,12570,173.254474,0.370640
12570,12571,173.268258,0.549777
12571,12572,173.282041,0.482898
12572,12573,173.295824,0.387409
12573,12574,173.309607,0.493529
12574,12575,173.323390,0.425679
12575,12576,173.337173,0.484485
12576,12577,173.350957,0.418163
12577,12578,173.364740,0.425890
12578,12579,173.378523,0.358654
12579,12580,173.392306,0.402779
12580,12581,173.406089,0.502338
12581,12582,173.419872,0.521383
12582,12583,173.433656,0.371349
12583,12584,173.447439,0.455815
12584,12585,173.461222,0.453206
12585,12586,173.475005,0.392978
12586,12587,173.488788,0.475728
12587,12588,173.502571,0.417398
12588,12589,173.516355,0.448140
12589,12590,173.530138,0.439938
12590,12591,173.543921,0.480268
12591,12592,173.557704,0.425520
12592,12593,173.571487,0.417767
12593,12594,173.585271,0.534757
12594,12595,173.599054,0.450043
12595,12596,173.612837,0.450312
12596,12597,173.626620,0.397518
12597,12598,173.640403,0.554071
12598,12599,173.654186,0.439503
12599,12600,173.667970,0.393508
12600,12601,173.681753,0.399758
12601,12602,173.695536,0.457422
12602,12603,173.709319,0.454696
12603,12604,173.723102,0.487088
12604,12605,173.736885,0.479599
12605,12606,173.750669,0.434518
12606,12607,173.764452,0.450359
12607,12608,173.778235,0.419921
12608,12609,173.792018,0.455875
12609,12610,173.805801,0.476141
12610,12611,173.819584,0.459120
12611,12612,173.833368,0.412489
12612,12613,173.847151,0.403457
12613,12614,173.860934,0.412986
12614,12615,173.874717,0.471027
12615,12616,173.888500,0.407750
12616,12617,173.902283,0.461839
12617,12618,173.916067,0.467645
12618,12619,173.929850,0.464691
12619,12620,173.943633,0.520584
12620,12621,173.957416,0.465202
12621,12622,173.971199,0.429414
12622,12623,173.984983,0.404707
12623,12624,173.998766,0.407476
12624,12625,174.012549,0.464373
12625,12626,174.026332,0.494175
12626,12627,174.040115,0.441239
12627,12628,174.053898,0.402347
12628,12629,174.067682,0.490563
12629,12630,174.081465,0.443851
12630,12631,174.095248,0.495020
12631,12632,174.109031,0.375806
12632,12633,174.122814,0.410585
12633,12634,174.136597,0.412828
12634,12635,174.150381,0.494424
12635,12636,174.164164,0.475600
12636,12637,174.177947,0.462978
12637,12638,174.191730,0.401042
12638,12639,174.205513,0.453574
12639,12640,174.219296,0.485456
12640,12641,174.233080,0.425501
12641,12642,174.246863,0.426742
12642,12643,174.260646,0.470005
12643,12644,174.274429,0.477587
12644,12645,174.288212,0.430076
12645,12646,174.301995,0.403413
12646,12647,174.315779,0.515513
12647,12648,174.329562,0.502916
12648,12649,174.343345,0.453612
12649,12650,174.357128,0.421298
12650,12651,174.370911,0.447129
12651,12652,174.384695,0.462756
12652,12653,174.398478,0.360458
12653,12654,174.412261,0.481830
12654,12655,174.426044,0.495338
12655,12656,174.439827,0.431100
12656,12657,174.453610,0.408009
12657,12658,174.467394,0.462520
12658,12659,174.481177,0.479555
12659,12660,174.494960,0.440080
12660,12661,174.508743,0.492345
12661,12662,174.522526,0.423790
12662,12663,174.536309,0.479072
12663,12664,174.550093,0.544883
12664,12665,174.563876,0.488669
12665,12666,174.577659,0.436819
12666,12667,174.591442,0.442340
12667,12668,174.605225,0.549661
12668,12669,174.619008,0.417904
12669,12670,174.632792,0.408129
12670,12671,174.646575,0.471188
12671,12672,174.660358,0.523157
12672,12673,174.674141,0.437990
12673,12674,174.687924,0.444492
12674,12675,174.701707,0.398523
12675,12676,174.715491,0.455245
12676,12677,174.729274,0.400496
12677,12678,174.743057,0.469047
12678,12679,174.756840,0.436807
12679,12680,174.770623,0.425162
12680,12681,174.784407,0.472880
12681,12682,174.798190,0.424248
12682,12683,174.811973,0.488234
12683,12684,174.825756,0.437920
12684,12685,174.839539,0.470945
12685,12686,174.853322,0.446241
12686,12687,174.867106,0.432891
12687,12688,174.880889,0.462789
12688,12689,174.894672,0.433016
12689,12690,174.908455,0.470798
12690,12691,174.922238,0.392002
12691,12692,174.936021,0.514896
12692,12693,174.949805,0.484710
12693,12694,174.963588,0.419922
12694,12695,174.977371,0.455710
12695,12696,174.991154,0.439365
12696,12697,175.004937,0.469288
12697,12698,175.018720,0.425545
12698,12699,175.032504,0.486470
12699,12700,175.046287,0.435834
12700,12701,175.060070,0.441517
12701,12702,175.073853,0.397116
12702,12703,175.087636,0.438513
12703,12704,175.101419,0.393482
12704,12705,175.115203,0.377964
12705,12706,175.128986,0.450264
12706,12707,175.142769,0.442946
12707,12708,175.156552,0.441502
12708,12709,175.170335,0.441136
12709,12710,175.184118,0.459657
12710,12711,175.197902,0.438276
12711,12712,175.211685,0.418161
12712,12713,175.225468,0.499229
12713,12714,175.239251,0.453108
12714,12715,175.253034,0.466258
12715,12716,175.266818,0.405916
12716,12717,175.280601,0.376567
12717,12718,175.294384,0.456270
12718,12719,175.308167,0.442337
12719,12720,175.321950,0.417413
12720,12721,175.335733,0.383210
12721,12722,175.349517,0.405559
12722,12723,175.363300,0.480092
12723,12724,175.377083,0.374423
12724,12725,175.390866,0.453558
12725,12726,175.404649,0.406435
12726,12727,175.418432,0.418805
12727,12728,175.432216,0.460499
12728,12729,175.445999,0.451969
12729,12730,175.459782,0.383022
12730,12731,175.473565,0.396634
12731,12732,175.487348,0.464931
12732,12733,175.501131,0.405114
12733,12734,175.514915,0.460032
12734,12735,175.528698,0.424462
12735,12736,175.542481,0.429594
12736,12737,175.556264,0.473595
12737,12738,175.570047,0.527373
12738,12739,175.583830,0.454188
12739,12740,175.597614,0.465327
12740,12741,175.611397,0.425737
12741,12742,175.625180,0.466394
12742,12743,175.638963,0.474779
12743,12744,175.652746,0.541796
12744,12745,175.666530,0.441940
12745,12746,175.680313,0.476343
12746,12747,175.694096,0.459449
12747,12748,175.707879,0.456362
12748,12749,175.721662,0.397091
12749,12750,175.735445,0.482340
12750,12751,175.749229,0.457322
12751,12752,175.763012,0.445404
12752,12753,175.776795,0.437041
12753,12754,175.790578,0.496500
12754,12755,175.804361,0.423798
12755,12756,175.818144,0.455357
12756,12757,175.831928,0.454168
12757,12758,175.845711,0.455664
12758,12759,175.859494,0.418801
12759,12760,175.873277,0.357088
12760,12761,175.887060,0.457846
12761,12762,175.900843,0.470074
12762,12763,175.914627,0.429248
12763,12764,175.928410,0.496094
12764,12765,175.942193,0.434817
12765,12766,175.955976,0.396770
12766,12767,175.969759,0.486883
12767,12768,175.983542,0.555058
12768,12769,175.997326,0.422979
12769,12770,176.011109,0.368911
12770,12771,176.024892,0.457640
12771,12772,176.038675,0.450115
12772,12773,176.052458,0.479927
12773,12774,176.066242,0.518101
12774,12775,176.080025,0.431729
12775,12776,176.093808,0.405896
12776,12777,176.107591,0.437846
12777,12778,176.121374,0.437999
12778,12779,176.135157,0.359466
12779,12780,176.148941,0.441855
12780,12781,176.162724,0.396401
12781,12782,176.176507,0.496713
12782,12783,176.190290,0.354765
12783,12784,176.204073,0.384345
12784,12785,176.217856,0.550890
12785,12786,176.231640,0.497319
12786,12787,176.245423,0.472883
12787,12788,176.259206,0.473050
12788,12789,176.272989,0.439918
12789,12790,176.286772,0.454456
12790,12791,176.300555,0.413412
12791,12792,176.314339,0.444856
12792,12793,176.328122,0.525304
12793,12794,176.341905,0.408966
12794,12795,176.355688,0.546761
12795,12796,176.369471,0.479434
12796,12797,176.383254,0.462227
12797,12798,176.397038,0.388951
12798,12799,176.410821,0.515639
12799,12800,176.424604,0.476055
12800,12801,176.438387,0.410103
12801,12802,176.452170,0.356221
12802,12803,176.465954,0.428877
12803,12804,176.479737,0.409994
12804,12805,176.493520,0.419384
12805,12806,176.507303,0.418026
12806,12807,176.521086,0.459775
12807,12808,176.534869,0.475417
12808,12809,176.548653,0.494774
12809,12810,176.562436,0.437593
12810,12811,176.576219,0.433011
12811,12812,176.590002,0.375074
12812,12813,176.603785,0.439591
12813,12814,176.617568,0.467735
12814,12815,176.631352,0.458483
12815,12816,176.645135,0.411396
12816,12817,176.658918,0.441676
12817,12818,176.672701,0.506721
12818,12819,176.686484,0.511472
12819,12820,176.700267,0.386866
12820,12821,176.714051,0.476973
12821,12822,176.727834,0.364895
12822,12823,176.741617,0.390551
12823,12824,176.755400,0.466374
12824,12825,176.769183,0.543707
12825,12826,176.782966,0.477787
12826,12827,176.796750,0.456769
12827,12828,176.810533,0.421613
12828,12829,176.824316,0.423019
12829,12830,176.838099,0.390278
12830,12831,176.851882,0.422698
12831,12832,176.865666,0.414307
12832,12833,176.879449,0.423563
12833,12834,176.893232,0.469615
12834,12835,176.907015,0.376347
12835,12836,176.920798,0.359195
12836,12837,176.934581,0.438029
12837,12838,176.948365,0.468684
12838,12839,176.962148,0.439021
12839,12840,176.975931,0.418442
12840,12841,176.989714,0.472807
12841,12842,177.003497,0.448648
12842,12843,177.017280,0.458271
12843,12844,177.031064,0.436550
12844,12845,177.044847,0.445070
12845,12846,177.058630,0.452840
12846,12847,177.072413,0.485120
12847,12848,177.086196,0.454952
12848,12849,177.099979,0.454243
12849,12850,177.113763,0.399390
12850,12851,177.127546,0.432141
12851,12852,177.141329,0.331260
12852,12853,177.155112,0.456221
12853,12854,177.168895,0.489863
12854,12855,177.182678,0.448522
12855,12856,177.196462,0.419348
12856,12857,177.210245,0.417914
12857,12858,177.224028,0.479616
12858,12859,177.237811,0.483129
12859,12860,177.251594,0.493657
12860,12861,177.265377,0.459300
12861,12862,177.279161,0.493272
12862,12863,177.292944,0.501718
12863,12864,177.306727,0.477370
12864,12865,177.320510,0.392331
12865,12866,177.334293,0.515638
12866,12867,177.348077,0.436341
12867,12868,177.361860,0.529344
12868,12869,177.375643,0.510497
12869,12870,177.389426,0.390245
12870,12871,177.403209,0.441242
12871,12872,177.416992,0.523491
12872,12873,177.430776,0.479844
12873,12874,177.444559,0.396273
12874,12875,177.458342,0.468653
12875,12876,177.472125,0.474830
12876,12877,177.485908,0.503483
12877,12878,177.499691,0.470121
12878,12879,177.513475,0.437125
12879,12880,177.527258,0.509342
12880,12881,177.541041,0.455036
12881,12882,177.554824,0.428288
12882,12883,177.568607,0.430353
12883,12884,177.582390,0.454554
12884,12885,177.596174,0.459895
12885,12886,177.609957,0.420713
12886,12887,177.623740,0.435729
12887,12888,177.637523,0.448347
12888,12889,177.651306,0.552760
12889,12890,177.665089,0.483452
12890,12891,177.678873,0.399375
12891,12892,177.692656,0.493582
12892,12893,177.706439,0.518108
12893,12894,177.720222,0.487162
12894,12895,177.734005,0.456354
12895,12896,177.747789,0.432065
12896,12897,177.761572,0.424609
12897,12898,177.775355,0.485255
12898,12899,177.789138,0.516424
12899,12900,177.802921,0.469613
12900,12901,177.816704,0.401151
12901,12902,177.830488,0.468673
12902,12903,177.844271,0.486101
12903,12904,177.858054,0.434069
12904,12905,177.871837,0.470930
12905,12906,177.885620,0.465432
12906,12907,177.899403,0.478317
12907,12908,177.913187,0.444890
12908,12909,177.926970,0.463475
12909,12910,177.940753,0.401434
12910,12911,177.954536,0.431434
12911,12912,177.968319,0.530398
12912,12913,177.982102,0.381329
12913,12914,177.995886,0.461860
12914,12915,178.009669,0.449506
12915,12916,178.023452,0.416338
12916,12917,178.037235,0.457350
12917,12918,178.051018,0.396490
12918,12919,178.064801,0.402250
12919,12920,178.078585,0.446457
12920,12921,178.092368,0.462732
12921,12922,178.106151,0.513835
12922,12923,178.119934,0.435417
12923,12924,178.133717,0.378756
12924,12925,178.147501,0.451806
12925,12926,178.161284,0.416199
12926,12927,178.175067,0.441344
12927,12928,178.188850,0.449586
12928,12929,178.202633,0.448865
12929,12930,178.216416,0.439808
12930,12931,178.230200,0.456597
12931,12932,178.243983,0.443559
12932,12933,178.257766,0.403411
12933,12934,178.271549,0.442986
12934,12935,178.285332,0.451838
12935,12936,178.299115,0.418781
12936,12937,178.312899,0.436544
12937,12938,178.326682,0.420583
12938,12939,178.340465,0.423471
12939,12940,178.354248,0.399331
12940,12941,178.368031,0.528206
12941,12942,178.381814,0.452002
12942,12943,178.395598,0.437620
12943,12944,178.409381,0.402956
12944,12945,178.423164,0.447273
12945,12946,178.436947,0.430114
12946,12947,178.450730,0.371840
12947,12948,178.464513,0.442363
12948,12949,178.478297,0.399899
12949,12950,178.492080,0.409038
12950,12951,178.505863,0.435697
12951,12952,178.519646,0.455109
12952,12953,178.533429,0.388336
12953,12954,178.547213,0.384631
12954,12955,178.560996,0.413162
12955,12956,178.574779,0.428725
12956,12957,178.588562,0.449538
12957,12958,178.602345,0.430327
12958,12959,178.616128,0.441778
12959,12960,178.629912,0.396936
12960,12961,178.643695,0.432272
12961,12962,178.657478,0.483334
12962,12963,178.671261,0.533115
12963,12964,178.685044,0.540698
12964,12965,178.698827,0.448084
12965,12966,178.712611,0.433767
12966,12967,178.726394,0.408711
12967,12968,178.740177,0.449980
12968,12969,178.753960,0.450663
12969,12970,178.767743,0.445587
12970,12971,178.781526,0.379575
12971,12972,178.795310,0.462211
12972,12973,178.809093,0.444133
12973,12974,178.822876,0.465643
12974,12975,178.836659,0.510851
12975,12976,178.850442,0.580845
12976,12977,178.864225,0.475644
12977,12978,178.878009,0.420400
12978,12979,178.891792,0.416547
12979,12980,178.905575,0.453993
12980,12981,178.919358,0.463938
12981,12982,178.933141,0.451628
12982,12983,178.946925,0.460281
12983,12984,178.960708,0.456444
12984,12985,178.974491,0.430173
12985,12986,178.988274,0.377174
12986,12987,179.002057,0.442778
12987,12988,179.015840,0.415679
12988,12989,179.029624,0.463012
12989,12990,179.043407,0.450422
12990,12991,179.057190,0.481731
12991,12992,179.070973,0.445412
12992,12993,179.084756,0.482161
12993,12994,179.098539,0.499802
12994,12995,179.112323,0.429264
12995,12996,179.126106,0.414421
12996,12997,179.139889,0.438955
12997,12998,179.153672,0.483806
12998,12999,179.167455,0.478034
12999,13000,179.181238,0.528379
13000,13001,179.195022,0.476386
13001,13002,179.208805,0.539281
13002,13003,179.222588,0.514157
13003,13004,179.236371,0.387568
13004,13005,179.250154,0.425164
13005,13006,179.263937,0.406885
13006,13007,179.277721,0.461769
13007,13008,179.291504,0.412816
13008,13009,179.305287,0.448516
13009,13010,179.319070,0.450486
13010,13011,179.332853,0.455351
13011,13012,179.346636,0.385953
13012,13013,179.360420,0.462209
13013,13014,179.374203,0.437713
13014,13015,179.387986,0.450310
13015,13016,179.401769,0.457732
13016,13017,179.415552,0.424496
13017,13018,179.429336,0.420263
13018,13019,179.443119,0.462984
13019,13020,179.456902,0.370830
13020,13021,179.470685,0.455003
13021,13022,179.484468,0.371667
13022,13023,179.498251,0.386264
13023,13024,179.512035,0.495085
13024,13025,179.525818,0.478432
13025,13026,179.539601,0.362216
13026,13027,179.553384,0.421682
13027,13028,179.567167,0.504318
13028,13029,179.580950,0.413240
13029,13030,179.594734,0.465762
13030,13031,179.608517,0.428210
13031,13032,179.622300,0.443229
13032,13033,179.636083,0.439404
13033,13034,179.649866,0.426451
13034,13035,179.663649,0.432780
13035,13036,179.677433,0.482788
13036,13037,179.691216,0.433267
13037,13038,179.704999,0.485992
13038,13039,179.718782,0.459672
13039,13040,179.732565,0.428301
13040,13041,179.746348,0.415338
13041,13042,179.760132,0.449248
13042,13043,179.773915,0.444399
13043,13044,179.787698,0.396588
13044,13045,179.801481,0.452046
13045,13046,179.815264,0.412558
13046,13047,179.829048,0.464790
13047,13048,179.842831,0.439141
13048,13049,179.856614,0.458048
13049,13050,179.870397,0.494149
13050,13051,179.884180,0.412212
13051,13052,179.897963,0.410402
13052,13053,179.911747,0.494490
13053,13054,179.925530,0.415348
13054,13055,179.939313,0.471025
13055,13056,179.953096,0.424606
13056,13057,179.966879,0.445060
13057,13058,179.980662,0.404337
13058,13059,179.994446,0.428144
13059,13060,180.008229,0.378853
13060,13061,180.022012,0.459861
13061,13062,180.035795,0.417513
13062,13063,180.049578,0.402785
13063,13064,180.063361,0.441099
13064,13065,180.077145,0.463766
13065,13066,180.090928,0.382691
13066,13067,180.104711,0.462360
13067,13068,180.118494,0.445270
13068,13069,180.132277,0.520349
13069,13070,180.146060,0.471873
13070,13071,180.159844,0.475344
13071,13072,180.173627,0.423243
13072,13073,180.187410,0.439436
13073,13074,180.201193,0.426948
13074,13075,180.214976,0.344975
13075,13076,180.228760,0.553663
13076,13077,180.242543,0.449064
13077,13078,180.256326,0.458350
13078,13079,180.270109,0.431488
13079,13080,180.283892,0.390546
13080,13081,180.297675,0.468367
13081,13082,180.311459,0.520216
13082,13083,180.325242,0.387006
13083,13084,180.339025,0.437809
13084,13085,180.352808,0.441827
13085,13086,180.366591,0.471774
13086,13087,180.380374,0.441445
13087,13088,180.394158,0.456601
13088,13089,180.407941,0.470349
13089,13090,180.421724,0.487603
13090,13091,180.435507,0.399870
13091,13092,180.449290,0.421518
13092,13093,180.463073,0.400994
13093,13094,180.476857,0.458222
13094,13095,180.490640,0.453836
13095,13096,180.504423,0.341797
13096,13097,180.518206,0.482064
13097,13098,180.531989,0.403075
13098,13099,180.545772,0.489994
13099,13100,180.559556,0.411588
13100,13101,180.573339,0.428062
13101,13102,180.587122,0.403165
13102,13103,180.600905,0.474754
13103,13104,180.614688,0.430689
13104,13105,180.628472,0.414625
13105,13106,180.642255,0.400008
13106,13107,180.656038,0.442861
13107,13108,180.669821,0.491689
13108,13109,180.683604,0.464053
13109,13110,180.697387,0.418713
13110,13111,180.711171,0.446060
13111,13112,180.724954,0.430367
13112,13113,180.738737,0.411805
13113,13114,180.752520,0.410202
13114,13115,180.766303,0.461748
13115,13116,180.780086,0.470163
13116,13117,180.793870,0.434282
13117,13118,180.807653,0.506681
13118,13119,180.821436,0.429668
13119,13120,180.835219,0.426279
13120,13121,180.849002,0.442929
13121,13122,180.862785,0.468864
13122,13123,180.876569,0.428242
13123,13124,180.890352,0.446764
13124,13125,180.904135,0.451775
13125,13126,180.917918,0.504731
13126,13127,180.931701,0.404091
13127,13128,180.945484,0.410905
13128,13129,180.959268,0.516642
13129,13130,180.973051,0.414279
13130,13131,180.986834,0.415678
13131,13132,181.000617,0.439595
13132,13133,181.014400,0.530906
13133,13134,181.028184,0.418811
13134,13135,181.041967,0.418588
13135,13136,181.055750,0.478986
13136,13137,181.069533,0.450445
13137,13138,181.083316,0.480344
13138,13139,181.097099,0.445851
13139,13140,181.110883,0.444463
13140,13141,181.124666,0.513259
13141,13142,181.138449,0.426233
13142,13143,181.152232,0.420037
13143,13144,181.166015,0.457282
13144,13145,181.179798,0.494950
13145,13146,181.193582,0.443106
13146,13147,181.207365,0.414356
13147,13148,181.221148,0.384579
13148,13149,181.234931,0.405483
13149,13150,181.248714,0.443943
13150,13151,181.262497,0.507928
13151,13152,181.276281,0.463826
13152,13153,181.290064,0.430464
13153,13154,181.303847,0.452186
13154,13155,181.317630,0.480607
13155,13156,181.331413,0.428715
13156,13157,181.345196,0.386736
13157,13158,181.358980,0.451381
13158,13159,181.372763,0.461276
13159,13160,181.386546,0.553463
13160,13161,181.400329,0.439824
13161,13162,181.414112,0.423183
13162,13163,181.427895,0.361608
13163,13164,181.441679,0.401156
13164,13165,181.455462,0.416301
13165,13166,181.469245,0.504594
13166,13167,181.483028,0.437688
13167,13168,181.496811,0.427009
13168,13169,181.510595,0.422333
13169,13170,181.524378,0.480785
13170,13171,181.538161,0.493281
13171,13172,181.551944,0.443938
13172,13173,181.565727,0.418648
13173,13174,181.579510,0.525134
13174,13175,181.593294,0.465113
13175,13176,181.607077,0.409948
13176,13177,181.620860,0.429522
13177,13178,181.634643,0.415786
13178,13179,181.648426,0.442955
13179,13180,181.662209,0.493659
13180,13181,181.675993,0.422791
13181,13182,181.689776,0.445711
13182,13183,181.703559,0.408076
13183,13184,181.717342,0.468921
13184,13185,181.731125,0.424519
13185,13186,181.744908,0.479567
13186,13187,181.758692,0.452213
13187,13188,181.772475,0.484633
13188,13189,181.786258,0.523514
13189,13190,181.800041,0.480896
13190,13191,181.813824,0.502875
13191,13192,181.827607,0.498180
13192,13193,181.841391,0.455353
13193,13194,181.855174,0.416440
13194,13195,181.868957,0.494282
13195,13196,181.882740,0.437977
13196,13197,181.896523,0.407882
13197,13198,181.910307,0.429623
13198,13199,181.924090,0.490185
13199,13200,181.937873,0.465582
13200,13201,181.951656,0.386258
13201,13202,181.965439,0.439928
13202,13203,181.979222,0.523165
13203,13204,181.993006,0.433730
13204,13205,182.006789,0.418236
13205,13206,182.020572,0.478390
13206,13207,182.034355,0.379521
13207,13208,182.048138,0.470350
13208,13209,182.061921,0.423315
13209,13210,182.075705,0.389612
13210,13211,182.089488,0.492873
13211,13212,182.103271,0.398375
13212,13213,182.117054,0.416195
13213,13214,182.130837,0.424964
13214,13215,182.144620,0.433361
13215,13216,182.158404,0.432938
13216,13217,182.172187,0.419471
13217,13218,182.185970,0.476524
13218,13219,182.199753,0.478892
13219,13220,182.213536,0.359325
13220,13221,182.227319,0.371729
13221,13222,182.241103,0.382503
13222,13223,182.254886,0.444349
13223,13224,182.268669,0.412956
13224,13225,182.282452,0.414021
13225,13226,182.296235,0.452580
13226,13227,182.310019,0.456761
13227,13228,182.323802,0.372081
13228,13229,182.337585,0.378426
13229,13230,182.351368,0.474106
13230,13231,182.365151,0.473225
13231,13232,182.378934,0.385673
13232,13233,182.392718,0.480582
13233,13234,182.406501,0.397776
13234,13235,182.420284,0.504999
13235,13236,182.434067,0.457319
13236,13237,182.447850,0.476447
13237,13238,182.461633,0.438424
13238,13239,182.475417,0.360997
13239,13240,182.489200,0.474356
13240,13241,182.502983,0.423499
13241,13242,182.516766,0.447858
13242,13243,182.530549,0.455905
13243,13244,182.544332,0.408494
13244,13245,182.558116,0.532970
13245,13246,182.571899,0.399499
13246,13247,182.585682,0.418942
13247,13248,182.599465,0.476511
13248,13249,182.613248,0.483742
13249,13250,182.627031,0.372906
13250,13251,182.640815,0.427128
13251,13252,182.654598,0.376105
13252,13253,182.668381,0.439548
13253,13254,182.682164,0.485962
13254,13255,182.695947,0.378252
13255,13256,182.709731,0.440692
13256,13257,182.723514,0.430756
13257,13258,182.737297,0.442614
13258,13259,182.751080,0.431646
13259,13260,182.764863,0.401942
13260,13261,182.778646,0.436966
13261,13262,182.792430,0.381245
13262,13263,182.806213,0.468415
13263,13264,182.819996,0.489249
13264,13265,182.833779,0.400740
13265,13266,182.847562,0.409607
13266,13267,182.861345,0.470709
13267,13268,182.875129,0.386300
13268,13269,182.888912,0.410119
13269,13270,182.902695,0.371305
13270,13271,182.916478,0.536402
13271,13272,182.930261,0.403150
13272,13273,182.944044,0.388178
13273,13274,182.957828,0.354655
13274,13275,182.971611,0.445407
13275,13276,182.985394,0.475172
13276,13277,182.999177,0.445536
13277,13278,183.012960,0.494617
13278,13279,183.026743,0.409317
13279,13280,183.040527,0.400459
13280,13281,183.054310,0.407816
13281,13282,183.068093,0.503585
13282,13283,183.081876,0.440797
13283,13284,183.095659,0.424653
13284,13285,183.109443,0.484054
13285,13286,183.123226,0.450372
13286,13287,183.137009,0.442684
13287,13288,183.150792,0.444763
13288,13289,183.164575,0.505648
13289,13290,183.178358,0.480752
13290,13291,183.192142,0.416066
13291,13292,183.205925,0.457301
13292,13293,183.219708,0.524704
13293,13294,183.233491,0.382786
13294,13295,183.247274,0.391277
13295,13296,183.261057,0.432202
13296,13297,183.274841,0.478536
13297,13298,183.288624,0.483637
13298,13299,183.302407,0.490223
13299,13300,183.316190,0.446528
13300,13301,183.329973,0.466712
13301,13302,183.343756,0.454749
13302,13303,183.357540,0.531844
13303,13304,183.371323,0.501333
13304,13305,183.385106,0.463508
13305,13306,183.398889,0.467352
13306,13307,183.412672,0.445605
13307,13308,183.426455,0.421951
13308,13309,183.440239,0.351545
13309,13310,183.454022,0.387539
13310,13311,183.467805,0.444866
13311,13312,183.481588,0.459069
13312,13313,183.495371,0.435966
13313,13314,183.509154,0.496791
13314,13315,183.522938,0.472305
13315,13316,183.536721,0.429426
13316,13317,183.550504,0.432638
13317,13318,183.564287,0.465282
13318,13319,183.578070,0.382476
13319,13320,183.591854,0.493587
13320,13321,183.605637,0.430301
13321,13322,183.619420,0.434502
13322,13323,183.633203,0.411442
13323,13324,183.646986,0.403487
13324,13325,183.660769,0.422701
13325,13326,183.674553,0.449270
13326,13327,183.688336,0.373890
13327,13328,183.702119,0.396926
13328,13329,183.715902,0.464888
13329,13330,183.729685,0.424437
13330,13331,183.743468,0.442846
13331,13332,183.757252,0.403370
13332,13333,183.771035,0.484729
13333,13334,183.784818,0.439035
13334,13335,183.798601,0.475092
13335,13336,183.812384,0.422274
13336,13337,183.826167,0.530588
13337,13338,183.839951,0.423044
13338,13339,183.853734,0.389548
13339,13340,183.867517,0.392883
13340,13341,183.881300,0.377284
13341,13342,183.895083,0.443204
13342,13343,183.908866,0.521441
13343,13344,183.922650,0.442887
13344,13345,183.936433,0.404987
13345,13346,183.950216,0.490864
13346,13347,183.963999,0.440980
13347,13348,183.977782,0.408711
13348,13349,183.991566,0.390981
13349,13350,184.005349,0.472908
13350,13351,184.019132,0.455156
13351,13352,184.032915,0.374650
13352,13353,184.046698,0.422432
13353,13354,184.060481,0.453181
13354,13355,184.074265,0.435109
13355,13356,184.088048,0.397632
13356,13357,184.101831,0.430794
13357,13358,184.115614,0.449779
13358,13359,184.129397,0.435425
13359,13360,184.143180,0.398987
13360,13361,184.156964,0.497489
13361,13362,184.170747,0.476288
13362,13363,184.184530,0.457448
13363,13364,184.198313,0.390683
13364,13365,184.212096,0.459613
13365,13366,184.225879,0.434270
13366,13367,184.239663,0.412818
13367,13368,184.253446,0.400392
13368,13369,184.267229,0.428486
13369,13370,184.281012,0.504000
13370,13371,184.294795,0.445330
13371,13372,184.308578,0.477950
13372,13373,184.322362,0.429955
13373,13374,184.336145,0.443934
13374,13375,184.349928,0.445370
13375,13376,184.363711,0.406460
13376,13377,184.377494,0.491508
13377,13378,184.391278,0.440783
13378,13379,184.405061,0.485127
13379,13380,184.418844,0.317683
13380,13381,184.432627,0.403470
13381,13382,184.446410,0.455098
13382,13383,184.460193,0.400555
13383,13384,184.473977,0.472656
13384,13385,184.487760,0.476245
13385,13386,184.501543,0.401281
13386,13387,184.515326,0.421476
13387,13388,184.529109,0.459806
13388,13389,184.542892,0.397623
13389,13390,184.556676,0.447791
13390,13391,184.570459,0.414734
13391,13392,184.584242,0.416041
13392,13393,184.598025,0.351919
13393,13394,184.611808,0.499574
13394,13395,184.625591,0.435444
13395,13396,184.639375,0.458006
13396,13397,184.653158,0.484071
13397,13398,184.666941,0.458792
13398,13399,184.680724,0.420617
13399,13400,184.694507,0.447883
13400,13401,184.708290,0.412768
13401,13402,184.722074,0.454910
13402,13403,184.735857,0.399782
13403,13404,184.749640,0.418859
13404,13405,184.763423,0.473782
13405,13406,184.777206,0.416228
13406,13407,184.790990,0.468242
13407,13408,184.804773,0.454796
13408,13409,184.818556,0.445940
13409,13410,184.832339,0.429738
13410,13411,184.846122,0.417255
13411,13412,184.859905,0.508870
13412,13413,184.873689,0.371581
13413,13414,184.887472,0.457404
13414,13415,184.901255,0.439421
13415,13416,184.915038,0.517477
13416,13417,184.928821,0.464385
13417,13418,184.942604,0.431572
13418,13419,184.956388,0.454565
13419,13420,184.970171,0.387419
13420,13421,184.983954,0.412062
13421,13422,184.997737,0.462958
13422,13423,185.011520,0.425964
13423,13424,185.025303,0.467770
13424,13425,185.039087,0.416141
13425,13426,185.052870,0.365199
13426,13427,185.066653,0.437021
13427,13428,185.080436,0.439652
13428,13429,185.094219,0.450712
13429,13430,185.108002,0.480860
13430,13431,185.121786,0.405771
13431,13432,185.135569,0.491562
13432,13433,185.149352,0.440326
13433,13434,185.163135,0.388577
13434,13435,185.176918,0.436514
13435,13436,185.190702,0.477707
13436,13437,185.204485,0.429597
13437,13438,185.218268,0.448272
13438,13439,185.232051,0.453476
13439,13440,185.245834,0.446383
13440,13441,185.259617,0.494274
13441,13442,185.273401,0.475060
13442,13443,185.287184,0.496571
13443,13444,185.300967,0.379945
13444,13445,185.314750,0.376602
13445,13446,185.328533,0.489451
13446,13447,185.342316,0.414412
13447,13448,185.356100,0.463647
13448,13449,185.369883,0.428498
13449,13450,185.383666,0.400901
13450,13451,185.397449,0.411443
13451,13452,185.411232,0.453865
13452,13453,185.425015,0.415243
13453,13454,185.438799,0.447965
13454,13455,185.452582,0.419400
13455,13456,185.466365,0.449138
13456,13457,185.480148,0.427804
13457,13458,185.493931,0.367392
13458,13459,185.507714,0.378350
13459,13460,185.521498,0.399296
13460,13461,185.535281,0.480919
13461,13462,185.549064,0.466758
13462,13463,185.562847,0.329808
13463,13464,185.576630,0.451287
13464,13465,185.590413,0.495096
13465,13466,185.604197,0.444881
13466,13467,185.617980,0.479328
13467,13468,185.631763,0.557328
13468,13469,185.645546,0.367176
13469,13470,185.659329,0.445862
13470,13471,185.673113,0.430488
13471,13472,185.686896,0.391709
13472,13473,185.700679,0.430633
13473,13474,185.714462,0.437133
13474,13475,185.728245,0.513761
13475,13476,185.742028,0.373713
13476,13477,185.755812,0.443413
13477,13478,185.769595,0.446509
13478,13479,185.783378,0.406311
13479,13480,185.797161,0.427233
13480,13481,185.810944,0.512838
13481,13482,185.824727,0.468354
13482,13483,185.838511,0.453027
13483,13484,185.852294,0.452369
13484,13485,185.866077,0.428434
13485,13486,185.879860,0.391652
13486,13487,185.893643,0.479758
13487,13488,185.907426,0.419728
13488,13489,185.921210,0.467947
13489,13490,185.934993,0.354311
13490,13491,185.948776,0.500996
13491,13492,185.962559,0.377225
13492,13493,185.976342,0.456277
13493,13494,185.990125,0.428670
13494,13495,186.003909,0.416368
13495,13496,186.017692,0.355321
13496,13497,186.031475,0.513968
13497,13498,186.045258,0.430355
13498,13499,186.059041,0.437687
13499,13500,186.072825,0.504895
13500,13501,186.086608,0.437850
13501,13502,186.100391,0.466018
13502,13503,186.114174,0.380496
13503,13504,186.127957,0.478360
13504,13505,186.141740,0.442424
13505,13506,186.155524,0.474267
13506,13507,186.169307,0.456633
13507,13508,186.183090,0.398895
13508,13509,186.196873,0.450267
13509,13510,186.210656,0.344347
13510,13511,186.224439,0.440403
13511,13512,186.238223,0.444738
13512,13513,186.252006,0.443599
13513,13514,186.265789,0.494063
13514,13515,186.279572,0.413934
13515,13516,186.293355,0.441868
13516,13517,186.307138,0.467490
13517,13518,186.320922,0.515354
13518,13519,186.334705,0.385784
13519,13520,186.348488,0.449511
13520,13521,186.362271,0.419571
13521,13522,186.376054,0.382472
13522,13523,186.389837,0.532998
13523,13524,186.403621,0.524288
13524,13525,186.417404,0.427424
13525,13526,186.431187,0.420354
13526,13527,186.444970,0.393941
13527,13528,186.458753,0.425050
13528,13529,186.472537,0.390252
13529,13530,186.486320,0.378306
13530,13531,186.500103,0.411514
13531,13532,186.513886,0.336008
13532,13533,186.527669,0.454706
13533,13534,186.541452,0.398777
13534,13535,186.555236,0.431847
13535,13536,186.569019,0.502264
13536,13537,186.582802,0.417969
13537,13538,186.596585,0.384087
13538,13539,186.610368,0.457181
13539,13540,186.624151,0.427479
13540,13541,186.637935,0.551412
13541,13542,186.651718,0.402073
13542,13543,186.665501,0.539965
13543,13544,186.679284,0.458899
13544,13545,186.693067,0.428120
13545,13546,186.706850,0.420975
13546,13547,186.720634,0.513111
13547,13548,186.734417,0.416090
13548,13549,186.748200,0.472570
13549,13550,186.761983,0.445773
13550,13551,186.775766,0.422111
13551,13552,186.789549,0.455827
13552,13553,186.803333,0.447578
13553,13554,186.817116,0.471657
13554,13555,186.830899,0.456362
13555,13556,186.844682,0.425181
13556,13557,186.858465,0.435853
13557,13558,186.872249,0.454942
13558,13559,186.886032,0.392958
13559,13560,186.899815,0.483261
13560,13561,186.913598,0.358254
13561,13562,186.927381,0.417592
13562,13563,186.941164,0.393910
13563,13564,186.954948,0.488700
13564,13565,186.968731,0.435403
13565,13566,186.982514,0.433029
13566,13567,186.996297,0.406596
13567,13568,187.010080,0.422777
13568,13569,187.023863,0.386786
13569,13570,187.037647,0.415345
13570,13571,187.051430,0.428829
13571,13572,187.065213,0.430121
13572,13573,187.078996,0.476215
13573,13574,187.092779,0.457363
13574,13575,187.106562,0.468641
13575,13576,187.120346,0.427986
13576,13577,187.134129,0.430030
13577,13578,187.147912,0.381774
13578,13579,187.161695,0.402899
13579,13580,187.175478,0.487752
13580,13581,187.189261,0.389641
13581,13582,187.203045,0.359872
13582,13583,187.216828,0.377262
13583,13584,187.230611,0.418547
13584,13585,187.244394,0.467222
13585,13586,187.258177,0.468729
13586,13587,187.271961,0.401701
13587,13588,187.285744,0.475692
13588,13589,187.299527,0.415188
13589,13590,187.313310,0.487362
13590,13591,187.327093,0.420168
13591,13592,187.340876,0.443178
13592,13593,187.354660,0.438587
13593,13594,187.368443,0.544667
13594,13595,187.382226,0.456902
13595,13596,187.396009,0.416020
13596,13597,187.409792,0.426709
13597,13598,187.423575,0.443189
13598,13599,187.437359,0.361397
13599,13600,187.451142,0.475960
13600,13601,187.464925,0.406832
13601,13602,187.478708,0.440222
13602,13603,187.492491,0.392886
13603,13604,187.506274,0.438401
13604,13605,187.520058,0.507245
13605,13606,187.533841,0.462149
13606,13607,187.547624,0.454901
13607,13608,187.561407,0.411207
13608,13609,187.575190,0.321567
13609,13610,187.588973,0.478069
13610,13611,187.602757,0.497643
13611,13612,187.616540,0.467553
13612,13613,187.630323,0.441005
13613,13614,187.644106,0.439179
13614,13615,187.657889,0.494071
13615,13616,187.671672,0.468265
13616,13617,187.685456,0.426245
13617,13618,187.699239,0.380799
13618,13619,187.713022,0.482478
13619,13620,187.726805,0.457857
13620,13621,187.740588,0.490885
13621,13622,187.754372,0.431341
13622,13623,187.768155,0.421699
13623,13624,187.781938,0.429550
13624,13625,187.795721,0.439697
13625,13626,187.809504,0.404924
13626,13627,187.823287,0.368414
13627,13628,187.837071,0.452070
13628,13629,187.850854,0.399876
13629,13630,187.864637,0.414859
13630,13631,187.878420,0.398296
13631,13632,187.892203,0.468767
13632,13633,187.905986,0.411439
13633,13634,187.919770,0.389041
13634,13635,187.933553,0.406819
13635,13636,187.947336,0.490417
13636,13637,187.961119,0.414849
13637,13638,187.974902,0.477076
13638,13639,187.988685,0.462180
13639,13640,188.002469,0.402484
13640,13641,188.016252,0.402217
13641,13642,188.030035,0.368443
13642,13643,188.043818,0.394520
13643,13644,188.057601,0.392662
13644,13645,188.071384,0.523739
13645,13646,188.085168,0.469804
13646,13647,188.098951,0.425821
13647,13648,188.112734,0.410012
13648,13649,188.126517,0.411388
13649,13650,188.140300,0.402060
13650,13651,188.154084,0.440391
13651,13652,188.167867,0.421814
13652,13653,188.181650,0.406001
13653,13654,188.195433,0.427491
13654,13655,188.209216,0.488118
13655,13656,188.222999,0.434104
13656,13657,188.236783,0.368675
13657,13658,188.250566,0.463344
13658,13659,188.264349,0.416791
13659,13660,188.278132,0.534059
13660,13661,188.291915,0.467411
13661,13662,188.305698,0.417111
13662,13663,188.319482,0.564307
13663,13664,188.333265,0.505758
13664,13665,188.347048,0.472317
13665,13666,188.360831,0.368335
13666,13667,188.374614,0.496446
13667,13668,188.388397,0.382522
13668,13669,188.402181,0.506686
13669,13670,188.415964,0.406049
13670,13671,188.429747,0.402688
13671,13672,188.443530,0.438520
13672,13673,188.457313,0.426081
13673,13674,188.471096,0.481139
13674,13675,188.484880,0.418789
13675,13676,188.498663,0.468489
13676,13677,188.512446,0.534925
13677,13678,188.526229,0.425859
13678,13679,188.540012,0.385359
13679,13680,188.553796,0.406352
13680,13681,188.567579,0.503139
13681,13682,188.581362,0.445481
13682,13683,188.595145,0.462444
13683,13684,188.608928,0.485294
13684,13685,188.622711,0.454415
13685,13686,188.636495,0.401829
13686,13687,188.650278,0.462988
13687,13688,188.664061,0.445425
13688,13689,188.677844,0.432971
13689,13690,188.691627,0.410428
13690,13691,188.705410,0.491518
13691,13692,188.719194,0.461249
13692,13693,188.732977,0.453183
13693,13694,188.746760,0.393088
13694,13695,188.760543,0.497762
13695,13696,188.774326,0.428966
13696,13697,188.788109,0.466941
13697,13698,188.801893,0.427262
13698,13699,188.815676,0.481349
13699,13700,188.829459,0.369387
13700,13701,188.843242,0.411892
13701,13702,188.857025,0.441177
13702,13703,188.870808,0.471795
13703,13704,188.884592,0.417390
13704,13705,188.898375,0.409735
13705,13706,188.912158,0.398497
13706,13707,188.925941,0.408401
13707,13708,188.939724,0.500231
13708,13709,188.953508,0.366531
13709,13710,188.967291,0.446138
13710,13711,188.981074,0.528016
13711,13712,188.994857,0.477535
13712,13713,189.008640,0.391177
13713,13714,189.022423,0.403615
13714,13715,189.036207,0.424178
13715,13716,189.049990,0.346291
13716,13717,189.063773,0.435576
13717,13718,189.077556,0.449021
13718,13719,189.091339,0.418911
13719,13720,189.105122,0.442698
13720,13721,189.118906,0.462897
13721,13722,189.132689,0.459396
13722,13723,189.146472,0.507882
13723,13724,189.160255,0.410910
13724,13725,189.174038,0.392252
13725,13726,189.187821,0.442448
13726,13727,189.201605,0.496530
13727,13728,189.215388,0.462871
13728,13729,189.229171,0.528163
13729,13730,189.242954,0.412776
13730,13731,189.256737,0.406408
13731,13732,189.270520,0.412919
13732,13733,189.284304,0.466200
13733,13734,189.298087,0.426654
13734,13735,189.311870,0.451406
13735,13736,189.325653,0.377184
13736,13737,189.339436,0.453822
13737,13738,189.353220,0.414226
13738,13739,189.367003,0.403090
13739,13740,189.380786,0.377547
13740,13741,189.394569,0.436292
13741,13742,189.408352,0.386587
13742,13743,189.422135,0.411466
13743,13744,189.435919,0.512353
13744,13745,189.449702,0.441640
13745,13746,189.463485,0.479434
13746,13747,189.477268,0.442373
13747,13748,189.491051,0.423465
13748,13749,189.504834,0.470804
13749,13750,189.518618,0.447494
13750,13751,189.532401,0.403220
13751,13752,189.546184,0.461713
13752,13753,189.559967,0.409263
13753,13754,189.573750,0.407869
13754,13755,189.587533,0.488747
13755,13756,189.601317,0.401335
13756,13757,189.615100,0.469905
13757,13758,189.628883,0.428565
13758,13759,189.642666,0.435835
13759,13760,189.656449,0.445148
13760,13761,189.670232,0.395840
13761,13762,189.684016,0.408686
13762,13763,189.697799,0.502949
13763,13764,189.711582,0.384360
13764,13765,189.725365,0.460663
13765,13766,189.739148,0.422971
13766,13767,189.752931,0.447567
13767,13768,189.766715,0.499501
13768,13769,189.780498,0.438392
13769,13770,189.794281,0.415226
13770,13771,189.808064,0.528458
13771,13772,189.821847,0.494518
13772,13773,189.835631,0.447949
13773,13774,189.849414,0.415244
13774,13775,189.863197,0.437141
13775,13776,189.876980,0.408667
13776,13777,189.890763,0.408604
13777,13778,189.904546,0.418142
13778,13779,189.918330,0.436878
13779,13780,189.932113,0.450038
13780,13781,189.945896,0.464492
13781,13782,189.959679,0.533095
13782,13783,189.973462,0.492893
13783,13784,189.987245,0.468772
13784,13785,190.001029,0.469947
13785,13786,190.014812,0.417847
13786,13787,190.028595,0.391511
13787,13788,190.042378,0.416326
13788,13789,190.056161,0.357465
13789,13790,190.069944,0.505741
13790,13791,190.083728,0.406686
13791,13792,190.097511,0.394549
13792,13793,190.111294,0.474541
13793,13794,190.125077,0.421862
13794,13795,190.138860,0.471131
13795,13796,190.152643,0.380091
13796,13797,190.166427,0.408447
13797,13798,190.180210,0.450047
13798,13799,190.193993,0.434656
13799,13800,190.207776,0.560112
13800,13801,190.221559,0.455481
13801,13802,190.235343,0.453293
13802,13803,190.249126,0.490039
13803,13804,190.262909,0.459995
13804,13805,190.276692,0.526793
13805,13806,190.290475,0.385672
13806,13807,190.304258,0.420185
13807,13808,190.318042,0.440184
13808,13809,190.331825,0.379030
13809,13810,190.345608,0.429059
13810,13811,190.359391,0.421696
13811,13812,190.373174,0.406753
13812,13813,190.386957,0.457195
13813,13814,190.400741,0.436678
13814,13815,190.414524,0.398763
13815,13816,190.428307,0.396183
13816,13817,190.442090,0.513189
13817,13818,190.455873,0.411679
13818,13819,190.469656,0.486697
13819,13820,190.483440,0.389682
13820,13821,190.497223,0.387700
13821,13822,190.511006,0.415779
13822,13823,190.524789,0.435269
13823,13824,190.538572,0.416130
13824,13825,190.552355,0.448148
13825,13826,190.566139,0.459726
13826,13827,190.579922,0.448739
13827,13828,190.593705,0.482258
13828,13829,190.607488,0.411818
13829,13830,190.621271,0.407217
13830,13831,190.635055,0.479444
13831,13832,190.648838,0.471568
13832,13833,190.662621,0.466417
13833,13834,190.676404,0.451858
13834,13835,190.690187,0.428073
13835,13836,190.703970,0.466366
13836,13837,190.717754,0.470042
13837,13838,190.731537,0.455579
13838,13839,190.745320,0.502104
13839,13840,190.759103,0.435959
13840,13841,190.772886,0.372993
13841,13842,190.786669,0.377501
13842,13843,190.800453,0.334781
13843,13844,190.814236,0.385724
13844,13845,190.828019,0.534076
13845,13846,190.841802,0.443234
13846,13847,190.855585,0.457615
13847,13848,190.869368,0.430131
13848,13849,190.883152,0.488902
13849,13850,190.896935,0.443786
13850,13851,190.910718,0.482216
13851,13852,190.924501,0.423066
13852,13853,190.938284,0.421306
13853,13854,190.952067,0.471967
13854,13855,190.965851,0.460767
13855,13856,190.979634,0.428313
13856,13857,190.993417,0.411875
13857,13858,191.007200,0.491692
13858,13859,191.020983,0.526887
13859,13860,191.034767,0.440433
13860,13861,191.048550,0.481038
13861,13862,191.062333,0.397369
13862,13863,191.076116,0.441916
13863,13864,191.089899,0.468493
13864,13865,191.103682,0.441091
13865,13866,191.117466,0.436699
13866,13867,191.131249,0.431778
13867,13868,191.145032,0.424064
13868,13869,191.158815,0.398148
13869,13870,191.172598,0.468239
13870,13871,191.186381,0.417057
13871,13872,191.200165,0.447050
13872,13873,191.213948,0.338647
13873,13874,191.227731,0.455304
13874,13875,191.241514,0.424820
13875,13876,191.255297,0.430571
13876,13877,191.269080,0.432027
13877,13878,191.282864,0.427088
13878,13879,191.296647,0.398114
13879,13880,191.310430,0.441262
13880,13881,191.324213,0.407991
13881,13882,191.337996,0.425751
13882,13883,191.351779,0.408544
13883,13884,191.365563,0.470419
13884,13885,191.379346,0.431181
13885,13886,191.393129,0.409352
13886,13887,191.406912,0.414398
13887,13888,191.420695,0.444367
13888,13889,191.434479,0.430590
13889,13890,191.448262,0.464829
13890,13891,191.462045,0.416102
13891,13892,191.475828,0.470082
13892,13893,191.489611,0.419940
13893,13894,191.503394,0.481794
13894,13895,191.517178,0.453825
13895,13896,191.530961,0.414162
13896,13897,191.544744,0.392896
13897,13898,191.558527,0.471033
13898,13899,191.572310,0.367132
13899,13900,191.586093,0.412753
13900,13901,191.599877,0.440942
13901,13902,191.613660,0.488000
13902,13903,191.627443,0.419121
13903,13904,191.641226,0.453634
13904,13905,191.655009,0.508626
13905,13906,191.668792,0.436498
13906,13907,191.682576,0.438610
13907,13908,191.696359,0.488811
13908,13909,191.710142,0.388890
13909,13910,191.723925,0.540735
13910,13911,191.737708,0.364830
13911,13912,191.751491,0.453504
13912,13913,191.765275,0.364225
13913,13914,191.779058,0.449736
13914,13915,191.792841,0.448383
13915,13916,191.806624,0.452914
13916,13917,191.820407,0.405653
13917,13918,191.834190,0.419605
13918,13919,191.847974,0.416507
13919,13920,191.861757,0.440174
13920,13921,191.875540,0.440570
13921,13922,191.889323,0.447318
13922,13923,191.903106,0.453758
13923,13924,191.916890,0.410543
13924,13925,191.930673,0.421922
13925,13926,191.944456,0.467959
13926,13927,191.958239,0.405504
13927,13928,191.972022,0.564396
13928,13929,191.985805,0.499940
13929,13930,191.999589,0.481948
13930,13931,192.013372,0.451302
13931,13932,192.027155,0.432713
13932,13933,192.040938,0.521486
13933,13934,192.054721,0.424191
13934,13935,192.068504,0.356604
13935,13936,192.082288,0.505631
13936,13937,192.096071,0.481318
13937,13938,192.109854,0.445445
13938,13939,192.123637,0.390575
13939,13940,192.137420,0.377725
13940,13941,192.151203,0.422090
13941,13942,192.164987,0.383311
13942,13943,192.178770,0.453275
13943,13944,192.192553,0.349976
13944,13945,192.206336,0.434739
13945,13946,192.220119,0.534008
13946,13947,192.233902,0.516055
13947,13948,192.247686,0.444764
13948,13949,192.261469,0.460066
13949,13950,192.275252,0.368077
13950,13951,192.289035,0.486226
13951,13952,192.302818,0.444527
13952,13953,192.316602,0.448308
13953,13954,192.330385,0.418109
13954,13955,192.344168,0.385832
13955,13956,192.357951,0.407312
13956,13957,192.371734,0.447948
13957,13958,192.385517,0.463181
13958,13959,192.399301,0.453169
13959,13960,192.413084,0.397394
13960,13961,192.426867,0.469868
13961,13962,192.440650,0.523242
13962,13963,192.454433,0.364444
13963,13964,192.468216,0.377363
13964,13965,192.482000,0.437760
13965,13966,192.495783,0.435130
13966,13967,192.509566,0.507824
13967,13968,192.523349,0.479618
13968,13969,192.537132,0.433019
13969,13970,192.550915,0.486914
13970,13971,192.564699,0.391920
13971,13972,192.578482,0.417596
13972,13973,192.592265,0.409010
13973,13974,192.606048,0.398072
13974,13975,192.619831,0.511230
13975,13976,192.633614,0.433789
13976,13977,192.647398,0.431513
13977,13978,192.661181,0.455046
13978,13979,192.674964,0.438969
13979,13980,192.688747,0.475480
13980,13981,192.702530,0.431486
13981,13982,192.716314,0.421069
13982,13983,192.730097,0.418143
13983,13984,192.743880,0.381093
13984,13985,192.757663,0.443388
13985,13986,192.771446,0.571868
13986,13987,192.785229,0.506740
13987,13988,192.799013,0.424564
13988,13989,192.812796,0.510150
13989,13990,192.826579,0.438189
13990,13991,192.840362,0.442128
13991,13992,192.854145,0.500735
13992,13993,192.867928,0.427060
13993,13994,192.881712,0.443729
13994,13995,192.895495,0.405271
13995,13996,192.909278,0.392658
13996,13997,192.923061,0.434433
13997,13998,192.936844,0.438834
13998,13999,192.950627,0.411647
13999,14000,192.964411,0.397632
14000,14001,192.978194,0.398731
14001,14002,192.991977,0.383275
14002,14003,193.005760,0.457436
14003,14004,193.019543,0.446347
14004,14005,193.033326,0.414427
14005,14006,193.047110,0.454228
14006,14007,193.060893,0.420826
14007,14008,193.074676,0.405403
14008,14009,193.088459,0.414126
14009,14010,193.102242,0.441122
14010,14011,193.116026,0.482010
14011,14012,193.129809,0.465205
14012,14013,193.143592,0.428309
14013,14014,193.157375,0.409168
14014,14015,193.171158,0.440057
14015,14016,193.184941,0.449806
14016,14017,193.198725,0.423656
14017,14018,193.212508,0.526794
14018,14019,193.226291,0.432179
14019,14020,193.240074,0.486714
14020,14021,193.253857,0.383935
14021,14022,193.267640,0.383899
14022,14023,193.281424,0.413460
14023,14024,193.295207,0.426054
14024,14025,193.308990,0.348977
14025,14026,193.322773,0.351511
14026,14027,193.336556,0.449904
14027,14028,193.350339,0.468666
14028,14029,193.364123,0.488538
14029,14030,193.377906,0.419113
14030,14031,193.391689,0.422326
14031,14032,193.405472,0.429820
14032,14033,193.419255,0.409728
14033,14034,193.433038,0.408165
14034,14035,193.446822,0.481935
14035,14036,193.460605,0.393912
14036,14037,193.474388,0.423780
14037,14038,193.488171,0.402076
14038,14039,193.501954,0.459445
14039,14040,193.515738,0.475400
14040,14041,193.529521,0.402742
14041,14042,193.543304,0.434503
14042,14043,193.557087,0.433247
14043,14044,193.570870,0.400747
14044,14045,193.584653,0.460347
14045,14046,193.598437,0.440606
14046,14047,193.612220,0.424646
14047,14048,193.626003,0.463211
14048,14049,193.639786,0.409883
14049,14050,193.653569,0.407784
14050,14051,193.667352,0.475173
14051,14052,193.681136,0.487270
14052,14053,193.694919,0.467587
14053,14054,193.708702,0.434396
14054,14055,193.722485,0.405375
14055,14056,193.736268,0.382650
14056,14057,193.750051,0.421508
14057,14058,193.763835,0.408770
14058,14059,193.777618,0.424981
14059,14060,193.791401,0.392452
14060,14061,193.805184,0.440972
14061,14062,193.818967,0.433884
14062,14063,193.832750,0.447928
14063,14064,193.846534,0.541412
14064,14065,193.860317,0.458575
14065,14066,193.874100,0.429906
14066,14067,193.887883,0.412789
14067,14068,193.901666,0.431170
14068,14069,193.915449,0.515624
14069,14070,193.929233,0.400296
14070,14071,193.943016,0.490490
14071,14072,193.956799,0.397797
14072,14073,193.970582,0.456314
14073,14074,193.984365,0.492610
14074,14075,193.998149,0.414002
14075,14076,194.011932,0.428809
14076,14077,194.025715,0.371073
14077,14078,194.039498,0.474427
14078,14079,194.053281,0.434635
14079,14080,194.067064,0.453490
14080,14081,194.080848,0.519404
14081,14082,194.094631,0.411451
14082,14083,194.108414,0.417789
14083,14084,194.122197,0.442455
14084,14085,194.135980,0.480714
14085,14086,194.149763,0.463820
14086,14087,194.163547,0.481091
14087,14088,194.177330,0.422554
14088,14089,194.191113,0.485672
14089,14090,194.204896,0.415621
14090,14091,194.218679,0.451001
14091,14092,194.232462,0.489544
14092,14093,194.246246,0.515502
14093,14094,194.260029,0.380292
14094,14095,194.273812,0.493798
14095,14096,194.287595,0.420778
14096,14097,194.301378,0.468218
14097,14098,194.315161,0.379137
14098,14099,194.328945,0.426399
14099,14100,194.342728,0.415163
14100,14101,194.356511,0.437790
14101,14102,194.370294,0.514253
14102,14103,194.384077,0.397313
14103,14104,194.397861,0.406580
14104,14105,194.411644,0.419530
14105,14106,194.425427,0.485367
14106,14107,194.439210,0.443556
14107,14108,194.452993,0.389580
14108,14109,194.466776,0.481670
14109,14110,194.480560,0.483807
14110,14111,194.494343,0.465287
14111,14112,194.508126,0.436195
14112,14113,194.521909,0.518443
14113,14114,194.535692,0.419518
14114,14115,194.549475,0.455592
14115,14116,194.563259,0.385502
14116,14117,194.577042,0.447024
14117,14118,194.590825,0.428599
14118,14119,194.604608,0.491621
14119,14120,194.618391,0.445439
14120,14121,194.632174,0.499279
14121,14122,194.645958,0.483847
14122,14123,194.659741,0.396824
14123,14124,194.673524,0.465636
14124,14125,194.687307,0.436402
14125,14126,194.701090,0.402050
14126,14127,194.714873,0.479757
14127,14128,194.728657,0.429749
14128,14129,194.742440,0.525731
14129,14130,194.756223,0.486018
14130,14131,194.770006,0.473318
14131,14132,194.783789,0.392647
14132,14133,194.797573,0.430378
14133,14134,194.811356,0.410316
14134,14135,194.825139,0.429923
14135,14136,194.838922,0.392507
14136,14137,194.852705,0.481424
14137,14138,194.866488,0.419865
14138,14139,194.880272,0.492269
14139,14140,194.894055,0.481443
14140,14141,194.907838,0.433272
14141,14142,194.921621,0.393627
14142,14143,194.935404,0.419172
14143,14144,194.949187,0.414494
14144,14145,194.962971,0.468544
14145,14146,194.976754,0.421273
14146,14147,194.990537,0.497907
14147,14148,195.004320,0.454030
14148,14149,195.018103,0.394625
14149,14150,195.031886,0.384665
14150,14151,195.045670,0.553558
14151,14152,195.059453,0.429531
14152,14153,195.073236,0.479647
14153,14154,195.087019,0.426222
14154,14155,195.100802,0.392770
14155,14156,195.114585,0.405017
14156,14157,195.128369,0.393270
14157,14158,195.142152,0.367061
14158,14159,195.155935,0.355772
14159,14160,195.169718,0.386873
14160,14161,195.183501,0.468215
14161,14162,195.197285,0.462650
14162,14163,195.211068,0.423941
14163,14164,195.224851,0.502173
14164,14165,195.238634,0.436679
14165,14166,195.252417,0.480527
14166,14167,195.266200,0.420998
14167,14168,195.279984,0.421275
14168,14169,195.293767,0.362599
14169,14170,195.307550,0.457710
14170,14171,195.321333,0.494664
14171,14172,195.335116,0.396468
14172,14173,195.348899,0.384950
14173,14174,195.362683,0.466957
14174,14175,195.376466,0.442718
14175,14176,195.390249,0.459937
14176,14177,195.404032,0.413500
14177,14178,195.417815,0.387108
14178,14179,195.431598,0.427436
14179,14180,195.445382,0.370278
14180,14181,195.459165,0.406325
14181,14182,195.472948,0.506747
14182,14183,195.486731,0.362521
14183,14184,195.500514,0.452552
14184,14185,195.514297,0.428502
14185,14186,195.528081,0.426759
14186,14187,195.541864,0.386018
14187,14188,195.555647,0.481800
14188,14189,195.569430,0.412811
14189,14190,195.583213,0.402402
14190,14191,195.596997,0.552345
14191,14192,195.610780,0.477950
14192,14193,195.624563,0.438538
14193,14194,195.638346,0.404663
14194,14195,195.652129,0.419260
14195,14196,195.665912,0.464562
14196,14197,195.679696,0.513319
14197,14198,195.693479,0.468388
14198,14199,195.707262,0.488368
14199,14200,195.721045,0.358393
14200,14201,195.734828,0.362964
14201,14202,195.748611,0.414154
14202,14203,195.762395,0.450759
14203,14204,195.776178,0.450666
14204,14205,195.789961,0.404333
14205,14206,195.803744,0.389457
14206,14207,195.817527,0.434952
14207,14208,195.831310,0.436633
14208,14209,195.845094,0.342411
14209,14210,195.858877,0.381324
14210,14211,195.872660,0.459009
14211,14212,195.886443,0.527677
14212,14213,195.900226,0.415173
14213,14214,195.914009,0.443163
14214,14215,195.927793,0.466290
14215,14216,195.941576,0.408844
14216,14217,195.955359,0.444916
14217,14218,195.969142,0.442286
14218,14219,195.982925,0.439395
14219,14220,195.996708,0.435513
14220,14221,196.010492,0.495809
14221,14222,196.024275,0.462332
14222,14223,196.038058,0.419345
14223,14224,196.051841,0.458924
14224,14225,196.065624,0.447195
14225,14226,196.079408,0.419692
14226,14227,196.093191,0.465325
14227,14228,196.106974,0.475496
14228,14229,196.120757,0.428941
14229,14230,196.134540,0.446464
14230,14231,196.148323,0.420578
14231,14232,196.162107,0.394495
14232,14233,196.175890,0.446336
14233,14234,196.189673,0.439196
14234,14235,196.203456,0.472657
14235,14236,196.217239,0.431637
14236,14237,196.231022,0.522639
14237,14238,196.244806,0.488311
14238,14239,196.258589,0.453434
14239,14240,196.272372,0.499230
14240,14241,196.286155,0.461198
14241,14242,196.299938,0.415543
14242,14243,196.313721,0.453245
14243,14244,196.327505,0.501258
14244,14245,196.341288,0.433364
14245,14246,196.355071,0.420787
14246,14247,196.368854,0.443708
14247,14248,196.382637,0.431464
14248,14249,196.396420,0.463936
14249,14250,196.410204,0.411181
14250,14251,196.423987,0.443805
14251,14252,196.437770,0.439483
14252,14253,196.451553,0.374672
14253,14254,196.465336,0.373028
14254,14255,196.479120,0.412146
14255,14256,196.492903,0.468294
14256,14257,196.506686,0.442492
14257,14258,196.520469,0.433662
14258,14259,196.534252,0.415817
14259,14260,196.548035,0.485955
14260,14261,196.561819,0.417159
14261,14262,196.575602,0.398123
14262,14263,196.589385,0.425536
14263,14264,196.603168,0.457322
14264,14265,196.616951,0.462155
14265,14266,196.630734,0.344863
14266,14267,196.644518,0.497256
14267,14268,196.658301,0.473530
14268,14269,196.672084,0.428096
14269,14270,196.685867,0.407401
14270,14271,196.699650,0.451443
14271,14272,196.713433,0.443164
14272,14273,196.727217,0.495784
14273,14274,196.741000,0.443666
14274,14275,196.754783,0.446044
14275,14276,196.768566,0.372538
14276,14277,196.782349,0.403652
14277,14278,196.796132,0.460526
14278,14279,196.809916,0.474462
14279,14280,196.823699,0.414103
14280,14281,196.837482,0.386544
14281,14282,196.851265,0.433412
14282,14283,196.865048,0.477107
14283,14284,196.878832,0.453186
14284,14285,196.892615,0.438253
14285,14286,196.906398,0.380259
14286,14287,196.920181,0.392687
14287,14288,196.933964,0.511728
14288,14289,196.947747,0.437438
14289,14290,196.961531,0.432082
14290,14291,196.975314,0.354475
14291,14292,196.989097,0.471089
14292,14293,197.002880,0.377932
14293,14294,197.016663,0.430681
14294,14295,197.030446,0.442276
14295,14296,197.044230,0.416326
14296,14297,197.058013,0.467589
14297,14298,197.071796,0.434635
14298,14299,197.085579,0.495323
14299,14300,197.099362,0.446314
14300,14301,197.113145,0.428750
14301,14302,197.126929,0.393605
14302,14303,197.140712,0.496763
14303,14304,197.154495,0.460998
14304,14305,197.168278,0.488814
14305,14306,197.182061,0.477102
14306,14307,197.195844,0.420512
14307,14308,197.209628,0.368246
14308,14309,197.223411,0.440835
14309,14310,197.237194,0.459640
14310,14311,197.250977,0.443554
14311,14312,197.264760,0.471725
14312,14313,197.278544,0.453520
14313,14314,197.292327,0.462267
14314,14315,197.306110,0.434304
14315,14316,197.319893,0.432118
14316,14317,197.333676,0.443008
14317,14318,197.347459,0.453533
14318,14319,197.361243,0.401502
14319,14320,197.375026,0.495321
14320,14321,197.388809,0.489065
14321,14322,197.402592,0.353900
14322,14323,197.416375,0.397642
14323,14324,197.430158,0.493184
14324,14325,197.443942,0.400508
14325,14326,197.457725,0.448653
14326,14327,197.471508,0.447398
14327,14328,197.485291,0.444744
14328,14329,197.499074,0.389025
14329,14330,197.512857,0.403528
14330,14331,197.526641,0.353499
14331,14332,197.540424,0.458559
14332,14333,197.554207,0.492779
14333,14334,197.567990,0.395614
14334,14335,197.581773,0.400746
14335,14336,197.595556,0.527198
14336,14337,197.609340,0.494719
14337,14338,197.623123,0.419411
14338,14339,197.636906,0.488332
14339,14340,197.650689,0.459024
14340,14341,197.664472,0.511572
14341,14342,197.678256,0.421481
14342,14343,197.692039,0.502699
14343,14344,197.705822,0.413842
14344,14345,197.719605,0.437371
14345,14346,197.733388,0.384971
14346,14347,197.747171,0.485874
14347,14348,197.760955,0.390049
14348,14349,197.774738,0.456817
14349,14350,197.788521,0.333709
14350,14351,197.802304,0.476518
14351,14352,197.816087,0.336865
14352,14353,197.829870,0.477983
14353,14354,197.843654,0.438125
14354,14355,197.857437,0.428243
14355,14356,197.871220,0.467084
14356,14357,197.885003,0.304476
14357,14358,197.898786,0.496027
14358,14359,197.912569,0.435341
14359,14360,197.926353,0.427094
14360,14361,197.940136,0.468908
14361,14362,197.953919,0.503922
14362,14363,197.967702,0.534114
14363,14364,197.981485,0.462800
14364,14365,197.995268,0.434516
14365,14366,198.009052,0.451283
14366,14367,198.022835,0.421225
14367,14368,198.036618,0.525543
14368,14369,198.050401,0.459118
14369,14370,198.064184,0.404918
14370,14371,198.077967,0.435513
14371,14372,198.091751,0.369407
14372,14373,198.105534,0.431320
14373,14374,198.119317,0.390282
14374,14375,198.133100,0.425876
14375,14376,198.146883,0.392693
14376,14377,198.160667,0.446898
14377,14378,198.174450,0.406657
14378,14379,198.188233,0.453291
14379,14380,198.202016,0.490071
14380,14381,198.215799,0.488589
14381,14382,198.229582,0.391995
14382,14383,198.243366,0.529616
14383,14384,198.257149,0.479563
14384,14385,198.270932,0.422301
14385,14386,198.284715,0.532564
14386,14387,198.298498,0.420333
14387,14388,198.312281,0.425352
14388,14389,198.326065,0.436314
14389,14390,198.339848,0.434594
14390,14391,198.353631,0.429118
14391,14392,198.367414,0.420755
14392,14393,198.381197,0.505720
14393,14394,198.394980,0.399611
14394,14395,198.408764,0.418216
14395,14396,198.422547,0.435329
14396,14397,198.436330,0.411754
14397,14398,198.450113,0.427990
14398,14399,198.463896,0.415278
14399,14400,198.477679,0.449381
14400,14401,198.491463,0.481917
14401,14402,198.505246,0.420904
14402,14403,198.519029,0.439992
14403,14404,198.532812,0.476918
14404,14405,198.546595,0.506636
14405,14406,198.560379,0.469952
14406,14407,198.574162,0.395427
14407,14408,198.587945,0.409116
14408,14409,198.601728,0.416948
14409,14410,198.615511,0.384542
14410,14411,198.629294,0.479748
14411,14412,198.643078,0.415879
14412,14413,198.656861,0.498506
14413,14414,198.670644,0.508979
14414,14415,198.684427,0.455361
14415,14416,198.698210,0.430124
14416,14417,198.711993,0.445757
14417,14418,198.725777,0.421109
14418,14419,198.739560,0.491750
14419,14420,198.753343,0.436556
14420,14421,198.767126,0.388780
14421,14422,198.780909,0.470628
14422,14423,198.794692,0.388429
14423,14424,198.808476,0.388202
14424,14425,198.822259,0.438723
14425,14426,198.836042,0.374371
14426,14427,198.849825,0.421050
14427,14428,198.863608,0.379328
14428,14429,198.877391,0.529597
14429,14430,198.891175,0.437022
14430,14431,198.904958,0.416703
14431,14432,198.918741,0.446875
14432,14433,198.932524,0.434693
14433,14434,198.946307,0.377750
14434,14435,198.960091,0.460532
14435,14436,198.973874,0.387954
14436,14437,198.987657,0.457780
14437,14438,199.001440,0.406049
14438,14439,199.015223,0.427823
14439,14440,199.029006,0.462178
14440,14441,199.042790,0.538380
14441,14442,199.056573,0.356308
14442,14443,199.070356,0.455327
14443,14444,199.084139,0.489921
14444,14445,199.097922,0.464120
14445,14446,199.111705,0.401416
14446,14447,199.125489,0.478698
14447,14448,199.139272,0.400186
14448,14449,199.153055,0.440073
14449,14450,199.166838,0.468170
14450,14451,199.180621,0.368192
14451,14452,199.194404,0.453251
14452,14453,199.208188,0.435693
14453,14454,199.221971,0.473717
14454,14455,199.235754,0.357804
14455,14456,199.249537,0.456052
14456,14457,199.263320,0.446442
14457,14458,199.277103,0.515521
14458,14459,199.290887,0.435032
14459,14460,199.304670,0.387255
14460,14461,199.318453,0.454808
14461,14462,199.332236,0.446737
14462,14463,199.346019,0.432692
14463,14464,199.359803,0.384779
14464,14465,199.373586,0.536989
14465,14466,199.387369,0.481525
14466,14467,199.401152,0.382924
14467,14468,199.414935,0.426991
14468,14469,199.428718,0.454028
14469,14470,199.442502,0.469207
14470,14471,199.456285,0.412795
14471,14472,199.470068,0.507932
14472,14473,199.483851,0.393530
14473,14474,199.497634,0.464407
14474,14475,199.511417,0.346685
14475,14476,199.525201,0.472374
14476,14477,199.538984,0.394801
14477,14478,199.552767,0.519178
14478,14479,199.566550,0.474100
14479,14480,199.580333,0.458194
14480,14481,199.594116,0.382519
14481,14482,199.607900,0.382762
14482,14483,199.621683,0.419821
14483,14484,199.635466,0.421450
14484,14485,199.649249,0.401297
14485,14486,199.663032,0.513030
14486,14487,199.676815,0.487903
14487,14488,199.690599,0.401745
14488,14489,199.704382,0.526875
14489,14490,199.718165,0.505008
14490,14491,199.731948,0.391918
14491,14492,199.745731,0.413868
14492,14493,199.759515,0.436832
14493,14494,199.773298,0.409840
14494,14495,199.787081,0.437747
14495,14496,199.800864,0.464704
14496,14497,199.814647,0.503604
14497,14498,199.828430,0.449862
14498,14499,199.842214,0.431827
14499,14500,199.855997,0.469696
14500,14501,199.869780,0.455517
14501,14502,199.883563,0.440723
14502,14503,199.897346,0.454401
14503,14504,199.911129,0.453165
14504,14505,199.924913,0.430431
14505,14506,199.938696,0.553872
14506,14507,199.952479,0.478901
14507,14508,199.966262,0.411556
14508,14509,199.980045,0.437565
14509,14510,199.993828,0.475410
14510,14511,200.007612,0.464150
14511,14512,200.021395,0.452581
14512,14513,200.035178,0.470515
14513,14514,200.048961,0.453741
14514,14515,200.062744,0.357825
14515,14516,200.076527,0.433496
14516,14517,200.090311,0.466184
14517,14518,200.104094,0.466190
14518,14519,200.117877,0.422942
14519,14520,200.131660,0.439353
14520,14521,200.145443,0.434370
14521,14522,200.159226,0.416414
14522,14523,200.173010,0.507714
14523,14524,200.186793,0.441794
14524,14525,200.200576,0.424756
14525,14526,200.214359,0.435996
14526,14527,200.228142,0.435403
14527,14528,200.241926,0.428671
14528,14529,200.255709,0.398996
14529,14530,200.269492,0.447852
14530,14531,200.283275,0.507568
14531,14532,200.297058,0.428821
14532,14533,200.310841,0.571131
14533,14534,200.324625,0.482875
14534,14535,200.338408,0.480422
14535,14536,200.352191,0.413985
14536,14537,200.365974,0.420466
14537,14538,200.379757,0.457680
14538,14539,200.393540,0.398537
14539,14540,200.407324,0.411483
14540,14541,200.421107,0.446141
14541,14542,200.434890,0.464859
14542,14543,200.448673,0.346711
14543,14544,200.462456,0.451053
14544,14545,200.476239,0.439187
14545,14546,200.490023,0.407173
14546,14547,200.503806,0.444153
14547,14548,200.517589,0.489242
14548,14549,200.531372,0.394377
14549,14550,200.545155,0.403566
14550,14551,200.558938,0.486395
14551,14552,200.572722,0.417319
14552,14553,200.586505,0.453149
14553,14554,200.600288,0.470185
14554,14555,200.614071,0.426859
14555,14556,200.627854,0.431529
14556,14557,200.641638,0.437060
14557,14558,200.655421,0.405311
14558,14559,200.669204,0.516322
14559,14560,200.682987,0.378753
14560,14561,200.696770,0.426934
14561,14562,200.710553,0.426222
14562,14563,200.724337,0.441148
14563,14564,200.738120,0.520113
14564,14565,200.751903,0.408242
14565,14566,200.765686,0.461519
14566,14567,200.779469,0.456008
14567,14568,200.793252,0.405316
14568,14569,200.807036,0.502423
14569,14570,200.820819,0.458958
14570,14571,200.834602,0.504454
14571,14572,200.848385,0.453234
14572,14573,200.862168,0.442473
14573,14574,200.875951,0.480489
14574,14575,200.889735,0.475026
14575,14576,200.903518,0.321504
14576,14577,200.917301,0.449044
14577,14578,200.931084,0.468398
14578,14579,200.944867,0.403687
14579,14580,200.958650,0.476040
14580,14581,200.972434,0.387114
14581,14582,200.986217,0.399366
14582,14583,201.000000,0.459930
14583,14584,201.013783,0.472307
14584,14585,201.027566,0.404876
14585,14586,201.041350,0.477775
14586,14587,201.055133,0.418875
14587,14588,201.068916,0.439586
14588,14589,201.082699,0.487947
14589,14590,201.096482,0.484729
14590,14591,201.110265,0.454066
14591,14592,201.124049,0.433322
14592,14593,201.137832,0.460520
14593,14594,201.151615,0.391452
14594,14595,201.165398,0.493084
14595,14596,201.179181,0.432166
14596,14597,201.192964,0.378938
14597,14598,201.206748,0.448314
14598,14599,201.220531,0.497655
14599,14600,201.234314,0.433765
14600,14601,201.248097,0.403272
14601,14602,201.261880,0.413595
14602,14603,201.275663,0.451752
14603,14604,201.289447,0.397714
14604,14605,201.303230,0.459711
14605,14606,201.317013,0.464772
14606,14607,201.330796,0.426644
14607,14608,201.344579,0.421937
14608,14609,201.358362,0.436620
14609,14610,201.372146,0.477276
14610,14611,201.385929,0.447768
14611,14612,201.399712,0.425126
14612,14613,201.413495,0.392173
14613,14614,201.427278,0.474124
14614,14615,201.441062,0.430632
14615,14616,201.454845,0.363151
14616,14617,201.468628,0.413854
14617,14618,201.482411,0.374018
14618,14619,201.496194,0.422977
14619,14620,201.509977,0.438676
14620,14621,201.523761,0.404489
14621,14622,201.537544,0.330819
14622,14623,201.551327,0.394579
14623,14624,201.565110,0.456636
14624,14625,201.578893,0.444886
14625,14626,201.592676,0.400067
14626,14627,201.606460,0.442035
14627,14628,201.620243,0.457408
14628,14629,201.634026,0.386214
14629,14630,201.647809,0.482839
14630,14631,201.661592,0.463207
14631,14632,201.675375,0.415264
14632,14633,201.689159,0.411905
14633,14634,201.702942,0.474589
14634,14635,201.716725,0.460883
14635,14636,201.730508,0.438959
14636,14637,201.744291,0.435897
14637,14638,201.758074,0.451345
14638,14639,201.771858,0.428192
14639,14640,201.785641,0.459392
14640,14641,201.799424,0.453588
14641,14642,201.813207,0.424221
14642,14643,201.826990,0.472997
14643,14644,201.840774,0.473005
14644,14645,201.854557,0.430405
14645,14646,201.868340,0.419486
14646,14647,201.882123,0.429095
14647,14648,201.895906,0.396859
14648,14649,201.909689,0.461211
14649,14650,201.923473,0.429198
14650,14651,201.937256,0.412412
14651,14652,201.951039,0.431144
14652,14653,201.964822,0.385510
14653,14654,201.978605,0.449911
14654,14655,201.992388,0.456924
14655,14656,202.006172,0.383925
14656,14657,202.019955,0.401580
14657,14658,202.033738,0.454530
14658,14659,202.047521,0.467153
14659,14660,202.061304,0.467883
14660,14661,202.075087,0.468803
14661,14662,202.088871,0.497630
14662,14663,202.102654,0.441674
14663,14664,202.116437,0.424279
14664,14665,202.130220,0.378991
14665,14666,202.144003,0.459746
14666,14667,202.157786,0.453863
14667,14668,202.171570,0.449535
14668,14669,202.185353,0.488141
14669,14670,202.199136,0.401448
14670,14671,202.212919,0.462936
14671,14672,202.226702,0.451475
14672,14673,202.240485,0.369916
14673,14674,202.254269,0.441283
14674,14675,202.268052,0.431551
14675,14676,202.281835,0.438955
14676,14677,202.295618,0.413473
14677,14678,202.309401,0.476154
14678,14679,202.323185,0.375548
14679,14680,202.336968,0.454040
14680,14681,202.350751,0.456249
14681,14682,202.364534,0.445864
14682,14683,202.378317,0.385023
14683,14684,202.392100,0.443690
14684,14685,202.405884,0.398086
14685,14686,202.419667,0.408361
14686,14687,202.433450,0.439405
14687,14688,202.447233,0.430508
14688,14689,202.461016,0.446269
14689,14690,202.474799,0.437618
14690,14691,202.488583,0.442347
14691,14692,202.502366,0.376713
14692,14693,202.516149,0.397058
14693,14694,202.529932,0.456558
14694,14695,202.543715,0.413199
14695,14696,202.557498,0.499182
14696,14697,202.571282,0.481616
14697,14698,202.585065,0.379852
14698,14699,202.598848,0.432209
14699,14700,202.612631,0.452145
14700,14701,202.626414,0.397733
14701,14702,202.640197,0.482398
14702,14703,202.653981,0.472370
14703,14704,202.667764,0.408551
14704,14705,202.681547,0.484235
14705,14706,202.695330,0.411603
14706,14707,202.709113,0.346956
14707,14708,202.722897,0.450809
14708,14709,202.736680,0.407295
14709,14710,202.750463,0.495613
14710,14711,202.764246,0.461750
14711,14712,202.778029,0.368782
14712,14713,202.791812,0.508370
14713,14714,202.805596,0.370187
14714,14715,202.819379,0.449494
14715,14716,202.833162,0.527512
14716,14717,202.846945,0.470602
14717,14718,202.860728,0.515510
14718,14719,202.874511,0.472332
14719,14720,202.888295,0.407041
14720,14721,202.902078,0.429998
14721,14722,202.915861,0.370408
14722,14723,202.929644,0.461025
14723,14724,202.943427,0.469690
14724,14725,202.957210,0.379848
14725,14726,202.970994,0.472339
14726,14727,202.984777,0.454612
14727,14728,202.998560,0.405599
14728,14729,203.012343,0.406222
14729,14730,203.026126,0.412327
14730,14731,203.039909,0.427439
14731,14732,203.053693,0.469248
14732,14733,203.067476,0.358740
14733,14734,203.081259,0.460924
14734,14735,203.095042,0.434941
14735,14736,203.108825,0.475478
14736,14737,203.122609,0.440052
14737,14738,203.136392,0.427503
14738,14739,203.150175,0.394789
14739,14740,203.163958,0.462797
14740,14741,203.177741,0.419018
14741,14742,203.191524,0.432681
14742,14743,203.205308,0.436607
14743,14744,203.219091,0.457211
14744,14745,203.232874,0.373301
14745,14746,203.246657,0.482644
14746,14747,203.260440,0.474934
14747,14748,203.274223,0.428849
14748,14749,203.288007,0.448383
14749,14750,203.301790,0.472119
14750,14751,203.315573,0.462709
14751,14752,203.329356,0.435592
14752,14753,203.343139,0.500937
14753,14754,203.356922,0.447668
14754,14755,203.370706,0.565071
14755,14756,203.384489,0.466685
14756,14757,203.398272,0.445733
14757,14758,203.412055,0.412021
14758,14759,203.425838,0.451186
14759,14760,203.439621,0.471737
14760,14761,203.453405,0.437781
14761,14762,203.467188,0.384526
14762,14763,203.480971,0.489694
14763,14764,203.494754,0.445523
14764,14765,203.508537,0.385339
14765,14766,203.522321,0.428900
14766,14767,203.536104,0.381077
14767,14768,203.549887,0.470089
14768,14769,203.563670,0.446700
14769,14770,203.577453,0.421392
14770,14771,203.591236,0.505380
14771,14772,203.605020,0.390052
14772,14773,203.618803,0.364899
14773,14774,203.632586,0.414419
14774,14775,203.646369,0.471723
14775,14776,203.660152,0.442067
14776,14777,203.673935,0.486518
14777,14778,203.687719,0.436804
14778,14779,203.701502,0.476664
14779,14780,203.715285,0.406511
14780,14781,203.729068,0.391484
14781,14782,203.742851,0.419914
14782,14783,203.756634,0.534346
14783,14784,203.770418,0.456707
14784,14785,203.784201,0.383537
14785,14786,203.797984,0.445631
14786,14787,203.811767,0.464826
14787,14788,203.825550,0.513850
14788,14789,203.839333,0.394325
14789,14790,203.853117,0.394389
14790,14791,203.866900,0.379735
14791,14792,203.880683,0.420886
14792,14793,203.894466,0.410025
14793,14794,203.908249,0.418312
14794,14795,203.922033,0.402490
14795,14796,203.935816,0.365448
14796,14797,203.949599,0.443833
14797,14798,203.963382,0.399304
14798,14799,203.977165,0.445954
14799,14800,203.990948,0.488223
14800,14801,204.004732,0.405776
14801,14802,204.018515,0.422815
14802,14803,204.032298,0.416126
14803,14804,204.046081,0.459597
14804,14805,204.059864,0.503411
14805,14806,204.073647,0.373422
14806,14807,204.087431,0.378142
14807,14808,204.101214,0.398063
14808,14809,204.114997,0.336591
14809,14810,204.128780,0.396109
14810,14811,204.142563,0.442651
14811,14812,204.156346,0.399646
14812,14813,204.170130,0.421515
14813,14814,204.183913,0.452707
14814,14815,204.197696,0.469950
14815,14816,204.211479,0.481186
14816,14817,204.225262,0.415107
14817,14818,204.239045,0.385887
14818,14819,204.252829,0.498972
14819,14820,204.266612,0.455588
14820,14821,204.280395,0.465162
14821,14822,204.294178,0.433310
14822,14823,204.307961,0.427830
14823,14824,204.321744,0.347367
14824,14825,204.335528,0.460228
14825,14826,204.349311,0.396777
14826,14827,204.363094,0.468076
14827,14828,204.376877,0.393369
14828,14829,204.390660,0.435757
14829,14830,204.404444,0.467046
14830,14831,204.418227,0.398676
14831,14832,204.432010,0.477908
14832,14833,204.445793,0.439091
14833,14834,204.459576,0.440057
14834,14835,204.473359,0.437573
14835,14836,204.487143,0.469465
14836,14837,204.500926,0.388812
14837,14838,204.514709,0.443120
14838,14839,204.528492,0.422966
14839,14840,204.542275,0.465539
14840,14841,204.556058,0.406943
14841,14842,204.569842,0.425502
14842,14843,204.583625,0.425504
14843,14844,204.597408,0.432716
14844,14845,204.611191,0.422901
14845,14846,204.624974,0.449453
14846,14847,204.638757,0.413310
14847,14848,204.652541,0.436751
14848,14849,204.666324,0.418366
14849,14850,204.680107,0.466386
14850,14851,204.693890,0.464070
14851,14852,204.707673,0.436416
14852,14853,204.721456,0.434726
14853,14854,204.735240,0.419813
14854,14855,204.749023,0.432589
14855,14856,204.762806,0.396627
14856,14857,204.776589,0.421928
14857,14858,204.790372,0.433465
14858,14859,204.804156,0.429430
14859,14860,204.817939,0.389317
14860,14861,204.831722,0.524847
14861,14862,204.845505,0.443620
14862,14863,204.859288,0.451097
14863,14864,204.873071,0.399318
14864,14865,204.886855,0.370033
14865,14866,204.900638,0.466114
14866,14867,204.914421,0.377037
14867,14868,204.928204,0.416474
14868,14869,204.941987,0.412845
14869,14870,204.955770,0.483031
14870,14871,204.969554,0.359692
14871,14872,204.983337,0.450160
14872,14873,204.997120,0.501820
14873,14874,205.010903,0.437390
14874,14875,205.024686,0.374708
14875,14876,205.038469,0.443088
14876,14877,205.052253,0.348527
14877,14878,205.066036,0.471580
14878,14879,205.079819,0.358340
14879,14880,205.093602,0.402486
14880,14881,205.107385,0.451288
14881,14882,205.121168,0.483310
14882,14883,205.134952,0.394313
14883,14884,205.148735,0.421321
14884,14885,205.162518,0.420786
14885,14886,205.176301,0.438647
14886,14887,205.190084,0.396703
14887,14888,205.203868,0.486598
14888,14889,205.217651,0.427329
14889,14890,205.231434,0.430573
14890,14891,205.245217,0.454386
14891,14892,205.259000,0.418393
14892,14893,205.272783,0.363934
14893,14894,205.286567,0.446818
14894,14895,205.300350,0.405567
14895,14896,205.314133,0.412370
14896,14897,205.327916,0.465838
14897,14898,205.341699,0.430382
14898,14899,205.355482,0.421383
14899,14900,205.369266,0.511311
14900,14901,205.383049,0.430030
14901,14902,205.396832,0.408275
14902,14903,205.410615,0.392864
14903,14904,205.424398,0.442297
14904,14905,205.438181,0.496128
14905,14906,205.451965,0.443587
14906,14907,205.465748,0.385080
14907,14908,205.479531,0.462912
14908,14909,205.493314,0.461835
14909,14910,205.507097,0.487032
14910,14911,205.520880,0.539859
14911,14912,205.534664,0.451258
14912,14913,205.548447,0.424030
14913,14914,205.562230,0.501862
14914,14915,205.576013,0.478509
14915,14916,205.589796,0.413177
14916,14917,205.603580,0.436139
14917,14918,205.617363,0.440607
14918,14919,205.631146,0.444192
14919,14920,205.644929,0.363708
14920,14921,205.658712,0.426957
14921,14922,205.672495,0.470830
14922,14923,205.686279,0.460325
14923,14924,205.700062,0.410587
14924,14925,205.713845,0.423182
14925,14926,205.727628,0.473493
14926,14927,205.741411,0.432434
14927,14928,205.755194,0.447980
14928,14929,205.768978,0.489373
14929,14930,205.782761,0.421420
14930,14931,205.796544,0.409195
14931,14932,205.810327,0.415092
14932,14933,205.824110,0.461651
14933,14934,205.837893,0.383620
14934,14935,205.851677,0.498421
14935,14936,205.865460,0.502608
14936,14937,205.879243,0.451879
14937,14938,205.893026,0.491468
14938,14939,205.906809,0.496295
14939,14940,205.920592,0.392918
14940,14941,205.934376,0.493613
14941,14942,205.948159,0.385564
14942,14943,205.961942,0.505958
14943,14944,205.975725,0.499734
14944,14945,205.989508,0.468275
14945,14946,206.003292,0.470200
14946,14947,206.017075,0.433648
14947,14948,206.030858,0.481042
14948,14949,206.044641,0.435433
14949,14950,206.058424,0.359086
14950,14951,206.072207,0.430127
14951,14952,206.085991,0.361489
14952,14953,206.099774,0.376194
14953,14954,206.113557,0.396231
14954,14955,206.127340,0.440705
14955,14956,206.141123,0.436348
14956,14957,206.154906,0.397999
14957,14958,206.168690,0.376350
14958,14959,206.182473,0.484018
14959,14960,206.196256,0.436268
14960,14961,206.210039,0.359422
14961,14962,206.223822,0.373577
14962,14963,206.237605,0.493340
14963,14964,206.251389,0.419125
14964,14965,206.265172,0.497870
14965,14966,206.278955,0.390285
14966,14967,206.292738,0.438559
14967,14968,206.306521,0.390463
14968,14969,206.320304,0.438151
14969,14970,206.334088,0.406541
14970,14971,206.347871,0.434832
14971,14972,206.361654,0.420865
14972,14973,206.375437,0.428297
14973,14974,206.389220,0.437884
14974,14975,206.403003,0.366951
14975,14976,206.416787,0.478933
14976,14977,206.430570,0.492780
14977,14978,206.444353,0.446606
14978,14979,206.458136,0.434079
14979,14980,206.471919,0.470078
14980,14981,206.485703,0.523292
14981,14982,206.499486,0.379030
14982,14983,206.513269,0.447993
14983,14984,206.527052,0.437638
14984,14985,206.540835,0.464655
14985,14986,206.554618,0.417204
14986,14987,206.568402,0.474013
14987,14988,206.582185,0.399095
14988,14989,206.595968,0.418356
14989,14990,206.609751,0.459509
14990,14991,206.623534,0.410623
14991,14992,206.637317,0.458424
14992,14993,206.651101,0.406568
14993,14994,206.664884,0.389322
14994,14995,206.678667,0.433539
14995,14996,206.692450,0.395456
14996,14997,206.706233,0.509851
14997,14998,206.720016,0.472648
14998,14999,206.733800,0.430987
14999,15000,206.747583,0.374672
15000,15001,206.761366,0.418619
15001,15002,206.775149,0.405305
15002,15003,206.788932,0.385810
15003,15004,206.802715,0.450370
15004,15005,206.816499,0.361843
15005,15006,206.830282,0.459835
15006,15007,206.844065,0.431318
15007,15008,206.857848,0.477583
15008,15009,206.871631,0.405028
15009,15010,206.885415,0.453371
15010,15011,206.899198,0.378995
15011,15012,206.912981,0.375578
15012,15013,206.926764,0.369300
15013,15014,206.940547,0.416227
15014,15015,206.954330,0.370158
15015,15016,206.968114,0.473098
15016,15017,206.981897,0.442054
15017,15018,206.995680,0.470838
15018,15019,207.009463,0.448437
15019,15020,207.023246,0.361746
15020,15021,207.037029,0.446069
15021,15022,207.050813,0.470341
15022,15023,207.064596,0.476519
15023,15024,207.078379,0.412056
15024,15025,207.092162,0.453909
15025,15026,207.105945,0.377465
15026,15027,207.119728,0.490033
15027,15028,207.133512,0.441488
15028,15029,207.147295,0.491849
15029,15030,207.161078,0.442085
15030,15031,207.174861,0.486981
15031,15032,207.188644,0.410713
15032,15033,207.202427,0.482571
15033,15034,207.216211,0.423124
15034,15035,207.229994,0.398426
15035,15036,207.243777,0.395095
15036,15037,207.257560,0.424874
15037,15038,207.271343,0.444036
15038,15039,207.285127,0.429429
15039,15040,207.298910,0.382691
15040,15041,207.312693,0.451225
15041,15042,207.326476,0.479017
15042,15043,207.340259,0.446426
15043,15044,207.354042,0.386664
15044,15045,207.367826,0.394600
15045,15046,207.381609,0.428346
15046,15047,207.395392,0.435939
15047,15048,207.409175,0.435569
15048,15049,207.422958,0.421771
15049,15050,207.436741,0.471372
15050,15051,207.450525,0.444404
15051,15052,207.464308,0.555928
15052,15053,207.478091,0.473102
15053,15054,207.491874,0.434429
15054,15055,207.505657,0.423286
15055,15056,207.519440,0.389292
15056,15057,207.533224,0.412290
15057,15058,207.547007,0.407274
15058,15059,207.560790,0.444796
15059,15060,207.574573,0.386922
15060,15061,207.588356,0.421368
15061,15062,207.602139,0.430521
15062,15063,207.615923,0.429841
15063,15064,207.629706,0.479611
15064,15065,207.643489,0.476513
15065,15066,207.657272,0.436122
15066,15067,207.671055,0.383572
15067,15068,207.684839,0.428242
15068,15069,207.698622,0.382262
15069,15070,207.712405,0.417565
15070,15071,207.726188,0.471876
15071,15072,207.739971,0.349468
15072,15073,207.753754,0.426912
15073,15074,207.767538,0.386980
15074,15075,207.781321,0.421054
15075,15076,207.795104,0.455526
15076,15077,207.808887,0.428094
15077,15078,207.822670,0.443885
15078,15079,207.836453,0.374673
15079,15080,207.850237,0.437093
15080,15081,207.864020,0.455752
15081,15082,207.877803,0.440127
15082,15083,207.891586,0.447470
15083,15084,207.905369,0.364939
15084,15085,207.919152,0.418691
15085,15086,207.932936,0.494681
15086,15087,207.946719,0.427130
15087,15088,207.960502,0.478573
15088,15089,207.974285,0.468254
15089,15090,207.988068,0.472340
15090,15091,208.001851,0.519363
15091,15092,208.015635,0.448978
15092,15093,208.029418,0.399429
15093,15094,208.043201,0.417667
15094,15095,208.056984,0.423278
15095,15096,208.070767,0.505658
15096,15097,208.084551,0.427525
15097,15098,208.098334,0.440013
15098,15099,208.112117,0.458924
15099,15100,208.125900,0.403464
15100,15101,208.139683,0.442918
15101,15102,208.153466,0.447159
15102,15103,208.167250,0.338095
15103,15104,208.181033,0.457234
15104,15105,208.194816,0.496482
15105,15106,208.208599,0.399090
15106,15107,208.222382,0.399871
15107,15108,208.236165,0.440704
15108,15109,208.249949,0.450568
15109,15110,208.263732,0.372807
15110,15111,208.277515,0.435984
15111,15112,208.291298,0.476290
15112,15113,208.305081,0.425062
15113,15114,208.318864,0.439177
15114,15115,208.332648,0.512053
15115,15116,208.346431,0.414564
15116,15117,208.360214,0.437703
15117,15118,208.373997,0.456467
15118,15119,208.387780,0.442284
15119,15120,208.401563,0.423312
15120,15121,208.415347,0.421836
15121,15122,208.429130,0.414051
15122,15123,208.442913,0.466740
15123,15124,208.456696,0.485458
15124,15125,208.470479,0.344073
15125,15126,208.484262,0.391066
15126,15127,208.498046,0.403996
15127,15128,208.511829,0.380262
15128,15129,208.525612,0.440518
15129,15130,208.539395,0.455796
15130,15131,208.553178,0.440645
15131,15132,208.566962,0.417761
15132,15133,208.580745,0.392378
15133,15134,208.594528,0.501011
15134,15135,208.608311,0.416439
15135,15136,208.622094,0.434629
15136,15137,208.635877,0.437702
15137,15138,208.649661,0.467588
15138,15139,208.663444,0.452081
15139,15140,208.677227,0.385109
15140,15141,208.691010,0.345539
15141,15142,208.704793,0.454768
15142,15143,208.718576,0.414646
15143,15144,208.732360,0.403579
15144,15145,208.746143,0.431191
15145,15146,208.759926,0.424831
15146,15147,208.773709,0.427776
15147,15148,208.787492,0.514840
15148,15149,208.801275,0.462417
15149,15150,208.815059,0.453673
15150,15151,208.828842,0.407885
15151,15152,208.842625,0.445736
15152,15153,208.856408,0.419587
15153,15154,208.870191,0.433812
15154,15155,208.883974,0.402395
15155,15156,208.897758,0.481290
15156,15157,208.911541,0.456783
15157,15158,208.925324,0.445255
15158,15159,208.939107,0.405467
15159,15160,208.952890,0.431623
15160,15161,208.966674,0.457855
15161,15162,208.980457,0.422990
15162,15163,208.994240,0.443413
15163,15164,209.008023,0.387836
15164,15165,209.021806,0.418993
15165,15166,209.035589,0.433311
15166,15167,209.049373,0.411068
15167,15168,209.063156,0.446975
15168,15169,209.076939,0.391144
15169,15170,209.090722,0.407653
15170,15171,209.104505,0.480020
15171,15172,209.118288,0.389931
15172,15173,209.132072,0.422841
15173,15174,209.145855,0.417012
15174,15175,209.159638,0.442487
15175,15176,209.173421,0.361332
15176,15177,209.187204,0.370687
15177,15178,209.200987,0.405257
15178,15179,209.214771,0.448886
15179,15180,209.228554,0.446595
15180,15181,209.242337,0.514448
15181,15182,209.256120,0.416914
15182,15183,209.269903,0.477785
15183,15184,209.283686,0.527124
15184,15185,209.297470,0.434450
15185,15186,209.311253,0.484128
15186,15187,209.325036,0.438399
15187,15188,209.338819,0.482597
15188,15189,209.352602,0.417433
15189,15190,209.366386,0.463133
15190,15191,209.380169,0.452625
15191,15192,209.393952,0.431236
15192,15193,209.407735,0.426742
15193,15194,209.421518,0.475642
15194,15195,209.435301,0.395997
15195,15196,209.449085,0.430384
15196,15197,209.462868,0.429469
15197,15198,209.476651,0.390847
15198,15199,209.490434,0.428981
15199,15200,209.504217,0.419478
15200,15201,209.518000,0.365080
15201,15202,209.531784,0.450285
15202,15203,209.545567,0.413066
15203,15204,209.559350,0.425547
15204,15205,209.573133,0.395717
15205,15206,209.586916,0.444583
15206,15207,209.600699,0.450055
15207,15208,209.614483,0.389450
15208,15209,209.628266,0.417559
15209,15210,209.642049,0.420331
15210,15211,209.655832,0.420984
15211,15212,209.669615,0.382772
15212,15213,209.683398,0.442907
15213,15214,209.697182,0.406965
15214,15215,209.710965,0.460841
15215,15216,209.724748,0.431783
15216,15217,209.738531,0.370090
15217,15218,209.752314,0.432474
15218,15219,209.766098,0.429702
15219,15220,209.779881,0.482814
15220,15221,209.793664,0.487561
15221,15222,209.807447,0.439688
15222,15223,209.821230,0.476668
15223,15224,209.835013,0.444288
15224,15225,209.848797,0.458747
15225,15226,209.862580,0.369899
15226,15227,209.876363,0.387030
15227,15228,209.890146,0.455119
15228,15229,209.903929,0.443656
15229,15230,209.917712,0.464592
15230,15231,209.931496,0.537722
15231,15232,209.945279,0.459201
15232,15233,209.959062,0.449874
15233,15234,209.972845,0.403626
15234,15235,209.986628,0.448759
15235,15236,210.000411,0.428702
15236,15237,210.014195,0.410235
15237,15238,210.027978,0.402363
15238,15239,210.041761,0.427218
15239,15240,210.055544,0.453093
15240,15241,210.069327,0.430393
15241,15242,210.083110,0.358529
15242,15243,210.096894,0.427544
15243,15244,210.110677,0.524956
15244,15245,210.124460,0.452468
15245,15246,210.138243,0.550020
15246,15247,210.152026,0.522162
15247,15248,210.165810,0.429359
15248,15249,210.179593,0.388511
15249,15250,210.193376,0.447179
15250,15251,210.207159,0.515440
15251,15252,210.220942,0.406089
15252,15253,210.234725,0.363856
15253,15254,210.248509,0.497137
15254,15255,210.262292,0.370489
15255,15256,210.276075,0.410583
15256,15257,210.289858,0.457971
15257,15258,210.303641,0.446087
15258,15259,210.317424,0.396797
15259,15260,210.331208,0.446607
15260,15261,210.344991,0.419295
15261,15262,210.358774,0.421662
15262,15263,210.372557,0.429731
15263,15264,210.386340,0.397425
15264,15265,210.400123,0.400842
15265,15266,210.413907,0.504270
15266,15267,210.427690,0.519349
15267,15268,210.441473,0.477212
15268,15269,210.455256,0.416481
15269,15270,210.469039,0.424363
15270,15271,210.482822,0.339666
15271,15272,210.496606,0.422679
15272,15273,210.510389,0.422332
15273,15274,210.524172,0.442570
15274,15275,210.537955,0.378507
15275,15276,210.551738,0.425364
15276,15277,210.565521,0.452367
15277,15278,210.579305,0.486971
15278,15279,210.593088,0.495245
15279,15280,210.606871,0.502262
15280,15281,210.620654,0.460359
15281,15282,210.634437,0.428913
15282,15283,210.648221,0.420662
15283,15284,210.662004,0.495436
15284,15285,210.675787,0.460401
15285,15286,210.689570,0.425770
15286,15287,210.703353,0.472757
15287,15288,210.717136,0.359241
15288,15289,210.730920,0.434076
15289,15290,210.744703,0.426332
15290,15291,210.758486,0.418211
15291,15292,210.772269,0.344951
15292,15293,210.786052,0.417511
15293,15294,210.799835,0.520421
15294,15295,210.813619,0.436041
15295,15296,210.827402,0.426917
15296,15297,210.841185,0.397495
15297,15298,210.854968,0.388246
15298,15299,210.868751,0.440151
15299,15300,210.882534,0.336332
15300,15301,210.896318,0.386139
15301,15302,210.910101,0.482447
15302,15303,210.923884,0.421360
15303,15304,210.937667,0.367882
15304,15305,210.951450,0.437529
15305,15306,210.965233,0.422250
15306,15307,210.979017,0.426546
15307,15308,210.992800,0.451660
15308,15309,211.006583,0.400077
15309,15310,211.020366,0.433748
15310,15311,211.034149,0.437816
15311,15312,211.047933,0.394821
15312,15313,211.061716,0.407499
15313,15314,211.075499,0.344225
15314,15315,211.089282,0.447460
15315,15316,211.103065,0.434567
15316,15317,211.116848,0.498200
15317,15318,211.130632,0.392192
15318,15319,211.144415,0.521584
15319,15320,211.158198,0.493992
15320,15321,211.171981,0.445669
15321,15322,211.185764,0.406772
15322,15323,211.199547,0.398737
15323,15324,211.213331,0.439947
15324,15325,211.227114,0.435751
15325,15326,211.240897,0.378814
15326,15327,211.254680,0.513270
15327,15328,211.268463,0.430158
15328,15329,211.282246,0.424850
15329,15330,211.296030,0.422324
15330,15331,211.309813,0.373747
15331,15332,211.323596,0.403093
15332,15333,211.337379,0.449172
15333,15334,211.351162,0.402021
15334,15335,211.364945,0.381469
15335,15336,211.378729,0.397417
15336,15337,211.392512,0.444985
15337,15338,211.406295,0.344892
15338,15339,211.420078,0.457953
15339,15340,211.433861,0.454637
15340,15341,211.447645,0.372537
15341,15342,211.461428,0.406798
15342,15343,211.475211,0.455625
15343,15344,211.488994,0.429591
15344,15345,211.502777,0.428239
15345,15346,211.516560,0.428264
15346,15347,211.530344,0.319677
15347,15348,211.544127,0.439681
15348,15349,211.557910,0.374944
15349,15350,211.571693,0.445124
15350,15351,211.585476,0.455655
15351,15352,211.599259,0.436812
15352,15353,211.613043,0.370775
15353,15354,211.626826,0.499437
15354,15355,211.640609,0.443614
15355,15356,211.654392,0.428999
15356,15357,211.668175,0.425980
15357,15358,211.681958,0.456645
15358,15359,211.695742,0.433543
15359,15360,211.709525,0.411471
15360,15361,211.723308,0.455491
15361,15362,211.737091,0.461540
15362,15363,211.750874,0.459374
15363,15364,211.764657,0.464465
15364,15365,211.778441,0.430080
15365,15366,211.792224,0.405507
15366,15367,211.806007,0.432230
15367,15368,211.819790,0.469581
15368,15369,211.833573,0.504361
15369,15370,211.847357,0.485476
15370,15371,211.861140,0.440717
15371,15372,211.874923,0.386178
15372,15373,211.888706,0.452067
15373,15374,211.902489,0.425923
15374,15375,211.916272,0.447025
15375,15376,211.930056,0.443956
15376,15377,211.943839,0.431721
15377,15378,211.957622,0.431712
15378,15379,211.971405,0.463031
15379,15380,211.985188,0.434165
15380,15381,211.998971,0.377644
15381,15382,212.012755,0.418002
15382,15383,212.026538,0.414886
15383,15384,212.040321,0.455684
15384,15385,212.054104,0.414211
15385,15386,212.067887,0.384565
15386,15387,212.081670,0.422477
15387,15388,212.095454,0.498657
15388,15389,212.109237,0.384510
15389,15390,212.123020,0.362599
15390,15391,212.136803,0.480245
15391,15392,212.150586,0.439132
15392,15393,212.164369,0.385969
15393,15394,212.178153,0.397261
15394,15395,212.191936,0.444490
15395,15396,212.205719,0.462038
15396,15397,212.219502,0.465117
15397,15398,212.233285,0.507916
15398,15399,212.247069,0.437356
15399,15400,212.260852,0.357440
15400,15401,212.274635,0.461487
15401,15402,212.288418,0.433001
15402,15403,212.302201,0.394246
15403,15404,212.315984,0.474946
15404,15405,212.329768,0.458398
15405,15406,212.343551,0.452272
15406,15407,212.357334,0.390780
15407,15408,212.371117,0.443723
15408,15409,212.384900,0.434205
15409,15410,212.398683,0.433466
15410,15411,212.412467,0.423755
15411,15412,212.426250,0.426293
15412,15413,212.440033,0.501503
15413,15414,212.453816,0.423319
15414,15415,212.467599,0.452433
15415,15416,212.481382,0.464935
15416,15417,212.495166,0.418797
15417,15418,212.508949,0.496536
15418,15419,212.522732,0.437271
15419,15420,212.536515,0.474209
15420,15421,212.550298,0.460081
15421,15422,212.564081,0.376857
15422,15423,212.577865,0.463047
15423,15424,212.591648,0.415747
15424,15425,212.605431,0.449743
15425,15426,212.619214,0.396730
15426,15427,212.632997,0.427559
15427,15428,212.646780,0.474917
15428,15429,212.660564,0.436589
15429,15430,212.674347,0.413199
15430,15431,212.688130,0.476205
15431,15432,212.701913,0.407707
15432,15433,212.715696,0.346055
15433,15434,212.729480,0.427618
15434,15435,212.743263,0.440605
15435,15436,212.757046,0.510756
15436,15437,212.770829,0.501482
15437,15438,212.784612,0.392451
15438,15439,212.798395,0.496731
15439,15440,212.812179,0.484223
15440,15441,212.825962,0.460092
15441,15442,212.839745,0.431121
15442,15443,212.853528,0.493203
15443,15444,212.867311,0.392046
15444,15445,212.881094,0.471555
15445,15446,212.894878,0.484890
15446,15447,212.908661,0.436556
15447,15448,212.922444,0.436699
15448,15449,212.936227,0.420478
15449,15450,212.950010,0.413256
15450,15451,212.963793,0.461236
15451,15452,212.977577,0.455898
15452,15453,212.991360,0.438203
15453,15454,213.005143,0.391909
15454,15455,213.018926,0.491100
15455,15456,213.032709,0.416277
15456,15457,213.046492,0.398311
15457,15458,213.060276,0.384830
15458,15459,213.074059,0.459037
15459,15460,213.087842,0.488629
15460,15461,213.101625,0.360181
15461,15462,213.115408,0.419465
15462,15463,213.129192,0.420409
15463,15464,213.142975,0.435443
15464,15465,213.156758,0.429666
15465,15466,213.170541,0.421226
15466,15467,213.184324,0.425937
15467,15468,213.198107,0.368062
15468,15469,213.211891,0.405042
15469,15470,213.225674,0.410579
15470,15471,213.239457,0.414869
15471,15472,213.253240,0.421472
15472,15473,213.267023,0.476994
15473,15474,213.280806,0.460855
15474,15475,213.294590,0.451710
15475,15476,213.308373,0.384152
15476,15477,213.322156,0.412154
15477,15478,213.335939,0.407314
15478,15479,213.349722,0.464762
15479,15480,213.363505,0.473579
15480,15481,213.377289,0.469006
15481,15482,213.391072,0.395216
15482,15483,213.404855,0.423468
15483,15484,213.418638,0.450946
15484,15485,213.432421,0.432697
15485,15486,213.446204,0.405056
15486,15487,213.459988,0.411161
15487,15488,213.473771,0.401372
15488,15489,213.487554,0.387172
15489,15490,213.501337,0.439220
15490,15491,213.515120,0.386449
15491,15492,213.528904,0.434355
15492,15493,213.542687,0.545136
15493,15494,213.556470,0.440995
15494,15495,213.570253,0.473010
15495,15496,213.584036,0.445869
15496,15497,213.597819,0.453940
15497,15498,213.611603,0.503404
15498,15499,213.625386,0.406007
15499,15500,213.639169,0.342433
15500,15501,213.652952,0.423551
15501,15502,213.666735,0.436554
15502,15503,213.680518,0.419792
15503,15504,213.694302,0.461243
15504,15505,213.708085,0.453967
15505,15506,213.721868,0.376543
15506,15507,213.735651,0.411160
15507,15508,213.749434,0.406604
15508,15509,213.763217,0.470396
15509,15510,213.777001,0.468542
15510,15511,213.790784,0.516121
15511,15512,213.804567,0.445200
15512,15513,213.818350,0.528594
15513,15514,213.832133,0.430660
15514,15515,213.845916,0.464260
15515,15516,213.859700,0.391870
15516,15517,213.873483,0.411448
15517,15518,213.887266,0.506772
15518,15519,213.901049,0.450445
15519,15520,213.914832,0.372807
15520,15521,213.928616,0.376036
15521,15522,213.942399,0.475653
15522,15523,213.956182,0.370097
15523,15524,213.969965,0.406843
15524,15525,213.983748,0.334289
15525,15526,213.997531,0.480102
15526,15527,214.011315,0.424851
15527,15528,214.025098,0.471929
15528,15529,214.038881,0.400447
15529,15530,214.052664,0.405817
15530,15531,214.066447,0.435090
15531,15532,214.080230,0.441556
15532,15533,214.094014,0.404634
15533,15534,214.107797,0.428393
15534,15535,214.121580,0.461534
15535,15536,214.135363,0.480987
15536,15537,214.149146,0.439521
15537,15538,214.162929,0.477081
15538,15539,214.176713,0.430430
15539,15540,214.190496,0.445012
15540,15541,214.204279,0.427018
15541,15542,214.218062,0.439994
15542,15543,214.231845,0.432371
15543,15544,214.245628,0.410144
15544,15545,214.259412,0.437292
15545,15546,214.273195,0.392012
15546,15547,214.286978,0.378240
15547,15548,214.300761,0.539194
15548,15549,214.314544,0.430662
15549,15550,214.328328,0.452272
15550,15551,214.342111,0.422997
15551,15552,214.355894,0.392804
15552,15553,214.369677,0.435879
15553,15554,214.383460,0.406152
15554,15555,214.397243,0.410595
15555,15556,214.411027,0.520407
15556,15557,214.424810,0.406279
15557,15558,214.438593,0.422980
15558,15559,214.452376,0.455680
15559,15560,214.466159,0.474372
15560,15561,214.479942,0.446619
15561,15562,214.493726,0.465500
15562,15563,214.507509,0.479788
15563,15564,214.521292,0.410847
15564,15565,214.535075,0.324971
15565,15566,214.548858,0.482481
15566,15567,214.562641,0.381637
15567,15568,214.576425,0.411547
15568,15569,214.590208,0.381229
15569,15570,214.603991,0.405621
15570,15571,214.617774,0.479628
15571,15572,214.631557,0.341561
15572,15573,214.645340,0.484519
15573,15574,214.659124,0.441408
15574,15575,214.672907,0.451255
15575,15576,214.686690,0.416081
15576,15577,214.700473,0.457386
15577,15578,214.714256,0.421380
15578,15579,214.728039,0.477011
15579,15580,214.741823,0.361454
15580,15581,214.755606,0.463666
15581,15582,214.769389,0.411760
15582,15583,214.783172,0.391898
15583,15584,214.796955,0.374123
15584,15585,214.810739,0.382190
15585,15586,214.824522,0.489372
15586,15587,214.838305,0.484656
15587,15588,214.852088,0.424782
15588,15589,214.865871,0.441419
15589,15590,214.879654,0.479316
15590,15591,214.893438,0.418741
15591,15592,214.907221,0.439881
15592,15593,214.921004,0.443361
15593,15594,214.934787,0.367003
15594,15595,214.948570,0.523226
15595,15596,214.962353,0.406924
15596,15597,214.976137,0.440853
15597,15598,214.989920,0.489512
15598,15599,215.003703,0.404429
15599,15600,215.017486,0.453070
15600,15601,215.031269,0.486697
15601,15602,215.045052,0.449269
15602,15603,215.058836,0.446532
15603,15604,215.072619,0.421197
15604,15605,215.086402,0.399414
15605,15606,215.100185,0.371556
15606,15607,215.113968,0.576192
15607,15608,215.127751,0.468654
15608,15609,215.141535,0.418426
15609,15610,215.155318,0.379308
15610,15611,215.169101,0.451766
15611,15612,215.182884,0.384760
15612,15613,215.196667,0.426069
15613,15614,215.210451,0.401267
15614,15615,215.224234,0.395822
15615,15616,215.238017,0.460056
15616,15617,215.251800,0.403758
15617,15618,215.265583,0.383039
15618,15619,215.279366,0.430885
15619,15620,215.293150,0.378114
15620,15621,215.306933,0.377512
15621,15622,215.320716,0.416476
15622,15623,215.334499,0.462272
15623,15624,215.348282,0.443734
15624,15625,215.362065,0.440424
15625,15626,215.375849,0.503316
15626,15627,215.389632,0.360887
15627,15628,215.403415,0.403731
15628,15629,215.417198,0.478559
15629,15630,215.430981,0.348662
15630,15631,215.444764,0.431656
15631,15632,215.458548,0.384015
15632,15633,215.472331,0.379674
15633,15634,215.486114,0.433451
15634,15635,215.499897,0.392150
15635,15636,215.513680,0.423285
15636,15637,215.527463,0.443686
15637,15638,215.541247,0.450141
15638,15639,215.555030,0.421966
15639,15640,215.568813,0.434276
15640,15641,215.582596,0.431719
15641,15642,215.596379,0.460779
15642,15643,215.610163,0.508423
15643,15644,215.623946,0.470110
15644,15645,215.637729,0.504142
15645,15646,215.651512,0.414474
15646,15647,215.665295,0.461901
15647,15648,215.679078,0.385065
15648,15649,215.692862,0.401970
15649,15650,215.706645,0.388391
15650,15651,215.720428,0.418761
15651,15652,215.734211,0.522428
15652,15653,215.747994,0.421218
15653,15654,215.761777,0.460705
15654,15655,215.775561,0.452541
15655,15656,215.789344,0.446817
15656,15657,215.803127,0.448072
15657,15658,215.816910,0.370072
15658,15659,215.830693,0.376444
15659,15660,215.844476,0.433727
15660,15661,215.858260,0.504521
15661,15662,215.872043,0.384912
15662,15663,215.885826,0.425326
15663,15664,215.899609,0.441836
15664,15665,215.913392,0.452731
15665,15666,215.927175,0.466504
15666,15667,215.940959,0.432228
15667,15668,215.954742,0.449003
15668,15669,215.968525,0.460945
15669,15670,215.982308,0.510848
15670,15671,215.996091,0.459478
15671,15672,216.009875,0.359920
15672,15673,216.023658,0.454199
15673,15674,216.037441,0.403163
15674,15675,216.051224,0.404647
15675,15676,216.065007,0.450794
15676,15677,216.078790,0.445049
15677,15678,216.092574,0.403366
15678,15679,216.106357,0.487454
15679,15680,216.120140,0.427764
15680,15681,216.133923,0.361181
15681,15682,216.147706,0.456853
15682,15683,216.161489,0.451519
15683,15684,216.175273,0.419323
15684,15685,216.189056,0.406295
15685,15686,216.202839,0.386411
15686,15687,216.216622,0.383135
15687,15688,216.230405,0.431241
15688,15689,216.244188,0.461412
15689,15690,216.257972,0.396143
15690,15691,216.271755,0.374693
15691,15692,216.285538,0.419402
15692,15693,216.299321,0.440488
15693,15694,216.313104,0.409704
15694,15695,216.326887,0.450881
15695,15696,216.340671,0.415885
15696,15697,216.354454,0.437159
15697,15698,216.368237,0.439872
15698,15699,216.382020,0.513602
15699,15700,216.395803,0.401628
15700,15701,216.409587,0.486553
15701,15702,216.423370,0.452245
15702,15703,216.437153,0.442902
15703,15704,216.450936,0.354034
15704,15705,216.464719,0.413607
15705,15706,216.478502,0.473631
15706,15707,216.492286,0.436696
15707,15708,216.506069,0.425402
15708,15709,216.519852,0.469364
15709,15710,216.533635,0.422994
15710,15711,216.547418,0.458188
15711,15712,216.561201,0.394439
15712,15713,216.574985,0.452233
15713,15714,216.588768,0.402706
15714,15715,216.602551,0.433195
15715,15716,216.616334,0.425881
15716,15717,216.630117,0.412786
15717,15718,216.643900,0.418155
15718,15719,216.657684,0.406843
15719,15720,216.671467,0.422575
15720,15721,216.685250,0.400492
15721,15722,216.699033,0.410631
15722,15723,216.712816,0.418196
15723,15724,216.726599,0.467136
15724,15725,216.740383,0.456511
15725,15726,216.754166,0.495885
15726,15727,216.767949,0.438959
15727,15728,216.781732,0.446804
15728,15729,216.795515,0.466500
15729,15730,216.809298,0.412570
15730,15731,216.823082,0.497195
15731,15732,216.836865,0.513946
15732,15733,216.850648,0.384991
15733,15734,216.864431,0.428801
15734,15735,216.878214,0.417157
15735,15736,216.891998,0.470045
15736,15737,216.905781,0.414436
15737,15738,216.919564,0.403768
15738,15739,216.933347,0.403865
15739,15740,216.947130,0.422411
15740,15741,216.960913,0.450439
15741,15742,216.974697,0.385768
15742,15743,216.988480,0.436847
15743,15744,217.002263,0.434670
15744,15745,217.016046,0.356973
15745,15746,217.029829,0.403082
15746,15747,217.043612,0.432482
15747,15748,217.057396,0.480035
15748,15749,217.071179,0.466296
15749,15750,217.084962,0.554509
15750,15751,217.098745,0.453788
15751,15752,217.112528,0.433260
15752,15753,217.126311,0.424759
15753,15754,217.140095,0.512809
15754,15755,217.153878,0.385170
15755,15756,217.167661,0.522601
15756,15757,217.181444,0.476514
15757,15758,217.195227,0.449503
15758,15759,217.209010,0.455276
15759,15760,217.222794,0.391509
15760,15761,217.236577,0.470328
15761,15762,217.250360,0.466803
15762,15763,217.264143,0.326867
15763,15764,217.277926,0.436679
15764,15765,217.291710,0.446115
15765,15766,217.305493,0.380891
15766,15767,217.319276,0.439276
15767,15768,217.333059,0.461437
15768,15769,217.346842,0.412021
15769,15770,217.360625,0.371359
15770,15771,217.374409,0.403411
15771,15772,217.388192,0.537652
15772,15773,217.401975,0.430288
15773,15774,217.415758,0.473062
15774,15775,217.429541,0.380430
15775,15776,217.443324,0.432137
15776,15777,217.457108,0.383073
15777,15778,217.470891,0.387943
15778,15779,217.484674,0.383915
15779,15780,217.498457,0.368131
15780,15781,217.512240,0.402321
15781,15782,217.526023,0.447348
15782,15783,217.539807,0.364026
15783,15784,217.553590,0.440575
15784,15785,217.567373,0.404157
15785,15786,217.581156,0.416428
15786,15787,217.594939,0.404286
15787,15788,217.608722,0.441953
15788,15789,217.622506,0.443124
15789,15790,217.636289,0.462089
15790,15791,217.650072,0.424731
15791,15792,217.663855,0.447817
15792,15793,217.677638,0.469772
15793,15794,217.691422,0.441787
15794,15795,217.705205,0.453162
15795,15796,217.718988,0.390489
15796,15797,217.732771,0.398447
15797,15798,217.746554,0.431981
15798,15799,217.760337,0.375013
15799,15800,217.774121,0.410246
15800,15801,217.787904,0.464604
15801,15802,217.801687,0.414885
15802,15803,217.815470,0.446740
15803,15804,217.829253,0.372517
15804,15805,217.843036,0.399045
15805,15806,217.856820,0.494773
15806,15807,217.870603,0.488810
15807,15808,217.884386,0.450169
15808,15809,217.898169,0.470932
15809,15810,217.911952,0.465873
15810,15811,217.925735,0.451636
15811,15812,217.939519,0.440417
15812,15813,217.953302,0.427412
15813,15814,217.967085,0.421754
15814,15815,217.980868,0.392127
15815,15816,217.994651,0.384598
15816,15817,218.008434,0.402589
15817,15818,218.022218,0.351539
15818,15819,218.036001,0.353265
15819,15820,218.049784,0.426086
15820,15821,218.063567,0.463400
15821,15822,218.077350,0.404460
15822,15823,218.091134,0.454084
15823,15824,218.104917,0.351516
15824,15825,218.118700,0.491526
15825,15826,218.132483,0.525553
15826,15827,218.146266,0.380287
15827,15828,218.160049,0.366159
15828,15829,218.173833,0.386163
15829,15830,218.187616,0.446106
15830,15831,218.201399,0.466477
15831,15832,218.215182,0.486524
15832,15833,218.228965,0.399859
15833,15834,218.242748,0.441845
15834,15835,218.256532,0.360227
15835,15836,218.270315,0.411307
15836,15837,218.284098,0.449608
15837,15838,218.297881,0.411617
15838,15839,218.311664,0.419188
15839,15840,218.325447,0.471844
15840,15841,218.339231,0.395467
15841,15842,218.353014,0.387014
15842,15843,218.366797,0.484902
15843,15844,218.380580,0.439217
15844,15845,218.394363,0.402269
15845,15846,218.408146,0.476823
15846,15847,218.421930,0.437877
15847,15848,218.435713,0.407627
15848,15849,218.449496,0.434099
15849,15850,218.463279,0.421241
15850,15851,218.477062,0.434017
15851,15852,218.490846,0.397172
15852,15853,218.504629,0.462565
15853,15854,218.518412,0.463016
15854,15855,218.532195,0.470797
15855,15856,218.545978,0.546203
15856,15857,218.559761,0.536320
15857,15858,218.573545,0.453472
15858,15859,218.587328,0.460985
15859,15860,218.601111,0.536381
15860,15861,218.614894,0.432062
15861,15862,218.628677,0.384858
15862,15863,218.642460,0.480449
15863,15864,218.656244,0.403787
15864,15865,218.670027,0.354409
15865,15866,218.683810,0.489297
15866,15867,218.697593,0.442328
15867,15868,218.711376,0.324473
15868,15869,218.725159,0.379776
15869,15870,218.738943,0.393670
15870,15871,218.752726,0.451393
15871,15872,218.766509,0.377510
15872,15873,218.780292,0.483218
15873,15874,218.794075,0.377777
15874,15875,218.807858,0.427377
15875,15876,218.821642,0.406902
15876,15877,218.835425,0.391652
15877,15878,218.849208,0.454356
15878,15879,218.862991,0.399234
15879,15880,218.876774,0.408989
15880,15881,218.890557,0.451449
15881,15882,218.904341,0.487909
15882,15883,218.918124,0.434100
15883,15884,218.931907,0.413600
15884,15885,218.945690,0.396659
15885,15886,218.959473,0.475109
15886,15887,218.973257,0.512465
15887,15888,218.987040,0.457563
15888,15889,219.000823,0.398752
15889,15890,219.014606,0.450967
15890,15891,219.028389,0.409506
15891,15892,219.042172,0.464386
15892,15893,219.055956,0.365575
15893,15894,219.069739,0.484001
15894,15895,219.083522,0.437742
15895,15896,219.097305,0.479617
15896,15897,219.111088,0.419697
15897,15898,219.124871,0.502646
15898,15899,219.138655,0.430124
15899,15900,219.152438,0.402393
15900,15901,219.166221,0.461322
15901,15902,219.180004,0.459671
15902,15903,219.193787,0.431238
15903,15904,219.207570,0.405400
15904,15905,219.221354,0.402349
15905,15906,219.235137,0.454525
15906,15907,219.248920,0.448987
15907,15908,219.262703,0.482446
15908,15909,219.276486,0.373762
15909,15910,219.290269,0.415092
15910,15911,219.304053,0.421545
15911,15912,219.317836,0.412940
15912,15913,219.331619,0.480516
15913,15914,219.345402,0.428619
15914,15915,219.359185,0.438298
15915,15916,219.372969,0.489115
15916,15917,219.386752,0.444443
15917,15918,219.400535,0.436842
15918,15919,219.414318,0.396554
15919,15920,219.428101,0.408786
15920,15921,219.441884,0.448148
15921,15922,219.455668,0.433131
15922,15923,219.469451,0.389192
15923,15924,219.483234,0.438629
15924,15925,219.497017,0.398318
15925,15926,219.510800,0.438419
15926,15927,219.524583,0.416197
15927,15928,219.538367,0.424295
15928,15929,219.552150,0.430530
15929,15930,219.565933,0.381904
15930,15931,219.579716,0.389582
15931,15932,219.593499,0.473108
15932,15933,219.607282,0.442697
15933,15934,219.621066,0.473916
15934,15935,219.634849,0.457716
15935,15936,219.648632,0.435698
15936,15937,219.662415,0.418307
15937,15938,219.676198,0.411156
15938,15939,219.689981,0.421421
15939,15940,219.703765,0.478233
15940,15941,219.717548,0.472665
15941,15942,219.731331,0.468492
15942,15943,219.745114,0.420775
15943,15944,219.758897,0.403359
15944,15945,219.772681,0.446734
15945,15946,219.786464,0.416406
15946,15947,219.800247,0.454020
15947,15948,219.814030,0.449989
15948,15949,219.827813,0.448065
15949,15950,219.841596,0.536954
15950,15951,219.855380,0.434727
15951,15952,219.869163,0.435227
15952,15953,219.882946,0.402772
15953,15954,219.896729,0.525658
15954,15955,219.910512,0.393215
15955,15956,219.924295,0.416370
15956,15957,219.938079,0.425933
15957,15958,219.951862,0.396036
15958,15959,219.965645,0.476970
15959,15960,219.979428,0.389642
15960,15961,219.993211,0.468006
15961,15962,220.006994,0.465373
15962,15963,220.020778,0.441955
15963,15964,220.034561,0.451927
15964,15965,220.048344,0.447223
15965,15966,220.062127,0.461069
15966,15967,220.075910,0.467813
15967,15968,220.089693,0.368127
15968,15969,220.103477,0.431669
15969,15970,220.117260,0.472603
15970,15971,220.131043,0.374622
15971,15972,220.144826,0.445325
15972,15973,220.158609,0.486897
15973,15974,220.172393,0.462387
15974,15975,220.186176,0.512247
15975,15976,220.199959,0.400634
15976,15977,220.213742,0.490681
15977,15978,220.227525,0.415641
15978,15979,220.241308,0.403437
15979,15980,220.255092,0.417880
15980,15981,220.268875,0.376199
15981,15982,220.282658,0.417365
15982,15983,220.296441,0.483348
15983,15984,220.310224,0.423229
15984,15985,220.324007,0.501260
15985,15986,220.337791,0.400421
15986,15987,220.351574,0.419801
15987,15988,220.365357,0.387828
15988,15989,220.379140,0.435523
15989,15990,220.392923,0.507253
15990,15991,220.406706,0.453132
15991,15992,220.420490,0.384861
15992,15993,220.434273,0.407261
15993,15994,220.448056,0.470262
15994,15995,220.461839,0.401831
15995,15996,220.475622,0.374015
15996,15997,220.489405,0.490476
15997,15998,220.503189,0.450477
15998,15999,220.516972,0.449802
15999,16000,220.530755,0.428960
16000,16001,220.544538,0.401916
16001,16002,220.558321,0.483660
16002,16003,220.572105,0.381571
16003,16004,220.585888,0.432484
16004,16005,220.599671,0.494022
16005,16006,220.613454,0.449895
16006,16007,220.627237,0.389029
16007,16008,220.641020,0.484462
16008,16009,220.654804,0.420257
16009,16010,220.668587,0.445576
16010,16011,220.682370,0.391296
16011,16012,220.696153,0.426536
16012,16013,220.709936,0.409993
16013,16014,220.723719,0.398362
16014,16015,220.737503,0.344687
16015,16016,220.751286,0.442456
16016,16017,220.765069,0.515860
16017,16018,220.778852,0.373174
16018,16019,220.792635,0.443899
16019,16020,220.806418,0.448891
16020,16021,220.820202,0.427716
16021,16022,220.833985,0.453332
16022,16023,220.847768,0.384775
16023,16024,220.861551,0.477775
16024,16025,220.875334,0.407246
16025,16026,220.889117,0.463160
16026,16027,220.902901,0.467710
16027,16028,220.916684,0.441784
16028,16029,220.930467,0.464763
16029,16030,220.944250,0.406664
16030,16031,220.958033,0.451327
16031,16032,220.971816,0.419087
16032,16033,220.985600,0.498771
16033,16034,220.999383,0.455436
16034,16035,221.013166,0.455535
16035,16036,221.026949,0.404601
16036,16037,221.040732,0.480802
16037,16038,221.054516,0.445568
16038,16039,221.068299,0.361045
16039,16040,221.082082,0.440057
16040,16041,221.095865,0.435850
16041,16042,221.109648,0.444306
16042,16043,221.123431,0.441039
16043,16044,221.137215,0.383691
16044,16045,221.150998,0.339276
16045,16046,221.164781,0.438412
16046,16047,221.178564,0.463357
16047,16048,221.192347,0.380446
16048,16049,221.206130,0.400307
16049,16050,221.219914,0.460174
16050,16051,221.233697,0.390902
16051,16052,221.247480,0.417020
16052,16053,221.261263,0.433638
16053,16054,221.275046,0.446482
16054,16055,221.288829,0.385899
16055,16056,221.302613,0.421780
16056,16057,221.316396,0.529043
16057,16058,221.330179,0.419049
16058,16059,221.343962,0.487098
16059,16060,221.357745,0.391630
16060,16061,221.371528,0.479062
16061,16062,221.385312,0.451137
16062,16063,221.399095,0.488224
16063,16064,221.412878,0.501868
16064,16065,221.426661,0.356949
16065,16066,221.440444,0.379191
16066,16067,221.454228,0.460278
16067,16068,221.468011,0.516047
16068,16069,221.481794,0.424295
16069,16070,221.495577,0.372532
16070,16071,221.509360,0.391203
16071,16072,221.523143,0.406896
16072,16073,221.536927,0.457114
16073,16074,221.550710,0.370730
16074,16075,221.564493,0.454503
16075,16076,221.578276,0.351343
16076,16077,221.592059,0.426108
16077,16078,221.605842,0.437611
16078,16079,221.619626,0.494696
16079,16080,221.633409,0.397774
16080,16081,221.647192,0.368811
16081,16082,221.660975,0.487471
16082,16083,221.674758,0.453891
16083,16084,221.688541,0.469376
16084,16085,221.702325,0.434133
16085,16086,221.716108,0.392829
16086,16087,221.729891,0.374329
16087,16088,221.743674,0.410856
16088,16089,221.757457,0.517051
16089,16090,221.771240,0.486765
16090,16091,221.785024,0.433093
16091,16092,221.798807,0.410364
16092,16093,221.812590,0.499085
16093,16094,221.826373,0.407560
16094,16095,221.840156,0.387569
16095,16096,221.853940,0.398714
16096,16097,221.867723,0.379464
16097,16098,221.881506,0.432465
16098,16099,221.895289,0.406617
16099,16100,221.909072,0.435471
16100,16101,221.922855,0.459565
16101,16102,221.936639,0.433877
16102,16103,221.950422,0.457933
16103,16104,221.964205,0.417766
16104,16105,221.977988,0.497793
16105,16106,221.991771,0.380488
16106,16107,222.005554,0.441796
16107,16108,222.019338,0.406158
16108,16109,222.033121,0.498217
16109,16110,222.046904,0.444012
16110,16111,222.060687,0.460080
16111,16112,222.074470,0.452573
16112,16113,222.088253,0.398159
16113,16114,222.102037,0.427514
16114,16115,222.115820,0.452446
16115,16116,222.129603,0.415849
16116,16117,222.143386,0.406197
16117,16118,222.157169,0.491393
16118,16119,222.170952,0.420363
16119,16120,222.184736,0.421173
16120,16121,222.198519,0.419351
16121,16122,222.212302,0.417821
16122,16123,222.226085,0.500064
16123,16124,222.239868,0.421681
16124,16125,222.253652,0.480803
16125,16126,222.267435,0.483735
16126,16127,222.281218,0.436201
16127,16128,222.295001,0.473746
16128,16129,222.308784,0.397699
16129,16130,222.322567,0.474132
16130,16131,222.336351,0.487166
16131,16132,222.350134,0.407508
16132,16133,222.363917,0.434550
16133,16134,222.377700,0.380625
16134,16135,222.391483,0.394420
16135,16136,222.405266,0.390275
16136,16137,222.419050,0.436328
16137,16138,222.432833,0.372793
16138,16139,222.446616,0.419726
16139,16140,222.460399,0.492480
16140,16141,222.474182,0.472452
16141,16142,222.487965,0.415835
16142,16143,222.501749,0.442472
16143,16144,222.515532,0.471295
16144,16145,222.529315,0.377760
16145,16146,222.543098,0.448417
16146,16147,222.556881,0.433518
16147,16148,222.570664,0.445374
16148,16149,222.584448,0.435225
16149,16150,222.598231,0.406675
16150,16151,222.612014,0.396838
16151,16152,222.625797,0.349660
16152,16153,222.639580,0.426154
16153,16154,222.653364,0.434949
16154,16155,222.667147,0.438196
16155,16156,222.680930,0.418622
16156,16157,222.694713,0.423595
16157,16158,222.708496,0.411201
16158,16159,222.722279,0.495836
16159,16160,222.736063,0.396681
16160,16161,222.749846,0.374589
16161,16162,222.763629,0.420580
16162,16163,222.777412,0.428809
16163,16164,222.791195,0.442241
16164,16165,222.804978,0.412687
16165,16166,222.818762,0.412268
16166,16167,222.832545,0.447959
16167,16168,222.846328,0.354917
16168,16169,222.860111,0.427861
16169,16170,222.873894,0.470608
16170,16171,222.887677,0.453390
16171,16172,222.901461,0.412861
16172,16173,222.915244,0.414130
16173,16174,222.929027,0.481750
16174,16175,222.942810,0.440731
16175,16176,222.956593,0.517268
16176,16177,222.970376,0.371943
16177,16178,222.984160,0.470880
16178,16179,222.997943,0.479276
16179,16180,223.011726,0.347844
16180,16181,223.025509,0.465298
16181,16182,223.039292,0.385148
16182,16183,223.053075,0.428164
16183,16184,223.066859,0.435581
16184,16185,223.080642,0.399457
16185,16186,223.094425,0.454639
16186,16187,223.108208,0.423570
16187,16188,223.121991,0.387296
16188,16189,223.135775,0.431971
16189,16190,223.149558,0.422778
16190,16191,223.163341,0.460267
16191,16192,223.177124,0.458674
16192,16193,223.190907,0.378680
16193,16194,223.204690,0.549130
16194,16195,223.218474,0.420875
16195,16196,223.232257,0.449880
16196,16197,223.246040,0.452704
16197,16198,223.259823,0.462578
16198,16199,223.273606,0.408409
16199,16200,223.287389,0.491927
16200,16201,223.301173,0.483520
16201,16202,223.314956,0.414274
16202,16203,223.328739,0.410737
16203,16204,223.342522,0.398498
16204,16205,223.356305,0.446196
16205,16206,223.370088,0.422857
16206,16207,223.383872,0.440013
16207,16208,223.397655,0.422077
16208,16209,223.411438,0.385380
16209,16210,223.425221,0.444666
16210,16211,223.439004,0.405549
16211,16212,223.452787,0.504069
16212,16213,223.466571,0.440077
16213,16214,223.480354,0.476942
16214,16215,223.494137,0.444169
16215,16216,223.507920,0.440366
16216,16217,223.521703,0.512695
16217,16218,223.535487,0.467012
16218,16219,223.549270,0.537434
16219,16220,223.563053,0.416453
16220,16221,223.576836,0.434262
16221,16222,223.590619,0.408549
16222,16223,223.604402,0.354719
16223,16224,223.618186,0.522530
16224,16225,223.631969,0.527587
16225,16226,223.645752,0.375412
16226,16227,223.659535,0.418752
16227,16228,223.673318,0.382336
16228,16229,223.687101,0.401606
16229,16230,223.700885,0.462509
16230,16231,223.714668,0.467131
16231,16232,223.728451,0.444182
16232,16233,223.742234,0.468118
16233,16234,223.756017,0.426330
16234,16235,223.769800,0.429673
16235,16236,223.783584,0.461973
16236,16237,223.797367,0.403675
16237,16238,223.811150,0.425627
16238,16239,223.824933,0.422034
16239,16240,223.838716,0.452519
16240,16241,223.852499,0.469796
16241,16242,223.866283,0.424739
16242,16243,223.880066,0.410234
16243,16244,223.893849,0.485966
16244,16245,223.907632,0.488087
16245,16246,223.921415,0.426347
16246,16247,223.935199,0.448751
16247,16248,223.948982,0.458795
16248,16249,223.962765,0.407667
16249,16250,223.976548,0.430288
16250,16251,223.990331,0.436963
16251,16252,224.004114,0.505019
16252,16253,224.017898,0.496739
16253,16254,224.031681,0.417931
16254,16255,224.045464,0.410883
16255,16256,224.059247,0.457861
16256,16257,224.073030,0.454239
16257,16258,224.086813,0.441003
16258,16259,224.100597,0.426154
16259,16260,224.114380,0.415613
16260,16261,224.128163,0.510735
16261,16262,224.141946,0.427375
16262,16263,224.155729,0.459703
16263,16264,224.169512,0.411264
16264,16265,224.183296,0.371315
16265,16266,224.197079,0.384456
16266,16267,224.210862,0.403690
16267,16268,224.224645,0.429970
16268,16269,224.238428,0.460484
16269,16270,224.252211,0.401184
16270,16271,224.265995,0.435096
16271,16272,224.279778,0.473430
16272,16273,224.293561,0.426180
16273,16274,224.307344,0.394475
16274,16275,224.321127,0.363044
16275,16276,224.334911,0.435333
16276,16277,224.348694,0.463455
16277,16278,224.362477,0.453878
16278,16279,224.376260,0.457996
16279,16280,224.390043,0.482567
16280,16281,224.403826,0.464594
16281,16282,224.417610,0.472643
16282,16283,224.431393,0.424566
16283,16284,224.445176,0.548665
16284,16285,224.458959,0.501049
16285,16286,224.472742,0.429711
16286,16287,224.486525,0.343129
16287,16288,224.500309,0.435374
16288,16289,224.514092,0.400123
16289,16290,224.527875,0.358713
16290,16291,224.541658,0.500309
16291,16292,224.555441,0.434258
16292,16293,224.569224,0.440737
16293,16294,224.583008,0.410453
16294,16295,224.596791,0.450440
16295,16296,224.610574,0.406392
16296,16297,224.624357,0.492769
16297,16298,224.638140,0.394906
16298,16299,224.651923,0.403796
16299,16300,224.665707,0.448237
16300,16301,224.679490,0.486527
16301,16302,224.693273,0.449087
16302,16303,224.707056,0.377109
16303,16304,224.720839,0.464251
16304,16305,224.734623,0.440656
16305,16306,224.748406,0.496930
16306,16307,224.762189,0.455117
16307,16308,224.775972,0.478976
16308,16309,224.789755,0.365195
16309,16310,224.803538,0.399098
16310,16311,224.817322,0.430185
16311,16312,224.831105,0.377892
16312,16313,224.844888,0.468517
16313,16314,224.858671,0.514994
16314,16315,224.872454,0.386344
16315,16316,224.886237,0.466998
16316,16317,224.900021,0.458505
16317,16318,224.913804,0.469956
16318,16319,224.927587,0.483445
16319,16320,224.941370,0.442171
16320,16321,224.955153,0.480671
16321,16322,224.968936,0.398379
16322,16323,224.982720,0.410982
16323,16324,224.996503,0.480994
16324,16325,225.010286,0.445987
16325,16326,225.024069,0.396193
16326,16327,225.037852,0.491267
16327,16328,225.051635,0.405015
16328,16329,225.065419,0.477329
16329,16330,225.079202,0.441675
16330,16331,225.092985,0.459702
16331,16332,225.106768,0.482184
16332,16333,225.120551,0.390982
16333,16334,225.134334,0.381590
16334,16335,225.148118,0.404087
16335,16336,225.161901,0.351964
16336,16337,225.175684,0.426409
16337,16338,225.189467,0.469420
16338,16339,225.203250,0.421931
16339,16340,225.217034,0.415436
16340,16341,225.230817,0.464680
16341,16342,225.244600,0.461252
16342,16343,225.258383,0.430876
16343,16344,225.272166,0.432566
16344,16345,225.285949,0.375388
16345,16346,225.299733,0.409623
16346,16347,225.313516,0.386600
16347,16348,225.327299,0.399671
16348,16349,225.341082,0.444371
16349,16350,225.354865,0.423673
16350,16351,225.368648,0.451686
16351,16352,225.382432,0.459727
16352,16353,225.396215,0.434669
16353,16354,225.409998,0.415832
16354,16355,225.423781,0.459748
16355,16356,225.437564,0.388315
16356,16357,225.451347,0.417055
16357,16358,225.465131,0.429997
16358,16359,225.478914,0.430868
16359,16360,225.492697,0.454761
16360,16361,225.506480,0.513402
16361,16362,225.520263,0.448933
16362,16363,225.534046,0.413104
16363,16364,225.547830,0.502357
16364,16365,225.561613,0.418279
16365,16366,225.575396,0.522165
16366,16367,225.589179,0.360419
16367,16368,225.602962,0.405572
16368,16369,225.616746,0.426095
16369,16370,225.630529,0.413692
16370,16371,225.644312,0.493095
16371,16372,225.658095,0.409523
16372,16373,225.671878,0.493294
16373,16374,225.685661,0.412203
16374,16375,225.699445,0.481131
16375,16376,225.713228,0.417717
16376,16377,225.727011,0.361621
16377,16378,225.740794,0.431906
16378,16379,225.754577,0.382564
16379,16380,225.768360,0.471416
16380,16381,225.782144,0.440004
16381,16382,225.795927,0.431019
16382,16383,225.809710,0.408900
16383,16384,225.823493,0.366623
16384,16385,225.837276,0.435632
16385,16386,225.851059,0.403625
16386,16387,225.864843,0.402297
16387,16388,225.878626,0.479580
16388,16389,225.892409,0.391294
16389,16390,225.906192,0.406242
16390,16391,225.919975,0.404153
16391,16392,225.933758,0.379943
16392,16393,225.947542,0.450928
16393,16394,225.961325,0.382519
16394,16395,225.975108,0.377701
16395,16396,225.988891,0.427981
16396,16397,226.002674,0.434577
16397,16398,226.016458,0.430263
16398,16399,226.030241,0.438396
16399,16400,226.044024,0.418219
16400,16401,226.057807,0.391280
16401,16402,226.071590,0.459774
16402,16403,226.085373,0.516985
16403,16404,226.099157,0.464300
16404,16405,226.112940,0.344300
16405,16406,226.126723,0.417830
16406,16407,226.140506,0.450831
16407,16408,226.154289,0.448720
16408,16409,226.168072,0.499939
16409,16410,226.181856,0.349708
16410,16411,226.195639,0.429156
16411,16412,226.209422,0.415418
16412,16413,226.223205,0.390916
16413,16414,226.236988,0.465104
16414,16415,226.250771,0.504978
16415,16416,226.264555,0.451938
16416,16417,226.278338,0.480653
16417,16418,226.292121,0.478814
16418,16419,226.305904,0.491141
16419,16420,226.319687,0.401754
16420,16421,226.333470,0.444369
16421,16422,226.347254,0.402034
16422,16423,226.361037,0.420917
16423,16424,226.374820,0.398276
16424,16425,226.388603,0.437007
16425,16426,226.402386,0.402761
16426,16427,226.416170,0.458523
16427,16428,226.429953,0.406504
16428,16429,226.443736,0.440305
16429,16430,226.457519,0.437982
16430,16431,226.471302,0.422466
16431,16432,226.485085,0.422267
16432,16433,226.498869,0.439873
16433,16434,226.512652,0.458229
16434,16435,226.526435,0.436662
16435,16436,226.540218,0.441438
16436,16437,226.554001,0.379926
16437,16438,226.567784,0.452105
16438,16439,226.581568,0.418273
16439,16440,226.595351,0.370559
16440,16441,226.609134,0.421437
16441,16442,226.622917,0.423639
16442,16443,226.636700,0.432999
16443,16444,226.650483,0.433917
16444,16445,226.664267,0.374978
16445,16446,226.678050,0.469446
16446,16447,226.691833,0.465679
16447,16448,226.705616,0.477762
16448,16449,226.719399,0.381025
16449,16450,226.733182,0.437900
16450,16451,226.746966,0.290236
16451,16452,226.760749,0.432384
16452,16453,226.774532,0.411660
16453,16454,226.788315,0.448596
16454,16455,226.802098,0.442739
16455,16456,226.815882,0.460479
16456,16457,226.829665,0.427842
16457,16458,226.843448,0.420096
16458,16459,226.857231,0.414067
16459,16460,226.871014,0.441817
16460,16461,226.884797,0.406090
16461,16462,226.898581,0.495522
16462,16463,226.912364,0.526987
16463,16464,226.926147,0.428132
16464,16465,226.939930,0.458317
16465,16466,226.953713,0.383836
16466,16467,226.967496,0.454970
16467,16468,226.981280,0.420592
16468,16469,226.995063,0.386321
16469,16470,227.008846,0.439148
16470,16471,227.022629,0.373846
16471,16472,227.036412,0.416797
16472,16473,227.050195,0.469841
16473,16474,227.063979,0.384320
16474,16475,227.077762,0.446432
16475,16476,227.091545,0.375227
16476,16477,227.105328,0.397612
16477,16478,227.119111,0.494438
16478,16479,227.132894,0.398638
16479,16480,227.146678,0.443902
16480,16481,227.160461,0.414543
16481,16482,227.174244,0.455956
16482,16483,227.188027,0.391837
16483,16484,227.201810,0.420881
16484,16485,227.215593,0.468698
16485,16486,227.229377,0.419346
16486,16487,227.243160,0.426015
16487,16488,227.256943,0.448259
16488,16489,227.270726,0.446928
16489,16490,227.284509,0.490444
16490,16491,227.298293,0.399839
16491,16492,227.312076,0.413599
16492,16493,227.325859,0.400084
16493,16494,227.339642,0.413549
16494,16495,227.353425,0.409091
16495,16496,227.367208,0.356956
16496,16497,227.380992,0.483046
16497,16498,227.394775,0.451432
16498,16499,227.408558,0.415966
16499,16500,227.422341,0.353434
16500,16501,227.436124,0.378626
16501,16502,227.449907,0.415301
16502,16503,227.463691,0.490697
16503,16504,227.477474,0.352244
16504,16505,227.491257,0.490139
16505,16506,227.505040,0.430840
16506,16507,227.518823,0.409878
16507,16508,227.532606,0.410490
16508,16509,227.546390,0.471195
16509,16510,227.560173,0.469902
16510,16511,227.573956,0.356935
16511,16512,227.587739,0.450210
16512,16513,227.601522,0.377736
16513,16514,227.615305,0.501952
16514,16515,227.629089,0.445961
16515,16516,227.642872,0.405628
16516,16517,227.656655,0.438535
16517,16518,227.670438,0.445536
16518,16519,227.684221,0.400206
16519,16520,227.698005,0.465917
16520,16521,227.711788,0.463153
16521,16522,227.725571,0.444738
16522,16523,227.739354,0.396523
16523,16524,227.753137,0.441769
16524,16525,227.766920,0.419629
16525,16526,227.780704,0.533477
16526,16527,227.794487,0.431924
16527,16528,227.808270,0.422956
16528,16529,227.822053,0.441526
16529,16530,227.835836,0.469073
16530,16531,227.849619,0.429322
16531,16532,227.863403,0.415157
16532,16533,227.877186,0.469729
16533,16534,227.890969,0.388462
16534,16535,227.904752,0.402342
16535,16536,227.918535,0.415776
16536,16537,227.932318,0.513946
16537,16538,227.946102,0.410309
16538,16539,227.959885,0.459658
16539,16540,227.973668,0.403899
16540,16541,227.987451,0.381575
16541,16542,228.001234,0.446403
16542,16543,228.015017,0.446369
16543,16544,228.028801,0.441283
16544,16545,228.042584,0.461052
16545,16546,228.056367,0.453736
16546,16547,228.070150,0.397727
16547,16548,228.083933,0.381659
16548,16549,228.097717,0.446743
16549,16550,228.111500,0.447499
16550,16551,228.125283,0.474930
16551,16552,228.139066,0.443445
16552,16553,228.152849,0.532631
16553,16554,228.166632,0.466942
16554,16555,228.180416,0.395474
16555,16556,228.194199,0.438385
16556,16557,228.207982,0.420607
16557,16558,228.221765,0.434177
16558,16559,228.235548,0.479610
16559,16560,228.249331,0.412513
16560,16561,228.263115,0.461926
16561,16562,228.276898,0.484609
16562,16563,228.290681,0.405105
16563,16564,228.304464,0.458584
16564,16565,228.318247,0.445711
16565,16566,228.332030,0.463808
16566,16567,228.345814,0.418510
16567,16568,228.359597,0.427932
16568,16569,228.373380,0.404039
16569,16570,228.387163,0.452610
16570,16571,228.400946,0.468223
16571,16572,228.414729,0.476370
16572,16573,228.428513,0.464029
16573,16574,228.442296,0.479946
16574,16575,228.456079,0.429078
16575,16576,228.469862,0.416897
16576,16577,228.483645,0.436732
16577,16578,228.497429,0.438939
16578,16579,228.511212,0.433454
16579,16580,228.524995,0.416194
16580,16581,228.538778,0.431418
16581,16582,228.552561,0.406925
16582,16583,228.566344,0.411694
16583,16584,228.580128,0.433486
16584,16585,228.593911,0.468988
16585,16586,228.607694,0.453092
16586,16587,228.621477,0.474402
16587,16588,228.635260,0.389928
16588,16589,228.649043,0.376949
16589,16590,228.662827,0.416605
16590,16591,228.676610,0.444704
16591,16592,228.690393,0.415816
16592,16593,228.704176,0.468905
16593,16594,228.717959,0.438353
16594,16595,228.731742,0.505117
16595,16596,228.745526,0.368445
16596,16597,228.759309,0.425530
16597,16598,228.773092,0.409093
16598,16599,228.786875,0.409050
16599,16600,228.800658,0.436459
16600,16601,228.814441,0.349884
16601,16602,228.828225,0.501821
16602,16603,228.842008,0.375474
16603,16604,228.855791,0.431660
16604,16605,228.869574,0.430266
16605,16606,228.883357,0.378825
16606,16607,228.897141,0.429922
16607,16608,228.910924,0.501819
16608,16609,228.924707,0.397829
16609,16610,228.938490,0.422745
16610,16611,228.952273,0.467696
16611,16612,228.966056,0.390505
16612,16613,228.979840,0.483384
16613,16614,228.993623,0.460071
16614,16615,229.007406,0.438471
16615,16616,229.021189,0.368217
16616,16617,229.034972,0.521241
16617,16618,229.048755,0.393167
16618,16619,229.062539,0.433905
16619,16620,229.076322,0.493455
16620,16621,229.090105,0.411543
16621,16622,229.103888,0.444624
16622,16623,229.117671,0.376709
16623,16624,229.131454,0.389336
16624,16625,229.145238,0.401756
16625,16626,229.159021,0.499880
16626,16627,229.172804,0.411483
16627,16628,229.186587,0.416767
16628,16629,229.200370,0.417237
16629,16630,229.214153,0.426978
16630,16631,229.227937,0.387327
16631,16632,229.241720,0.347536
16632,16633,229.255503,0.462705
16633,16634,229.269286,0.503759
16634,16635,229.283069,0.377531
16635,16636,229.296852,0.410704
16636,16637,229.310636,0.410577
16637,16638,229.324419,0.502631
16638,16639,229.338202,0.428059
16639,16640,229.351985,0.444150
16640,16641,229.365768,0.415574
16641,16642,229.379552,0.469309
16642,16643,229.393335,0.476051
16643,16644,229.407118,0.456493
16644,16645,229.420901,0.422252
16645,16646,229.434684,0.419484
16646,16647,229.448467,0.429117
16647,16648,229.462251,0.437074
16648,16649,229.476034,0.452981
16649,16650,229.489817,0.444874
16650,16651,229.503600,0.452509
16651,16652,229.517383,0.351901
16652,16653,229.531166,0.411420
16653,16654,229.544950,0.385049
16654,16655,229.558733,0.407611
16655,16656,229.572516,0.383643
16656,16657,229.586299,0.442392
16657,16658,229.600082,0.424986
16658,16659,229.613865,0.468147
16659,16660,229.627649,0.414438
16660,16661,229.641432,0.420120
16661,16662,229.655215,0.506702
16662,16663,229.668998,0.431779
16663,16664,229.682781,0.407375
16664,16665,229.696564,0.430880
16665,16666,229.710348,0.430287
16666,16667,229.724131,0.430677
16667,16668,229.737914,0.408608
16668,16669,229.751697,0.353390
16669,16670,229.765480,0.401964
16670,16671,229.779264,0.348052
16671,16672,229.793047,0.371214
16672,16673,229.806830,0.374013
16673,16674,229.820613,0.443024
16674,16675,229.834396,0.405925
16675,16676,229.848179,0.447236
16676,16677,229.861963,0.523987
16677,16678,229.875746,0.360706
16678,16679,229.889529,0.426183
16679,16680,229.903312,0.379238
16680,16681,229.917095,0.420244
16681,16682,229.930878,0.379309
16682,16683,229.944662,0.405591
16683,16684,229.958445,0.404973
16684,16685,229.972228,0.428924
16685,16686,229.986011,0.417113
16686,16687,229.999794,0.513435
16687,16688,230.013577,0.422562
16688,16689,230.027361,0.438105
16689,16690,230.041144,0.446616
16690,16691,230.054927,0.491556
16691,16692,230.068710,0.427099
16692,16693,230.082493,0.404593
16693,16694,230.096276,0.452323
16694,16695,230.110060,0.451220
16695,16696,230.123843,0.414737
16696,16697,230.137626,0.487267
16697,16698,230.151409,0.395275
16698,16699,230.165192,0.515025
16699,16700,230.178976,0.451088
16700,16701,230.192759,0.379462
16701,16702,230.206542,0.409677
16702,16703,230.220325,0.407437
16703,16704,230.234108,0.371431
16704,16705,230.247891,0.457836
16705,16706,230.261675,0.467217
16706,16707,230.275458,0.329243
16707,16708,230.289241,0.420365
16708,16709,230.303024,0.490551
16709,16710,230.316807,0.474812
16710,16711,230.330590,0.475042
16711,16712,230.344374,0.408013
16712,16713,230.358157,0.433598
16713,16714,230.371940,0.400045
16714,16715,230.385723,0.482782
16715,16716,230.399506,0.486313
16716,16717,230.413289,0.382367
16717,16718,230.427073,0.412472
16718,16719,230.440856,0.457159
16719,16720,230.454639,0.467038
16720,16721,230.468422,0.426581
16721,16722,230.482205,0.480173
16722,16723,230.495988,0.366170
16723,16724,230.509772,0.388473
16724,16725,230.523555,0.417252
16725,16726,230.537338,0.406511
16726,16727,230.551121,0.380290
16727,16728,230.564904,0.400783
16728,16729,230.578688,0.376526
16729,16730,230.592471,0.491094
16730,16731,230.606254,0.504293
16731,16732,230.620037,0.391982
16732,16733,230.633820,0.440445
16733,16734,230.647603,0.451924
16734,16735,230.661387,0.494943
16735,16736,230.675170,0.458301
16736,16737,230.688953,0.466230
16737,16738,230.702736,0.448827
16738,16739,230.716519,0.397158
16739,16740,230.730302,0.425722
16740,16741,230.744086,0.475864
16741,16742,230.757869,0.455417
16742,16743,230.771652,0.403776
16743,16744,230.785435,0.403625
16744,16745,230.799218,0.458317
16745,16746,230.813001,0.448947
16746,16747,230.826785,0.450314
16747,16748,230.840568,0.397152
16748,16749,230.854351,0.371549
16749,16750,230.868134,0.460275
16750,16751,230.881917,0.400734
16751,16752,230.895700,0.411684
16752,16753,230.909484,0.423899
16753,16754,230.923267,0.448572
16754,16755,230.937050,0.467784
16755,16756,230.950833,0.380231
16756,16757,230.964616,0.363357
16757,16758,230.978400,0.450412
16758,16759,230.992183,0.424753
16759,16760,231.005966,0.405640
16760,16761,231.019749,0.465489
16761,16762,231.033532,0.403811
16762,16763,231.047315,0.304977
16763,16764,231.061099,0.386585
16764,16765,231.074882,0.408052
16765,16766,231.088665,0.461373
16766,16767,231.102448,0.437928
16767,16768,231.116231,0.357669
16768,16769,231.130014,0.386703
16769,16770,231.143798,0.477270
16770,16771,231.157581,0.367145
16771,16772,231.171364,0.478011
16772,16773,231.185147,0.536413
16773,16774,231.198930,0.447934
16774,16775,231.212713,0.450660
16775,16776,231.226497,0.460418
16776,16777,231.240280,0.491883
16777,16778,231.254063,0.415510
16778,16779,231.267846,0.360939
16779,16780,231.281629,0.442977
16780,16781,231.295412,0.434529
16781,16782,231.309196,0.448168
16782,16783,231.322979,0.449354
16783,16784,231.336762,0.460090
16784,16785,231.350545,0.421462
16785,16786,231.364328,0.354516
16786,16787,231.378111,0.436165
16787,16788,231.391895,0.472336
16788,16789,231.405678,0.360550
16789,16790,231.419461,0.417449
16790,16791,231.433244,0.369898
16791,16792,231.447027,0.415167
16792,16793,231.460811,0.432761
16793,16794,231.474594,0.413569
16794,16795,231.488377,0.404530
16795,16796,231.502160,0.426028
16796,16797,231.515943,0.452933
16797,16798,231.529726,0.455901
16798,16799,231.543510,0.453809
16799,16800,231.557293,0.452373
16800,16801,231.571076,0.420456
16801,16802,231.584859,0.367882
16802,16803,231.598642,0.405580
16803,16804,231.612425,0.427940
16804,16805,231.626209,0.431153
16805,16806,231.639992,0.457498
16806,16807,231.653775,0.375269
16807,16808,231.667558,0.461258
16808,16809,231.681341,0.459523
16809,16810,231.695124,0.435965
16810,16811,231.708908,0.416154
16811,16812,231.722691,0.419593
16812,16813,231.736474,0.476455
16813,16814,231.750257,0.407089
16814,16815,231.764040,0.441048
16815,16816,231.777823,0.459480
16816,16817,231.791607,0.475272
16817,16818,231.805390,0.463522
16818,16819,231.819173,0.428535
16819,16820,231.832956,0.392861
16820,16821,231.846739,0.377152
16821,16822,231.860523,0.392525
16822,16823,231.874306,0.342037
16823,16824,231.888089,0.402814
16824,16825,231.901872,0.422728
16825,16826,231.915655,0.422833
16826,16827,231.929438,0.405578
16827,16828,231.943222,0.416836
16828,16829,231.957005,0.488809
16829,16830,231.970788,0.409077
16830,16831,231.984571,0.347034
16831,16832,231.998354,0.491509
16832,16833,232.012137,0.370326
16833,16834,232.025921,0.395302
16834,16835,232.039704,0.428113
16835,16836,232.053487,0.449793
16836,16837,232.067270,0.384212
16837,16838,232.081053,0.390796
16838,16839,232.094836,0.478141
16839,16840,232.108620,0.439564
16840,16841,232.122403,0.496473
16841,16842,232.136186,0.436396
16842,16843,232.149969,0.385442
16843,16844,232.163752,0.391918
16844,16845,232.177535,0.411697
16845,16846,232.191319,0.395079
16846,16847,232.205102,0.436714
16847,16848,232.218885,0.391075
16848,16849,232.232668,0.394949
16849,16850,232.246451,0.428382
16850,16851,232.260235,0.439985
16851,16852,232.274018,0.398517
16852,16853,232.287801,0.385085
16853,16854,232.301584,0.376140
16854,16855,232.315367,0.466285
16855,16856,232.329150,0.424993
16856,16857,232.342934,0.470497
16857,16858,232.356717,0.492361
16858,16859,232.370500,0.501990
16859,16860,232.384283,0.399851
16860,16861,232.398066,0.372500
16861,16862,232.411849,0.460242
16862,16863,232.425633,0.373055
16863,16864,232.439416,0.395493
16864,16865,232.453199,0.474340
16865,16866,232.466982,0.468527
16866,16867,232.480765,0.465670
16867,16868,232.494548,0.388390
16868,16869,232.508332,0.402282
16869,16870,232.522115,0.405153
16870,16871,232.535898,0.442165
16871,16872,232.549681,0.407630
16872,16873,232.563464,0.446617
16873,16874,232.577247,0.506969
16874,16875,232.591031,0.481384
16875,16876,232.604814,0.361731
16876,16877,232.618597,0.476825
16877,16878,232.632380,0.443859
16878,16879,232.646163,0.436631
16879,16880,232.659947,0.469084
16880,16881,232.673730,0.447451
16881,16882,232.687513,0.482308
16882,16883,232.701296,0.433935
16883,16884,232.715079,0.476933
16884,16885,232.728862,0.404466
16885,16886,232.742646,0.361737
16886,16887,232.756429,0.422541
16887,16888,232.770212,0.381384
16888,16889,232.783995,0.371505
16889,16890,232.797778,0.486842
16890,16891,232.811561,0.450458
16891,16892,232.825345,0.426753
16892,16893,232.839128,0.483656
16893,16894,232.852911,0.404939
16894,16895,232.866694,0.464858
16895,16896,232.880477,0.347598
16896,16897,232.894260,0.358752
16897,16898,232.908044,0.333359
16898,16899,232.921827,0.471268
16899,16900,232.935610,0.482997
16900,16901,232.949393,0.437509
16901,16902,232.963176,0.355090
16902,16903,232.976959,0.471918
16903,16904,232.990743,0.427218
16904,16905,233.004526,0.445246
16905,16906,233.018309,0.390384
16906,16907,233.032092,0.416329
16907,16908,233.045875,0.410670
16908,16909,233.059659,0.394875
16909,16910,233.073442,0.479523
16910,16911,233.087225,0.389445
16911,16912,233.101008,0.444371
16912,16913,233.114791,0.447733
16913,16914,233.128574,0.411755
16914,16915,233.142358,0.424363
16915,16916,233.156141,0.479636
16916,16917,233.169924,0.403848
16917,16918,233.183707,0.428877
16918,16919,233.197490,0.442490
16919,16920,233.211273,0.443623
16920,16921,233.225057,0.406628
16921,16922,233.238840,0.441276
16922,16923,233.252623,0.417088
16923,16924,233.266406,0.423490
16924,16925,233.280189,0.435569
16925,16926,233.293972,0.432024
16926,16927,233.307756,0.363042
16927,16928,233.321539,0.466821
16928,16929,233.335322,0.411896
16929,16930,233.349105,0.412606
16930,16931,233.362888,0.433599
16931,16932,233.376671,0.406276
16932,16933,233.390455,0.399257
16933,16934,233.404238,0.406068
16934,16935,233.418021,0.439588
16935,16936,233.431804,0.406984
16936,16937,233.445587,0.473030
16937,16938,233.459370,0.492950
16938,16939,233.473154,0.444490
16939,16940,233.486937,0.500414
16940,16941,233.500720,0.373562
16941,16942,233.514503,0.449656
16942,16943,233.528286,0.431326
16943,16944,233.542070,0.441823
16944,16945,233.555853,0.386668
16945,16946,233.569636,0.479693
16946,16947,233.583419,0.352524
16947,16948,233.597202,0.460090
16948,16949,233.610985,0.401832
16949,16950,233.624769,0.413914
16950,16951,233.638552,0.414669
16951,16952,233.652335,0.393614
16952,16953,233.666118,0.369594
16953,16954,233.679901,0.476446
16954,16955,233.693684,0.346389
16955,16956,233.707468,0.434876
16956,16957,233.721251,0.458111
16957,16958,233.735034,0.470206
16958,16959,233.748817,0.384278
16959,16960,233.762600,0.440012
16960,16961,233.776383,0.449446
16961,16962,233.790167,0.437621
16962,16963,233.803950,0.395139
16963,16964,233.817733,0.424609
16964,16965,233.831516,0.485456
16965,16966,233.845299,0.481797
16966,16967,233.859082,0.407243
16967,16968,233.872866,0.374331
16968,16969,233.886649,0.542173
16969,16970,233.900432,0.421800
16970,16971,233.914215,0.464534
16971,16972,233.927998,0.378673
16972,16973,233.941782,0.376789
16973,16974,233.955565,0.501982
16974,16975,233.969348,0.425497
16975,16976,233.983131,0.413629
16976,16977,233.996914,0.368272
16977,16978,234.010697,0.452685
16978,16979,234.024481,0.413883
16979,16980,234.038264,0.434037
16980,16981,234.052047,0.558999
16981,16982,234.065830,0.478633
16982,16983,234.079613,0.405279
16983,16984,234.093396,0.494464
16984,16985,234.107180,0.411369
16985,16986,234.120963,0.401278
16986,16987,234.134746,0.444762
16987,16988,234.148529,0.382740
16988,16989,234.162312,0.438194
16989,16990,234.176095,0.441040
16990,16991,234.189879,0.443494
16991,16992,234.203662,0.487559
16992,16993,234.217445,0.386772
16993,16994,234.231228,0.395831
16994,16995,234.245011,0.409220
16995,16996,234.258794,0.342236
16996,16997,234.272578,0.501356
16997,16998,234.286361,0.445445
16998,16999,234.300144,0.445514
16999,17000,234.313927,0.487519
17000,17001,234.327710,0.489031
17001,17002,234.341494,0.392900
17002,17003,234.355277,0.375906
17003,17004,234.369060,0.444204
17004,17005,234.382843,0.427563
17005,17006,234.396626,0.453986
17006,17007,234.410409,0.471344
17007,17008,234.424193,0.393611
17008,17009,234.437976,0.392719
17009,17010,234.451759,0.430937
17010,17011,234.465542,0.484296
17011,17012,234.479325,0.423486
17012,17013,234.493108,0.469191
17013,17014,234.506892,0.457107
17014,17015,234.520675,0.429503
17015,17016,234.534458,0.532429
17016,17017,234.548241,0.454258
17017,17018,234.562024,0.513817
17018,17019,234.575807,0.393669
17019,17020,234.589591,0.420807
17020,17021,234.603374,0.429241
17021,17022,234.617157,0.497261
17022,17023,234.630940,0.396754
17023,17024,234.644723,0.374224
17024,17025,234.658506,0.454872
17025,17026,234.672290,0.454293
17026,17027,234.686073,0.473094
17027,17028,234.699856,0.438146
17028,17029,234.713639,0.395278
17029,17030,234.727422,0.432329
17030,17031,234.741206,0.404489
17031,17032,234.754989,0.381672
17032,17033,234.768772,0.399915
17033,17034,234.782555,0.436897
17034,17035,234.796338,0.489240
17035,17036,234.810121,0.406514
17036,17037,234.823905,0.409210
17037,17038,234.837688,0.396567
17038,17039,234.851471,0.421418
17039,17040,234.865254,0.384100
17040,17041,234.879037,0.404998
17041,17042,234.892820,0.399809
17042,17043,234.906604,0.440768
17043,17044,234.920387,0.492929
17044,17045,234.934170,0.458987
17045,17046,234.947953,0.402047
17046,17047,234.961736,0.422825
17047,17048,234.975519,0.412435
17048,17049,234.989303,0.385799
17049,17050,235.003086,0.464037
17050,17051,235.016869,0.383598
17051,17052,235.030652,0.502988
17052,17053,235.044435,0.375633
17053,17054,235.058218,0.327520
17054,17055,235.072002,0.371672
17055,17056,235.085785,0.414201
17056,17057,235.099568,0.438368
17057,17058,235.113351,0.406845
17058,17059,235.127134,0.448794
17059,17060,235.140918,0.396515
17060,17061,235.154701,0.448776
17061,17062,235.168484,0.413052
17062,17063,235.182267,0.399021
17063,17064,235.196050,0.430632
17064,17065,235.209833,0.385696
17065,17066,235.223617,0.390694
17066,17067,235.237400,0.375865
17067,17068,235.251183,0.402565
17068,17069,235.264966,0.441406
17069,17070,235.278749,0.450089
17070,17071,235.292532,0.517107
17071,17072,235.306316,0.451380
17072,17073,235.320099,0.428091
17073,17074,235.333882,0.428586
17074,17075,235.347665,0.468444
17075,17076,235.361448,0.400584
17076,17077,235.375231,0.377407
17077,17078,235.389015,0.455163
17078,17079,235.402798,0.466012
17079,17080,235.416581,0.393475
17080,17081,235.430364,0.494069
17081,17082,235.444147,0.492098
17082,17083,235.457930,0.400825
17083,17084,235.471714,0.399850
17084,17085,235.485497,0.425343
17085,17086,235.499280,0.429053
17086,17087,235.513063,0.317893
17087,17088,235.526846,0.443009
17088,17089,235.540630,0.438321
17089,17090,235.554413,0.472738
17090,17091,235.568196,0.455465
17091,17092,235.581979,0.388479
17092,17093,235.595762,0.388368
17093,17094,235.609545,0.410792
17094,17095,235.623329,0.394729
17095,17096,235.637112,0.492544
17096,17097,235.650895,0.453191
17097,17098,235.664678,0.417612
17098,17099,235.678461,0.456963
17099,17100,235.692244,0.382456
17100,17101,235.706028,0.419941
17101,17102,235.719811,0.391401
17102,17103,235.733594,0.402347
17103,17104,235.747377,0.486213
17104,17105,235.761160,0.465428
17105,17106,235.774943,0.413624
17106,17107,235.788727,0.434433
17107,17108,235.802510,0.406694
17108,17109,235.816293,0.434841
17109,17110,235.830076,0.448782
17110,17111,235.843859,0.408897
17111,17112,235.857642,0.458208
17112,17113,235.871426,0.426785
17113,17114,235.885209,0.468629
17114,17115,235.898992,0.384661
17115,17116,235.912775,0.455756
17116,17117,235.926558,0.399239
17117,17118,235.940341,0.413698
17118,17119,235.954125,0.490358
17119,17120,235.967908,0.476492
17120,17121,235.981691,0.350353
17121,17122,235.995474,0.463643
17122,17123,236.009257,0.436178
17123,17124,236.023041,0.433116
17124,17125,236.036824,0.399254
17125,17126,236.050607,0.404512
17126,17127,236.064390,0.403015
17127,17128,236.078173,0.511920
17128,17129,236.091956,0.401355
17129,17130,236.105740,0.367443
17130,17131,236.119523,0.427260
17131,17132,236.133306,0.426820
17132,17133,236.147089,0.427135
17133,17134,236.160872,0.487267
17134,17135,236.174655,0.490768
17135,17136,236.188439,0.416104
17136,17137,236.202222,0.381873
17137,17138,236.216005,0.382118
17138,17139,236.229788,0.417070
17139,17140,236.243571,0.426085
17140,17141,236.257354,0.371702
17141,17142,236.271138,0.396937
17142,17143,236.284921,0.478923
17143,17144,236.298704,0.391019
17144,17145,236.312487,0.472321
17145,17146,236.326270,0.446413
17146,17147,236.340053,0.386036
17147,17148,236.353837,0.444563
17148,17149,236.367620,0.493261
17149,17150,236.381403,0.369823
17150,17151,236.395186,0.424007
17151,17152,236.408969,0.487591
17152,17153,236.422753,0.439678
17153,17154,236.436536,0.443314
17154,17155,236.450319,0.415656
17155,17156,236.464102,0.473255
17156,17157,236.477885,0.509542
17157,17158,236.491668,0.374186
17158,17159,236.505452,0.435029
17159,17160,236.519235,0.409113
17160,17161,236.533018,0.406718
17161,17162,236.546801,0.439945
17162,17163,236.560584,0.464697
17163,17164,236.574367,0.428104
17164,17165,236.588151,0.464827
17165,17166,236.601934,0.425177
17166,17167,236.615717,0.379857
17167,17168,236.629500,0.473325
17168,17169,236.643283,0.463627
17169,17170,236.657066,0.374553
17170,17171,236.670850,0.474458
17171,17172,236.684633,0.381698
17172,17173,236.698416,0.409961
17173,17174,236.712199,0.380519
17174,17175,236.725982,0.375012
17175,17176,236.739765,0.401947
17176,17177,236.753549,0.437517
17177,17178,236.767332,0.454265
17178,17179,236.781115,0.382604
17179,17180,236.794898,0.429520
17180,17181,236.808681,0.509141
17181,17182,236.822465,0.359933
17182,17183,236.836248,0.469991
17183,17184,236.850031,0.420757
17184,17185,236.863814,0.402451
17185,17186,236.877597,0.437034
17186,17187,236.891380,0.398543
17187,17188,236.905164,0.381981
17188,17189,236.918947,0.454584
17189,17190,236.932730,0.447171
17190,17191,236.946513,0.420368
17191,17192,236.960296,0.334176
17192,17193,236.974079,0.492264
17193,17194,236.987863,0.448751
17194,17195,237.001646,0.397163
17195,17196,237.015429,0.442722
17196,17197,237.029212,0.386371
17197,17198,237.042995,0.449677
17198,17199,237.056778,0.411925
17199,17200,237.070562,0.443059
17200,17201,237.084345,0.407210
17201,17202,237.098128,0.398960
17202,17203,237.111911,0.504320
17203,17204,237.125694,0.424842
17204,17205,237.139477,0.441506
17205,17206,237.153261,0.418050
17206,17207,237.167044,0.458836
17207,17208,237.180827,0.407608
17208,17209,237.194610,0.444379
17209,17210,237.208393,0.469025
17210,17211,237.222177,0.489823
17211,17212,237.235960,0.467238
17212,17213,237.249743,0.455237
17213,17214,237.263526,0.359100
17214,17215,237.277309,0.428492
17215,17216,237.291092,0.439587
17216,17217,237.304876,0.428466
17217,17218,237.318659,0.420045
17218,17219,237.332442,0.400645
17219,17220,237.346225,0.355668
17220,17221,237.360008,0.443470
17221,17222,237.373791,0.487885
17222,17223,237.387575,0.534604
17223,17224,237.401358,0.403013
17224,17225,237.415141,0.536098
17225,17226,237.428924,0.480586
17226,17227,237.442707,0.502374
17227,17228,237.456490,0.373446
17228,17229,237.470274,0.354264
17229,17230,237.484057,0.430272
17230,17231,237.497840,0.364829
17231,17232,237.511623,0.506209
17232,17233,237.525406,0.447383
17233,17234,237.539189,0.431084
17234,17235,237.552973,0.414918
17235,17236,237.566756,0.453107
17236,17237,237.580539,0.420783
17237,17238,237.594322,0.445690
17238,17239,237.608105,0.412569
17239,17240,237.621889,0.416154
17240,17241,237.635672,0.390241
17241,17242,237.649455,0.422267
17242,17243,237.663238,0.454824
17243,17244,237.677021,0.373454
17244,17245,237.690804,0.423591
17245,17246,237.704588,0.425767
17246,17247,237.718371,0.469930
17247,17248,237.732154,0.377456
17248,17249,237.745937,0.413935
17249,17250,237.759720,0.441323
17250,17251,237.773503,0.408265
17251,17252,237.787287,0.476800
17252,17253,237.801070,0.406883
17253,17254,237.814853,0.446406
17254,17255,237.828636,0.362606
17255,17256,237.842419,0.473621
17256,17257,237.856202,0.491053
17257,17258,237.869986,0.404143
17258,17259,237.883769,0.546418
17259,17260,237.897552,0.405987
17260,17261,237.911335,0.498658
17261,17262,237.925118,0.449837
17262,17263,237.938901,0.380685
17263,17264,237.952685,0.395466
17264,17265,237.966468,0.428683
17265,17266,237.980251,0.432891
17266,17267,237.994034,0.477467
17267,17268,238.007817,0.388904
17268,17269,238.021600,0.376838
17269,17270,238.035384,0.405849
17270,17271,238.049167,0.349573
17271,17272,238.062950,0.504561
17272,17273,238.076733,0.427048
17273,17274,238.090516,0.473411
17274,17275,238.104300,0.441490
17275,17276,238.118083,0.431633
17276,17277,238.131866,0.409956
17277,17278,238.145649,0.420131
17278,17279,238.159432,0.420338
17279,17280,238.173215,0.489359
17280,17281,238.186999,0.457582
17281,17282,238.200782,0.477928
17282,17283,238.214565,0.406074
17283,17284,238.228348,0.359210
17284,17285,238.242131,0.442042
17285,17286,238.255914,0.411460
17286,17287,238.269698,0.501111
17287,17288,238.283481,0.411726
17288,17289,238.297264,0.458263
17289,17290,238.311047,0.379751
17290,17291,238.324830,0.429873
17291,17292,238.338613,0.465188
17292,17293,238.352397,0.414421
17293,17294,238.366180,0.469102
17294,17295,238.379963,0.424266
17295,17296,238.393746,0.402066
17296,17297,238.407529,0.454251
17297,17298,238.421312,0.413523
17298,17299,238.435096,0.380354
17299,17300,238.448879,0.396533
17300,17301,238.462662,0.433575
17301,17302,238.476445,0.399460
17302,17303,238.490228,0.521694
17303,17304,238.504012,0.429304
17304,17305,238.517795,0.432761
17305,17306,238.531578,0.414324
17306,17307,238.545361,0.449447
17307,17308,238.559144,0.466305
17308,17309,238.572927,0.430625
17309,17310,238.586711,0.362029
17310,17311,238.600494,0.394689
17311,17312,238.614277,0.475516
17312,17313,238.628060,0.408419
17313,17314,238.641843,0.478103
17314,17315,238.655626,0.494624
17315,17316,238.669410,0.448734
17316,17317,238.683193,0.438066
17317,17318,238.696976,0.450574
17318,17319,238.710759,0.421723
17319,17320,238.724542,0.452961
17320,17321,238.738325,0.489564
17321,17322,238.752109,0.413335
17322,17323,238.765892,0.448776
17323,17324,238.779675,0.401537
17324,17325,238.793458,0.468087
17325,17326,238.807241,0.463160
17326,17327,238.821024,0.458834
17327,17328,238.834808,0.502277
17328,17329,238.848591,0.470346
17329,17330,238.862374,0.429121
17330,17331,238.876157,0.425511
17331,17332,238.889940,0.422843
17332,17333,238.903724,0.457775
17333,17334,238.917507,0.450345
17334,17335,238.931290,0.395303
17335,17336,238.945073,0.444821
17336,17337,238.958856,0.456268
17337,17338,238.972639,0.426689
17338,17339,238.986423,0.390612
17339,17340,239.000206,0.430756
17340,17341,239.013989,0.381815
17341,17342,239.027772,0.354441
17342,17343,239.041555,0.371598
17343,17344,239.055338,0.415820
17344,17345,239.069122,0.467542
17345,17346,239.082905,0.507843
17346,17347,239.096688,0.408503
17347,17348,239.110471,0.473973
17348,17349,239.124254,0.518926
17349,17350,239.138037,0.406719
17350,17351,239.151821,0.513325
17351,17352,239.165604,0.468098
17352,17353,239.179387,0.371219
17353,17354,239.193170,0.443364
17354,17355,239.206953,0.498059
17355,17356,239.220736,0.414555
17356,17357,239.234520,0.450527
17357,17358,239.248303,0.408954
17358,17359,239.262086,0.437107
17359,17360,239.275869,0.395703
17360,17361,239.289652,0.499460
17361,17362,239.303436,0.466037
17362,17363,239.317219,0.451485
17363,17364,239.331002,0.472448
17364,17365,239.344785,0.452710
17365,17366,239.358568,0.426776
17366,17367,239.372351,0.464572
17367,17368,239.386135,0.436457
17368,17369,239.399918,0.564963
17369,17370,239.413701,0.523332
17370,17371,239.427484,0.444832
17371,17372,239.441267,0.449938
17372,17373,239.455050,0.432727
17373,17374,239.468834,0.430603
17374,17375,239.482617,0.384672
17375,17376,239.496400,0.416009
17376,17377,239.510183,0.337772
17377,17378,239.523966,0.389890
17378,17379,239.537749,0.389466
17379,17380,239.551533,0.500315
17380,17381,239.565316,0.425883
17381,17382,239.579099,0.443101
17382,17383,239.592882,0.434096
17383,17384,239.606665,0.397562
17384,17385,239.620448,0.452901
17385,17386,239.634232,0.335251
17386,17387,239.648015,0.425410
17387,17388,239.661798,0.412983
17388,17389,239.675581,0.423558
17389,17390,239.689364,0.401262
17390,17391,239.703148,0.465358
17391,17392,239.716931,0.420224
17392,17393,239.730714,0.448162
17393,17394,239.744497,0.392139
17394,17395,239.758280,0.479349
17395,17396,239.772063,0.464504
17396,17397,239.785847,0.491547
17397,17398,239.799630,0.369373
17398,17399,239.813413,0.397498
17399,17400,239.827196,0.406313
17400,17401,239.840979,0.377482
17401,17402,239.854762,0.427659
17402,17403,239.868546,0.408922
17403,17404,239.882329,0.452068
17404,17405,239.896112,0.380336
17405,17406,239.909895,0.405352
17406,17407,239.923678,0.460951
17407,17408,239.937461,0.398602
17408,17409,239.951245,0.427363
17409,17410,239.965028,0.467626
17410,17411,239.978811,0.407200
17411,17412,239.992594,0.492565
17412,17413,240.006377,0.346739
17413,17414,240.020160,0.410820
17414,17415,240.033944,0.488781
17415,17416,240.047727,0.472938
17416,17417,240.061510,0.414900
17417,17418,240.075293,0.457072
17418,17419,240.089076,0.470532
17419,17420,240.102859,0.385171
17420,17421,240.116643,0.453042
17421,17422,240.130426,0.454601
17422,17423,240.144209,0.387832
17423,17424,240.157992,0.437675
17424,17425,240.171775,0.474605
17425,17426,240.185559,0.408364
17426,17427,240.199342,0.425376
17427,17428,240.213125,0.478680
17428,17429,240.226908,0.449060
17429,17430,240.240691,0.421142
17430,17431,240.254474,0.419201
17431,17432,240.268258,0.447174
17432,17433,240.282041,0.427413
17433,17434,240.295824,0.488154
17434,17435,240.309607,0.399707
17435,17436,240.323390,0.434147
17436,17437,240.337173,0.450784
17437,17438,240.350957,0.428044
17438,17439,240.364740,0.465748
17439,17440,240.378523,0.447543
17440,17441,240.392306,0.458518
17441,17442,240.406089,0.393997
17442,17443,240.419872,0.392776
17443,17444,240.433656,0.346183
17444,17445,240.447439,0.410567
17445,17446,240.461222,0.390579
17446,17447,240.475005,0.449927
17447,17448,240.488788,0.448870
17448,17449,240.502571,0.405952
17449,17450,240.516355,0.395251
17450,17451,240.530138,0.482495
17451,17452,240.543921,0.388218
17452,17453,240.557704,0.407577
17453,17454,240.571487,0.440847
17454,17455,240.585271,0.388487
17455,17456,240.599054,0.425309
17456,17457,240.612837,0.415992
17457,17458,240.626620,0.453265
17458,17459,240.640403,0.473238
17459,17460,240.654186,0.466771
17460,17461,240.667970,0.437466
17461,17462,240.681753,0.415324
17462,17463,240.695536,0.459132
17463,17464,240.709319,0.429683
17464,17465,240.723102,0.410804
17465,17466,240.736885,0.395005
17466,17467,240.750669,0.348793
17467,17468,240.764452,0.414988
17468,17469,240.778235,0.426041
17469,17470,240.792018,0.392826
17470,17471,240.805801,0.409144
17471,17472,240.819584,0.475798
17472,17473,240.833368,0.466948
17473,17474,240.847151,0.430552
17474,17475,240.860934,0.413980
17475,17476,240.874717,0.453191
17476,17477,240.888500,0.471655
17477,17478,240.902283,0.371823
17478,17479,240.916067,0.371566
17479,17480,240.929850,0.377728
17480,17481,240.943633,0.382358
17481,17482,240.957416,0.440988
17482,17483,240.971199,0.540897
17483,17484,240.984983,0.495846
17484,17485,240.998766,0.431672
17485,17486,241.012549,0.442089
17486,17487,241.026332,0.471427
17487,17488,241.040115,0.408275
17488,17489,241.053898,0.485912
17489,17490,241.067682,0.509581
17490,17491,241.081465,0.454051
17491,17492,241.095248,0.417952
17492,17493,241.109031,0.394193
17493,17494,241.122814,0.443786
17494,17495,241.136597,0.398415
17495,17496,241.150381,0.382950
17496,17497,241.164164,0.435021
17497,17498,241.177947,0.444523
17498,17499,241.191730,0.425543
17499,17500,241.205513,0.428848
17500,17501,241.219296,0.442308
17501,17502,241.233080,0.480050
17502,17503,241.246863,0.443116
17503,17504,241.260646,0.404929
17504,17505,241.274429,0.450626
17505,17506,241.288212,0.472042
17506,17507,241.301995,0.430161
17507,17508,241.315779,0.403369
17508,17509,241.329562,0.433705
17509,17510,241.343345,0.361902
17510,17511,241.357128,0.408268
17511,17512,241.370911,0.400104
17512,17513,241.384695,0.378978
17513,17514,241.398478,0.456099
17514,17515,241.412261,0.442307
17515,17516,241.426044,0.427383
17516,17517,241.439827,0.447198
17517,17518,241.453610,0.468694
17518,17519,241.467394,0.438043
17519,17520,241.481177,0.421317
17520,17521,241.494960,0.403054
17521,17522,241.508743,0.431238
17522,17523,241.522526,0.431330
17523,17524,241.536309,0.451722
17524,17525,241.550093,0.454586
17525,17526,241.563876,0.414512
17526,17527,241.577659,0.487025
17527,17528,241.591442,0.484338
17528,17529,241.605225,0.429613
17529,17530,241.619008,0.451190
17530,17531,241.632792,0.367308
17531,17532,241.646575,0.453967
17532,17533,241.660358,0.428278
17533,17534,241.674141,0.481147
17534,17535,241.687924,0.387063
17535,17536,241.701707,0.445190
17536,17537,241.715491,0.395317
17537,17538,241.729274,0.449963
17538,17539,241.743057,0.386984
17539,17540,241.756840,0.446529
17540,17541,241.770623,0.321602
17541,17542,241.784407,0.341186
17542,17543,241.798190,0.446623
17543,17544,241.811973,0.378918
17544,17545,241.825756,0.346691
17545,17546,241.839539,0.383693
17546,17547,241.853322,0.384668
17547,17548,241.867106,0.488262
17548,17549,241.880889,0.429883
17549,17550,241.894672,0.430300
17550,17551,241.908455,0.486400
17551,17552,241.922238,0.457098
17552,17553,241.936021,0.376878
17553,17554,241.949805,0.460077
17554,17555,241.963588,0.419710
17555,17556,241.977371,0.442730
17556,17557,241.991154,0.351376
17557,17558,242.004937,0.374279
17558,17559,242.018720,0.403772
17559,17560,242.032504,0.470076
17560,17561,242.046287,0.419918
17561,17562,242.060070,0.413281
17562,17563,242.073853,0.479108
17563,17564,242.087636,0.420840
17564,17565,242.101419,0.486983
17565,17566,242.115203,0.421357
17566,17567,242.128986,0.456538
17567,17568,242.142769,0.401676
17568,17569,242.156552,0.436169
17569,17570,242.170335,0.425135
17570,17571,242.184118,0.466389
17571,17572,242.197902,0.431069
17572,17573,242.211685,0.427780
17573,17574,242.225468,0.496640
17574,17575,242.239251,0.439139
17575,17576,242.253034,0.494838
17576,17577,242.266818,0.447719
17577,17578,242.280601,0.448188
17578,17579,242.294384,0.404671
17579,17580,242.308167,0.456473
17580,17581,242.321950,0.441808
17581,17582,242.335733,0.400546
17582,17583,242.349517,0.443381
17583,17584,242.363300,0.457657
17584,17585,242.377083,0.429656
17585,17586,242.390866,0.351778
17586,17587,242.404649,0.432586
17587,17588,242.418432,0.400833
17588,17589,242.432216,0.398068
17589,17590,242.445999,0.398918
17590,17591,242.459782,0.470283
17591,17592,242.473565,0.409327
17592,17593,242.487348,0.459659
17593,17594,242.501131,0.354314
17594,17595,242.514915,0.461376
17595,17596,242.528698,0.452352
17596,17597,242.542481,0.401068
17597,17598,242.556264,0.413429
17598,17599,242.570047,0.504459
17599,17600,242.583830,0.469811
17600,17601,242.597614,0.384590
17601,17602,242.611397,0.448890
17602,17603,242.625180,0.420086
17603,17604,242.638963,0.493155
17604,17605,242.652746,0.386349
17605,17606,242.666530,0.417728
17606,17607,242.680313,0.379537
17607,17608,242.694096,0.396983
17608,17609,242.707879,0.413134
17609,17610,242.721662,0.479527
17610,17611,242.735445,0.411597
17611,17612,242.749229,0.378266
17612,17613,242.763012,0.456487
17613,17614,242.776795,0.405085
17614,17615,242.790578,0.424172
17615,17616,242.804361,0.400110
17616,17617,242.818144,0.396638
17617,17618,242.831928,0.451807
17618,17619,242.845711,0.381677
17619,17620,242.859494,0.357690
17620,17621,242.873277,0.412133
17621,17622,242.887060,0.466244
17622,17623,242.900843,0.536654
17623,17624,242.914627,0.473801
17624,17625,242.928410,0.435480
17625,17626,242.942193,0.397699
17626,17627,242.955976,0.398374
17627,17628,242.969759,0.460662
17628,17629,242.983542,0.401864
17629,17630,242.997326,0.502406
17630,17631,243.011109,0.426665
17631,17632,243.024892,0.494038
17632,17633,243.038675,0.383372
17633,17634,243.052458,0.384876
17634,17635,243.066242,0.405205
17635,17636,243.080025,0.446847
17636,17637,243.093808,0.438612
17637,17638,243.107591,0.395330
17638,17639,243.121374,0.437480
17639,17640,243.135157,0.418142
17640,17641,243.148941,0.424901
17641,17642,243.162724,0.512434
17642,17643,243.176507,0.414833
17643,17644,243.190290,0.513031
17644,17645,243.204073,0.433271
17645,17646,243.217856,0.428253
17646,17647,243.231640,0.391033
17647,17648,243.245423,0.378674
17648,17649,243.259206,0.420306
17649,17650,243.272989,0.391043
17650,17651,243.286772,0.399623
17651,17652,243.300555,0.509295
17652,17653,243.314339,0.421142
17653,17654,243.328122,0.460461
17654,17655,243.341905,0.426551
17655,17656,243.355688,0.424962
17656,17657,243.369471,0.425688
17657,17658,243.383254,0.416736
17658,17659,243.397038,0.427574
17659,17660,243.410821,0.470092
17660,17661,243.424604,0.422252
17661,17662,243.438387,0.486520
17662,17663,243.452170,0.354948
17663,17664,243.465954,0.358737
17664,17665,243.479737,0.459900
17665,17666,243.493520,0.494928
17666,17667,243.507303,0.477874
17667,17668,243.521086,0.407652
17668,17669,243.534869,0.439130
17669,17670,243.548653,0.392215
17670,17671,243.562436,0.461832
17671,17672,243.576219,0.469836
17672,17673,243.590002,0.398871
17673,17674,243.603785,0.415932
17674,17675,243.617568,0.337283
17675,17676,243.631352,0.400564
17676,17677,243.645135,0.462291
17677,17678,243.658918,0.407876
17678,17679,243.672701,0.464537
17679,17680,243.686484,0.369634
17680,17681,243.700267,0.391694
17681,17682,243.714051,0.418420
17682,17683,243.727834,0.456372
17683,17684,243.741617,0.475284
17684,17685,243.755400,0.498667
17685,17686,243.769183,0.416350
17686,17687,243.782966,0.418441
17687,17688,243.796750,0.432003
17688,17689,243.810533,0.414574
17689,17690,243.824316,0.402985
17690,17691,243.838099,0.448111
17691,17692,243.851882,0.434298
17692,17693,243.865666,0.356347
17693,17694,243.879449,0.455889
17694,17695,243.893232,0.369127
17695,17696,243.907015,0.468024
17696,17697,243.920798,0.458573
17697,17698,243.934581,0.487904
17698,17699,243.948365,0.408128
17699,17700,243.962148,0.422511
17700,17701,243.975931,0.456848
17701,17702,243.989714,0.516961
17702,17703,244.003497,0.397091
17703,17704,244.017280,0.446943
17704,17705,244.031064,0.440708
17705,17706,244.044847,0.451879
17706,17707,244.058630,0.494300
17707,17708,244.072413,0.428541
17708,17709,244.086196,0.392914
17709,17710,244.099979,0.398685
17710,17711,244.113763,0.400607
17711,17712,244.127546,0.420731
17712,17713,244.141329,0.329500
17713,17714,244.155112,0.395565
17714,17715,244.168895,0.461399
17715,17716,244.182678,0.392285
17716,17717,244.196462,0.440517
17717,17718,244.210245,0.463883
17718,17719,244.224028,0.365878
17719,17720,244.237811,0.411085
17720,17721,244.251594,0.393319
17721,17722,244.265377,0.403064
17722,17723,244.279161,0.352219
17723,17724,244.292944,0.369321
17724,17725,244.306727,0.420409
17725,17726,244.320510,0.427685
17726,17727,244.334293,0.425468
17727,17728,244.348077,0.458944
17728,17729,244.361860,0.419733
17729,17730,244.375643,0.418149
17730,17731,244.389426,0.442887
17731,17732,244.403209,0.458500
17732,17733,244.416992,0.400606
17733,17734,244.430776,0.398546
17734,17735,244.444559,0.374003
17735,17736,244.458342,0.466939
17736,17737,244.472125,0.399985
17737,17738,244.485908,0.462251
17738,17739,244.499691,0.436058
17739,17740,244.513475,0.463113
17740,17741,244.527258,0.440608
17741,17742,244.541041,0.413254
17742,17743,244.554824,0.466476
17743,17744,244.568607,0.459701
17744,17745,244.582390,0.444130
17745,17746,244.596174,0.439549
17746,17747,244.609957,0.495904
17747,17748,244.623740,0.428378
17748,17749,244.637523,0.478284
17749,17750,244.651306,0.463386
17750,17751,244.665089,0.456144
17751,17752,244.678873,0.388368
17752,17753,244.692656,0.390663
17753,17754,244.706439,0.493630
17754,17755,244.720222,0.425887
17755,17756,244.734005,0.336389
17756,17757,244.747789,0.445822
17757,17758,244.761572,0.384909
17758,17759,244.775355,0.471468
17759,17760,244.789138,0.445712
17760,17761,244.802921,0.457754
17761,17762,244.816704,0.445308
17762,17763,244.830488,0.385541
17763,17764,244.844271,0.455489
17764,17765,244.858054,0.444377
17765,17766,244.871837,0.385168
17766,17767,244.885620,0.350969
17767,17768,244.899403,0.483189
17768,17769,244.913187,0.412868
17769,17770,244.926970,0.383657
17770,17771,244.940753,0.407246
17771,17772,244.954536,0.473570
17772,17773,244.968319,0.444895
17773,17774,244.982102,0.347236
17774,17775,244.995886,0.441096
17775,17776,245.009669,0.450572
17776,17777,245.023452,0.410985
17777,17778,245.037235,0.397179
17778,17779,245.051018,0.435401
17779,17780,245.064801,0.454238
17780,17781,245.078585,0.415526
17781,17782,245.092368,0.377038
17782,17783,245.106151,0.527500
17783,17784,245.119934,0.446599
17784,17785,245.133717,0.478389
17785,17786,245.147501,0.404472
17786,17787,245.161284,0.416780
17787,17788,245.175067,0.476954
17788,17789,245.188850,0.416166
17789,17790,245.202633,0.415338
17790,17791,245.216416,0.456475
17791,17792,245.230200,0.418150
17792,17793,245.243983,0.504388
17793,17794,245.257766,0.418436
17794,17795,245.271549,0.499314
17795,17796,245.285332,0.425757
17796,17797,245.299115,0.357338
17797,17798,245.312899,0.487243
17798,17799,245.326682,0.332545
17799,17800,245.340465,0.435143
17800,17801,245.354248,0.483950
17801,17802,245.368031,0.458757
17802,17803,245.381814,0.445442
17803,17804,245.395598,0.370664
17804,17805,245.409381,0.430202
17805,17806,245.423164,0.464000
17806,17807,245.436947,0.432919
17807,17808,245.450730,0.485638
17808,17809,245.464513,0.300700
17809,17810,245.478297,0.419059
17810,17811,245.492080,0.391663
17811,17812,245.505863,0.449818
17812,17813,245.519646,0.380602
17813,17814,245.533429,0.397783
17814,17815,245.547213,0.415633
17815,17816,245.560996,0.419833
17816,17817,245.574779,0.494064
17817,17818,245.588562,0.430531
17818,17819,245.602345,0.491913
17819,17820,245.616128,0.425803
17820,17821,245.629912,0.436127
17821,17822,245.643695,0.392855
17822,17823,245.657478,0.371334
17823,17824,245.671261,0.469947
17824,17825,245.685044,0.340788
17825,17826,245.698827,0.416945
17826,17827,245.712611,0.387642
17827,17828,245.726394,0.429683
17828,17829,245.740177,0.443231
17829,17830,245.753960,0.417716
17830,17831,245.767743,0.399014
17831,17832,245.781526,0.445544
17832,17833,245.795310,0.449311
17833,17834,245.809093,0.463805
17834,17835,245.822876,0.422492
17835,17836,245.836659,0.427153
17836,17837,245.850442,0.422020
17837,17838,245.864225,0.437616
17838,17839,245.878009,0.531625
17839,17840,245.891792,0.396104
17840,17841,245.905575,0.414484
17841,17842,245.919358,0.542939
17842,17843,245.933141,0.409532
17843,17844,245.946925,0.399703
17844,17845,245.960708,0.423390
17845,17846,245.974491,0.411632
17846,17847,245.988274,0.465993
17847,17848,246.002057,0.379565
17848,17849,246.015840,0.418034
17849,17850,246.029624,0.441638
17850,17851,246.043407,0.322375
17851,17852,246.057190,0.409103
17852,17853,246.070973,0.449551
17853,17854,246.084756,0.409661
17854,17855,246.098539,0.445066
17855,17856,246.112323,0.438417
17856,17857,246.126106,0.387811
17857,17858,246.139889,0.493450
17858,17859,246.153672,0.437487
17859,17860,246.167455,0.417763
17860,17861,246.181238,0.407314
17861,17862,246.195022,0.442610
17862,17863,246.208805,0.393849
17863,17864,246.222588,0.418655
17864,17865,246.236371,0.423747
17865,17866,246.250154,0.385216
17866,17867,246.263937,0.405169
17867,17868,246.277721,0.386647
17868,17869,246.291504,0.434868
17869,17870,246.305287,0.399078
17870,17871,246.319070,0.413501
17871,17872,246.332853,0.525380
17872,17873,246.346636,0.426242
17873,17874,246.360420,0.372719
17874,17875,246.374203,0.362440
17875,17876,246.387986,0.407609
17876,17877,246.401769,0.454355
17877,17878,246.415552,0.384410
17878,17879,246.429336,0.381419
17879,17880,246.443119,0.373663
17880,17881,246.456902,0.454187
17881,17882,246.470685,0.422444
17882,17883,246.484468,0.416369
17883,17884,246.498251,0.423379
17884,17885,246.512035,0.357428
17885,17886,246.525818,0.460190
17886,17887,246.539601,0.511484
17887,17888,246.553384,0.478416
17888,17889,246.567167,0.467679
17889,17890,246.580950,0.430460
17890,17891,246.594734,0.412347
17891,17892,246.608517,0.401741
17892,17893,246.622300,0.413780
17893,17894,246.636083,0.365780
17894,17895,246.649866,0.429094
17895,17896,246.663649,0.459614
17896,17897,246.677433,0.363774
17897,17898,246.691216,0.408529
17898,17899,246.704999,0.405112
17899,17900,246.718782,0.462665
17900,17901,246.732565,0.408177
17901,17902,246.746348,0.413535
17902,17903,246.760132,0.354235
17903,17904,246.773915,0.397396
17904,17905,246.787698,0.397196
17905,17906,246.801481,0.366530
17906,17907,246.815264,0.394267
17907,17908,246.829048,0.389905
17908,17909,246.842831,0.341481
17909,17910,246.856614,0.404788
17910,17911,246.870397,0.367807
17911,17912,246.884180,0.388685
17912,17913,246.897963,0.492062
17913,17914,246.911747,0.404016
17914,17915,246.925530,0.423710
17915,17916,246.939313,0.414007
17916,17917,246.953096,0.398136
17917,17918,246.966879,0.423281
17918,17919,246.980662,0.458284
17919,17920,246.994446,0.417578
17920,17921,247.008229,0.397531
17921,17922,247.022012,0.489522
17922,17923,247.035795,0.458312
17923,17924,247.049578,0.414275
17924,17925,247.063361,0.379983
17925,17926,247.077145,0.390068
17926,17927,247.090928,0.494976
17927,17928,247.104711,0.422279
17928,17929,247.118494,0.417372
17929,17930,247.132277,0.405035
17930,17931,247.146060,0.365909
17931,17932,247.159844,0.434941
17932,17933,247.173627,0.430081
17933,17934,247.187410,0.421460
17934,17935,247.201193,0.382934
17935,17936,247.214976,0.435944
17936,17937,247.228760,0.364129
17937,17938,247.242543,0.522050
17938,17939,247.256326,0.382125
17939,17940,247.270109,0.478675
17940,17941,247.283892,0.456288
17941,17942,247.297675,0.432727
17942,17943,247.311459,0.444261
17943,17944,247.325242,0.354503
17944,17945,247.339025,0.426502
17945,17946,247.352808,0.420628
17946,17947,247.366591,0.447891
17947,17948,247.380374,0.476126
17948,17949,247.394158,0.393428
17949,17950,247.407941,0.392032
17950,17951,247.421724,0.527175
17951,17952,247.435507,0.402895
17952,17953,247.449290,0.443858
17953,17954,247.463073,0.376309
17954,17955,247.476857,0.336274
17955,17956,247.490640,0.432866
17956,17957,247.504423,0.446933
17957,17958,247.518206,0.439788
17958,17959,247.531989,0.393471
17959,17960,247.545772,0.462322
17960,17961,247.559556,0.401526
17961,17962,247.573339,0.359019
17962,17963,247.587122,0.537761
17963,17964,247.600905,0.365816
17964,17965,247.614688,0.445381
17965,17966,247.628472,0.417115
17966,17967,247.642255,0.438599
17967,17968,247.656038,0.431685
17968,17969,247.669821,0.439303
17969,17970,247.683604,0.382843
17970,17971,247.697387,0.359486
17971,17972,247.711171,0.403285
17972,17973,247.724954,0.440745
17973,17974,247.738737,0.410420
17974,17975,247.752520,0.431814
17975,17976,247.766303,0.422043
17976,17977,247.780086,0.479124
17977,17978,247.793870,0.535503
17978,17979,247.807653,0.455368
17979,17980,247.821436,0.433901
17980,17981,247.835219,0.466013
17981,17982,247.849002,0.387691
17982,17983,247.862785,0.406969
17983,17984,247.876569,0.421098
17984,17985,247.890352,0.464819
17985,17986,247.904135,0.460090
17986,17987,247.917918,0.427120
17987,17988,247.931701,0.493080
17988,17989,247.945484,0.439283
17989,17990,247.959268,0.413186
17990,17991,247.973051,0.436908
17991,17992,247.986834,0.373051
17992,17993,248.000617,0.456952
17993,17994,248.014400,0.437225
17994,17995,248.028184,0.432139
17995,17996,248.041967,0.488823
17996,17997,248.055750,0.332940
17997,17998,248.069533,0.373258
17998,17999,248.083316,0.410575
17999,18000,248.097099,0.468220
18000,18001,248.110883,0.398128
18001,18002,248.124666,0.456321
18002,18003,248.138449,0.399815
18003,18004,248.152232,0.433165
18004,18005,248.166015,0.455499
18005,18006,248.179798,0.457401
18006,18007,248.193582,0.467876
18007,18008,248.207365,0.359047
18008,18009,248.221148,0.493591
18009,18010,248.234931,0.384946
18010,18011,248.248714,0.380026
18011,18012,248.262497,0.472175
18012,18013,248.276281,0.382844
18013,18014,248.290064,0.399988
18014,18015,248.303847,0.518638
18015,18016,248.317630,0.412517
18016,18017,248.331413,0.354974
18017,18018,248.345196,0.393974
18018,18019,248.358980,0.365418
18019,18020,248.372763,0.418328
18020,18021,248.386546,0.418700
18021,18022,248.400329,0.461787
18022,18023,248.414112,0.439001
18023,18024,248.427895,0.448886
18024,18025,248.441679,0.423817
18025,18026,248.455462,0.432130
18026,18027,248.469245,0.385469
18027,18028,248.483028,0.381292
18028,18029,248.496811,0.420070
18029,18030,248.510595,0.345395
18030,18031,248.524378,0.396237
18031,18032,248.538161,0.413511
18032,18033,248.551944,0.391060
18033,18034,248.565727,0.464102
18034,18035,248.579510,0.426546
18035,18036,248.593294,0.449289
18036,18037,248.607077,0.405540
18037,18038,248.620860,0.470502
18038,18039,248.634643,0.369927
18039,18040,248.648426,0.365504
18040,18041,248.662209,0.471370
18041,18042,248.675993,0.420002
18042,18043,248.689776,0.580165
18043,18044,248.703559,0.408002
18044,18045,248.717342,0.504660
18045,18046,248.731125,0.390510
18046,18047,248.744908,0.430774
18047,18048,248.758692,0.370415
18048,18049,248.772475,0.414968
18049,18050,248.786258,0.458925
18050,18051,248.800041,0.470536
18051,18052,248.813824,0.485540
18052,18053,248.827607,0.439388
18053,18054,248.841391,0.420815
18054,18055,248.855174,0.420175
18055,18056,248.868957,0.480434
18056,18057,248.882740,0.345890
18057,18058,248.896523,0.374144
18058,18059,248.910307,0.490928
18059,18060,248.924090,0.364553
18060,18061,248.937873,0.440458
18061,18062,248.951656,0.480203
18062,18063,248.965439,0.431664
18063,18064,248.979222,0.428417
18064,18065,248.993006,0.466285
18065,18066,249.006789,0.397656
18066,18067,249.020572,0.414249
18067,18068,249.034355,0.354787
18068,18069,249.048138,0.413148
18069,18070,249.061921,0.454725
18070,18071,249.075705,0.414381
18071,18072,249.089488,0.386212
18072,18073,249.103271,0.400842
18073,18074,249.117054,0.480796
18074,18075,249.130837,0.385104
18075,18076,249.144620,0.413378
18076,18077,249.158404,0.445902
18077,18078,249.172187,0.460005
18078,18079,249.185970,0.445944
18079,18080,249.199753,0.404499
18080,18081,249.213536,0.436136
18081,18082,249.227319,0.427256
18082,18083,249.241103,0.413191
18083,18084,249.254886,0.382640
18084,18085,249.268669,0.520038
18085,18086,249.282452,0.365335
18086,18087,249.296235,0.418472
18087,18088,249.310019,0.437883
18088,18089,249.323802,0.387422
18089,18090,249.337585,0.419773
18090,18091,249.351368,0.468377
18091,18092,249.365151,0.372375
18092,18093,249.378934,0.396612
18093,18094,249.392718,0.378519
18094,18095,249.406501,0.412834
18095,18096,249.420284,0.437777
18096,18097,249.434067,0.472931
18097,18098,249.447850,0.357509
18098,18099,249.461633,0.471011
18099,18100,249.475417,0.354986
18100,18101,249.489200,0.446866
18101,18102,249.502983,0.426996
18102,18103,249.516766,0.406931
18103,18104,249.530549,0.438945
18104,18105,249.544332,0.517822
18105,18106,249.558116,0.418460
18106,18107,249.571899,0.364926
18107,18108,249.585682,0.486295
18108,18109,249.599465,0.412469
18109,18110,249.613248,0.479974
18110,18111,249.627031,0.432334
18111,18112,249.640815,0.423350
18112,18113,249.654598,0.399725
18113,18114,249.668381,0.391923
18114,18115,249.682164,0.436986
18115,18116,249.695947,0.394755
18116,18117,249.709731,0.475916
18117,18118,249.723514,0.499279
18118,18119,249.737297,0.402402
18119,18120,249.751080,0.445706
18120,18121,249.764863,0.446470
18121,18122,249.778646,0.397174
18122,18123,249.792430,0.394531
18123,18124,249.806213,0.401886
18124,18125,249.819996,0.409083
18125,18126,249.833779,0.413126
18126,18127,249.847562,0.477977
18127,18128,249.861345,0.427519
18128,18129,249.875129,0.434484
18129,18130,249.888912,0.485847
18130,18131,249.902695,0.444668
18131,18132,249.916478,0.425879
18132,18133,249.930261,0.397467
18133,18134,249.944044,0.408170
18134,18135,249.957828,0.404609
18135,18136,249.971611,0.471395
18136,18137,249.985394,0.390936
18137,18138,249.999177,0.402142
18138,18139,250.012960,0.485809
18139,18140,250.026743,0.439172
18140,18141,250.040527,0.526597
18141,18142,250.054310,0.448999
18142,18143,250.068093,0.416139
18143,18144,250.081876,0.423674
18144,18145,250.095659,0.449820
18145,18146,250.109443,0.484213
18146,18147,250.123226,0.401887
18147,18148,250.137009,0.409763
18148,18149,250.150792,0.433296
18149,18150,250.164575,0.456463
18150,18151,250.178358,0.437201
18151,18152,250.192142,0.420181
18152,18153,250.205925,0.401538
18153,18154,250.219708,0.428196
18154,18155,250.233491,0.484773
18155,18156,250.247274,0.377175
18156,18157,250.261057,0.428752
18157,18158,250.274841,0.398381
18158,18159,250.288624,0.534189
18159,18160,250.302407,0.387767
18160,18161,250.316190,0.404162
18161,18162,250.329973,0.382131
18162,18163,250.343756,0.484099
18163,18164,250.357540,0.440600
18164,18165,250.371323,0.479517
18165,18166,250.385106,0.418621
18166,18167,250.398889,0.384161
18167,18168,250.412672,0.489158
18168,18169,250.426455,0.369381
18169,18170,250.440239,0.356488
18170,18171,250.454022,0.398833
18171,18172,250.467805,0.421714
18172,18173,250.481588,0.507278
18173,18174,250.495371,0.470245
18174,18175,250.509154,0.436390
18175,18176,250.522938,0.466682
18176,18177,250.536721,0.498848
18177,18178,250.550504,0.420793
18178,18179,250.564287,0.472715
18179,18180,250.578070,0.470063
18180,18181,250.591854,0.473277
18181,18182,250.605637,0.445302
18182,18183,250.619420,0.425410
18183,18184,250.633203,0.437373
18184,18185,250.646986,0.408773
18185,18186,250.660769,0.443355
18186,18187,250.674553,0.402790
18187,18188,250.688336,0.409827
18188,18189,250.702119,0.465923
18189,18190,250.715902,0.384893
18190,18191,250.729685,0.387815
18191,18192,250.743468,0.400394
18192,18193,250.757252,0.394166
18193,18194,250.771035,0.341224
18194,18195,250.784818,0.393267
18195,18196,250.798601,0.467018
18196,18197,250.812384,0.378042
18197,18198,250.826167,0.445168
18198,18199,250.839951,0.393329
18199,18200,250.853734,0.402001
18200,18201,250.867517,0.438703
18201,18202,250.881300,0.445855
18202,18203,250.895083,0.425148
18203,18204,250.908866,0.388134
18204,18205,250.922650,0.478442
18205,18206,250.936433,0.383647
18206,18207,250.950216,0.420010
18207,18208,250.963999,0.534723
18208,18209,250.977782,0.428816
18209,18210,250.991566,0.453191
18210,18211,251.005349,0.444328
18211,18212,251.019132,0.442061
18212,18213,251.032915,0.397346
18213,18214,251.046698,0.556100
18214,18215,251.060481,0.445107
18215,18216,251.074265,0.379453
18216,18217,251.088048,0.446388
18217,18218,251.101831,0.427736
18218,18219,251.115614,0.435449
18219,18220,251.129397,0.382525
18220,18221,251.143180,0.410042
18221,18222,251.156964,0.451029
18222,18223,251.170747,0.341204
18223,18224,251.184530,0.396389
18224,18225,251.198313,0.438464
18225,18226,251.212096,0.383545
18226,18227,251.225879,0.441473
18227,18228,251.239663,0.383332
18228,18229,251.253446,0.439600
18229,18230,251.267229,0.447782
18230,18231,251.281012,0.488392
18231,18232,251.294795,0.368797
18232,18233,251.308578,0.419982
18233,18234,251.322362,0.406215
18234,18235,251.336145,0.461322
18235,18236,251.349928,0.451402
18236,18237,251.363711,0.461586
18237,18238,251.377494,0.425867
18238,18239,251.391278,0.418224
18239,18240,251.405061,0.375250
18240,18241,251.418844,0.393176
18241,18242,251.432627,0.420442
18242,18243,251.446410,0.417873
18243,18244,251.460193,0.451884
18244,18245,251.473977,0.448860
18245,18246,251.487760,0.400493
18246,18247,251.501543,0.418529
18247,18248,251.515326,0.417293
18248,18249,251.529109,0.400809
18249,18250,251.542892,0.393380
18250,18251,251.556676,0.420003
18251,18252,251.570459,0.409687
18252,18253,251.584242,0.417259
18253,18254,251.598025,0.384539
18254,18255,251.611808,0.458378
18255,18256,251.625591,0.408485
18256,18257,251.639375,0.441722
18257,18258,251.653158,0.471157
18258,18259,251.666941,0.544077
18259,18260,251.680724,0.529215
18260,18261,251.694507,0.405665
18261,18262,251.708290,0.397145
18262,18263,251.722074,0.417695
18263,18264,251.735857,0.453287
18264,18265,251.749640,0.435718
18265,18266,251.763423,0.438188
18266,18267,251.777206,0.460326
18267,18268,251.790990,0.475981
18268,18269,251.804773,0.403822
18269,18270,251.818556,0.454874
18270,18271,251.832339,0.461361
18271,18272,251.846122,0.414338
18272,18273,251.859905,0.372046
18273,18274,251.873689,0.402202
18274,18275,251.887472,0.455794
18275,18276,251.901255,0.450837
18276,18277,251.915038,0.396839
18277,18278,251.928821,0.392705
18278,18279,251.942604,0.301800
18279,18280,251.956388,0.410443
18280,18281,251.970171,0.339007
18281,18282,251.983954,0.375615
18282,18283,251.997737,0.428439
18283,18284,252.011520,0.357335
18284,18285,252.025303,0.471311
18285,18286,252.039087,0.431298
18286,18287,252.052870,0.450912
18287,18288,252.066653,0.412067
18288,18289,252.080436,0.430705
18289,18290,252.094219,0.406109
18290,18291,252.108002,0.412455
18291,18292,252.121786,0.417441
18292,18293,252.135569,0.427001
18293,18294,252.149352,0.466667
18294,18295,252.163135,0.386343
18295,18296,252.176918,0.422668
18296,18297,252.190702,0.379607
18297,18298,252.204485,0.397165
18298,18299,252.218268,0.429453
18299,18300,252.232051,0.415114
18300,18301,252.245834,0.386405
18301,18302,252.259617,0.408581
18302,18303,252.273401,0.382776
18303,18304,252.287184,0.381149
18304,18305,252.300967,0.409176
18305,18306,252.314750,0.373419
18306,18307,252.328533,0.391324
18307,18308,252.342316,0.423723
18308,18309,252.356100,0.368325
18309,18310,252.369883,0.422295
18310,18311,252.383666,0.491427
18311,18312,252.397449,0.502538
18312,18313,252.411232,0.426936
18313,18314,252.425015,0.467998
18314,18315,252.438799,0.382129
18315,18316,252.452582,0.467851
18316,18317,252.466365,0.410910
18317,18318,252.480148,0.419729
18318,18319,252.493931,0.437908
18319,18320,252.507714,0.453096
18320,18321,252.521498,0.374804
18321,18322,252.535281,0.446448
18322,18323,252.549064,0.434546
18323,18324,252.562847,0.387191
18324,18325,252.576630,0.490933
18325,18326,252.590413,0.439201
18326,18327,252.604197,0.429767
18327,18328,252.617980,0.394759
18328,18329,252.631763,0.395085
18329,18330,252.645546,0.438774
18330,18331,252.659329,0.441455
18331,18332,252.673113,0.409393
18332,18333,252.686896,0.454913
18333,18334,252.700679,0.519872
18334,18335,252.714462,0.446329
18335,18336,252.728245,0.473324
18336,18337,252.742028,0.414230
18337,18338,252.755812,0.448150
18338,18339,252.769595,0.449432
18339,18340,252.783378,0.394977
18340,18341,252.797161,0.385440
18341,18342,252.810944,0.423080
18342,18343,252.824727,0.383160
18343,18344,252.838511,0.436869
18344,18345,252.852294,0.421148
18345,18346,252.866077,0.497120
18346,18347,252.879860,0.455101
18347,18348,252.893643,0.412505
18348,18349,252.907426,0.407371
18349,18350,252.921210,0.391849
18350,18351,252.934993,0.435559
18351,18352,252.948776,0.476870
18352,18353,252.962559,0.451063
18353,18354,252.976342,0.456070
18354,18355,252.990125,0.358215
18355,18356,253.003909,0.395079
18356,18357,253.017692,0.480399
18357,18358,253.031475,0.446249
18358,18359,253.045258,0.429842
18359,18360,253.059041,0.404983
18360,18361,253.072825,0.414519
18361,18362,253.086608,0.418988
18362,18363,253.100391,0.391098
18363,18364,253.114174,0.458199
18364,18365,253.127957,0.385323
18365,18366,253.141740,0.463795
18366,18367,253.155524,0.384963
18367,18368,253.169307,0.398859
18368,18369,253.183090,0.533333
18369,18370,253.196873,0.374381
18370,18371,253.210656,0.379516
18371,18372,253.224439,0.376730
18372,18373,253.238223,0.429036
18373,18374,253.252006,0.435158
18374,18375,253.265789,0.483357
18375,18376,253.279572,0.380949
18376,18377,253.293355,0.438571
18377,18378,253.307138,0.417082
18378,18379,253.320922,0.434050
18379,18380,253.334705,0.395281
18380,18381,253.348488,0.372517
18381,18382,253.362271,0.452789
18382,18383,253.376054,0.416971
18383,18384,253.389837,0.348851
18384,18385,253.403621,0.505344
18385,18386,253.417404,0.479297
18386,18387,253.431187,0.459372
18387,18388,253.444970,0.395144
18388,18389,253.458753,0.367768
18389,18390,253.472537,0.440639
18390,18391,253.486320,0.462535
18391,18392,253.500103,0.405813
18392,18393,253.513886,0.379923
18393,18394,253.527669,0.391678
18394,18395,253.541452,0.433502
18395,18396,253.555236,0.446359
18396,18397,253.569019,0.477513
18397,18398,253.582802,0.342383
18398,18399,253.596585,0.428949
18399,18400,253.610368,0.405240
18400,18401,253.624151,0.497001
18401,18402,253.637935,0.369076
18402,18403,253.651718,0.495471
18403,18404,253.665501,0.442763
18404,18405,253.679284,0.474008
18405,18406,253.693067,0.360765
18406,18407,253.706850,0.403585
18407,18408,253.720634,0.433034
18408,18409,253.734417,0.345290
18409,18410,253.748200,0.518670
18410,18411,253.761983,0.395186
18411,18412,253.775766,0.374377
18412,18413,253.789549,0.330927
18413,18414,253.803333,0.380556
18414,18415,253.817116,0.429575
18415,18416,253.830899,0.433368
18416,18417,253.844682,0.382559
18417,18418,253.858465,0.418138
18418,18419,253.872249,0.491392
18419,18420,253.886032,0.382246
18420,18421,253.899815,0.445324
18421,18422,253.913598,0.351669
18422,18423,253.927381,0.436354
18423,18424,253.941164,0.442176
18424,18425,253.954948,0.479431
18425,18426,253.968731,0.459832
18426,18427,253.982514,0.353290
18427,18428,253.996297,0.491750
18428,18429,254.010080,0.452988
18429,18430,254.023863,0.393373
18430,18431,254.037647,0.507274
18431,18432,254.051430,0.450027
18432,18433,254.065213,0.405311
18433,18434,254.078996,0.402729
18434,18435,254.092779,0.382650
18435,18436,254.106562,0.335160
18436,18437,254.120346,0.426593
18437,18438,254.134129,0.496678
18438,18439,254.147912,0.501759
18439,18440,254.161695,0.471185
18440,18441,254.175478,0.386723
18441,18442,254.189261,0.378087
18442,18443,254.203045,0.419582
18443,18444,254.216828,0.415833
18444,18445,254.230611,0.569340
18445,18446,254.244394,0.416646
18446,18447,254.258177,0.507200
18447,18448,254.271961,0.451531
18448,18449,254.285744,0.400555
18449,18450,254.299527,0.489288
18450,18451,254.313310,0.420086
18451,18452,254.327093,0.439279
18452,18453,254.340876,0.421510
18453,18454,254.354660,0.416688
18454,18455,254.368443,0.434402
18455,18456,254.382226,0.486293
18456,18457,254.396009,0.399689
18457,18458,254.409792,0.440972
18458,18459,254.423575,0.468427
18459,18460,254.437359,0.404082
18460,18461,254.451142,0.382323
18461,18462,254.464925,0.465516
18462,18463,254.478708,0.435639
18463,18464,254.492491,0.440025
18464,18465,254.506274,0.405505
18465,18466,254.520058,0.429517
18466,18467,254.533841,0.452037
18467,18468,254.547624,0.396852
18468,18469,254.561407,0.403355
18469,18470,254.575190,0.456694
18470,18471,254.588973,0.382612
18471,18472,254.602757,0.421108
18472,18473,254.616540,0.385938
18473,18474,254.630323,0.392229
18474,18475,254.644106,0.496803
18475,18476,254.657889,0.455688
18476,18477,254.671672,0.465400
18477,18478,254.685456,0.431864
18478,18479,254.699239,0.378742
18479,18480,254.713022,0.459284
18480,18481,254.726805,0.453253
18481,18482,254.740588,0.432388
18482,18483,254.754372,0.452503
18483,18484,254.768155,0.384041
18484,18485,254.781938,0.462676
18485,18486,254.795721,0.417358
18486,18487,254.809504,0.421458
18487,18488,254.823287,0.404212
18488,18489,254.837071,0.404655
18489,18490,254.850854,0.409980
18490,18491,254.864637,0.487755
18491,18492,254.878420,0.445708
18492,18493,254.892203,0.421920
18493,18494,254.905986,0.425275
18494,18495,254.919770,0.404845
18495,18496,254.933553,0.442856
18496,18497,254.947336,0.332806
18497,18498,254.961119,0.398754
18498,18499,254.974902,0.396683
18499,18500,254.988685,0.344787
18500,18501,255.002469,0.483829
18501,18502,255.016252,0.385844
18502,18503,255.030035,0.420147
18503,18504,255.043818,0.424142
18504,18505,255.057601,0.419744
18505,18506,255.071384,0.411396
18506,18507,255.085168,0.391480
18507,18508,255.098951,0.486737
18508,18509,255.112734,0.415843
18509,18510,255.126517,0.439706
18510,18511,255.140300,0.343197
18511,18512,255.154084,0.396234
18512,18513,255.167867,0.385059
18513,18514,255.181650,0.407017
18514,18515,255.195433,0.453444
18515,18516,255.209216,0.409865
18516,18517,255.222999,0.406410
18517,18518,255.236783,0.431757
18518,18519,255.250566,0.395423
18519,18520,255.264349,0.490788
18520,18521,255.278132,0.465309
18521,18522,255.291915,0.456543
18522,18523,255.305698,0.421130
18523,18524,255.319482,0.429966
18524,18525,255.333265,0.426313
18525,18526,255.347048,0.315016
18526,18527,255.360831,0.396175
18527,18528,255.374614,0.419674
18528,18529,255.388397,0.540560
18529,18530,255.402181,0.362611
18530,18531,255.415964,0.420223
18531,18532,255.429747,0.417557
18532,18533,255.443530,0.432633
18533,18534,255.457313,0.386714
18534,18535,255.471096,0.418925
18535,18536,255.484880,0.449533
18536,18537,255.498663,0.465510
18537,18538,255.512446,0.407215
18538,18539,255.526229,0.354781
18539,18540,255.540012,0.468934
18540,18541,255.553796,0.373839
18541,18542,255.567579,0.411950
18542,18543,255.581362,0.416315
18543,18544,255.595145,0.444978
18544,18545,255.608928,0.405791
18545,18546,255.622711,0.367636
18546,18547,255.636495,0.421670
18547,18548,255.650278,0.439239
18548,18549,255.664061,0.472397
18549,18550,255.677844,0.393748
18550,18551,255.691627,0.381309
18551,18552,255.705410,0.421807
18552,18553,255.719194,0.382245
18553,18554,255.732977,0.401843
18554,18555,255.746760,0.468592
18555,18556,255.760543,0.417131
18556,18557,255.774326,0.430867
18557,18558,255.788109,0.411584
18558,18559,255.801893,0.401870
18559,18560,255.815676,0.394167
18560,18561,255.829459,0.537923
18561,18562,255.843242,0.383514
18562,18563,255.857025,0.484996
18563,18564,255.870808,0.479493
18564,18565,255.884592,0.416344
18565,18566,255.898375,0.446141
18566,18567,255.912158,0.434137
18567,18568,255.925941,0.439346
18568,18569,255.939724,0.445307
18569,18570,255.953508,0.435221
18570,18571,255.967291,0.383091
18571,18572,255.981074,0.473935
18572,18573,255.994857,0.393788
18573,18574,256.008640,0.438916
18574,18575,256.022423,0.421541
18575,18576,256.036207,0.419044
18576,18577,256.049990,0.424724
18577,18578,256.063773,0.447298
18578,18579,256.077556,0.381070
18579,18580,256.091339,0.451579
18580,18581,256.105122,0.445611
18581,18582,256.118906,0.415844
18582,18583,256.132689,0.385243
18583,18584,256.146472,0.353123
18584,18585,256.160255,0.466720
18585,18586,256.174038,0.406328
18586,18587,256.187821,0.375755
18587,18588,256.201605,0.431569
18588,18589,256.215388,0.424776
18589,18590,256.229171,0.420092
18590,18591,256.242954,0.415974
18591,18592,256.256737,0.483264
18592,18593,256.270520,0.468419
18593,18594,256.284304,0.396347
18594,18595,256.298087,0.426333
18595,18596,256.311870,0.428884
18596,18597,256.325653,0.451522
18597,18598,256.339436,0.414047
18598,18599,256.353220,0.426898
18599,18600,256.367003,0.475144
18600,18601,256.380786,0.468126
18601,18602,256.394569,0.401862
18602,18603,256.408352,0.425384
18603,18604,256.422135,0.443624
18604,18605,256.435919,0.392494
18605,18606,256.449702,0.462691
18606,18607,256.463485,0.399011
18607,18608,256.477268,0.463161
18608,18609,256.491051,0.411789
18609,18610,256.504834,0.441336
18610,18611,256.518618,0.430812
18611,18612,256.532401,0.404203
18612,18613,256.546184,0.402114
18613,18614,256.559967,0.399904
18614,18615,256.573750,0.459205
18615,18616,256.587533,0.405370
18616,18617,256.601317,0.375670
18617,18618,256.615100,0.386054
18618,18619,256.628883,0.395087
18619,18620,256.642666,0.465153
18620,18621,256.656449,0.431278
18621,18622,256.670232,0.383279
18622,18623,256.684016,0.448138
18623,18624,256.697799,0.433452
18624,18625,256.711582,0.382420
18625,18626,256.725365,0.477639
18626,18627,256.739148,0.424789
18627,18628,256.752931,0.464224
18628,18629,256.766715,0.428494
18629,18630,256.780498,0.403043
18630,18631,256.794281,0.423253
18631,18632,256.808064,0.439785
18632,18633,256.821847,0.441176
18633,18634,256.835631,0.415333
18634,18635,256.849414,0.492141
18635,18636,256.863197,0.406674
18636,18637,256.876980,0.418230
18637,18638,256.890763,0.498743
18638,18639,256.904546,0.389931
18639,18640,256.918330,0.427187
18640,18641,256.932113,0.402541
18641,18642,256.945896,0.475450
18642,18643,256.959679,0.471452
18643,18644,256.973462,0.437871
18644,18645,256.987245,0.450587
18645,18646,257.001029,0.373288
18646,18647,257.014812,0.449774
18647,18648,257.028595,0.482354
18648,18649,257.042378,0.415606
18649,18650,257.056161,0.510514
18650,18651,257.069944,0.328709
18651,18652,257.083728,0.368617
18652,18653,257.097511,0.502908
18653,18654,257.111294,0.435763
18654,18655,257.125077,0.477342
18655,18656,257.138860,0.402022
18656,18657,257.152643,0.448076
18657,18658,257.166427,0.411435
18658,18659,257.180210,0.429203
18659,18660,257.193993,0.430780
18660,18661,257.207776,0.450223
18661,18662,257.221559,0.329336
18662,18663,257.235343,0.451365
18663,18664,257.249126,0.441169
18664,18665,257.262909,0.402179
18665,18666,257.276692,0.488255
18666,18667,257.290475,0.383011
18667,18668,257.304258,0.420757
18668,18669,257.318042,0.380645
18669,18670,257.331825,0.426438
18670,18671,257.345608,0.405586
18671,18672,257.359391,0.401678
18672,18673,257.373174,0.433986
18673,18674,257.386957,0.341887
18674,18675,257.400741,0.481269
18675,18676,257.414524,0.402825
18676,18677,257.428307,0.328831
18677,18678,257.442090,0.421584
18678,18679,257.455873,0.472556
18679,18680,257.469656,0.436729
18680,18681,257.483440,0.483618
18681,18682,257.497223,0.335823
18682,18683,257.511006,0.411843
18683,18684,257.524789,0.447775
18684,18685,257.538572,0.334792
18685,18686,257.552355,0.394585
18686,18687,257.566139,0.433830
18687,18688,257.579922,0.488050
18688,18689,257.593705,0.372355
18689,18690,257.607488,0.490151
18690,18691,257.621271,0.452821
18691,18692,257.635055,0.354823
18692,18693,257.648838,0.336627
18693,18694,257.662621,0.483695
18694,18695,257.676404,0.441960
18695,18696,257.690187,0.486948
18696,18697,257.703970,0.433186
18697,18698,257.717754,0.409181
18698,18699,257.731537,0.374057
18699,18700,257.745320,0.425265
18700,18701,257.759103,0.404753
18701,18702,257.772886,0.426339
18702,18703,257.786669,0.425826
18703,18704,257.800453,0.473557
18704,18705,257.814236,0.477662
18705,18706,257.828019,0.447938
18706,18707,257.841802,0.388633
18707,18708,257.855585,0.485724
18708,18709,257.869368,0.455703
18709,18710,257.883152,0.340338
18710,18711,257.896935,0.488055
18711,18712,257.910718,0.426436
18712,18713,257.924501,0.403318
18713,18714,257.938284,0.397276
18714,18715,257.952067,0.416310
18715,18716,257.965851,0.438408
18716,18717,257.979634,0.386166
18717,18718,257.993417,0.359645
18718,18719,258.007200,0.472795
18719,18720,258.020983,0.381478
18720,18721,258.034767,0.380999
18721,18722,258.048550,0.357933
18722,18723,258.062333,0.436968
18723,18724,258.076116,0.500862
18724,18725,258.089899,0.446997
18725,18726,258.103682,0.407170
18726,18727,258.117466,0.455162
18727,18728,258.131249,0.386193
18728,18729,258.145032,0.391448
18729,18730,258.158815,0.422634
18730,18731,258.172598,0.427812
18731,18732,258.186381,0.431189
18732,18733,258.200165,0.434692
18733,18734,258.213948,0.381873
18734,18735,258.227731,0.389064
18735,18736,258.241514,0.428325
18736,18737,258.255297,0.423318
18737,18738,258.269080,0.448468
18738,18739,258.282864,0.436508
18739,18740,258.296647,0.405897
18740,18741,258.310430,0.416622
18741,18742,258.324213,0.413386
18742,18743,258.337996,0.451598
18743,18744,258.351779,0.360781
18744,18745,258.365563,0.441763
18745,18746,258.379346,0.420338
18746,18747,258.393129,0.478326
18747,18748,258.406912,0.442180
18748,18749,258.420695,0.413556
18749,18750,258.434479,0.439634
18750,18751,258.448262,0.368855
18751,18752,258.462045,0.465606
18752,18753,258.475828,0.485377
18753,18754,258.489611,0.455394
18754,18755,258.503394,0.409393
18755,18756,258.517178,0.423668
18756,18757,258.530961,0.411408
18757,18758,258.544744,0.388190
18758,18759,258.558527,0.381133
18759,18760,258.572310,0.405537
18760,18761,258.586093,0.543779
18761,18762,258.599877,0.436210
18762,18763,258.613660,0.381476
18763,18764,258.627443,0.362784
18764,18765,258.641226,0.389237
18765,18766,258.655009,0.356262
18766,18767,258.668792,0.385155
18767,18768,258.682576,0.425873
18768,18769,258.696359,0.421943
18769,18770,258.710142,0.464162
18770,18771,258.723925,0.473319
18771,18772,258.737708,0.476629
18772,18773,258.751491,0.364125
18773,18774,258.765275,0.386171
18774,18775,258.779058,0.403947
18775,18776,258.792841,0.448394
18776,18777,258.806624,0.480916
18777,18778,258.820407,0.355623
18778,18779,258.834190,0.500538
18779,18780,258.847974,0.463805
18780,18781,258.861757,0.445551
18781,18782,258.875540,0.423347
18782,18783,258.889323,0.395182
18783,18784,258.903106,0.452589
18784,18785,258.916890,0.368256
18785,18786,258.930673,0.392836
18786,18787,258.944456,0.403638
18787,18788,258.958239,0.377982
18788,18789,258.972022,0.407251
18789,18790,258.985805,0.462960
18790,18791,258.999589,0.438829
18791,18792,259.013372,0.418131
18792,18793,259.027155,0.414290
18793,18794,259.040938,0.464626
18794,18795,259.054721,0.432189
18795,18796,259.068504,0.432730
18796,18797,259.082288,0.403197
18797,18798,259.096071,0.385250
18798,18799,259.109854,0.458780
18799,18800,259.123637,0.428939
18800,18801,259.137420,0.391584
18801,18802,259.151203,0.462007
18802,18803,259.164987,0.371799
18803,18804,259.178770,0.473353
18804,18805,259.192553,0.428961
18805,18806,259.206336,0.477404
18806,18807,259.220119,0.385073
18807,18808,259.233902,0.401427
18808,18809,259.247686,0.457449
18809,18810,259.261469,0.395680
18810,18811,259.275252,0.398105
18811,18812,259.289035,0.448723
18812,18813,259.302818,0.396511
18813,18814,259.316602,0.401170
18814,18815,259.330385,0.424494
18815,18816,259.344168,0.462429
18816,18817,259.357951,0.414908
18817,18818,259.371734,0.375916
18818,18819,259.385517,0.463549
18819,18820,259.399301,0.454697
18820,18821,259.413084,0.455871
18821,18822,259.426867,0.513739
18822,18823,259.440650,0.412482
18823,18824,259.454433,0.405396
18824,18825,259.468216,0.360369
18825,18826,259.482000,0.471522
18826,18827,259.495783,0.466931
18827,18828,259.509566,0.466767
18828,18829,259.523349,0.428751
18829,18830,259.537132,0.443276
18830,18831,259.550915,0.477446
18831,18832,259.564699,0.499737
18832,18833,259.578482,0.420935
18833,18834,259.592265,0.439493
18834,18835,259.606048,0.451710
18835,18836,259.619831,0.485818
18836,18837,259.633614,0.519245
18837,18838,259.647398,0.425386
18838,18839,259.661181,0.444343
18839,18840,259.674964,0.380843
18840,18841,259.688747,0.444706
18841,18842,259.702530,0.456534
18842,18843,259.716314,0.394449
18843,18844,259.730097,0.392539
18844,18845,259.743880,0.366582
18845,18846,259.757663,0.416152
18846,18847,259.771446,0.409016
18847,18848,259.785229,0.481090
18848,18849,259.799013,0.458500
18849,18850,259.812796,0.452607
18850,18851,259.826579,0.449745
18851,18852,259.840362,0.463624
18852,18853,259.854145,0.378193
18853,18854,259.867928,0.499804
18854,18855,259.881712,0.426631
18855,18856,259.895495,0.439347
18856,18857,259.909278,0.441950
18857,18858,259.923061,0.414349
18858,18859,259.936844,0.376564
18859,18860,259.950627,0.415003
18860,18861,259.964411,0.390021
18861,18862,259.978194,0.360744
18862,18863,259.991977,0.404136
18863,18864,260.005760,0.410466
18864,18865,260.019543,0.415677
18865,18866,260.033326,0.337438
18866,18867,260.047110,0.413628
18867,18868,260.060893,0.451874
18868,18869,260.074676,0.374126
18869,18870,260.088459,0.413702
18870,18871,260.102242,0.452623
18871,18872,260.116026,0.418733
18872,18873,260.129809,0.402885
18873,18874,260.143592,0.435018
18874,18875,260.157375,0.371884
18875,18876,260.171158,0.431609
18876,18877,260.184941,0.453485
18877,18878,260.198725,0.408459
18878,18879,260.212508,0.464380
18879,18880,260.226291,0.374156
18880,18881,260.240074,0.453798
18881,18882,260.253857,0.423591
18882,18883,260.267640,0.427106
18883,18884,260.281424,0.429091
18884,18885,260.295207,0.458736
18885,18886,260.308990,0.396656
18886,18887,260.322773,0.413720
18887,18888,260.336556,0.476098
18888,18889,260.350339,0.445752
18889,18890,260.364123,0.479994
18890,18891,260.377906,0.489581
18891,18892,260.391689,0.383904
18892,18893,260.405472,0.425609
18893,18894,260.419255,0.459052
18894,18895,260.433038,0.387574
18895,18896,260.446822,0.504675
18896,18897,260.460605,0.388811
18897,18898,260.474388,0.428401
18898,18899,260.488171,0.453062
18899,18900,260.501954,0.474916
18900,18901,260.515738,0.427630
18901,18902,260.529521,0.429022
18902,18903,260.543304,0.390259
18903,18904,260.557087,0.437330
18904,18905,260.570870,0.405540
18905,18906,260.584653,0.440108
18906,18907,260.598437,0.422583
18907,18908,260.612220,0.402920
18908,18909,260.626003,0.385018
18909,18910,260.639786,0.432366
18910,18911,260.653569,0.428461
18911,18912,260.667352,0.416874
18912,18913,260.681136,0.382923
18913,18914,260.694919,0.467131
18914,18915,260.708702,0.360167
18915,18916,260.722485,0.403738
18916,18917,260.736268,0.473717
18917,18918,260.750051,0.394394
18918,18919,260.763835,0.413487
18919,18920,260.777618,0.451675
18920,18921,260.791401,0.446014
18921,18922,260.805184,0.458031
18922,18923,260.818967,0.504342
18923,18924,260.832750,0.407229
18924,18925,260.846534,0.438101
18925,18926,260.860317,0.421289
18926,18927,260.874100,0.386302
18927,18928,260.887883,0.495255
18928,18929,260.901666,0.579120
18929,18930,260.915449,0.328480
18930,18931,260.929233,0.365564
18931,18932,260.943016,0.492914
18932,18933,260.956799,0.426212
18933,18934,260.970582,0.425952
18934,18935,260.984365,0.419730
18935,18936,260.998149,0.383148
18936,18937,261.011932,0.434923
18937,18938,261.025715,0.383647
18938,18939,261.039498,0.507229
18939,18940,261.053281,0.489747
18940,18941,261.067064,0.452830
18941,18942,261.080848,0.451502
18942,18943,261.094631,0.509339
18943,18944,261.108414,0.351909
18944,18945,261.122197,0.447072
18945,18946,261.135980,0.489582
18946,18947,261.149763,0.469403
18947,18948,261.163547,0.509599
18948,18949,261.177330,0.449722
18949,18950,261.191113,0.438989
18950,18951,261.204896,0.414397
18951,18952,261.218679,0.404957
18952,18953,261.232462,0.426638
18953,18954,261.246246,0.411820
18954,18955,261.260029,0.441089
18955,18956,261.273812,0.416571
18956,18957,261.287595,0.353625
18957,18958,261.301378,0.439243
18958,18959,261.315161,0.420675
18959,18960,261.328945,0.489993
18960,18961,261.342728,0.354520
18961,18962,261.356511,0.408578
18962,18963,261.370294,0.412772
18963,18964,261.384077,0.370064
18964,18965,261.397861,0.372426
18965,18966,261.411644,0.390475
18966,18967,261.425427,0.448386
18967,18968,261.439210,0.461645
18968,18969,261.452993,0.412141
18969,18970,261.466776,0.406898
18970,18971,261.480560,0.423159
18971,18972,261.494343,0.454074
18972,18973,261.508126,0.526044
18973,18974,261.521909,0.459608
18974,18975,261.535692,0.408315
18975,18976,261.549475,0.413079
18976,18977,261.563259,0.445801
18977,18978,261.577042,0.360314
18978,18979,261.590825,0.385862
18979,18980,261.604608,0.369429
18980,18981,261.618391,0.413472
18981,18982,261.632174,0.392989
18982,18983,261.645958,0.470488
18983,18984,261.659741,0.476051
18984,18985,261.673524,0.398756
18985,18986,261.687307,0.455565
18986,18987,261.701090,0.411421
18987,18988,261.714873,0.434307
18988,18989,261.728657,0.426465
18989,18990,261.742440,0.407988
18990,18991,261.756223,0.470114
18991,18992,261.770006,0.449774
18992,18993,261.783789,0.456492
18993,18994,261.797573,0.428931
18994,18995,261.811356,0.350040
18995,18996,261.825139,0.469097
18996,18997,261.838922,0.441510
18997,18998,261.852705,0.432950
18998,18999,261.866488,0.493547
18999,19000,261.880272,0.382725
19000,19001,261.894055,0.417048
19001,19002,261.907838,0.504072
19002,19003,261.921621,0.414768
19003,19004,261.935404,0.403538
19004,19005,261.949187,0.405605
19005,19006,261.962971,0.439607
19006,19007,261.976754,0.423517
19007,19008,261.990537,0.457923
19008,19009,262.004320,0.510711
19009,19010,262.018103,0.489359
19010,19011,262.031886,0.378185
19011,19012,262.045670,0.399665
19012,19013,262.059453,0.403473
19013,19014,262.073236,0.425207
19014,19015,262.087019,0.451666
19015,19016,262.100802,0.444743
19016,19017,262.114585,0.413976
19017,19018,262.128369,0.331620
19018,19019,262.142152,0.434725
19019,19020,262.155935,0.353262
19020,19021,262.169718,0.367435
19021,19022,262.183501,0.379694
19022,19023,262.197285,0.419789
19023,19024,262.211068,0.458500
19024,19025,262.224851,0.408983
19025,19026,262.238634,0.418048
19026,19027,262.252417,0.434945
19027,19028,262.266200,0.430943
19028,19029,262.279984,0.481809
19029,19030,262.293767,0.444466
19030,19031,262.307550,0.410927
19031,19032,262.321333,0.438568
19032,19033,262.335116,0.405057
19033,19034,262.348899,0.462454
19034,19035,262.362683,0.460020
19035,19036,262.376466,0.378059
19036,19037,262.390249,0.400468
19037,19038,262.404032,0.417223
19038,19039,262.417815,0.473293
19039,19040,262.431598,0.340311
19040,19041,262.445382,0.344590
19041,19042,262.459165,0.480509
19042,19043,262.472948,0.395316
19043,19044,262.486731,0.431855
19044,19045,262.500514,0.420984
19045,19046,262.514297,0.415356
19046,19047,262.528081,0.364958
19047,19048,262.541864,0.442097
19048,19049,262.555647,0.492483
19049,19050,262.569430,0.431162
19050,19051,262.583213,0.437896
19051,19052,262.596997,0.395273
19052,19053,262.610780,0.504929
19053,19054,262.624563,0.459906
19054,19055,262.638346,0.416510
19055,19056,262.652129,0.416845
19056,19057,262.665912,0.445651
19057,19058,262.679696,0.455770
19058,19059,262.693479,0.405559
19059,19060,262.707262,0.466019
19060,19061,262.721045,0.390043
19061,19062,262.734828,0.416801
19062,19063,262.748611,0.444013
19063,19064,262.762395,0.423436
19064,19065,262.776178,0.379328
19065,19066,262.789961,0.392234
19066,19067,262.803744,0.446715
19067,19068,262.817527,0.429561
19068,19069,262.831310,0.451067
19069,19070,262.845094,0.440929
19070,19071,262.858877,0.475118
19071,19072,262.872660,0.442581
19072,19073,262.886443,0.464667
19073,19074,262.900226,0.352267
19074,19075,262.914009,0.493792
19075,19076,262.927793,0.462479
19076,19077,262.941576,0.477754
19077,19078,262.955359,0.376917
19078,19079,262.969142,0.444145
19079,19080,262.982925,0.408379
19080,19081,262.996708,0.355887
19081,19082,263.010492,0.394231
19082,19083,263.024275,0.447529
19083,19084,263.038058,0.384392
19084,19085,263.051841,0.456905
19085,19086,263.065624,0.397758
19086,19087,263.079408,0.386700
19087,19088,263.093191,0.376414
19088,19089,263.106974,0.427928
19089,19090,263.120757,0.375930
19090,19091,263.134540,0.423522
19091,19092,263.148323,0.451028
19092,19093,263.162107,0.377697
19093,19094,263.175890,0.453050
19094,19095,263.189673,0.398709
19095,19096,263.203456,0.438477
19096,19097,263.217239,0.420594
19097,19098,263.231022,0.439779
19098,19099,263.244806,0.452744
19099,19100,263.258589,0.414704
19100,19101,263.272372,0.438114
19101,19102,263.286155,0.465371
19102,19103,263.299938,0.405868
19103,19104,263.313721,0.456492
19104,19105,263.327505,0.461063
19105,19106,263.341288,0.403475
19106,19107,263.355071,0.420445
19107,19108,263.368854,0.436276
19108,19109,263.382637,0.430264
19109,19110,263.396420,0.409648
19110,19111,263.410204,0.537205
19111,19112,263.423987,0.442830
19112,19113,263.437770,0.368051
19113,19114,263.451553,0.501797
19114,19115,263.465336,0.509892
19115,19116,263.479120,0.447423
19116,19117,263.492903,0.453563
19117,19118,263.506686,0.525350
19118,19119,263.520469,0.489938
19119,19120,263.534252,0.515376
19120,19121,263.548035,0.500787
19121,19122,263.561819,0.418267
19122,19123,263.575602,0.451166
19123,19124,263.589385,0.365916
19124,19125,263.603168,0.433409
19125,19126,263.616951,0.483226
19126,19127,263.630734,0.405762
19127,19128,263.644518,0.413284
19128,19129,263.658301,0.402290
19129,19130,263.672084,0.425412
19130,19131,263.685867,0.401958
19131,19132,263.699650,0.478020
19132,19133,263.713433,0.437122
19133,19134,263.727217,0.402413
19134,19135,263.741000,0.357585
19135,19136,263.754783,0.492244
19136,19137,263.768566,0.464475
19137,19138,263.782349,0.379459
19138,19139,263.796132,0.415037
19139,19140,263.809916,0.417372
19140,19141,263.823699,0.387907
19141,19142,263.837482,0.443269
19142,19143,263.851265,0.412501
19143,19144,263.865048,0.405003
19144,19145,263.878832,0.435880
19145,19146,263.892615,0.436989
19146,19147,263.906398,0.395040
19147,19148,263.920181,0.446039
19148,19149,263.933964,0.451110
19149,19150,263.947747,0.450311
19150,19151,263.961531,0.468363
19151,19152,263.975314,0.418302
19152,19153,263.989097,0.390288
19153,19154,264.002880,0.413324
19154,19155,264.016663,0.408192
19155,19156,264.030446,0.375459
19156,19157,264.044230,0.445012
19157,19158,264.058013,0.463170
19158,19159,264.071796,0.429909
19159,19160,264.085579,0.349667
19160,19161,264.099362,0.465816
19161,19162,264.113145,0.452043
19162,19163,264.126929,0.370089
19163,19164,264.140712,0.437915
19164,19165,264.154495,0.432964
19165,19166,264.168278,0.381450
19166,19167,264.182061,0.426349
19167,19168,264.195844,0.471588
19168,19169,264.209628,0.437250
19169,19170,264.223411,0.362754
19170,19171,264.237194,0.387009
19171,19172,264.250977,0.425506
19172,19173,264.264760,0.389616
19173,19174,264.278544,0.422741
19174,19175,264.292327,0.486063
19175,19176,264.306110,0.473555
19176,19177,264.319893,0.390678
19177,19178,264.333676,0.396305
19178,19179,264.347459,0.431037
19179,19180,264.361243,0.423690
19180,19181,264.375026,0.407499
19181,19182,264.388809,0.373710
19182,19183,264.402592,0.411513
19183,19184,264.416375,0.437120
19184,19185,264.430158,0.366572
19185,19186,264.443942,0.444148
19186,19187,264.457725,0.375480
19187,19188,264.471508,0.447754
19188,19189,264.485291,0.425753
19189,19190,264.499074,0.374752
19190,19191,264.512857,0.435398
19191,19192,264.526641,0.353605
19192,19193,264.540424,0.399234
19193,19194,264.554207,0.383600
19194,19195,264.567990,0.366234
19195,19196,264.581773,0.527232
19196,19197,264.595556,0.419920
19197,19198,264.609340,0.451264
19198,19199,264.623123,0.394444
19199,19200,264.636906,0.442624
19200,19201,264.650689,0.395542
19201,19202,264.664472,0.375788
19202,19203,264.678256,0.478061
19203,19204,264.692039,0.439836
19204,19205,264.705822,0.389672
19205,19206,264.719605,0.379733
19206,19207,264.733388,0.454422
19207,19208,264.747171,0.445359
19208,19209,264.760955,0.387725
19209,19210,264.774738,0.359470
19210,19211,264.788521,0.341750
19211,19212,264.802304,0.395140
19212,19213,264.816087,0.365278
19213,19214,264.829870,0.482078
19214,19215,264.843654,0.375791
19215,19216,264.857437,0.404142
19216,19217,264.871220,0.434558
19217,19218,264.885003,0.422462
19218,19219,264.898786,0.471810
19219,19220,264.912569,0.342056
19220,19221,264.926353,0.446964
19221,19222,264.940136,0.431955
19222,19223,264.953919,0.428785
19223,19224,264.967702,0.475475
19224,19225,264.981485,0.418838
19225,19226,264.995268,0.442855
19226,19227,265.009052,0.451798
19227,19228,265.022835,0.484999
19228,19229,265.036618,0.417302
19229,19230,265.050401,0.515967
19230,19231,265.064184,0.386559
19231,19232,265.077967,0.434187
19232,19233,265.091751,0.469892
19233,19234,265.105534,0.413873
19234,19235,265.119317,0.466883
19235,19236,265.133100,0.382755
19236,19237,265.146883,0.468594
19237,19238,265.160667,0.424995
19238,19239,265.174450,0.395891
19239,19240,265.188233,0.382088
19240,19241,265.202016,0.466804
19241,19242,265.215799,0.535161
19242,19243,265.229582,0.412994
19243,19244,265.243366,0.395947
19244,19245,265.257149,0.497032
19245,19246,265.270932,0.401754
19246,19247,265.284715,0.410529
19247,19248,265.298498,0.376450
19248,19249,265.312281,0.432380
19249,19250,265.326065,0.420967
19250,19251,265.339848,0.425047
19251,19252,265.353631,0.408667
19252,19253,265.367414,0.429244
19253,19254,265.381197,0.417285
19254,19255,265.394980,0.405176
19255,19256,265.408764,0.417888
19256,19257,265.422547,0.389663
19257,19258,265.436330,0.405764
19258,19259,265.450113,0.391182
19259,19260,265.463896,0.407041
19260,19261,265.477679,0.435188
19261,19262,265.491463,0.460529
19262,19263,265.505246,0.405443
19263,19264,265.519029,0.353382
19264,19265,265.532812,0.367282
19265,19266,265.546595,0.477174
19266,19267,265.560379,0.391759
19267,19268,265.574162,0.422005
19268,19269,265.587945,0.410502
19269,19270,265.601728,0.464887
19270,19271,265.615511,0.450882
19271,19272,265.629294,0.411900
19272,19273,265.643078,0.396783
19273,19274,265.656861,0.504316
19274,19275,265.670644,0.443757
19275,19276,265.684427,0.458178
19276,19277,265.698210,0.495105
19277,19278,265.711993,0.448847
19278,19279,265.725777,0.469956
19279,19280,265.739560,0.422624
19280,19281,265.753343,0.433850
19281,19282,265.767126,0.429299
19282,19283,265.780909,0.398533
19283,19284,265.794692,0.407464
19284,19285,265.808476,0.408103
19285,19286,265.822259,0.370265
19286,19287,265.836042,0.366276
19287,19288,265.849825,0.376632
19288,19289,265.863608,0.378927
19289,19290,265.877391,0.367222
19290,19291,265.891175,0.434920
19291,19292,265.904958,0.393638
19292,19293,265.918741,0.437034
19293,19294,265.932524,0.420384
19294,19295,265.946307,0.380675
19295,19296,265.960091,0.450044
19296,19297,265.973874,0.405831
19297,19298,265.987657,0.347555
19298,19299,266.001440,0.397968
19299,19300,266.015223,0.400034
19300,19301,266.029006,0.407646
19301,19302,266.042790,0.462884
19302,19303,266.056573,0.474333
19303,19304,266.070356,0.359847
19304,19305,266.084139,0.435941
19305,19306,266.097922,0.407310
19306,19307,266.111705,0.446358
19307,19308,266.125489,0.411740
19308,19309,266.139272,0.464014
19309,19310,266.153055,0.417102
19310,19311,266.166838,0.499975
19311,19312,266.180621,0.427651
19312,19313,266.194404,0.423092
19313,19314,266.208188,0.476260
19314,19315,266.221971,0.401273
19315,19316,266.235754,0.427210
19316,19317,266.249537,0.347950
19317,19318,266.263320,0.428537
19318,19319,266.277103,0.458896
19319,19320,266.290887,0.450945
19320,19321,266.304670,0.465669
19321,19322,266.318453,0.367982
19322,19323,266.332236,0.466877
19323,19324,266.346019,0.381220
19324,19325,266.359803,0.440767
19325,19326,266.373586,0.379135
19326,19327,266.387369,0.438430
19327,19328,266.401152,0.427356
19328,19329,266.414935,0.420891
19329,19330,266.428718,0.424078
19330,19331,266.442502,0.393067
19331,19332,266.456285,0.401002
19332,19333,266.470068,0.380304
19333,19334,266.483851,0.493644
19334,19335,266.497634,0.373413
19335,19336,266.511417,0.470437
19336,19337,266.525201,0.416819
19337,19338,266.538984,0.433515
19338,19339,266.552767,0.462960
19339,19340,266.566550,0.392282
19340,19341,266.580333,0.460939
19341,19342,266.594116,0.436770
19342,19343,266.607900,0.374549
19343,19344,266.621683,0.465343
19344,19345,266.635466,0.421196
19345,19346,266.649249,0.448280
19346,19347,266.663032,0.391354
19347,19348,266.676815,0.421198
19348,19349,266.690599,0.436772
19349,19350,266.704382,0.441495
19350,19351,266.718165,0.419483
19351,19352,266.731948,0.335327
19352,19353,266.745731,0.462152
19353,19354,266.759515,0.407397
19354,19355,266.773298,0.435417
19355,19356,266.787081,0.438065
19356,19357,266.800864,0.447616
19357,19358,266.814647,0.410909
19358,19359,266.828430,0.438321
19359,19360,266.842214,0.383503
19360,19361,266.855997,0.421452
19361,19362,266.869780,0.409842
19362,19363,266.883563,0.523453
19363,19364,266.897346,0.429051
19364,19365,266.911129,0.341258
19365,19366,266.924913,0.447895
19366,19367,266.938696,0.384772
19367,19368,266.952479,0.373991
19368,19369,266.966262,0.446526
19369,19370,266.980045,0.415171
19370,19371,266.993828,0.432315
19371,19372,267.007612,0.417183
19372,19373,267.021395,0.370384
19373,19374,267.035178,0.448664
19374,19375,267.048961,0.433037
19375,19376,267.062744,0.410494
19376,19377,267.076527,0.370819
19377,19378,267.090311,0.460367
19378,19379,267.104094,0.382625
19379,19380,267.117877,0.357160
19380,19381,267.131660,0.485800
19381,19382,267.145443,0.423475
19382,19383,267.159226,0.382277
19383,19384,267.173010,0.443103
19384,19385,267.186793,0.397808
19385,19386,267.200576,0.363645
19386,19387,267.214359,0.475856
19387,19388,267.228142,0.411851
19388,19389,267.241926,0.450727
19389,19390,267.255709,0.400542
19390,19391,267.269492,0.491712
19391,19392,267.283275,0.444164
19392,19393,267.297058,0.419322
19393,19394,267.310841,0.368248
19394,19395,267.324625,0.421119
19395,19396,267.338408,0.414111
19396,19397,267.352191,0.376223
19397,19398,267.365974,0.380544
19398,19399,267.379757,0.322610
19399,19400,267.393540,0.499135
19400,19401,267.407324,0.414624
19401,19402,267.421107,0.481137
19402,19403,267.434890,0.424895
19403,19404,267.448673,0.374203
19404,19405,267.462456,0.370986
19405,19406,267.476239,0.454932
19406,19407,267.490023,0.412158
19407,19408,267.503806,0.451708
19408,19409,267.517589,0.461767
19409,19410,267.531372,0.435103
19410,19411,267.545155,0.447572
19411,19412,267.558938,0.473870
19412,19413,267.572722,0.362934
19413,19414,267.586505,0.369483
19414,19415,267.600288,0.413678
19415,19416,267.614071,0.481001
19416,19417,267.627854,0.419769
19417,19418,267.641638,0.506440
19418,19419,267.655421,0.414909
19419,19420,267.669204,0.421906
19420,19421,267.682987,0.422292
19421,19422,267.696770,0.377020
19422,19423,267.710553,0.389742
19423,19424,267.724337,0.392596
19424,19425,267.738120,0.488986
19425,19426,267.751903,0.436182
19426,19427,267.765686,0.436658
19427,19428,267.779469,0.321129
19428,19429,267.793252,0.461415
19429,19430,267.807036,0.401167
19430,19431,267.820819,0.388086
19431,19432,267.834602,0.394727
19432,19433,267.848385,0.492330
19433,19434,267.862168,0.358324
19434,19435,267.875951,0.442187
19435,19436,267.889735,0.410338
19436,19437,267.903518,0.358498
19437,19438,267.917301,0.404434
19438,19439,267.931084,0.472335
19439,19440,267.944867,0.374455
19440,19441,267.958650,0.413897
19441,19442,267.972434,0.422283
19442,19443,267.986217,0.395534
19443,19444,268.000000,0.439148
19444,19445,268.013783,0.389077
19445,19446,268.027566,0.427023
19446,19447,268.041350,0.390201
19447,19448,268.055133,0.463891
19448,19449,268.068916,0.342983
19449,19450,268.082699,0.411347
19450,19451,268.096482,0.466452
19451,19452,268.110265,0.411081
19452,19453,268.124049,0.411776
19453,19454,268.137832,0.492686
19454,19455,268.151615,0.479888
19455,19456,268.165398,0.403783
19456,19457,268.179181,0.402232
19457,19458,268.192964,0.440186
19458,19459,268.206748,0.435299
19459,19460,268.220531,0.540769
19460,19461,268.234314,0.458927
19461,19462,268.248097,0.498146
19462,19463,268.261880,0.447007
19463,19464,268.275663,0.373031
19464,19465,268.289447,0.409456
19465,19466,268.303230,0.549221
19466,19467,268.317013,0.475511
19467,19468,268.330796,0.360363
19468,19469,268.344579,0.423957
19469,19470,268.358362,0.475329
19470,19471,268.372146,0.418305
19471,19472,268.385929,0.455464
19472,19473,268.399712,0.403292
19473,19474,268.413495,0.389294
19474,19475,268.427278,0.399658
19475,19476,268.441062,0.394342
19476,19477,268.454845,0.409086
19477,19478,268.468628,0.456730
19478,19479,268.482411,0.480131
19479,19480,268.496194,0.425840
19480,19481,268.509977,0.415167
19481,19482,268.523761,0.460419
19482,19483,268.537544,0.460402
19483,19484,268.551327,0.366114
19484,19485,268.565110,0.351338
19485,19486,268.578893,0.363812
19486,19487,268.592676,0.439140
19487,19488,268.606460,0.404319
19488,19489,268.620243,0.373745
19489,19490,268.634026,0.340292
19490,19491,268.647809,0.449040
19491,19492,268.661592,0.373328
19492,19493,268.675375,0.385326
19493,19494,268.689159,0.417419
19494,19495,268.702942,0.379802
19495,19496,268.716725,0.429006
19496,19497,268.730508,0.398900
19497,19498,268.744291,0.406649
19498,19499,268.758074,0.374735
19499,19500,268.771858,0.407526
19500,19501,268.785641,0.442071
19501,19502,268.799424,0.442578
19502,19503,268.813207,0.440826
19503,19504,268.826990,0.357994
19504,19505,268.840774,0.384000
19505,19506,268.854557,0.464544
19506,19507,268.868340,0.380222
19507,19508,268.882123,0.462738
19508,19509,268.895906,0.431641
19509,19510,268.909689,0.453879
19510,19511,268.923473,0.414964
19511,19512,268.937256,0.457531
19512,19513,268.951039,0.418927
19513,19514,268.964822,0.421158
19514,19515,268.978605,0.455665
19515,19516,268.992388,0.501269
19516,19517,269.006172,0.383284
19517,19518,269.019955,0.420127
19518,19519,269.033738,0.383863
19519,19520,269.047521,0.362647
19520,19521,269.061304,0.456932
19521,19522,269.075087,0.447776
19522,19523,269.088871,0.358433
19523,19524,269.102654,0.451786
19524,19525,269.116437,0.454015
19525,19526,269.130220,0.521625
19526,19527,269.144003,0.448706
19527,19528,269.157786,0.390367
19528,19529,269.171570,0.475570
19529,19530,269.185353,0.454721
19530,19531,269.199136,0.374792
19531,19532,269.212919,0.479492
19532,19533,269.226702,0.369216
19533,19534,269.240485,0.436838
19534,19535,269.254269,0.445604
19535,19536,269.268052,0.409493
19536,19537,269.281835,0.437783
19537,19538,269.295618,0.400041
19538,19539,269.309401,0.374670
19539,19540,269.323185,0.453855
19540,19541,269.336968,0.430909
19541,19542,269.350751,0.372280
19542,19543,269.364534,0.397186
19543,19544,269.378317,0.453533
19544,19545,269.392100,0.441438
19545,19546,269.405884,0.376456
19546,19547,269.419667,0.373464
19547,19548,269.433450,0.415990
19548,19549,269.447233,0.408039
19549,19550,269.461016,0.381827
19550,19551,269.474799,0.417846
19551,19552,269.488583,0.396534
19552,19553,269.502366,0.442092
19553,19554,269.516149,0.418652
19554,19555,269.529932,0.383631
19555,19556,269.543715,0.397876
19556,19557,269.557498,0.393785
19557,19558,269.571282,0.433933
19558,19559,269.585065,0.427854
19559,19560,269.598848,0.456566
19560,19561,269.612631,0.409211
19561,19562,269.626414,0.442576
19562,19563,269.640197,0.494700
19563,19564,269.653981,0.412734
19564,19565,269.667764,0.441534
19565,19566,269.681547,0.441311
19566,19567,269.695330,0.411221
19567,19568,269.709113,0.461544
19568,19569,269.722897,0.404803
19569,19570,269.736680,0.462925
19570,19571,269.750463,0.412817
19571,19572,269.764246,0.352814
19572,19573,269.778029,0.452803
19573,19574,269.791812,0.448556
19574,19575,269.805596,0.404245
19575,19576,269.819379,0.382504
19576,19577,269.833162,0.344527
19577,19578,269.846945,0.410438
19578,19579,269.860728,0.446430
19579,19580,269.874511,0.460010
19580,19581,269.888295,0.481428
19581,19582,269.902078,0.416199
19582,19583,269.915861,0.440871
19583,19584,269.929644,0.474997
19584,19585,269.943427,0.404292
19585,19586,269.957210,0.431085
19586,19587,269.970994,0.423971
19587,19588,269.984777,0.429393
19588,19589,269.998560,0.347220
19589,19590,270.012343,0.431471
19590,19591,270.026126,0.361735
19591,19592,270.039909,0.438176
19592,19593,270.053693,0.358410
19593,19594,270.067476,0.417990
19594,19595,270.081259,0.361130
19595,19596,270.095042,0.411838
19596,19597,270.108825,0.454264
19597,19598,270.122609,0.449141
19598,19599,270.136392,0.504033
19599,19600,270.150175,0.485171
19600,19601,270.163958,0.384911
19601,19602,270.177741,0.453031
19602,19603,270.191524,0.463093
19603,19604,270.205308,0.404487
19604,19605,270.219091,0.433222
19605,19606,270.232874,0.437602
19606,19607,270.246657,0.417343
19607,19608,270.260440,0.421940
19608,19609,270.274223,0.332995
19609,19610,270.288007,0.407171
19610,19611,270.301790,0.422613
19611,19612,270.315573,0.385097
19612,19613,270.329356,0.404417
19613,19614,270.343139,0.498772
19614,19615,270.356922,0.449797
19615,19616,270.370706,0.484465
19616,19617,270.384489,0.405193
19617,19618,270.398272,0.375932
19618,19619,270.412055,0.490620
19619,19620,270.425838,0.434063
19620,19621,270.439621,0.406326
19621,19622,270.453405,0.395182
19622,19623,270.467188,0.472052
19623,19624,270.480971,0.446278
19624,19625,270.494754,0.407866
19625,19626,270.508537,0.471576
19626,19627,270.522321,0.410451
19627,19628,270.536104,0.441750
19628,19629,270.549887,0.374631
19629,19630,270.563670,0.439428
19630,19631,270.577453,0.507287
19631,19632,270.591236,0.318808
19632,19633,270.605020,0.355008
19633,19634,270.618803,0.342634
19634,19635,270.632586,0.449647
19635,19636,270.646369,0.426445
19636,19637,270.660152,0.419648
19637,19638,270.673935,0.366185
19638,19639,270.687719,0.414033
19639,19640,270.701502,0.451470
19640,19641,270.715285,0.511125
19641,19642,270.729068,0.428846
19642,19643,270.742851,0.463956
19643,19644,270.756634,0.443412
19644,19645,270.770418,0.473901
19645,19646,270.784201,0.369211
19646,19647,270.797984,0.472708
19647,19648,270.811767,0.523024
19648,19649,270.825550,0.379627
19649,19650,270.839333,0.412218
19650,19651,270.853117,0.472489
19651,19652,270.866900,0.397159
19652,19653,270.880683,0.415389
19653,19654,270.894466,0.404706
19654,19655,270.908249,0.496852
19655,19656,270.922033,0.421272
19656,19657,270.935816,0.368040
19657,19658,270.949599,0.507391
19658,19659,270.963382,0.457850
19659,19660,270.977165,0.416958
19660,19661,270.990948,0.366615
19661,19662,271.004732,0.378956
19662,19663,271.018515,0.414097
19663,19664,271.032298,0.466626
19664,19665,271.046081,0.408109
19665,19666,271.059864,0.357563
19666,19667,271.073647,0.412821
19667,19668,271.087431,0.401105
19668,19669,271.101214,0.401303
19669,19670,271.114997,0.398281
19670,19671,271.128780,0.429207
19671,19672,271.142563,0.438273
19672,19673,271.156346,0.329970
19673,19674,271.170130,0.380339
19674,19675,271.183913,0.392575
19675,19676,271.197696,0.491565
19676,19677,271.211479,0.419158
19677,19678,271.225262,0.392729
19678,19679,271.239045,0.375638
19679,19680,271.252829,0.405475
19680,19681,271.266612,0.406660
19681,19682,271.280395,0.520018
19682,19683,271.294178,0.436496
19683,19684,271.307961,0.452390
19684,19685,271.321744,0.406729
19685,19686,271.335528,0.431682
19686,19687,271.349311,0.469341
19687,19688,271.363094,0.413950
19688,19689,271.376877,0.430334
19689,19690,271.390660,0.444773
19690,19691,271.404444,0.398769
19691,19692,271.418227,0.402460
19692,19693,271.432010,0.415940
19693,19694,271.445793,0.431297
19694,19695,271.459576,0.416811
19695,19696,271.473359,0.398627
19696,19697,271.487143,0.413097
19697,19698,271.500926,0.374532
19698,19699,271.514709,0.383853
19699,19700,271.528492,0.401872
19700,19701,271.542275,0.499017
19701,19702,271.556058,0.478651
19702,19703,271.569842,0.360400
19703,19704,271.583625,0.438309
19704,19705,271.597408,0.413376
19705,19706,271.611191,0.390816
19706,19707,271.624974,0.452350
19707,19708,271.638757,0.414696
19708,19709,271.652541,0.371946
19709,19710,271.666324,0.445736
19710,19711,271.680107,0.385579
19711,19712,271.693890,0.434833
19712,19713,271.707673,0.490826
19713,19714,271.721456,0.422235
19714,19715,271.735240,0.458324
19715,19716,271.749023,0.385918
19716,19717,271.762806,0.471897
19717,19718,271.776589,0.406491
19718,19719,271.790372,0.440998
19719,19720,271.804156,0.411179
19720,19721,271.817939,0.458637
19721,19722,271.831722,0.483127
19722,19723,271.845505,0.441362
19723,19724,271.859288,0.437672
19724,19725,271.873071,0.458851
19725,19726,271.886855,0.447199
19726,19727,271.900638,0.437137
19727,19728,271.914421,0.388885
19728,19729,271.928204,0.404532
19729,19730,271.941987,0.374704
19730,19731,271.955770,0.395942
19731,19732,271.969554,0.416629
19732,19733,271.983337,0.447828
19733,19734,271.997120,0.550684
19734,19735,272.010903,0.395586
19735,19736,272.024686,0.460963
19736,19737,272.038469,0.463052
19737,19738,272.052253,0.399799
19738,19739,272.066036,0.427460
19739,19740,272.079819,0.404523
19740,19741,272.093602,0.384430
19741,19742,272.107385,0.461898
19742,19743,272.121168,0.464525
19743,19744,272.134952,0.404400
19744,19745,272.148735,0.405894
19745,19746,272.162518,0.461470
19746,19747,272.176301,0.491223
19747,19748,272.190084,0.529428
19748,19749,272.203868,0.402083
19749,19750,272.217651,0.461418
19750,19751,272.231434,0.344808
19751,19752,272.245217,0.406417
19752,19753,272.259000,0.380697
19753,19754,272.272783,0.439566
19754,19755,272.286567,0.475780
19755,19756,272.300350,0.428644
19756,19757,272.314133,0.428615
19757,19758,272.327916,0.377138
19758,19759,272.341699,0.376999
19759,19760,272.355482,0.383935
19760,19761,272.369266,0.454998
19761,19762,272.383049,0.418645
19762,19763,272.396832,0.444234
19763,19764,272.410615,0.430748
19764,19765,272.424398,0.408605
19765,19766,272.438181,0.469792
19766,19767,272.451965,0.473145
19767,19768,272.465748,0.438397
19768,19769,272.479531,0.413120
19769,19770,272.493314,0.436720
19770,19771,272.507097,0.452921
19771,19772,272.520880,0.439388
19772,19773,272.534664,0.415155
19773,19774,272.548447,0.428028
19774,19775,272.562230,0.455443
19775,19776,272.576013,0.485626
19776,19777,272.589796,0.355959
19777,19778,272.603580,0.443210
19778,19779,272.617363,0.435594
19779,19780,272.631146,0.410478
19780,19781,272.644929,0.452021
19781,19782,272.658712,0.408886
19782,19783,272.672495,0.434448
19783,19784,272.686279,0.454064
19784,19785,272.700062,0.564116
19785,19786,272.713845,0.365328
19786,19787,272.727628,0.472220
19787,19788,272.741411,0.517988
19788,19789,272.755194,0.410590
19789,19790,272.768978,0.397833
19790,19791,272.782761,0.428757
19791,19792,272.796544,0.423173
19792,19793,272.810327,0.444648
19793,19794,272.824110,0.409761
19794,19795,272.837893,0.404419
19795,19796,272.851677,0.429249
19796,19797,272.865460,0.442115
19797,19798,272.879243,0.456286
19798,19799,272.893026,0.441639
19799,19800,272.906809,0.396629
19800,19801,272.920592,0.455468
19801,19802,272.934376,0.415151
19802,19803,272.948159,0.432798
19803,19804,272.961942,0.408684
19804,19805,272.975725,0.382352
19805,19806,272.989508,0.414034
19806,19807,273.003292,0.450609
19807,19808,273.017075,0.398474
19808,19809,273.030858,0.415953
19809,19810,273.044641,0.422265
19810,19811,273.058424,0.427072
19811,19812,273.072207,0.455885
19812,19813,273.085991,0.481247
19813,19814,273.099774,0.454862
19814,19815,273.113557,0.466720
19815,19816,273.127340,0.484042
19816,19817,273.141123,0.397029
19817,19818,273.154906,0.400537
19818,19819,273.168690,0.470607
19819,19820,273.182473,0.379816
19820,19821,273.196256,0.427096
19821,19822,273.210039,0.352952
19822,19823,273.223822,0.397810
19823,19824,273.237605,0.463777
19824,19825,273.251389,0.409879
19825,19826,273.265172,0.435183
19826,19827,273.278955,0.405467
19827,19828,273.292738,0.431556
19828,19829,273.306521,0.465306
19829,19830,273.320304,0.376278
19830,19831,273.334088,0.409455
19831,19832,273.347871,0.466039
19832,19833,273.361654,0.429406
19833,19834,273.375437,0.369314
19834,19835,273.389220,0.447155
19835,19836,273.403003,0.421776
19836,19837,273.416787,0.376104
19837,19838,273.430570,0.521977
19838,19839,273.444353,0.475548
19839,19840,273.458136,0.399858
19840,19841,273.471919,0.434653
19841,19842,273.485703,0.390173
19842,19843,273.499486,0.395075
19843,19844,273.513269,0.399862
19844,19845,273.527052,0.358676
19845,19846,273.540835,0.426580
19846,19847,273.554618,0.547221
19847,19848,273.568402,0.413318
19848,19849,273.582185,0.395670
19849,19850,273.595968,0.429692
19850,19851,273.609751,0.508342
19851,19852,273.623534,0.428694
19852,19853,273.637317,0.424832
19853,19854,273.651101,0.460474
19854,19855,273.664884,0.489322
19855,19856,273.678667,0.486735
19856,19857,273.692450,0.442475
19857,19858,273.706233,0.413417
19858,19859,273.720016,0.438352
19859,19860,273.733800,0.454197
19860,19861,273.747583,0.396497
19861,19862,273.761366,0.510150
19862,19863,273.775149,0.445739
19863,19864,273.788932,0.425611
19864,19865,273.802715,0.461058
19865,19866,273.816499,0.366959
19866,19867,273.830282,0.505296
19867,19868,273.844065,0.446612
19868,19869,273.857848,0.392379
19869,19870,273.871631,0.386647
19870,19871,273.885415,0.396297
19871,19872,273.899198,0.430972
19872,19873,273.912981,0.352142
19873,19874,273.926764,0.422646
19874,19875,273.940547,0.453658
19875,19876,273.954330,0.509516
19876,19877,273.968114,0.439786
19877,19878,273.981897,0.438831
19878,19879,273.995680,0.405890
19879,19880,274.009463,0.465339
19880,19881,274.023246,0.414235
19881,19882,274.037029,0.348419
19882,19883,274.050813,0.491856
19883,19884,274.064596,0.459209
19884,19885,274.078379,0.392990
19885,19886,274.092162,0.380752
19886,19887,274.105945,0.381848
19887,19888,274.119728,0.444605
19888,19889,274.133512,0.391120
19889,19890,274.147295,0.339323
19890,19891,274.161078,0.380144
19891,19892,274.174861,0.451972
19892,19893,274.188644,0.371716
19893,19894,274.202427,0.418080
19894,19895,274.216211,0.444221
19895,19896,274.229994,0.379754
19896,19897,274.243777,0.502912
19897,19898,274.257560,0.394539
19898,19899,274.271343,0.379746
19899,19900,274.285127,0.510784
19900,19901,274.298910,0.368766
19901,19902,274.312693,0.474800
19902,19903,274.326476,0.375922
19903,19904,274.340259,0.371437
19904,19905,274.354042,0.438468
19905,19906,274.367826,0.469098
19906,19907,274.381609,0.353874
19907,19908,274.395392,0.397686
19908,19909,274.409175,0.398085
19909,19910,274.422958,0.407454
19910,19911,274.436741,0.453304
19911,19912,274.450525,0.447850
19912,19913,274.464308,0.375180
19913,19914,274.478091,0.367752
19914,19915,274.491874,0.408296
19915,19916,274.505657,0.488379
19916,19917,274.519440,0.349237
19917,19918,274.533224,0.405103
19918,19919,274.547007,0.479716
19919,19920,274.560790,0.350221
19920,19921,274.574573,0.422985
19921,19922,274.588356,0.460472
19922,19923,274.602139,0.440788
19923,19924,274.615923,0.422331
19924,19925,274.629706,0.418353
19925,19926,274.643489,0.405216
19926,19927,274.657272,0.434756
19927,19928,274.671055,0.465652
19928,19929,274.684839,0.411656
19929,19930,274.698622,0.346849
19930,19931,274.712405,0.388294
19931,19932,274.726188,0.434838
19932,19933,274.739971,0.426611
19933,19934,274.753754,0.455571
19934,19935,274.767538,0.417897
19935,19936,274.781321,0.433554
19936,19937,274.795104,0.436657
19937,19938,274.808887,0.426380
19938,19939,274.822670,0.401431
19939,19940,274.836453,0.421364
19940,19941,274.850237,0.411246
19941,19942,274.864020,0.362044
19942,19943,274.877803,0.412131
19943,19944,274.891586,0.487751
19944,19945,274.905369,0.401715
19945,19946,274.919152,0.393553
19946,19947,274.932936,0.419522
19947,19948,274.946719,0.457415
19948,19949,274.960502,0.406381
19949,19950,274.974285,0.400526
19950,19951,274.988068,0.384538
19951,19952,275.001851,0.417969
19952,19953,275.015635,0.499128
19953,19954,275.029418,0.540977
19954,19955,275.043201,0.447855
19955,19956,275.056984,0.466780
19956,19957,275.070767,0.439912
19957,19958,275.084551,0.403193
19958,19959,275.098334,0.420234
19959,19960,275.112117,0.423185
19960,19961,275.125900,0.427857
19961,19962,275.139683,0.432119
19962,19963,275.153466,0.355299
19963,19964,275.167250,0.482495
19964,19965,275.181033,0.429746
19965,19966,275.194816,0.440561
19966,19967,275.208599,0.395756
19967,19968,275.222382,0.484515
19968,19969,275.236165,0.404882
19969,19970,275.249949,0.423392
19970,19971,275.263732,0.519980
19971,19972,275.277515,0.350660
19972,19973,275.291298,0.475429
19973,19974,275.305081,0.471637
19974,19975,275.318864,0.431560
19975,19976,275.332648,0.455296
19976,19977,275.346431,0.420193
19977,19978,275.360214,0.345319
19978,19979,275.373997,0.341004
19979,19980,275.387780,0.382101
19980,19981,275.401563,0.406049
19981,19982,275.415347,0.427110
19982,19983,275.429130,0.480278
19983,19984,275.442913,0.410906
19984,19985,275.456696,0.474142
19985,19986,275.470479,0.379157
19986,19987,275.484262,0.468382
19987,19988,275.498046,0.467501
19988,19989,275.511829,0.447126
19989,19990,275.525612,0.380330
19990,19991,275.539395,0.510727
19991,19992,275.553178,0.357996
19992,19993,275.566962,0.419952
19993,19994,275.580745,0.465676
19994,19995,275.594528,0.462801
19995,19996,275.608311,0.530753
19996,19997,275.622094,0.474225
19997,19998,275.635877,0.434751
19998,19999,275.649661,0.400270
19999,20000,275.663444,0.436447
20000,20001,275.677227,0.446513
20001,20002,275.691010,0.368264
20002,20003,275.704793,0.464499
20003,20004,275.718576,0.400186
20004,20005,275.732360,0.394544
20005,20006,275.746143,0.462706
20006,20007,275.759926,0.463414
20007,20008,275.773709,0.349315
20008,20009,275.787492,0.443479
20009,20010,275.801275,0.473543
20010,20011,275.815059,0.443014
20011,20012,275.828842,0.402713
20012,20013,275.842625,0.440913
20013,20014,275.856408,0.407996
20014,20015,275.870191,0.360917
20015,20016,275.883974,0.480464
20016,20017,275.897758,0.434411
20017,20018,275.911541,0.445228
20018,20019,275.925324,0.446306
20019,20020,275.939107,0.476045
20020,20021,275.952890,0.400125
20021,20022,275.966674,0.532823
20022,20023,275.980457,0.451717
20023,20024,275.994240,0.418341
20024,20025,276.008023,0.484236
20025,20026,276.021806,0.474343
20026,20027,276.035589,0.368046
20027,20028,276.049373,0.397822
20028,20029,276.063156,0.427860
20029,20030,276.076939,0.364277
20030,20031,276.090722,0.454933
20031,20032,276.104505,0.439191
20032,20033,276.118288,0.405369
20033,20034,276.132072,0.417957
20034,20035,276.145855,0.516615
20035,20036,276.159638,0.405530
20036,20037,276.173421,0.338711
20037,20038,276.187204,0.407935
20038,20039,276.200987,0.445587
20039,20040,276.214771,0.453801
20040,20041,276.228554,0.457253
20041,20042,276.242337,0.389408
20042,20043,276.256120,0.368916
20043,20044,276.269903,0.419345
20044,20045,276.283686,0.439034
20045,20046,276.297470,0.394110
20046,20047,276.311253,0.417333
20047,20048,276.325036,0.400484
20048,20049,276.338819,0.429804
20049,20050,276.352602,0.440898
20050,20051,276.366386,0.476682
20051,20052,276.380169,0.444569
20052,20053,276.393952,0.399407
20053,20054,276.407735,0.412422
20054,20055,276.421518,0.398080
20055,20056,276.435301,0.474888
20056,20057,276.449085,0.459353
20057,20058,276.462868,0.356022
20058,20059,276.476651,0.422577
20059,20060,276.490434,0.443896
20060,20061,276.504217,0.435445
20061,20062,276.518000,0.457107
20062,20063,276.531784,0.384895
20063,20064,276.545567,0.484278
20064,20065,276.559350,0.414584
20065,20066,276.573133,0.406699
20066,20067,276.586916,0.446292
20067,20068,276.600699,0.415393
20068,20069,276.614483,0.456470
20069,20070,276.628266,0.422845
20070,20071,276.642049,0.432302
20071,20072,276.655832,0.378854
20072,20073,276.669615,0.432712
20073,20074,276.683398,0.463927
20074,20075,276.697182,0.407262
20075,20076,276.710965,0.441586
20076,20077,276.724748,0.472234
20077,20078,276.738531,0.469269
20078,20079,276.752314,0.430794
20079,20080,276.766098,0.351601
20080,20081,276.779881,0.375762
20081,20082,276.793664,0.373242
20082,20083,276.807447,0.437792
20083,20084,276.821230,0.365579
20084,20085,276.835013,0.425629
20085,20086,276.848797,0.393711
20086,20087,276.862580,0.377909
20087,20088,276.876363,0.433442
20088,20089,276.890146,0.428500
20089,20090,276.903929,0.390009
20090,20091,276.917712,0.380807
20091,20092,276.931496,0.448422
20092,20093,276.945279,0.437722
20093,20094,276.959062,0.372536
20094,20095,276.972845,0.466224
20095,20096,276.986628,0.387747
20096,20097,277.000411,0.439131
20097,20098,277.014195,0.351093
20098,20099,277.027978,0.359912
20099,20100,277.041761,0.459499
20100,20101,277.055544,0.320682
20101,20102,277.069327,0.464719
20102,20103,277.083110,0.409454
20103,20104,277.096894,0.459539
20104,20105,277.110677,0.454254
20105,20106,277.124460,0.450915
20106,20107,277.138243,0.469119
20107,20108,277.152026,0.381229
20108,20109,277.165810,0.425569
20109,20110,277.179593,0.374287
20110,20111,277.193376,0.444977
20111,20112,277.207159,0.439444
20112,20113,277.220942,0.422795
20113,20114,277.234725,0.429479
20114,20115,277.248509,0.384046
20115,20116,277.262292,0.414713
20116,20117,277.276075,0.410418
20117,20118,277.289858,0.404822
20118,20119,277.303641,0.448421
20119,20120,277.317424,0.424594
20120,20121,277.331208,0.426690
20121,20122,277.344991,0.426050
20122,20123,277.358774,0.466872
20123,20124,277.372557,0.424562
20124,20125,277.386340,0.438724
20125,20126,277.400123,0.347812
20126,20127,277.413907,0.492810
20127,20128,277.427690,0.396378
20128,20129,277.441473,0.423998
20129,20130,277.455256,0.387575
20130,20131,277.469039,0.440035
20131,20132,277.482822,0.461721
20132,20133,277.496606,0.321787
20133,20134,277.510389,0.421856
20134,20135,277.524172,0.364913
20135,20136,277.537955,0.489331
20136,20137,277.551738,0.454477
20137,20138,277.565521,0.392259
20138,20139,277.579305,0.424888
20139,20140,277.593088,0.365282
20140,20141,277.606871,0.335765
20141,20142,277.620654,0.361688
20142,20143,277.634437,0.409723
20143,20144,277.648221,0.429872
20144,20145,277.662004,0.394400
20145,20146,277.675787,0.448174
20146,20147,277.689570,0.410305
20147,20148,277.703353,0.336120
20148,20149,277.717136,0.449664
20149,20150,277.730920,0.462502
20150,20151,277.744703,0.386378
20151,20152,277.758486,0.413370
20152,20153,277.772269,0.400158
20153,20154,277.786052,0.346793
20154,20155,277.799835,0.410915
20155,20156,277.813619,0.440434
20156,20157,277.827402,0.381587
20157,20158,277.841185,0.377962
20158,20159,277.854968,0.388754
20159,20160,277.868751,0.461087
20160,20161,277.882534,0.353197
20161,20162,277.896318,0.454026
20162,20163,277.910101,0.385865
20163,20164,277.923884,0.342274
20164,20165,277.937667,0.363076
20165,20166,277.951450,0.390292
20166,20167,277.965233,0.433149
20167,20168,277.979017,0.455711
20168,20169,277.992800,0.368444
20169,20170,278.006583,0.395373
20170,20171,278.020366,0.539444
20171,20172,278.034149,0.388695
20172,20173,278.047933,0.369163
20173,20174,278.061716,0.402120
20174,20175,278.075499,0.478127
20175,20176,278.089282,0.441469
20176,20177,278.103065,0.548769
20177,20178,278.116848,0.463914
20178,20179,278.130632,0.402727
20179,20180,278.144415,0.453282
20180,20181,278.158198,0.408615
20181,20182,278.171981,0.497127
20182,20183,278.185764,0.468041
20183,20184,278.199547,0.433656
20184,20185,278.213331,0.440622
20185,20186,278.227114,0.355771
20186,20187,278.240897,0.400904
20187,20188,278.254680,0.491898
20188,20189,278.268463,0.419102
20189,20190,278.282246,0.394083
20190,20191,278.296030,0.394115
20191,20192,278.309813,0.397730
20192,20193,278.323596,0.400066
20193,20194,278.337379,0.331113
20194,20195,278.351162,0.417263
20195,20196,278.364945,0.449688
20196,20197,278.378729,0.384440
20197,20198,278.392512,0.409009
20198,20199,278.406295,0.416585
20199,20200,278.420078,0.464298
20200,20201,278.433861,0.413154
20201,20202,278.447645,0.489576
20202,20203,278.461428,0.410663
20203,20204,278.475211,0.454583
20204,20205,278.488994,0.469792
20205,20206,278.502777,0.362674
20206,20207,278.516560,0.447517
20207,20208,278.530344,0.419197
20208,20209,278.544127,0.418398
20209,20210,278.557910,0.441481
20210,20211,278.571693,0.365212
20211,20212,278.585476,0.370819
20212,20213,278.599259,0.449169
20213,20214,278.613043,0.382910
20214,20215,278.626826,0.458634
20215,20216,278.640609,0.411936
20216,20217,278.654392,0.390478
20217,20218,278.668175,0.351405
20218,20219,278.681958,0.440389
20219,20220,278.695742,0.442898
20220,20221,278.709525,0.444384
20221,20222,278.723308,0.465626
20222,20223,278.737091,0.434793
20223,20224,278.750874,0.462928
20224,20225,278.764657,0.379660
20225,20226,278.778441,0.413865
20226,20227,278.792224,0.447843
20227,20228,278.806007,0.442966
20228,20229,278.819790,0.450807
20229,20230,278.833573,0.385173
20230,20231,278.847357,0.441970
20231,20232,278.861140,0.457101
20232,20233,278.874923,0.396445
20233,20234,278.888706,0.409567
20234,20235,278.902489,0.482415
20235,20236,278.916272,0.441276
20236,20237,278.930056,0.404371
20237,20238,278.943839,0.420495
20238,20239,278.957622,0.441289
20239,20240,278.971405,0.470614
20240,20241,278.985188,0.533060
20241,20242,278.998971,0.436433
20242,20243,279.012755,0.443315
20243,20244,279.026538,0.404272
20244,20245,279.040321,0.451154
20245,20246,279.054104,0.406823
20246,20247,279.067887,0.392041
20247,20248,279.081670,0.361098
20248,20249,279.095454,0.385745
20249,20250,279.109237,0.376130
20250,20251,279.123020,0.445280
20251,20252,279.136803,0.462398
20252,20253,279.150586,0.422964
20253,20254,279.164369,0.416568
20254,20255,279.178153,0.396158
20255,20256,279.191936,0.420067
20256,20257,279.205719,0.426979
20257,20258,279.219502,0.419750
20258,20259,279.233285,0.509252
20259,20260,279.247069,0.343928
20260,20261,279.260852,0.452732
20261,20262,279.274635,0.396617
20262,20263,279.288418,0.449024
20263,20264,279.302201,0.476672
20264,20265,279.315984,0.382229
20265,20266,279.329768,0.426620
20266,20267,279.343551,0.495887
20267,20268,279.357334,0.490200
20268,20269,279.371117,0.454559
20269,20270,279.384900,0.416605
20270,20271,279.398683,0.443887
20271,20272,279.412467,0.372360
20272,20273,279.426250,0.435442
20273,20274,279.440033,0.443670
20274,20275,279.453816,0.436985
20275,20276,279.467599,0.438465
20276,20277,279.481382,0.449789
20277,20278,279.495166,0.422891
20278,20279,279.508949,0.381396
20279,20280,279.522732,0.440507
20280,20281,279.536515,0.364160
20281,20282,279.550298,0.431685
20282,20283,279.564081,0.471164
20283,20284,279.577865,0.476480
20284,20285,279.591648,0.465006
20285,20286,279.605431,0.403766
20286,20287,279.619214,0.397877
20287,20288,279.632997,0.451146
20288,20289,279.646780,0.362462
20289,20290,279.660564,0.402244
20290,20291,279.674347,0.370441
20291,20292,279.688130,0.419362
20292,20293,279.701913,0.451578
20293,20294,279.715696,0.478102
20294,20295,279.729480,0.391959
20295,20296,279.743263,0.456278
20296,20297,279.757046,0.415040
20297,20298,279.770829,0.347031
20298,20299,279.784612,0.429677
20299,20300,279.798395,0.436669
20300,20301,279.812179,0.430233
20301,20302,279.825962,0.470837
20302,20303,279.839745,0.481307
20303,20304,279.853528,0.468273
20304,20305,279.867311,0.412029
20305,20306,279.881094,0.425990
20306,20307,279.894878,0.429331
20307,20308,279.908661,0.384438
20308,20309,279.922444,0.393371
20309,20310,279.936227,0.450385
20310,20311,279.950010,0.392069
20311,20312,279.963793,0.439946
20312,20313,279.977577,0.463852
20313,20314,279.991360,0.368650
20314,20315,280.005143,0.391430
20315,20316,280.018926,0.498043
20316,20317,280.032709,0.445154
20317,20318,280.046492,0.383538
20318,20319,280.060276,0.372939
20319,20320,280.074059,0.399229
20320,20321,280.087842,0.381602
20321,20322,280.101625,0.444812
20322,20323,280.115408,0.390073
20323,20324,280.129192,0.396545
20324,20325,280.142975,0.465164
20325,20326,280.156758,0.420354
20326,20327,280.170541,0.475198
20327,20328,280.184324,0.467268
20328,20329,280.198107,0.427293
20329,20330,280.211891,0.424889
20330,20331,280.225674,0.493520
20331,20332,280.239457,0.445164
20332,20333,280.253240,0.430111
20333,20334,280.267023,0.561413
20334,20335,280.280806,0.432453
20335,20336,280.294590,0.403046
20336,20337,280.308373,0.429561
20337,20338,280.322156,0.349776
20338,20339,280.335939,0.368479
20339,20340,280.349722,0.434360
20340,20341,280.363505,0.384576
20341,20342,280.377289,0.475535
20342,20343,280.391072,0.503656
20343,20344,280.404855,0.378628
20344,20345,280.418638,0.389912
20345,20346,280.432421,0.408862
20346,20347,280.446204,0.444814
20347,20348,280.459988,0.452459
20348,20349,280.473771,0.374643
20349,20350,280.487554,0.469818
20350,20351,280.501337,0.452480
20351,20352,280.515120,0.440610
20352,20353,280.528904,0.392823
20353,20354,280.542687,0.381337
20354,20355,280.556470,0.486951
20355,20356,280.570253,0.408971
20356,20357,280.584036,0.378167
20357,20358,280.597819,0.410382
20358,20359,280.611603,0.461487
20359,20360,280.625386,0.414753
20360,20361,280.639169,0.416310
20361,20362,280.652952,0.429298
20362,20363,280.666735,0.446919
20363,20364,280.680518,0.397506
20364,20365,280.694302,0.500689
20365,20366,280.708085,0.399904
20366,20367,280.721868,0.450747
20367,20368,280.735651,0.471904
20368,20369,280.749434,0.475772
20369,20370,280.763217,0.392530
20370,20371,280.777001,0.453123
20371,20372,280.790784,0.400204
20372,20373,280.804567,0.447714
20373,20374,280.818350,0.420319
20374,20375,280.832133,0.438152
20375,20376,280.845916,0.446490
20376,20377,280.859700,0.392372
20377,20378,280.873483,0.479973
20378,20379,280.887266,0.416607
20379,20380,280.901049,0.430138
20380,20381,280.914832,0.441075
20381,20382,280.928616,0.431439
20382,20383,280.942399,0.445412
20383,20384,280.956182,0.405400
20384,20385,280.969965,0.467425
20385,20386,280.983748,0.416554
20386,20387,280.997531,0.357246
20387,20388,281.011315,0.386716
20388,20389,281.025098,0.379843
20389,20390,281.038881,0.418696
20390,20391,281.052664,0.431429
20391,20392,281.066447,0.368107
20392,20393,281.080230,0.454053
20393,20394,281.094014,0.390275
20394,20395,281.107797,0.413807
20395,20396,281.121580,0.425833
20396,20397,281.135363,0.426121
20397,20398,281.149146,0.401528
20398,20399,281.162929,0.461968
20399,20400,281.176713,0.473823
20400,20401,281.190496,0.501960
20401,20402,281.204279,0.401689
20402,20403,281.218062,0.390994
20403,20404,281.231845,0.345058
20404,20405,281.245628,0.436441
20405,20406,281.259412,0.391377
20406,20407,281.273195,0.421447
20407,20408,281.286978,0.416445
20408,20409,281.300761,0.423177
20409,20410,281.314544,0.431076
20410,20411,281.328328,0.432206
20411,20412,281.342111,0.368126
20412,20413,281.355894,0.452480
20413,20414,281.369677,0.430073
20414,20415,281.383460,0.385592
20415,20416,281.397243,0.443223
20416,20417,281.411027,0.429691
20417,20418,281.424810,0.342143
20418,20419,281.438593,0.486273
20419,20420,281.452376,0.389393
20420,20421,281.466159,0.474461
20421,20422,281.479942,0.405896
20422,20423,281.493726,0.394399
20423,20424,281.507509,0.414753
20424,20425,281.521292,0.346613
20425,20426,281.535075,0.405867
20426,20427,281.548858,0.460404
20427,20428,281.562641,0.544389
20428,20429,281.576425,0.437371
20429,20430,281.590208,0.482910
20430,20431,281.603991,0.437565
20431,20432,281.617774,0.378327
20432,20433,281.631557,0.466341
20433,20434,281.645340,0.406530
20434,20435,281.659124,0.435896
20435,20436,281.672907,0.452848
20436,20437,281.686690,0.467758
20437,20438,281.700473,0.372414
20438,20439,281.714256,0.381333
20439,20440,281.728039,0.387781
20440,20441,281.741823,0.404630
20441,20442,281.755606,0.497770
20442,20443,281.769389,0.467434
20443,20444,281.783172,0.436546
20444,20445,281.796955,0.360633
20445,20446,281.810739,0.380849
20446,20447,281.824522,0.494386
20447,20448,281.838305,0.395463
20448,20449,281.852088,0.501138
20449,20450,281.865871,0.464318
20450,20451,281.879654,0.356459
20451,20452,281.893438,0.364884
20452,20453,281.907221,0.447526
20453,20454,281.921004,0.381579
20454,20455,281.934787,0.430308
20455,20456,281.948570,0.393478
20456,20457,281.962353,0.436796
20457,20458,281.976137,0.405762
20458,20459,281.989920,0.339840
20459,20460,282.003703,0.403291
20460,20461,282.017486,0.447152
20461,20462,282.031269,0.454198
20462,20463,282.045052,0.391430
20463,20464,282.058836,0.434482
20464,20465,282.072619,0.401092
20465,20466,282.086402,0.368119
20466,20467,282.100185,0.417519
20467,20468,282.113968,0.454092
20468,20469,282.127751,0.469486
20469,20470,282.141535,0.479453
20470,20471,282.155318,0.461870
20471,20472,282.169101,0.369486
20472,20473,282.182884,0.423144
20473,20474,282.196667,0.460382
20474,20475,282.210451,0.471622
20475,20476,282.224234,0.382888
20476,20477,282.238017,0.419044
20477,20478,282.251800,0.448116
20478,20479,282.265583,0.433603
20479,20480,282.279366,0.464457
20480,20481,282.293150,0.385090
20481,20482,282.306933,0.484607
20482,20483,282.320716,0.400816
20483,20484,282.334499,0.417293
20484,20485,282.348282,0.332356
20485,20486,282.362065,0.446937
20486,20487,282.375849,0.494546
20487,20488,282.389632,0.420238
20488,20489,282.403415,0.466149
20489,20490,282.417198,0.425086
20490,20491,282.430981,0.388364
20491,20492,282.444764,0.401420
20492,20493,282.458548,0.494968
20493,20494,282.472331,0.488514
20494,20495,282.486114,0.425675
20495,20496,282.499897,0.333659
20496,20497,282.513680,0.474280
20497,20498,282.527463,0.482751
20498,20499,282.541247,0.473821
20499,20500,282.555030,0.396332
20500,20501,282.568813,0.461808
20501,20502,282.582596,0.477070
20502,20503,282.596379,0.375521
20503,20504,282.610163,0.468490
20504,20505,282.623946,0.384965
20505,20506,282.637729,0.370190
20506,20507,282.651512,0.404808
20507,20508,282.665295,0.448450
20508,20509,282.679078,0.423035
20509,20510,282.692862,0.401175
20510,20511,282.706645,0.407830
20511,20512,282.720428,0.416042
20512,20513,282.734211,0.420665
20513,20514,282.747994,0.389817
20514,20515,282.761777,0.447469
20515,20516,282.775561,0.478822
20516,20517,282.789344,0.432759
20517,20518,282.803127,0.417930
20518,20519,282.816910,0.425489
20519,20520,282.830693,0.345951
20520,20521,282.844476,0.471669
20521,20522,282.858260,0.430302
20522,20523,282.872043,0.443909
20523,20524,282.885826,0.408554
20524,20525,282.899609,0.445746
20525,20526,282.913392,0.452809
20526,20527,282.927175,0.530837
20527,20528,282.940959,0.420941
20528,20529,282.954742,0.427858
20529,20530,282.968525,0.420994
20530,20531,282.982308,0.394666
20531,20532,282.996091,0.417882
20532,20533,283.009875,0.430534
20533,20534,283.023658,0.437374
20534,20535,283.037441,0.458160
20535,20536,283.051224,0.401690
20536,20537,283.065007,0.459497
20537,20538,283.078790,0.363362
20538,20539,283.092574,0.439422
20539,20540,283.106357,0.391725
20540,20541,283.120140,0.414110
20541,20542,283.133923,0.368553
20542,20543,283.147706,0.458103
20543,20544,283.161489,0.404101
20544,20545,283.175273,0.465837
20545,20546,283.189056,0.470145
20546,20547,283.202839,0.470371
20547,20548,283.216622,0.353724
20548,20549,283.230405,0.434197
20549,20550,283.244188,0.434030
20550,20551,283.257972,0.362410
20551,20552,283.271755,0.508084
20552,20553,283.285538,0.417614
20553,20554,283.299321,0.410229
20554,20555,283.313104,0.460543
20555,20556,283.326887,0.347324
20556,20557,283.340671,0.426005
20557,20558,283.354454,0.323468
20558,20559,283.368237,0.398347
20559,20560,283.382020,0.448707
20560,20561,283.395803,0.388517
20561,20562,283.409587,0.456002
20562,20563,283.423370,0.433912
20563,20564,283.437153,0.467605
20564,20565,283.450936,0.384979
20565,20566,283.464719,0.444793
20566,20567,283.478502,0.429578
20567,20568,283.492286,0.407397
20568,20569,283.506069,0.416091
20569,20570,283.519852,0.424299
20570,20571,283.533635,0.498527
20571,20572,283.547418,0.519890
20572,20573,283.561201,0.465332
20573,20574,283.574985,0.434709
20574,20575,283.588768,0.387726
20575,20576,283.602551,0.483092
20576,20577,283.616334,0.392633
20577,20578,283.630117,0.449280
20578,20579,283.643900,0.402382
20579,20580,283.657684,0.468184
20580,20581,283.671467,0.439936
20581,20582,283.685250,0.454862
20582,20583,283.699033,0.407294
20583,20584,283.712816,0.416330
20584,20585,283.726599,0.385097
20585,20586,283.740383,0.398585
20586,20587,283.754166,0.482135
20587,20588,283.767949,0.396093
20588,20589,283.781732,0.519404
20589,20590,283.795515,0.500626
20590,20591,283.809298,0.454795
20591,20592,283.823082,0.374352
20592,20593,283.836865,0.510464
20593,20594,283.850648,0.448218
20594,20595,283.864431,0.411350
20595,20596,283.878214,0.505300
20596,20597,283.891998,0.469587
20597,20598,283.905781,0.423146
20598,20599,283.919564,0.463797
20599,20600,283.933347,0.365799
20600,20601,283.947130,0.444126
20601,20602,283.960913,0.420173
20602,20603,283.974697,0.426231
20603,20604,283.988480,0.459099
20604,20605,284.002263,0.473245
20605,20606,284.016046,0.430182
20606,20607,284.029829,0.446866
20607,20608,284.043612,0.385561
20608,20609,284.057396,0.395031
20609,20610,284.071179,0.425081
20610,20611,284.084962,0.342511
20611,20612,284.098745,0.427906
20612,20613,284.112528,0.321224
20613,20614,284.126311,0.443295
20614,20615,284.140095,0.364035
20615,20616,284.153878,0.384332
20616,20617,284.167661,0.394347
20617,20618,284.181444,0.452575
20618,20619,284.195227,0.425383
20619,20620,284.209010,0.398471
20620,20621,284.222794,0.428272
20621,20622,284.236577,0.466443
20622,20623,284.250360,0.408505
20623,20624,284.264143,0.403621
20624,20625,284.277926,0.400039
20625,20626,284.291710,0.462897
20626,20627,284.305493,0.435590
20627,20628,284.319276,0.377805
20628,20629,284.333059,0.398378
20629,20630,284.346842,0.389577
20630,20631,284.360625,0.433953
20631,20632,284.374409,0.445435
20632,20633,284.388192,0.465107
20633,20634,284.401975,0.451926
20634,20635,284.415758,0.431584
20635,20636,284.429541,0.346316
20636,20637,284.443324,0.401299
20637,20638,284.457108,0.400937
20638,20639,284.470891,0.406712
20639,20640,284.484674,0.436420
20640,20641,284.498457,0.380705
20641,20642,284.512240,0.388818
20642,20643,284.526023,0.400795
20643,20644,284.539807,0.483685
20644,20645,284.553590,0.438245
20645,20646,284.567373,0.416217
20646,20647,284.581156,0.464843
20647,20648,284.594939,0.484347
20648,20649,284.608722,0.427207
20649,20650,284.622506,0.464199
20650,20651,284.636289,0.447143
20651,20652,284.650072,0.420898
20652,20653,284.663855,0.389163
20653,20654,284.677638,0.429096
20654,20655,284.691422,0.422456
20655,20656,284.705205,0.429840
20656,20657,284.718988,0.440213
20657,20658,284.732771,0.401657
20658,20659,284.746554,0.433933
20659,20660,284.760337,0.452612
20660,20661,284.774121,0.474968
20661,20662,284.787904,0.463312
20662,20663,284.801687,0.406450
20663,20664,284.815470,0.431737
20664,20665,284.829253,0.397712
20665,20666,284.843036,0.410177
20666,20667,284.856820,0.383931
20667,20668,284.870603,0.420094
20668,20669,284.884386,0.419030
20669,20670,284.898169,0.446899
20670,20671,284.911952,0.397515
20671,20672,284.925735,0.442904
20672,20673,284.939519,0.491215
20673,20674,284.953302,0.458962
20674,20675,284.967085,0.413877
20675,20676,284.980868,0.406712
20676,20677,284.994651,0.414307
20677,20678,285.008434,0.403012
20678,20679,285.022218,0.388998
20679,20680,285.036001,0.458751
20680,20681,285.049784,0.421729
20681,20682,285.063567,0.369319
20682,20683,285.077350,0.477465
20683,20684,285.091134,0.375629
20684,20685,285.104917,0.488497
20685,20686,285.118700,0.444721
20686,20687,285.132483,0.447019
20687,20688,285.146266,0.467336
20688,20689,285.160049,0.423266
20689,20690,285.173833,0.415475
20690,20691,285.187616,0.454362
20691,20692,285.201399,0.402541
20692,20693,285.215182,0.391446
20693,20694,285.228965,0.412221
20694,20695,285.242748,0.474073
20695,20696,285.256532,0.445403
20696,20697,285.270315,0.534828
20697,20698,285.284098,0.407412
20698,20699,285.297881,0.337140
20699,20700,285.311664,0.416669
20700,20701,285.325447,0.403228
20701,20702,285.339231,0.411693
20702,20703,285.353014,0.407289
20703,20704,285.366797,0.414891
20704,20705,285.380580,0.388848
20705,20706,285.394363,0.532371
20706,20707,285.408146,0.406493
20707,20708,285.421930,0.474184
20708,20709,285.435713,0.449801
20709,20710,285.449496,0.356475
20710,20711,285.463279,0.362997
20711,20712,285.477062,0.448411
20712,20713,285.490846,0.418438
20713,20714,285.504629,0.356261
20714,20715,285.518412,0.450782
20715,20716,285.532195,0.355739
20716,20717,285.545978,0.439611
20717,20718,285.559761,0.415165
20718,20719,285.573545,0.375667
20719,20720,285.587328,0.443335
20720,20721,285.601111,0.421389
20721,20722,285.614894,0.454594
20722,20723,285.628677,0.467796
20723,20724,285.642460,0.452446
20724,20725,285.656244,0.413156
20725,20726,285.670027,0.421626
20726,20727,285.683810,0.411884
20727,20728,285.697593,0.430225
20728,20729,285.711376,0.407663
20729,20730,285.725159,0.444620
20730,20731,285.738943,0.434139
20731,20732,285.752726,0.365305
20732,20733,285.766509,0.402503
20733,20734,285.780292,0.466913
20734,20735,285.794075,0.443428
20735,20736,285.807858,0.440284
20736,20737,285.821642,0.416470
20737,20738,285.835425,0.440288
20738,20739,285.849208,0.416686
20739,20740,285.862991,0.411883
20740,20741,285.876774,0.388729
20741,20742,285.890557,0.362229
20742,20743,285.904341,0.451803
20743,20744,285.918124,0.406975
20744,20745,285.931907,0.371372
20745,20746,285.945690,0.405757
20746,20747,285.959473,0.489464
20747,20748,285.973257,0.468469
20748,20749,285.987040,0.396182
20749,20750,286.000823,0.504706
20750,20751,286.014606,0.478491
20751,20752,286.028389,0.401289
20752,20753,286.042172,0.384351
20753,20754,286.055956,0.457760
20754,20755,286.069739,0.351272
20755,20756,286.083522,0.443558
20756,20757,286.097305,0.369779
20757,20758,286.111088,0.406892
20758,20759,286.124871,0.404008
20759,20760,286.138655,0.369266
20760,20761,286.152438,0.391225
20761,20762,286.166221,0.457882
20762,20763,286.180004,0.346020
20763,20764,286.193787,0.392320
20764,20765,286.207570,0.479919
20765,20766,286.221354,0.512821
20766,20767,286.235137,0.359528
20767,20768,286.248920,0.429976
20768,20769,286.262703,0.494789
20769,20770,286.276486,0.465103
20770,20771,286.290269,0.405421
20771,20772,286.304053,0.411815
20772,20773,286.317836,0.403319
20773,20774,286.331619,0.439850
20774,20775,286.345402,0.372044
20775,20776,286.359185,0.385401
20776,20777,286.372969,0.464808
20777,20778,286.386752,0.461059
20778,20779,286.400535,0.454145
20779,20780,286.414318,0.383189
20780,20781,286.428101,0.479262
20781,20782,286.441884,0.480254
20782,20783,286.455668,0.501294
20783,20784,286.469451,0.484698
20784,20785,286.483234,0.506202
20785,20786,286.497017,0.414164
20786,20787,286.510800,0.403825
20787,20788,286.524583,0.448537
20788,20789,286.538367,0.482456
20789,20790,286.552150,0.378221
20790,20791,286.565933,0.363940
20791,20792,286.579716,0.408036
20792,20793,286.593499,0.390749
20793,20794,286.607282,0.425327
20794,20795,286.621066,0.407135
20795,20796,286.634849,0.480591
20796,20797,286.648632,0.410231
20797,20798,286.662415,0.398403
20798,20799,286.676198,0.425746
20799,20800,286.689981,0.424185
20800,20801,286.703765,0.445526
20801,20802,286.717548,0.497144
20802,20803,286.731331,0.490235
20803,20804,286.745114,0.454065
20804,20805,286.758897,0.438959
20805,20806,286.772681,0.519752
20806,20807,286.786464,0.467841
20807,20808,286.800247,0.405611
20808,20809,286.814030,0.461901
20809,20810,286.827813,0.435260
20810,20811,286.841596,0.349369
20811,20812,286.855380,0.355963
20812,20813,286.869163,0.421628
20813,20814,286.882946,0.381771
20814,20815,286.896729,0.398244
20815,20816,286.910512,0.437764
20816,20817,286.924295,0.509389
20817,20818,286.938079,0.440176
20818,20819,286.951862,0.442311
20819,20820,286.965645,0.512758
20820,20821,286.979428,0.393976
20821,20822,286.993211,0.386473
20822,20823,287.006994,0.357786
20823,20824,287.020778,0.418450
20824,20825,287.034561,0.509650
20825,20826,287.048344,0.442888
20826,20827,287.062127,0.434545
20827,20828,287.075910,0.384998
20828,20829,287.089693,0.420165
20829,20830,287.103477,0.395603
20830,20831,287.117260,0.453083
20831,20832,287.131043,0.427306
20832,20833,287.144826,0.407617
20833,20834,287.158609,0.411121
20834,20835,287.172393,0.382804
20835,20836,287.186176,0.395202
20836,20837,287.199959,0.403430
20837,20838,287.213742,0.474712
20838,20839,287.227525,0.465018
20839,20840,287.241308,0.470288
20840,20841,287.255092,0.466931
20841,20842,287.268875,0.429719
20842,20843,287.282658,0.479954
20843,20844,287.296441,0.445473
20844,20845,287.310224,0.428503
20845,20846,287.324007,0.459665
20846,20847,287.337791,0.436186
20847,20848,287.351574,0.391061
20848,20849,287.365357,0.410925
20849,20850,287.379140,0.385890
20850,20851,287.392923,0.525349
20851,20852,287.406706,0.408033
20852,20853,287.420490,0.415239
20853,20854,287.434273,0.439149
20854,20855,287.448056,0.400355
20855,20856,287.461839,0.504670
20856,20857,287.475622,0.403752
20857,20858,287.489405,0.439754
20858,20859,287.503189,0.407017
20859,20860,287.516972,0.411288
20860,20861,287.530755,0.383029
20861,20862,287.544538,0.429353
20862,20863,287.558321,0.474047
20863,20864,287.572105,0.420643
20864,20865,287.585888,0.429300
20865,20866,287.599671,0.443739
20866,20867,287.613454,0.427670
20867,20868,287.627237,0.462190
20868,20869,287.641020,0.419707
20869,20870,287.654804,0.417053
20870,20871,287.668587,0.411629
20871,20872,287.682370,0.381926
20872,20873,287.696153,0.370254
20873,20874,287.709936,0.487800
20874,20875,287.723719,0.374701
20875,20876,287.737503,0.474889
20876,20877,287.751286,0.520017
20877,20878,287.765069,0.457602
20878,20879,287.778852,0.408067
20879,20880,287.792635,0.403465
20880,20881,287.806418,0.392035
20881,20882,287.820202,0.411211
20882,20883,287.833985,0.446494
20883,20884,287.847768,0.414371
20884,20885,287.861551,0.481581
20885,20886,287.875334,0.405769
20886,20887,287.889117,0.382754
20887,20888,287.902901,0.469630
20888,20889,287.916684,0.430036
20889,20890,287.930467,0.426374
20890,20891,287.944250,0.404592
20891,20892,287.958033,0.415191
20892,20893,287.971816,0.526054
20893,20894,287.985600,0.433566
20894,20895,287.999383,0.414614
20895,20896,288.013166,0.376543
20896,20897,288.026949,0.376327
20897,20898,288.040732,0.469658
20898,20899,288.054516,0.403962
20899,20900,288.068299,0.442269
20900,20901,288.082082,0.380410
20901,20902,288.095865,0.416435
20902,20903,288.109648,0.415972
20903,20904,288.123431,0.378632
20904,20905,288.137215,0.447493
20905,20906,288.150998,0.414504
20906,20907,288.164781,0.482967
20907,20908,288.178564,0.376661
20908,20909,288.192347,0.421910
20909,20910,288.206130,0.398579
20910,20911,288.219914,0.347021
20911,20912,288.233697,0.436969
20912,20913,288.247480,0.515927
20913,20914,288.261263,0.338400
20914,20915,288.275046,0.415815
20915,20916,288.288829,0.412804
20916,20917,288.302613,0.404773
20917,20918,288.316396,0.447495
20918,20919,288.330179,0.384952
20919,20920,288.343962,0.443373
20920,20921,288.357745,0.463442
20921,20922,288.371528,0.412201
20922,20923,288.385312,0.404984
20923,20924,288.399095,0.417259
20924,20925,288.412878,0.451033
20925,20926,288.426661,0.423405
20926,20927,288.440444,0.490309
20927,20928,288.454228,0.462715
20928,20929,288.468011,0.433348
20929,20930,288.481794,0.413722
20930,20931,288.495577,0.426469
20931,20932,288.509360,0.403005
20932,20933,288.523143,0.439785
20933,20934,288.536927,0.490232
20934,20935,288.550710,0.437679
20935,20936,288.564493,0.465058
20936,20937,288.578276,0.417785
20937,20938,288.592059,0.424452
20938,20939,288.605842,0.468921
20939,20940,288.619626,0.394929
20940,20941,288.633409,0.401694
20941,20942,288.647192,0.422220
20942,20943,288.660975,0.455855
20943,20944,288.674758,0.351440
20944,20945,288.688541,0.392824
20945,20946,288.702325,0.392326
20946,20947,288.716108,0.452759
20947,20948,288.729891,0.402498
20948,20949,288.743674,0.398398
20949,20950,288.757457,0.398314
20950,20951,288.771240,0.463139
20951,20952,288.785024,0.410119
20952,20953,288.798807,0.415507
20953,20954,288.812590,0.412958
20954,20955,288.826373,0.405830
20955,20956,288.840156,0.431980
20956,20957,288.853940,0.358619
20957,20958,288.867723,0.385477
20958,20959,288.881506,0.365288
20959,20960,288.895289,0.437448
20960,20961,288.909072,0.399914
20961,20962,288.922855,0.436956
20962,20963,288.936639,0.411812
20963,20964,288.950422,0.417005
20964,20965,288.964205,0.418566
20965,20966,288.977988,0.430767
20966,20967,288.991771,0.473626
20967,20968,289.005554,0.362969
20968,20969,289.019338,0.467814
20969,20970,289.033121,0.467912
20970,20971,289.046904,0.426881
20971,20972,289.060687,0.468534
20972,20973,289.074470,0.421711
20973,20974,289.088253,0.407960
20974,20975,289.102037,0.410412
20975,20976,289.115820,0.476382
20976,20977,289.129603,0.334677
20977,20978,289.143386,0.507950
20978,20979,289.157169,0.377030
20979,20980,289.170952,0.426578
20980,20981,289.184736,0.363960
20981,20982,289.198519,0.446687
20982,20983,289.212302,0.436340
20983,20984,289.226085,0.383719
20984,20985,289.239868,0.390507
20985,20986,289.253652,0.410512
20986,20987,289.267435,0.389049
20987,20988,289.281218,0.385843
20988,20989,289.295001,0.403825
20989,20990,289.308784,0.428669
20990,20991,289.322567,0.393375
20991,20992,289.336351,0.442924
20992,20993,289.350134,0.405938
20993,20994,289.363917,0.437699
20994,20995,289.377700,0.461348
20995,20996,289.391483,0.509575
20996,20997,289.405266,0.379863
20997,20998,289.419050,0.371445
20998,20999,289.432833,0.404576
20999,21000,289.446616,0.437661
21000,21001,289.460399,0.482445
21001,21002,289.474182,0.435147
21002,21003,289.487965,0.399053
21003,21004,289.501749,0.497611
21004,21005,289.515532,0.479947
21005,21006,289.529315,0.439111
21006,21007,289.543098,0.408364
21007,21008,289.556881,0.480666
21008,21009,289.570664,0.407209
21009,21010,289.584448,0.429333
21010,21011,289.598231,0.452776
21011,21012,289.612014,0.451550
21012,21013,289.625797,0.408536
21013,21014,289.639580,0.444722
21014,21015,289.653364,0.434525
21015,21016,289.667147,0.433828
21016,21017,289.680930,0.451374
21017,21018,289.694713,0.343348
21018,21019,289.708496,0.413379
21019,21020,289.722279,0.423841
21020,21021,289.736063,0.424233
21021,21022,289.749846,0.441744
21022,21023,289.763629,0.427989
21023,21024,289.777412,0.446813
21024,21025,289.791195,0.371295
21025,21026,289.804978,0.354068
21026,21027,289.818762,0.406257
21027,21028,289.832545,0.450198
21028,21029,289.846328,0.464895
21029,21030,289.860111,0.462477
21030,21031,289.873894,0.405774
21031,21032,289.887677,0.458367
21032,21033,289.901461,0.450662
21033,21034,289.915244,0.400095
21034,21035,289.929027,0.403558
21035,21036,289.942810,0.406047
21036,21037,289.956593,0.381438
21037,21038,289.970376,0.387533
21038,21039,289.984160,0.495923
21039,21040,289.997943,0.461839
21040,21041,290.011726,0.481133
21041,21042,290.025509,0.467652
21042,21043,290.039292,0.392839
21043,21044,290.053075,0.364267
21044,21045,290.066859,0.462515
21045,21046,290.080642,0.482807
21046,21047,290.094425,0.441925
21047,21048,290.108208,0.378002
21048,21049,290.121991,0.410558
21049,21050,290.135775,0.400108
21050,21051,290.149558,0.497137
21051,21052,290.163341,0.401439
21052,21053,290.177124,0.412520
21053,21054,290.190907,0.500005
21054,21055,290.204690,0.412610
21055,21056,290.218474,0.390196
21056,21057,290.232257,0.437226
21057,21058,290.246040,0.376378
21058,21059,290.259823,0.416705
21059,21060,290.273606,0.418989
21060,21061,290.287389,0.462681
21061,21062,290.301173,0.408446
21062,21063,290.314956,0.438453
21063,21064,290.328739,0.462382
21064,21065,290.342522,0.400412
21065,21066,290.356305,0.421127
21066,21067,290.370088,0.401243
21067,21068,290.383872,0.419774
21068,21069,290.397655,0.369230
21069,21070,290.411438,0.449534
21070,21071,290.425221,0.385863
21071,21072,290.439004,0.386541
21072,21073,290.452787,0.348466
21073,21074,290.466571,0.539114
21074,21075,290.480354,0.398713
21075,21076,290.494137,0.441472
21076,21077,290.507920,0.392510
21077,21078,290.521703,0.419917
21078,21079,290.535487,0.480773
21079,21080,290.549270,0.512564
21080,21081,290.563053,0.338934
21081,21082,290.576836,0.461906
21082,21083,290.590619,0.461240
21083,21084,290.604402,0.549859
21084,21085,290.618186,0.410397
21085,21086,290.631969,0.409019
21086,21087,290.645752,0.351184
21087,21088,290.659535,0.444507
21088,21089,290.673318,0.477631
21089,21090,290.687101,0.466884
21090,21091,290.700885,0.402379
21091,21092,290.714668,0.379042
21092,21093,290.728451,0.413810
21093,21094,290.742234,0.564380
21094,21095,290.756017,0.501541
21095,21096,290.769800,0.420874
21096,21097,290.783584,0.374451
21097,21098,290.797367,0.468151
21098,21099,290.811150,0.395140
21099,21100,290.824933,0.458216
21100,21101,290.838716,0.397233
21101,21102,290.852499,0.413654
21102,21103,290.866283,0.396482
21103,21104,290.880066,0.419882
21104,21105,290.893849,0.396904
21105,21106,290.907632,0.401271
21106,21107,290.921415,0.450788
21107,21108,290.935199,0.459771
21108,21109,290.948982,0.393003
21109,21110,290.962765,0.414347
21110,21111,290.976548,0.404081
21111,21112,290.990331,0.415064
21112,21113,291.004114,0.462268
21113,21114,291.017898,0.434854
21114,21115,291.031681,0.429512
21115,21116,291.045464,0.424810
21116,21117,291.059247,0.431483
21117,21118,291.073030,0.472718
21118,21119,291.086813,0.405162
21119,21120,291.100597,0.409763
21120,21121,291.114380,0.402342
21121,21122,291.128163,0.490608
21122,21123,291.141946,0.341476
21123,21124,291.155729,0.455954
21124,21125,291.169512,0.378130
21125,21126,291.183296,0.463853
21126,21127,291.197079,0.503417
21127,21128,291.210862,0.453175
21128,21129,291.224645,0.409606
21129,21130,291.238428,0.456664
21130,21131,291.252211,0.367990
21131,21132,291.265995,0.384740
21132,21133,291.279778,0.417126
21133,21134,291.293561,0.474835
21134,21135,291.307344,0.436214
21135,21136,291.321127,0.499669
21136,21137,291.334911,0.407119
21137,21138,291.348694,0.434368
21138,21139,291.362477,0.373889
21139,21140,291.376260,0.429484
21140,21141,291.390043,0.418868
21141,21142,291.403826,0.416431
21142,21143,291.417610,0.459799
21143,21144,291.431393,0.406771
21144,21145,291.445176,0.475573
21145,21146,291.458959,0.482325
21146,21147,291.472742,0.409315
21147,21148,291.486525,0.472500
21148,21149,291.500309,0.485703
21149,21150,291.514092,0.403116
21150,21151,291.527875,0.449657
21151,21152,291.541658,0.411226
21152,21153,291.555441,0.436178
21153,21154,291.569224,0.440684
21154,21155,291.583008,0.449603
21155,21156,291.596791,0.382761
21156,21157,291.610574,0.369873
21157,21158,291.624357,0.516778
21158,21159,291.638140,0.490033
21159,21160,291.651923,0.432762
21160,21161,291.665707,0.425337
21161,21162,291.679490,0.430806
21162,21163,291.693273,0.394796
21163,21164,291.707056,0.392313
21164,21165,291.720839,0.379240
21165,21166,291.734623,0.482800
21166,21167,291.748406,0.403012
21167,21168,291.762189,0.374416
21168,21169,291.775972,0.357178
21169,21170,291.789755,0.404242
21170,21171,291.803538,0.493004
21171,21172,291.817322,0.443385
21172,21173,291.831105,0.359635
21173,21174,291.844888,0.420903
21174,21175,291.858671,0.332542
21175,21176,291.872454,0.512055
21176,21177,291.886237,0.409277
21177,21178,291.900021,0.387461
21178,21179,291.913804,0.466590
21179,21180,291.927587,0.483635
21180,21181,291.941370,0.466407
21181,21182,291.955153,0.522263
21182,21183,291.968936,0.441094
21183,21184,291.982720,0.459793
21184,21185,291.996503,0.441169
21185,21186,292.010286,0.438814
21186,21187,292.024069,0.393339
21187,21188,292.037852,0.410195
21188,21189,292.051635,0.394614
21189,21190,292.065419,0.365479
21190,21191,292.079202,0.428601
21191,21192,292.092985,0.371933
21192,21193,292.106768,0.465150
21193,21194,292.120551,0.385935
21194,21195,292.134334,0.435170
21195,21196,292.148118,0.444351
21196,21197,292.161901,0.438448
21197,21198,292.175684,0.418180
21198,21199,292.189467,0.396415
21199,21200,292.203250,0.458875
21200,21201,292.217034,0.383309
21201,21202,292.230817,0.397740
21202,21203,292.244600,0.530125
21203,21204,292.258383,0.432064
21204,21205,292.272166,0.464955
21205,21206,292.285949,0.419281
21206,21207,292.299733,0.379273
21207,21208,292.313516,0.482576
21208,21209,292.327299,0.438274
21209,21210,292.341082,0.429126
21210,21211,292.354865,0.445340
21211,21212,292.368648,0.447085
21212,21213,292.382432,0.453975
21213,21214,292.396215,0.365838
21214,21215,292.409998,0.422045
21215,21216,292.423781,0.422633
21216,21217,292.437564,0.403028
21217,21218,292.451347,0.410762
21218,21219,292.465131,0.457449
21219,21220,292.478914,0.487937
21220,21221,292.492697,0.424087
21221,21222,292.506480,0.370665
21222,21223,292.520263,0.372954
21223,21224,292.534046,0.548236
21224,21225,292.547830,0.446181
21225,21226,292.561613,0.476478
21226,21227,292.575396,0.378579
21227,21228,292.589179,0.498267
21228,21229,292.602962,0.409698
21229,21230,292.616746,0.434286
21230,21231,292.630529,0.453003
21231,21232,292.644312,0.418475
21232,21233,292.658095,0.392335
21233,21234,292.671878,0.460590
21234,21235,292.685661,0.456123
21235,21236,292.699445,0.418766
21236,21237,292.713228,0.408257
21237,21238,292.727011,0.420553
21238,21239,292.740794,0.474780
21239,21240,292.754577,0.445427
21240,21241,292.768360,0.409399
21241,21242,292.782144,0.425771
21242,21243,292.795927,0.488286
21243,21244,292.809710,0.365527
21244,21245,292.823493,0.379757
21245,21246,292.837276,0.397420
21246,21247,292.851059,0.441579
21247,21248,292.864843,0.453073
21248,21249,292.878626,0.422405
21249,21250,292.892409,0.388259
21250,21251,292.906192,0.452237
21251,21252,292.919975,0.416646
21252,21253,292.933758,0.367208
21253,21254,292.947542,0.408398
21254,21255,292.961325,0.451508
21255,21256,292.975108,0.417856
21256,21257,292.988891,0.428388
21257,21258,293.002674,0.373809
21258,21259,293.016458,0.499823
21259,21260,293.030241,0.432179
21260,21261,293.044024,0.447242
21261,21262,293.057807,0.423569
21262,21263,293.071590,0.417990
21263,21264,293.085373,0.386419
21264,21265,293.099157,0.375287
21265,21266,293.112940,0.342159
21266,21267,293.126723,0.412624
21267,21268,293.140506,0.395788
21268,21269,293.154289,0.408692
21269,21270,293.168072,0.407273
21270,21271,293.181856,0.451619
21271,21272,293.195639,0.372046
21272,21273,293.209422,0.448170
21273,21274,293.223205,0.387374
21274,21275,293.236988,0.356058
21275,21276,293.250771,0.412113
21276,21277,293.264555,0.423832
21277,21278,293.278338,0.454955
21278,21279,293.292121,0.436376
21279,21280,293.305904,0.361664
21280,21281,293.319687,0.399530
21281,21282,293.333470,0.437081
21282,21283,293.347254,0.390926
21283,21284,293.361037,0.461146
21284,21285,293.374820,0.438317
21285,21286,293.388603,0.495177
21286,21287,293.402386,0.459001
21287,21288,293.416170,0.315584
21288,21289,293.429953,0.390779
21289,21290,293.443736,0.378512
21290,21291,293.457519,0.471259
21291,21292,293.471302,0.429196
21292,21293,293.485085,0.335466
21293,21294,293.498869,0.483650
21294,21295,293.512652,0.432994
21295,21296,293.526435,0.505648
21296,21297,293.540218,0.426603
21297,21298,293.554001,0.422118
21298,21299,293.567784,0.403786
21299,21300,293.581568,0.450687
21300,21301,293.595351,0.436967
21301,21302,293.609134,0.438814
21302,21303,293.622917,0.403391
21303,21304,293.636700,0.383922
21304,21305,293.650483,0.366688
21305,21306,293.664267,0.371665
21306,21307,293.678050,0.375007
21307,21308,293.691833,0.477204
21308,21309,293.705616,0.518533
21309,21310,293.719399,0.523751
21310,21311,293.733182,0.491383
21311,21312,293.746966,0.415927
21312,21313,293.760749,0.460093
21313,21314,293.774532,0.462404
21314,21315,293.788315,0.369465
21315,21316,293.802098,0.429390
21316,21317,293.815882,0.421491
21317,21318,293.829665,0.340150
21318,21319,293.843448,0.400796
21319,21320,293.857231,0.488780
21320,21321,293.871014,0.427548
21321,21322,293.884797,0.465370
21322,21323,293.898581,0.504340
21323,21324,293.912364,0.433384
21324,21325,293.926147,0.448436
21325,21326,293.939930,0.398803
21326,21327,293.953713,0.410348
21327,21328,293.967496,0.434246
21328,21329,293.981280,0.397707
21329,21330,293.995063,0.397762
21330,21331,294.008846,0.373024
21331,21332,294.022629,0.454631
21332,21333,294.036412,0.429337
21333,21334,294.050195,0.466837
21334,21335,294.063979,0.404936
21335,21336,294.077762,0.359655
21336,21337,294.091545,0.430037
21337,21338,294.105328,0.409651
21338,21339,294.119111,0.471278
21339,21340,294.132894,0.347041
21340,21341,294.146678,0.476961
21341,21342,294.160461,0.396205
21342,21343,294.174244,0.401621
21343,21344,294.188027,0.436928
21344,21345,294.201810,0.447319
21345,21346,294.215593,0.406493
21346,21347,294.229377,0.400478
21347,21348,294.243160,0.469843
21348,21349,294.256943,0.459590
21349,21350,294.270726,0.483891
21350,21351,294.284509,0.458767
21351,21352,294.298293,0.404877
21352,21353,294.312076,0.395517
21353,21354,294.325859,0.454120
21354,21355,294.339642,0.412462
21355,21356,294.353425,0.461516
21356,21357,294.367208,0.494532
21357,21358,294.380992,0.487978
21358,21359,294.394775,0.451455
21359,21360,294.408558,0.363316
21360,21361,294.422341,0.469870
21361,21362,294.436124,0.332319
21362,21363,294.449907,0.410877
21363,21364,294.463691,0.404305
21364,21365,294.477474,0.412530
21365,21366,294.491257,0.351103
21366,21367,294.505040,0.345184
21367,21368,294.518823,0.440366
21368,21369,294.532606,0.329776
21369,21370,294.546390,0.408006
21370,21371,294.560173,0.374687
21371,21372,294.573956,0.324131
21372,21373,294.587739,0.420525
21373,21374,294.601522,0.424991
21374,21375,294.615305,0.476008
21375,21376,294.629089,0.463287
21376,21377,294.642872,0.430498
21377,21378,294.656655,0.451481
21378,21379,294.670438,0.561764
21379,21380,294.684221,0.456322
21380,21381,294.698005,0.434678
21381,21382,294.711788,0.444359
21382,21383,294.725571,0.369318
21383,21384,294.739354,0.450741
21384,21385,294.753137,0.448898
21385,21386,294.766920,0.381495
21386,21387,294.780704,0.476734
21387,21388,294.794487,0.460821
21388,21389,294.808270,0.390928
21389,21390,294.822053,0.392522
21390,21391,294.835836,0.466504
21391,21392,294.849619,0.426790
21392,21393,294.863403,0.472959
21393,21394,294.877186,0.459535
21394,21395,294.890969,0.423688
21395,21396,294.904752,0.482649
21396,21397,294.918535,0.477318
21397,21398,294.932318,0.442578
21398,21399,294.946102,0.350615
21399,21400,294.959885,0.499019
21400,21401,294.973668,0.440093
21401,21402,294.987451,0.383378
21402,21403,295.001234,0.443851
21403,21404,295.015017,0.484915
21404,21405,295.028801,0.424224
21405,21406,295.042584,0.336051
21406,21407,295.056367,0.416798
21407,21408,295.070150,0.408326
21408,21409,295.083933,0.468786
21409,21410,295.097717,0.507360
21410,21411,295.111500,0.405821
21411,21412,295.125283,0.371309
21412,21413,295.139066,0.454801
21413,21414,295.152849,0.424963
21414,21415,295.166632,0.454294
21415,21416,295.180416,0.446594
21416,21417,295.194199,0.519765
21417,21418,295.207982,0.410430
21418,21419,295.221765,0.437925
21419,21420,295.235548,0.471205
