frame_index,frame_number_1based,integrated_time_s,raw_std
0,1,0.013783,0.404540
1,2,0.027566,0.366725
2,3,0.041350,0.401350
3,4,0.055133,0.431183
4,5,0.068916,0.461373
5,6,0.082699,0.415948
6,7,0.096482,0.412684
7,8,0.110265,0.445817
8,9,0.124049,0.367020
9,10,0.137832,0.440958
10,11,0.151615,0.468193
11,12,0.165398,0.414088
12,13,0.179181,0.423309
13,14,0.192964,0.460265
14,15,0.206748,0.497300
15,16,0.220531,0.520292
16,17,0.234314,0.478937
17,18,0.248097,0.449548
18,19,0.261880,0.395199
19,20,0.275663,0.471191
20,21,0.289447,0.443207
21,22,0.303230,0.482405
22,23,0.317013,0.400751
23,24,0.330796,0.494106
24,25,0.344579,0.463846
25,26,0.358362,0.340641
26,27,0.372146,0.489768
27,28,0.385929,0.468321
28,29,0.399712,0.389002
29,30,0.413495,0.481184
30,31,0.427278,0.444625
31,32,0.441062,0.456856
32,33,0.454845,0.441178
33,34,0.468628,0.432678
34,35,0.482411,0.469505
35,36,0.496194,0.455523
36,37,0.509977,0.429142
37,38,0.523761,0.468599
38,39,0.537544,0.433195
39,40,0.551327,0.389658
40,41,0.565110,0.468473
41,42,0.578893,0.389566
42,43,0.592676,0.439459
43,44,0.606460,0.486847
44,45,0.620243,0.401128
45,46,0.634026,0.468678
46,47,0.647809,0.382077
47,48,0.661592,0.361477
48,49,0.675375,0.474899
49,50,0.689159,0.404649
50,51,0.702942,0.460648
51,52,0.716725,0.541939
52,53,0.730508,0.535193
53,54,0.744291,0.463096
54,55,0.758074,0.400250
55,56,0.771858,0.536981
56,57,0.785641,0.422789
57,58,0.799424,0.390821
58,59,0.813207,0.558911
59,60,0.826990,0.509132
60,61,0.840774,0.440515
61,62,0.854557,0.431021
62,63,0.868340,0.416491
63,64,0.882123,0.393344
64,65,0.895906,0.455247
65,66,0.909689,0.504163
66,67,0.923473,0.409137
67,68,0.937256,0.475426
68,69,0.951039,0.411803
69,70,0.964822,0.421427
70,71,0.978605,0.421738
71,72,0.992388,0.452221
72,73,1.006172,0.451317
73,74,1.019955,0.428389
74,75,1.033738,0.410567
75,76,1.047521,0.381565
76,77,1.061304,0.482503
77,78,1.075087,0.448349
78,79,1.088871,0.517302
79,80,1.102654,0.390804
80,81,1.116437,0.526272
81,82,1.130220,0.420174
82,83,1.144003,0.395303
83,84,1.157786,0.537006
84,85,1.171570,0.407244
85,86,1.185353,0.446919
86,87,1.199136,0.451735
87,88,1.212919,0.451647
88,89,1.226702,0.408779
89,90,1.240485,0.494091
90,91,1.254269,0.475596
91,92,1.268052,0.439582
92,93,1.281835,0.333170
93,94,1.295618,0.424435
94,95,1.309401,0.404442
95,96,1.323185,0.558341
96,97,1.336968,0.429347
97,98,1.350751,0.462430
98,99,1.364534,0.480163
99,100,1.378317,0.447934
100,101,1.392100,0.466739
101,102,1.405884,0.478445
102,103,1.419667,0.528394
103,104,1.433450,0.492899
104,105,1.447233,0.494623
105,106,1.461016,0.453056
106,107,1.474799,0.401534
107,108,1.488583,0.404204
108,109,1.502366,0.472908
109,110,1.516149,0.363806
110,111,1.529932,0.382060
111,112,1.543715,0.393143
112,113,1.557498,0.432865
113,114,1.571282,0.412112
114,115,1.585065,0.447804
115,116,1.598848,0.511394
116,117,1.612631,0.417732
117,118,1.626414,0.379879
118,119,1.640197,0.567583
119,120,1.653981,0.443230
120,121,1.667764,0.422861
121,122,1.681547,0.484142
122,123,1.695330,0.448236
123,124,1.709113,0.425253
124,125,1.722897,0.471142
125,126,1.736680,0.439746
126,127,1.750463,0.408277
127,128,1.764246,0.375896
128,129,1.778029,0.474018
129,130,1.791812,0.494077
130,131,1.805596,0.448835
131,132,1.819379,0.507844
132,133,1.833162,0.469082
133,134,1.846945,0.421053
134,135,1.860728,0.442306
135,136,1.874511,0.455323
136,137,1.888295,0.463089
137,138,1.902078,0.440716
138,139,1.915861,0.398361
139,140,1.929644,0.454563
140,141,1.943427,0.475824
141,142,1.957210,0.460547
142,143,1.970994,0.412756
143,144,1.984777,0.489962
144,145,1.998560,0.446122
145,146,2.012343,0.424747
146,147,2.026126,0.489355
147,148,2.039909,0.427770
148,149,2.053693,0.513074
149,150,2.067476,0.394514
150,151,2.081259,0.429834
151,152,2.095042,0.487486
152,153,2.108825,0.376452
153,154,2.122609,0.476424
154,155,2.136392,0.491875
155,156,2.150175,0.430509
156,157,2.163958,0.372277
157,158,2.177741,0.362265
158,159,2.191524,0.428095
159,160,2.205308,0.397380
160,161,2.219091,0.389400
161,162,2.232874,0.394864
162,163,2.246657,0.529503
163,164,2.260440,0.483612
164,165,2.274223,0.476008
165,166,2.288007,0.453033
166,167,2.301790,0.437617
167,168,2.315573,0.475441
168,169,2.329356,0.391580
169,170,2.343139,0.502409
170,171,2.356922,0.439461
171,172,2.370706,0.467695
172,173,2.384489,0.329553
173,174,2.398272,0.427867
174,175,2.412055,0.422964
175,176,2.425838,0.460190
176,177,2.439621,0.497315
177,178,2.453405,0.447213
178,179,2.467188,0.481789
179,180,2.480971,0.438507
180,181,2.494754,0.408012
181,182,2.508537,0.427795
182,183,2.522321,0.460457
183,184,2.536104,0.467590
184,185,2.549887,0.496708
185,186,2.563670,0.417859
186,187,2.577453,0.437026
187,188,2.591236,0.457453
188,189,2.605020,0.420952
189,190,2.618803,0.388307
190,191,2.632586,0.426638
191,192,2.646369,0.415008
192,193,2.660152,0.473115
193,194,2.673935,0.428305
194,195,2.687719,0.437790
195,196,2.701502,0.427461
196,197,2.715285,0.442176
197,198,2.729068,0.435434
198,199,2.742851,0.404180
199,200,2.756634,0.392507
200,201,2.770418,0.439005
201,202,2.784201,0.416724
202,203,2.797984,0.497212
203,204,2.811767,0.486095
204,205,2.825550,0.404419
205,206,2.839333,0.466678
206,207,2.853117,0.435772
207,208,2.866900,0.532848
208,209,2.880683,0.518686
209,210,2.894466,0.448522
210,211,2.908249,0.456621
211,212,2.922033,0.484393
212,213,2.935816,0.440461
213,214,2.949599,0.462512
214,215,2.963382,0.455575
215,216,2.977165,0.431091
216,217,2.990948,0.451865
217,218,3.004732,0.462377
218,219,3.018515,0.545742
219,220,3.032298,0.523668
220,221,3.046081,0.455227
221,222,3.059864,0.437571
222,223,3.073647,0.503044
223,224,3.087431,0.521506
224,225,3.101214,0.485607
225,226,3.114997,0.396677
226,227,3.128780,0.395633
227,228,3.142563,0.440255
228,229,3.156346,0.445986
229,230,3.170130,0.447405
230,231,3.183913,0.484481
231,232,3.197696,0.555452
232,233,3.211479,0.426861
233,234,3.225262,0.493704
234,235,3.239045,0.504873
235,236,3.252829,0.458258
236,237,3.266612,0.532889
237,238,3.280395,0.418214
238,239,3.294178,0.413661
239,240,3.307961,0.400063
240,241,3.321744,0.447550
241,242,3.335528,0.497086
242,243,3.349311,0.411607
243,244,3.363094,0.364496
244,245,3.376877,0.444022
245,246,3.390660,0.463792
246,247,3.404444,0.374133
247,248,3.418227,0.370764
248,249,3.432010,0.461836
249,250,3.445793,0.467679
250,251,3.459576,0.443916
251,252,3.473359,0.426865
252,253,3.487143,0.365666
253,254,3.500926,0.440847
254,255,3.514709,0.445804
255,256,3.528492,0.416129
256,257,3.542275,0.453718
257,258,3.556058,0.364253
258,259,3.569842,0.410228
259,260,3.583625,0.463163
260,261,3.597408,0.433703
261,262,3.611191,0.465654
262,263,3.624974,0.507188
263,264,3.638757,0.442160
264,265,3.652541,0.510438
265,266,3.666324,0.415658
266,267,3.680107,0.427325
267,268,3.693890,0.479286
268,269,3.707673,0.471034
269,270,3.721456,0.391666
270,271,3.735240,0.412172
271,272,3.749023,0.477174
272,273,3.762806,0.447845
273,274,3.776589,0.426556
274,275,3.790372,0.406740
275,276,3.804156,0.459281
276,277,3.817939,0.417604
277,278,3.831722,0.358967
278,279,3.845505,0.502546
279,280,3.859288,0.432046
280,281,3.873071,0.385242
281,282,3.886855,0.385437
282,283,3.900638,0.436280
283,284,3.914421,0.420161
284,285,3.928204,0.341860
285,286,3.941987,0.460808
286,287,3.955770,0.433292
287,288,3.969554,0.404789
288,289,3.983337,0.445262
289,290,3.997120,0.470002
290,291,4.010903,0.440152
291,292,4.024686,0.475780
292,293,4.038469,0.457702
293,294,4.052253,0.420683
294,295,4.066036,0.436499
295,296,4.079819,0.416587
296,297,4.093602,0.400341
297,298,4.107385,0.541466
298,299,4.121168,0.355573
299,300,4.134952,0.349493
300,301,4.148735,0.355733
301,302,4.162518,0.414862
302,303,4.176301,0.525933
303,304,4.190084,0.378160
304,305,4.203868,0.445534
305,306,4.217651,0.433593
306,307,4.231434,0.378470
307,308,4.245217,0.477744
308,309,4.259000,0.442250
309,310,4.272783,0.401933
310,311,4.286567,0.448563
311,312,4.300350,0.506041
312,313,4.314133,0.398729
313,314,4.327916,0.417860
314,315,4.341699,0.406374
315,316,4.355482,0.433802
316,317,4.369266,0.457315
317,318,4.383049,0.417829
318,319,4.396832,0.452644
319,320,4.410615,0.487064
320,321,4.424398,0.452897
321,322,4.438181,0.414011
322,323,4.451965,0.483128
323,324,4.465748,0.452431
324,325,4.479531,0.456453
325,326,4.493314,0.475137
326,327,4.507097,0.446398
327,328,4.520880,0.450593
328,329,4.534664,0.445020
329,330,4.548447,0.433155
330,331,4.562230,0.415972
331,332,4.576013,0.483952
332,333,4.589796,0.411533
333,334,4.603580,0.429643
334,335,4.617363,0.435562
335,336,4.631146,0.427086
336,337,4.644929,0.376884
337,338,4.658712,0.461319
338,339,4.672495,0.436884
339,340,4.686279,0.488876
340,341,4.700062,0.408856
341,342,4.713845,0.480506
342,343,4.727628,0.351041
343,344,4.741411,0.461398
344,345,4.755194,0.430480
345,346,4.768978,0.403176
346,347,4.782761,0.390456
347,348,4.796544,0.501506
348,349,4.810327,0.433754
349,350,4.824110,0.430706
350,351,4.837893,0.441844
351,352,4.851677,0.426609
352,353,4.865460,0.451601
353,354,4.879243,0.414697
354,355,4.893026,0.398675
355,356,4.906809,0.458063
356,357,4.920592,0.458015
357,358,4.934376,0.494078
358,359,4.948159,0.399428
359,360,4.961942,0.410967
360,361,4.975725,0.425289
361,362,4.989508,0.422559
362,363,5.003292,0.451512
363,364,5.017075,0.450877
364,365,5.030858,0.519953
365,366,5.044641,0.496391
366,367,5.058424,0.412532
367,368,5.072207,0.417681
368,369,5.085991,0.469973
369,370,5.099774,0.461409
370,371,5.113557,0.431714
371,372,5.127340,0.462286
372,373,5.141123,0.442263
373,374,5.154906,0.461970
374,375,5.168690,0.431795
375,376,5.182473,0.405806
376,377,5.196256,0.483478
377,378,5.210039,0.430000
378,379,5.223822,0.439800
379,380,5.237605,0.314778
380,381,5.251389,0.534400
381,382,5.265172,0.443552
382,383,5.278955,0.445120
383,384,5.292738,0.463939
384,385,5.306521,0.428649
385,386,5.320304,0.457720
386,387,5.334088,0.478271
387,388,5.347871,0.459895
388,389,5.361654,0.458003
389,390,5.375437,0.396061
390,391,5.389220,0.483105
391,392,5.403003,0.422417
392,393,5.416787,0.405544
393,394,5.430570,0.528488
394,395,5.444353,0.484524
395,396,5.458136,0.500763
396,397,5.471919,0.474381
397,398,5.485703,0.488345
398,399,5.499486,0.408742
399,400,5.513269,0.383503
400,401,5.527052,0.501581
401,402,5.540835,0.414729
402,403,5.554618,0.544193
403,404,5.568402,0.432548
404,405,5.582185,0.415901
405,406,5.595968,0.453638
406,407,5.609751,0.433727
407,408,5.623534,0.469966
408,409,5.637317,0.368993
409,410,5.651101,0.405291
410,411,5.664884,0.462802
411,412,5.678667,0.419457
412,413,5.692450,0.533150
413,414,5.706233,0.451421
414,415,5.720016,0.404646
415,416,5.733800,0.422513
416,417,5.747583,0.503582
417,418,5.761366,0.355965
418,419,5.775149,0.376931
419,420,5.788932,0.412968
420,421,5.802715,0.464697
421,422,5.816499,0.457356
422,423,5.830282,0.453047
423,424,5.844065,0.524046
424,425,5.857848,0.434861
425,426,5.871631,0.409442
426,427,5.885415,0.452251
427,428,5.899198,0.452947
428,429,5.912981,0.464553
429,430,5.926764,0.394863
430,431,5.940547,0.364688
431,432,5.954330,0.485084
432,433,5.968114,0.466090
433,434,5.981897,0.392330
434,435,5.995680,0.435148
435,436,6.009463,0.379408
436,437,6.023246,0.411089
437,438,6.037029,0.441341
438,439,6.050813,0.429787
439,440,6.064596,0.389590
440,441,6.078379,0.465021
441,442,6.092162,0.463316
442,443,6.105945,0.463989
443,444,6.119728,0.466547
444,445,6.133512,0.418869
445,446,6.147295,0.466035
446,447,6.161078,0.371558
447,448,6.174861,0.466132
448,449,6.188644,0.388557
449,450,6.202427,0.468517
450,451,6.216211,0.500126
451,452,6.229994,0.439362
452,453,6.243777,0.446621
453,454,6.257560,0.464534
454,455,6.271343,0.448471
455,456,6.285127,0.442789
456,457,6.298910,0.445409
457,458,6.312693,0.436109
458,459,6.326476,0.423008
459,460,6.340259,0.388292
460,461,6.354042,0.388368
461,462,6.367826,0.430800
462,463,6.381609,0.490086
463,464,6.395392,0.405541
464,465,6.409175,0.432283
465,466,6.422958,0.450582
466,467,6.436741,0.426635
467,468,6.450525,0.495539
468,469,6.464308,0.364305
469,470,6.478091,0.416792
470,471,6.491874,0.399466
471,472,6.505657,0.492531
472,473,6.519440,0.393825
473,474,6.533224,0.395259
474,475,6.547007,0.463825
475,476,6.560790,0.492863
476,477,6.574573,0.439267
477,478,6.588356,0.463313
478,479,6.602139,0.424196
479,480,6.615923,0.411983
480,481,6.629706,0.462196
481,482,6.643489,0.513086
482,483,6.657272,0.386125
483,484,6.671055,0.505088
484,485,6.684839,0.425152
485,486,6.698622,0.386353
486,487,6.712405,0.402298
487,488,6.726188,0.411509
488,489,6.739971,0.440627
489,490,6.753754,0.464906
490,491,6.767538,0.453477
491,492,6.781321,0.540669
492,493,6.795104,0.431575
493,494,6.808887,0.433996
494,495,6.822670,0.461762
495,496,6.836453,0.385845
496,497,6.850237,0.433635
497,498,6.864020,0.428812
498,499,6.877803,0.393580
499,500,6.891586,0.398965
500,501,6.905369,0.474801
501,502,6.919152,0.429998
502,503,6.932936,0.490267
503,504,6.946719,0.407480
504,505,6.960502,0.465366
505,506,6.974285,0.474702
506,507,6.988068,0.412321
507,508,7.001851,0.433738
508,509,7.015635,0.406334
509,510,7.029418,0.469112
510,511,7.043201,0.433855
511,512,7.056984,0.449165
512,513,7.070767,0.466590
513,514,7.084551,0.411959
514,515,7.098334,0.463894
515,516,7.112117,0.414722
516,517,7.125900,0.450141
517,518,7.139683,0.418328
518,519,7.153466,0.471027
519,520,7.167250,0.398881
520,521,7.181033,0.501437
521,522,7.194816,0.446338
522,523,7.208599,0.403503
523,524,7.222382,0.527327
524,525,7.236165,0.449701
525,526,7.249949,0.437015
526,527,7.263732,0.438577
527,528,7.277515,0.451580
528,529,7.291298,0.456645
529,530,7.305081,0.512652
530,531,7.318864,0.365690
531,532,7.332648,0.453263
532,533,7.346431,0.430354
533,534,7.360214,0.474509
534,535,7.373997,0.486307
535,536,7.387780,0.472485
536,537,7.401563,0.495059
537,538,7.415347,0.466217
538,539,7.429130,0.421046
539,540,7.442913,0.412853
540,541,7.456696,0.363619
541,542,7.470479,0.440914
542,543,7.484262,0.414177
543,544,7.498046,0.440606
544,545,7.511829,0.381116
545,546,7.525612,0.417552
546,547,7.539395,0.451529
547,548,7.553178,0.396956
548,549,7.566962,0.444282
549,550,7.580745,0.449203
550,551,7.594528,0.426131
551,552,7.608311,0.415537
552,553,7.622094,0.429820
553,554,7.635877,0.475549
554,555,7.649661,0.470519
555,556,7.663444,0.383282
556,557,7.677227,0.425454
557,558,7.691010,0.432982
558,559,7.704793,0.511289
559,560,7.718576,0.504220
560,561,7.732360,0.414797
561,562,7.746143,0.497010
562,563,7.759926,0.506149
563,564,7.773709,0.415856
564,565,7.787492,0.426696
565,566,7.801275,0.439085
566,567,7.815059,0.492408
567,568,7.828842,0.478441
568,569,7.842625,0.455783
569,570,7.856408,0.498636
570,571,7.870191,0.454739
571,572,7.883974,0.357684
572,573,7.897758,0.460646
573,574,7.911541,0.316490
574,575,7.925324,0.454615
575,576,7.939107,0.419574
576,577,7.952890,0.425848
577,578,7.966674,0.415579
578,579,7.980457,0.429419
579,580,7.994240,0.444729
580,581,8.008023,0.471373
581,582,8.021806,0.470855
582,583,8.035589,0.403170
583,584,8.049373,0.388808
584,585,8.063156,0.460587
585,586,8.076939,0.482367
586,587,8.090722,0.448003
587,588,8.104505,0.419674
588,589,8.118288,0.462538
589,590,8.132072,0.376865
590,591,8.145855,0.409895
591,592,8.159638,0.478931
592,593,8.173421,0.514341
593,594,8.187204,0.441522
594,595,8.200987,0.427581
595,596,8.214771,0.437671
596,597,8.228554,0.363219
597,598,8.242337,0.441459
598,599,8.256120,0.438350
599,600,8.269903,0.469567
600,601,8.283686,0.430930
601,602,8.297470,0.506989
602,603,8.311253,0.425871
603,604,8.325036,0.434783
604,605,8.338819,0.428247
605,606,8.352602,0.429306
606,607,8.366386,0.430306
607,608,8.380169,0.480492
608,609,8.393952,0.408543
609,610,8.407735,0.391903
610,611,8.421518,0.485702
611,612,8.435301,0.414466
612,613,8.449085,0.463311
613,614,8.462868,0.442600
614,615,8.476651,0.463369
615,616,8.490434,0.429562
616,617,8.504217,0.430084
617,618,8.518000,0.370958
618,619,8.531784,0.478469
619,620,8.545567,0.424293
620,621,8.559350,0.431459
621,622,8.573133,0.516591
622,623,8.586916,0.414191
623,624,8.600699,0.369033
624,625,8.614483,0.523810
625,626,8.628266,0.524450
626,627,8.642049,0.413195
627,628,8.655832,0.470451
628,629,8.669615,0.436353
629,630,8.683398,0.406843
630,631,8.697182,0.427830
631,632,8.710965,0.488350
632,633,8.724748,0.454075
633,634,8.738531,0.508199
634,635,8.752314,0.358985
635,636,8.766098,0.474267
636,637,8.779881,0.382867
637,638,8.793664,0.484469
638,639,8.807447,0.383783
639,640,8.821230,0.444421
640,641,8.835013,0.541829
641,642,8.848797,0.427043
642,643,8.862580,0.470959
643,644,8.876363,0.468595
644,645,8.890146,0.494064
645,646,8.903929,0.461054
646,647,8.917712,0.457733
647,648,8.931496,0.412717
648,649,8.945279,0.543867
649,650,8.959062,0.384183
650,651,8.972845,0.402765
651,652,8.986628,0.375158
652,653,9.000411,0.450414
653,654,9.014195,0.451674
654,655,9.027978,0.378988
655,656,9.041761,0.379930
656,657,9.055544,0.416110
657,658,9.069327,0.490459
658,659,9.083110,0.470752
659,660,9.096894,0.441207
660,661,9.110677,0.412017
661,662,9.124460,0.481279
662,663,9.138243,0.490236
663,664,9.152026,0.416852
664,665,9.165810,0.426143
665,666,9.179593,0.446227
666,667,9.193376,0.490746
667,668,9.207159,0.481785
668,669,9.220942,0.443295
669,670,9.234725,0.480731
670,671,9.248509,0.410169
671,672,9.262292,0.444576
672,673,9.276075,0.367477
673,674,9.289858,0.463797
674,675,9.303641,0.396926
675,676,9.317424,0.451002
676,677,9.331208,0.378228
677,678,9.344991,0.462712
678,679,9.358774,0.600836
679,680,9.372557,0.442804
680,681,9.386340,0.432931
681,682,9.400123,0.434044
682,683,9.413907,0.428671
683,684,9.427690,0.450590
684,685,9.441473,0.386817
685,686,9.455256,0.449725
686,687,9.469039,0.438969
687,688,9.482822,0.370211
688,689,9.496606,0.398048
689,690,9.510389,0.446766
690,691,9.524172,0.391765
691,692,9.537955,0.430498
692,693,9.551738,0.392060
693,694,9.565521,0.467432
694,695,9.579305,0.453850
695,696,9.593088,0.383683
696,697,9.606871,0.427856
697,698,9.620654,0.447848
698,699,9.634437,0.457618
699,700,9.648221,0.455968
700,701,9.662004,0.457954
701,702,9.675787,0.494052
702,703,9.689570,0.447166
703,704,9.703353,0.500233
704,705,9.717136,0.412014
705,706,9.730920,0.412329
706,707,9.744703,0.422070
707,708,9.758486,0.495935
708,709,9.772269,0.407498
709,710,9.786052,0.428994
710,711,9.799835,0.472402
711,712,9.813619,0.379677
712,713,9.827402,0.453303
713,714,9.841185,0.416247
714,715,9.854968,0.426905
715,716,9.868751,0.428698
716,717,9.882534,0.454909
717,718,9.896318,0.410710
718,719,9.910101,0.498205
719,720,9.923884,0.480500
720,721,9.937667,0.528938
721,722,9.951450,0.417155
722,723,9.965233,0.436025
723,724,9.979017,0.388169
724,725,9.992800,0.453184
725,726,10.006583,0.438099
726,727,10.020366,0.421181
727,728,10.034149,0.469212
728,729,10.047933,0.453898
729,730,10.061716,0.386351
730,731,10.075499,0.497060
731,732,10.089282,0.424515
732,733,10.103065,0.475982
733,734,10.116848,0.434253
734,735,10.130632,0.467778
735,736,10.144415,0.402575
736,737,10.158198,0.377411
737,738,10.171981,0.370912
738,739,10.185764,0.465044
739,740,10.199547,0.443566
740,741,10.213331,0.454184
741,742,10.227114,0.463164
742,743,10.240897,0.416494
743,744,10.254680,0.518625
744,745,10.268463,0.406958
745,746,10.282246,0.412242
746,747,10.296030,0.353788
747,748,10.309813,0.439579
748,749,10.323596,0.449319
749,750,10.337379,0.449963
750,751,10.351162,0.439406
751,752,10.364945,0.425225
752,753,10.378729,0.437852
753,754,10.392512,0.485410
754,755,10.406295,0.443125
755,756,10.420078,0.428327
756,757,10.433861,0.416959
757,758,10.447645,0.416925
758,759,10.461428,0.438946
759,760,10.475211,0.381968
760,761,10.488994,0.456867
761,762,10.502777,0.389687
762,763,10.516560,0.497831
763,764,10.530344,0.431119
764,765,10.544127,0.401174
765,766,10.557910,0.487121
766,767,10.571693,0.423260
767,768,10.585476,0.433154
768,769,10.599259,0.418583
769,770,10.613043,0.406645
770,771,10.626826,0.401869
771,772,10.640609,0.418753
772,773,10.654392,0.446398
773,774,10.668175,0.468208
774,775,10.681958,0.528994
775,776,10.695742,0.488881
776,777,10.709525,0.461080
777,778,10.723308,0.484963
778,779,10.737091,0.469899
779,780,10.750874,0.469071
780,781,10.764657,0.455516
781,782,10.778441,0.423102
782,783,10.792224,0.462062
783,784,10.806007,0.404794
784,785,10.819790,0.359117
785,786,10.833573,0.435547
786,787,10.847357,0.459344
787,788,10.861140,0.408642
788,789,10.874923,0.438331
789,790,10.888706,0.455223
790,791,10.902489,0.403637
791,792,10.916272,0.411704
792,793,10.930056,0.460171
793,794,10.943839,0.432939
794,795,10.957622,0.492368
795,796,10.971405,0.438250
796,797,10.985188,0.510791
797,798,10.998971,0.358344
798,799,11.012755,0.414133
799,800,11.026538,0.483021
800,801,11.040321,0.513089
801,802,11.054104,0.449350
802,803,11.067887,0.422163
803,804,11.081670,0.424768
804,805,11.095454,0.407595
805,806,11.109237,0.449473
806,807,11.123020,0.418931
807,808,11.136803,0.479093
808,809,11.150586,0.428989
809,810,11.164369,0.460109
810,811,11.178153,0.448784
811,812,11.191936,0.463430
812,813,11.205719,0.500087
813,814,11.219502,0.371744
814,815,11.233285,0.431095
815,816,11.247069,0.427357
816,817,11.260852,0.451327
817,818,11.274635,0.405453
818,819,11.288418,0.414329
819,820,11.302201,0.401177
820,821,11.315984,0.423821
821,822,11.329768,0.417025
822,823,11.343551,0.460750
823,824,11.357334,0.459245
824,825,11.371117,0.469393
825,826,11.384900,0.418821
826,827,11.398683,0.464006
827,828,11.412467,0.432970
828,829,11.426250,0.408269
829,830,11.440033,0.448914
830,831,11.453816,0.433125
831,832,11.467599,0.416526
832,833,11.481382,0.353887
833,834,11.495166,0.448911
834,835,11.508949,0.373374
835,836,11.522732,0.451692
836,837,11.536515,0.514692
837,838,11.550298,0.454152
838,839,11.564081,0.440509
839,840,11.577865,0.422166
840,841,11.591648,0.527142
841,842,11.605431,0.426895
842,843,11.619214,0.468977
843,844,11.632997,0.394211
844,845,11.646780,0.460109
845,846,11.660564,0.433741
846,847,11.674347,0.423325
847,848,11.688130,0.414957
848,849,11.701913,0.486721
849,850,11.715696,0.496404
850,851,11.729480,0.463287
851,852,11.743263,0.389785
852,853,11.757046,0.436885
853,854,11.770829,0.421618
854,855,11.784612,0.391629
855,856,11.798395,0.427120
856,857,11.812179,0.468562
857,858,11.825962,0.438447
858,859,11.839745,0.428860
859,860,11.853528,0.427565
860,861,11.867311,0.454933
861,862,11.881094,0.367404
862,863,11.894878,0.466729
863,864,11.908661,0.458175
864,865,11.922444,0.392806
865,866,11.936227,0.382347
866,867,11.950010,0.411890
867,868,11.963793,0.454739
868,869,11.977577,0.468888
869,870,11.991360,0.431543
870,871,12.005143,0.408899
871,872,12.018926,0.414176
872,873,12.032709,0.439741
873,874,12.046492,0.454625
874,875,12.060276,0.409456
875,876,12.074059,0.491622
876,877,12.087842,0.351683
877,878,12.101625,0.432428
878,879,12.115408,0.434759
879,880,12.129192,0.442116
880,881,12.142975,0.476441
881,882,12.156758,0.400293
882,883,12.170541,0.454763
883,884,12.184324,0.453270
884,885,12.198107,0.397850
885,886,12.211891,0.492054
886,887,12.225674,0.446656
887,888,12.239457,0.380132
888,889,12.253240,0.493580
889,890,12.267023,0.433601
890,891,12.280806,0.492409
891,892,12.294590,0.432448
892,893,12.308373,0.474123
893,894,12.322156,0.463356
894,895,12.335939,0.352598
895,896,12.349722,0.485655
896,897,12.363505,0.422837
897,898,12.377289,0.479734
898,899,12.391072,0.476524
899,900,12.404855,0.489725
900,901,12.418638,0.472294
901,902,12.432421,0.497591
902,903,12.446204,0.485945
903,904,12.459988,0.496057
904,905,12.473771,0.461838
905,906,12.487554,0.398043
906,907,12.501337,0.446788
907,908,12.515120,0.431087
908,909,12.528904,0.455709
909,910,12.542687,0.418317
910,911,12.556470,0.432276
911,912,12.570253,0.480736
912,913,12.584036,0.411481
913,914,12.597819,0.524473
914,915,12.611603,0.489229
915,916,12.625386,0.441499
916,917,12.639169,0.488935
917,918,12.652952,0.523044
918,919,12.666735,0.418752
919,920,12.680518,0.507902
920,921,12.694302,0.399140
921,922,12.708085,0.415282
922,923,12.721868,0.398321
923,924,12.735651,0.430502
924,925,12.749434,0.461237
925,926,12.763217,0.406305
926,927,12.777001,0.475417
927,928,12.790784,0.413736
928,929,12.804567,0.428909
929,930,12.818350,0.387132
930,931,12.832133,0.395166
931,932,12.845916,0.436629
932,933,12.859700,0.474661
933,934,12.873483,0.429676
934,935,12.887266,0.433666
935,936,12.901049,0.406213
936,937,12.914832,0.416497
937,938,12.928616,0.563225
938,939,12.942399,0.427267
939,940,12.956182,0.423608
940,941,12.969965,0.475628
941,942,12.983748,0.526258
942,943,12.997531,0.474098
943,944,13.011315,0.425180
944,945,13.025098,0.413433
945,946,13.038881,0.490318
946,947,13.052664,0.500718
947,948,13.066447,0.457009
948,949,13.080230,0.440085
949,950,13.094014,0.453961
950,951,13.107797,0.408396
951,952,13.121580,0.458449
952,953,13.135363,0.451201
953,954,13.149146,0.416914
954,955,13.162929,0.414646
955,956,13.176713,0.454123
956,957,13.190496,0.478834
957,958,13.204279,0.431059
958,959,13.218062,0.428203
959,960,13.231845,0.444655
960,961,13.245628,0.413286
961,962,13.259412,0.450956
962,963,13.273195,0.499470
963,964,13.286978,0.474612
964,965,13.300761,0.495167
965,966,13.314544,0.474614
966,967,13.328328,0.338689
967,968,13.342111,0.502422
968,969,13.355894,0.414180
969,970,13.369677,0.450198
970,971,13.383460,0.400723
971,972,13.397243,0.436152
972,973,13.411027,0.466591
973,974,13.424810,0.396164
974,975,13.438593,0.413934
975,976,13.452376,0.439411
976,977,13.466159,0.418326
977,978,13.479942,0.417275
978,979,13.493726,0.455079
979,980,13.507509,0.437509
980,981,13.521292,0.439981
981,982,13.535075,0.499241
982,983,13.548858,0.408213
983,984,13.562641,0.464902
984,985,13.576425,0.433465
985,986,13.590208,0.431949
986,987,13.603991,0.426354
987,988,13.617774,0.499263
988,989,13.631557,0.386970
989,990,13.645340,0.421337
990,991,13.659124,0.416846
991,992,13.672907,0.476367
992,993,13.686690,0.406657
993,994,13.700473,0.524425
994,995,13.714256,0.445209
995,996,13.728039,0.408818
996,997,13.741823,0.518781
997,998,13.755606,0.424057
998,999,13.769389,0.410073
999,1000,13.783172,0.411841
1000,1001,13.796955,0.395723
1001,1002,13.810739,0.453068
1002,1003,13.824522,0.384519
1003,1004,13.838305,0.470124
1004,1005,13.852088,0.450245
1005,1006,13.865871,0.445185
1006,1007,13.879654,0.421176
1007,1008,13.893438,0.371069
1008,1009,13.907221,0.433357
1009,1010,13.921004,0.434811
1010,1011,13.934787,0.396014
1011,1012,13.948570,0.472216
1012,1013,13.962353,0.445598
1013,1014,13.976137,0.456326
1014,1015,13.989920,0.410304
1015,1016,14.003703,0.465694
1016,1017,14.017486,0.473683
1017,1018,14.031269,0.474276
1018,1019,14.045052,0.491084
1019,1020,14.058836,0.420212
1020,1021,14.072619,0.418789
1021,1022,14.086402,0.405284
1022,1023,14.100185,0.465212
1023,1024,14.113968,0.443375
1024,1025,14.127751,0.382047
1025,1026,14.141535,0.430550
1026,1027,14.155318,0.421540
1027,1028,14.169101,0.524446
1028,1029,14.182884,0.457957
1029,1030,14.196667,0.477229
1030,1031,14.210451,0.434989
1031,1032,14.224234,0.326976
1032,1033,14.238017,0.425246
1033,1034,14.251800,0.428937
1034,1035,14.265583,0.422870
1035,1036,14.279366,0.479460
1036,1037,14.293150,0.421585
1037,1038,14.306933,0.459717
1038,1039,14.320716,0.515284
1039,1040,14.334499,0.435975
1040,1041,14.348282,0.412453
1041,1042,14.362065,0.432087
1042,1043,14.375849,0.481094
1043,1044,14.389632,0.436561
1044,1045,14.403415,0.441639
1045,1046,14.417198,0.437915
1046,1047,14.430981,0.453841
1047,1048,14.444764,0.454310
1048,1049,14.458548,0.512770
1049,1050,14.472331,0.418172
1050,1051,14.486114,0.388933
1051,1052,14.499897,0.468436
1052,1053,14.513680,0.442149
1053,1054,14.527463,0.420992
1054,1055,14.541247,0.421775
1055,1056,14.555030,0.411230
1056,1057,14.568813,0.474874
1057,1058,14.582596,0.427433
1058,1059,14.596379,0.466282
1059,1060,14.610163,0.488425
1060,1061,14.623946,0.371836
1061,1062,14.637729,0.494231
1062,1063,14.651512,0.421787
1063,1064,14.665295,0.428575
1064,1065,14.679078,0.523905
1065,1066,14.692862,0.464469
1066,1067,14.706645,0.463991
1067,1068,14.720428,0.409351
1068,1069,14.734211,0.383511
1069,1070,14.747994,0.514303
1070,1071,14.761777,0.485751
1071,1072,14.775561,0.421064
1072,1073,14.789344,0.458599
1073,1074,14.803127,0.408368
1074,1075,14.816910,0.503255
1075,1076,14.830693,0.403000
1076,1077,14.844476,0.445092
1077,1078,14.858260,0.465098
1078,1079,14.872043,0.390955
1079,1080,14.885826,0.393741
1080,1081,14.899609,0.477904
1081,1082,14.913392,0.482336
1082,1083,14.927175,0.413815
1083,1084,14.940959,0.378448
1084,1085,14.954742,0.402268
1085,1086,14.968525,0.453233
1086,1087,14.982308,0.414343
1087,1088,14.996091,0.387363
1088,1089,15.009875,0.433711
1089,1090,15.023658,0.442845
1090,1091,15.037441,0.418927
1091,1092,15.051224,0.421615
1092,1093,15.065007,0.416097
1093,1094,15.078790,0.421353
1094,1095,15.092574,0.458063
1095,1096,15.106357,0.418925
1096,1097,15.120140,0.512549
1097,1098,15.133923,0.459171
1098,1099,15.147706,0.486747
1099,1100,15.161489,0.472430
1100,1101,15.175273,0.418139
1101,1102,15.189056,0.385635
1102,1103,15.202839,0.511866
1103,1104,15.216622,0.420721
1104,1105,15.230405,0.463030
1105,1106,15.244188,0.475039
1106,1107,15.257972,0.464432
1107,1108,15.271755,0.496978
1108,1109,15.285538,0.444964
1109,1110,15.299321,0.458222
1110,1111,15.313104,0.452988
1111,1112,15.326887,0.394496
1112,1113,15.340671,0.461341
1113,1114,15.354454,0.413880
1114,1115,15.368237,0.422261
1115,1116,15.382020,0.462085
1116,1117,15.395803,0.368924
1117,1118,15.409587,0.524831
1118,1119,15.423370,0.445182
1119,1120,15.437153,0.451616
1120,1121,15.450936,0.448788
1121,1122,15.464719,0.380188
1122,1123,15.478502,0.419955
1123,1124,15.492286,0.408113
1124,1125,15.506069,0.536898
1125,1126,15.519852,0.478517
1126,1127,15.533635,0.419964
1127,1128,15.547418,0.486752
1128,1129,15.561201,0.423706
1129,1130,15.574985,0.456720
1130,1131,15.588768,0.537543
1131,1132,15.602551,0.403309
1132,1133,15.616334,0.469560
1133,1134,15.630117,0.449292
1134,1135,15.643900,0.434052
1135,1136,15.657684,0.407828
1136,1137,15.671467,0.437480
1137,1138,15.685250,0.418001
1138,1139,15.699033,0.427073
1139,1140,15.712816,0.527167
1140,1141,15.726599,0.402110
1141,1142,15.740383,0.476856
1142,1143,15.754166,0.397340
1143,1144,15.767949,0.393384
1144,1145,15.781732,0.400480
1145,1146,15.795515,0.488158
1146,1147,15.809298,0.497491
1147,1148,15.823082,0.445780
1148,1149,15.836865,0.388710
1149,1150,15.850648,0.523977
1150,1151,15.864431,0.438631
1151,1152,15.878214,0.427045
1152,1153,15.891998,0.456688
1153,1154,15.905781,0.426780
1154,1155,15.919564,0.398861
1155,1156,15.933347,0.444922
1156,1157,15.947130,0.406382
1157,1158,15.960913,0.455218
1158,1159,15.974697,0.442835
1159,1160,15.988480,0.408706
1160,1161,16.002263,0.403768
1161,1162,16.016046,0.409923
1162,1163,16.029829,0.495635
1163,1164,16.043612,0.533644
1164,1165,16.057396,0.433881
1165,1166,16.071179,0.419862
1166,1167,16.084962,0.393977
1167,1168,16.098745,0.495342
1168,1169,16.112528,0.511388
1169,1170,16.126311,0.426041
1170,1171,16.140095,0.424663
1171,1172,16.153878,0.543436
1172,1173,16.167661,0.419035
1173,1174,16.181444,0.526134
1174,1175,16.195227,0.438621
1175,1176,16.209010,0.497781
1176,1177,16.222794,0.499956
1177,1178,16.236577,0.450768
1178,1179,16.250360,0.491107
1179,1180,16.264143,0.420893
1180,1181,16.277926,0.403705
1181,1182,16.291710,0.469617
1182,1183,16.305493,0.487396
1183,1184,16.319276,0.500269
1184,1185,16.333059,0.526880
1185,1186,16.346842,0.501932
1186,1187,16.360625,0.549697
1187,1188,16.374409,0.442261
1188,1189,16.388192,0.451435
1189,1190,16.401975,0.548419
1190,1191,16.415758,0.475170
1191,1192,16.429541,0.451815
1192,1193,16.443324,0.401537
1193,1194,16.457108,0.467548
1194,1195,16.470891,0.462437
1195,1196,16.484674,0.442556
1196,1197,16.498457,0.390110
1197,1198,16.512240,0.357813
1198,1199,16.526023,0.495820
1199,1200,16.539807,0.466002
1200,1201,16.553590,0.503159
1201,1202,16.567373,0.392443
1202,1203,16.581156,0.462699
1203,1204,16.594939,0.443885
1204,1205,16.608722,0.457553
1205,1206,16.622506,0.475472
1206,1207,16.636289,0.498517
1207,1208,16.650072,0.436432
1208,1209,16.663855,0.429603
1209,1210,16.677638,0.442228
1210,1211,16.691422,0.454513
1211,1212,16.705205,0.433996
1212,1213,16.718988,0.463419
1213,1214,16.732771,0.476028
1214,1215,16.746554,0.429188
1215,1216,16.760337,0.423185
1216,1217,16.774121,0.456884
1217,1218,16.787904,0.407203
1218,1219,16.801687,0.371577
1219,1220,16.815470,0.417587
1220,1221,16.829253,0.471169
1221,1222,16.843036,0.427600
1222,1223,16.856820,0.484598
1223,1224,16.870603,0.399715
1224,1225,16.884386,0.438554
1225,1226,16.898169,0.373596
1226,1227,16.911952,0.536796
1227,1228,16.925735,0.420595
1228,1229,16.939519,0.418872
1229,1230,16.953302,0.461641
1230,1231,16.967085,0.439004
1231,1232,16.980868,0.407570
1232,1233,16.994651,0.471676
1233,1234,17.008434,0.417605
1234,1235,17.022218,0.408649
1235,1236,17.036001,0.498392
1236,1237,17.049784,0.429700
1237,1238,17.063567,0.450607
1238,1239,17.077350,0.478497
1239,1240,17.091134,0.509963
1240,1241,17.104917,0.486537
1241,1242,17.118700,0.489839
1242,1243,17.132483,0.454520
1243,1244,17.146266,0.530274
1244,1245,17.160049,0.422933
1245,1246,17.173833,0.487067
1246,1247,17.187616,0.511838
1247,1248,17.201399,0.411548
1248,1249,17.215182,0.445129
1249,1250,17.228965,0.436201
1250,1251,17.242748,0.448956
1251,1252,17.256532,0.415392
1252,1253,17.270315,0.384629
1253,1254,17.284098,0.434463
1254,1255,17.297881,0.413910
1255,1256,17.311664,0.432274
1256,1257,17.325447,0.455096
1257,1258,17.339231,0.387435
1258,1259,17.353014,0.454367
1259,1260,17.366797,0.382378
1260,1261,17.380580,0.411466
1261,1262,17.394363,0.476052
1262,1263,17.408146,0.422182
1263,1264,17.421930,0.430194
1264,1265,17.435713,0.449045
1265,1266,17.449496,0.442578
1266,1267,17.463279,0.508064
1267,1268,17.477062,0.446585
1268,1269,17.490846,0.510290
1269,1270,17.504629,0.492241
1270,1271,17.518412,0.453833
1271,1272,17.532195,0.440376
1272,1273,17.545978,0.427490
1273,1274,17.559761,0.410832
1274,1275,17.573545,0.383116
1275,1276,17.587328,0.523197
1276,1277,17.601111,0.503878
1277,1278,17.614894,0.404356
1278,1279,17.628677,0.390126
1279,1280,17.642460,0.525581
1280,1281,17.656244,0.451868
1281,1282,17.670027,0.411734
1282,1283,17.683810,0.402201
1283,1284,17.697593,0.418736
1284,1285,17.711376,0.450515
1285,1286,17.725159,0.482327
1286,1287,17.738943,0.487936
1287,1288,17.752726,0.394415
1288,1289,17.766509,0.480026
1289,1290,17.780292,0.378619
1290,1291,17.794075,0.521650
1291,1292,17.807858,0.516890
1292,1293,17.821642,0.404405
1293,1294,17.835425,0.503992
1294,1295,17.849208,0.447893
1295,1296,17.862991,0.445997
1296,1297,17.876774,0.496013
1297,1298,17.890557,0.412907
1298,1299,17.904341,0.487423
1299,1300,17.918124,0.476898
1300,1301,17.931907,0.448183
1301,1302,17.945690,0.404416
1302,1303,17.959473,0.463871
1303,1304,17.973257,0.505622
1304,1305,17.987040,0.427244
1305,1306,18.000823,0.467706
1306,1307,18.014606,0.437605
1307,1308,18.028389,0.499486
1308,1309,18.042172,0.433235
1309,1310,18.055956,0.478383
1310,1311,18.069739,0.409527
1311,1312,18.083522,0.445416
1312,1313,18.097305,0.447375
1313,1314,18.111088,0.480103
1314,1315,18.124871,0.415701
1315,1316,18.138655,0.470151
1316,1317,18.152438,0.403059
1317,1318,18.166221,0.410702
1318,1319,18.180004,0.424540
1319,1320,18.193787,0.405836
1320,1321,18.207570,0.407074
1321,1322,18.221354,0.412529
1322,1323,18.235137,0.431678
1323,1324,18.248920,0.453346
1324,1325,18.262703,0.408957
1325,1326,18.276486,0.393212
1326,1327,18.290269,0.514210
1327,1328,18.304053,0.487485
1328,1329,18.317836,0.371232
1329,1330,18.331619,0.425385
1330,1331,18.345402,0.421262
1331,1332,18.359185,0.455079
1332,1333,18.372969,0.498510
1333,1334,18.386752,0.420712
1334,1335,18.400535,0.474466
1335,1336,18.414318,0.456026
1336,1337,18.428101,0.416382
1337,1338,18.441884,0.423461
1338,1339,18.455668,0.466905
1339,1340,18.469451,0.430559
1340,1341,18.483234,0.437857
1341,1342,18.497017,0.460163
1342,1343,18.510800,0.414209
1343,1344,18.524583,0.485036
1344,1345,18.538367,0.462524
1345,1346,18.552150,0.420467
1346,1347,18.565933,0.539897
1347,1348,18.579716,0.416343
1348,1349,18.593499,0.385164
1349,1350,18.607282,0.459895
1350,1351,18.621066,0.415943
1351,1352,18.634849,0.429693
1352,1353,18.648632,0.514310
1353,1354,18.662415,0.436029
1354,1355,18.676198,0.437801
1355,1356,18.689981,0.451026
1356,1357,18.703765,0.425132
1357,1358,18.717548,0.418959
1358,1359,18.731331,0.474711
1359,1360,18.745114,0.437210
1360,1361,18.758897,0.414955
1361,1362,18.772681,0.447020
1362,1363,18.786464,0.460499
1363,1364,18.800247,0.484998
1364,1365,18.814030,0.421808
1365,1366,18.827813,0.365106
1366,1367,18.841596,0.531954
1367,1368,18.855380,0.392213
1368,1369,18.869163,0.400463
1369,1370,18.882946,0.438233
1370,1371,18.896729,0.462771
1371,1372,18.910512,0.357479
1372,1373,18.924295,0.509012
1373,1374,18.938079,0.496938
1374,1375,18.951862,0.426497
1375,1376,18.965645,0.399383
1376,1377,18.979428,0.528989
1377,1378,18.993211,0.422983
1378,1379,19.006994,0.471944
1379,1380,19.020778,0.507977
1380,1381,19.034561,0.477011
1381,1382,19.048344,0.430351
1382,1383,19.062127,0.467196
1383,1384,19.075910,0.435769
1384,1385,19.089693,0.422767
1385,1386,19.103477,0.477745
1386,1387,19.117260,0.344670
1387,1388,19.131043,0.459299
1388,1389,19.144826,0.447298
1389,1390,19.158609,0.489591
1390,1391,19.172393,0.576047
1391,1392,19.186176,0.475642
1392,1393,19.199959,0.445122
1393,1394,19.213742,0.417309
1394,1395,19.227525,0.474747
1395,1396,19.241308,0.385670
1396,1397,19.255092,0.475867
1397,1398,19.268875,0.409843
1398,1399,19.282658,0.414816
1399,1400,19.296441,0.457501
1400,1401,19.310224,0.360924
1401,1402,19.324007,0.457994
1402,1403,19.337791,0.408370
1403,1404,19.351574,0.426193
1404,1405,19.365357,0.429368
1405,1406,19.379140,0.460612
1406,1407,19.392923,0.487165
1407,1408,19.406706,0.451230
1408,1409,19.420490,0.503908
1409,1410,19.434273,0.396367
1410,1411,19.448056,0.438735
1411,1412,19.461839,0.471368
1412,1413,19.475622,0.458156
1413,1414,19.489405,0.445449
1414,1415,19.503189,0.433760
1415,1416,19.516972,0.447821
1416,1417,19.530755,0.368982
1417,1418,19.544538,0.451578
1418,1419,19.558321,0.419493
1419,1420,19.572105,0.527392
1420,1421,19.585888,0.431732
1421,1422,19.599671,0.460061
1422,1423,19.613454,0.420817
1423,1424,19.627237,0.435764
1424,1425,19.641020,0.455005
1425,1426,19.654804,0.436723
1426,1427,19.668587,0.462741
1427,1428,19.682370,0.377426
1428,1429,19.696153,0.412498
1429,1430,19.709936,0.358619
1430,1431,19.723719,0.439792
1431,1432,19.737503,0.457850
1432,1433,19.751286,0.485574
1433,1434,19.765069,0.403911
1434,1435,19.778852,0.407700
1435,1436,19.792635,0.430731
1436,1437,19.806418,0.470756
1437,1438,19.820202,0.410408
1438,1439,19.833985,0.452557
1439,1440,19.847768,0.470780
1440,1441,19.861551,0.486842
1441,1442,19.875334,0.411712
1442,1443,19.889117,0.491339
1443,1444,19.902901,0.455744
1444,1445,19.916684,0.407859
1445,1446,19.930467,0.445303
1446,1447,19.944250,0.384059
1447,1448,19.958033,0.413904
1448,1449,19.971816,0.404469
1449,1450,19.985600,0.410035
1450,1451,19.999383,0.438663
1451,1452,20.013166,0.456583
1452,1453,20.026949,0.510761
1453,1454,20.040732,0.525955
1454,1455,20.054516,0.511508
1455,1456,20.068299,0.452491
1456,1457,20.082082,0.403401
1457,1458,20.095865,0.441093
1458,1459,20.109648,0.411487
1459,1460,20.123431,0.435761
1460,1461,20.137215,0.416456
1461,1462,20.150998,0.406398
1462,1463,20.164781,0.394591
1463,1464,20.178564,0.424851
1464,1465,20.192347,0.460849
1465,1466,20.206130,0.458911
1466,1467,20.219914,0.408096
1467,1468,20.233697,0.452561
1468,1469,20.247480,0.443468
1469,1470,20.261263,0.528875
1470,1471,20.275046,0.410955
1471,1472,20.288829,0.476692
1472,1473,20.302613,0.449120
1473,1474,20.316396,0.442163
1474,1475,20.330179,0.422126
1475,1476,20.343962,0.422949
1476,1477,20.357745,0.432477
1477,1478,20.371528,0.419282
1478,1479,20.385312,0.414490
1479,1480,20.399095,0.403347
1480,1481,20.412878,0.468084
1481,1482,20.426661,0.509692
1482,1483,20.440444,0.444139
1483,1484,20.454228,0.474242
1484,1485,20.468011,0.478066
1485,1486,20.481794,0.460882
1486,1487,20.495577,0.483907
1487,1488,20.509360,0.420938
1488,1489,20.523143,0.448378
1489,1490,20.536927,0.440549
1490,1491,20.550710,0.468732
1491,1492,20.564493,0.384718
1492,1493,20.578276,0.405530
1493,1494,20.592059,0.486627
1494,1495,20.605842,0.476124
1495,1496,20.619626,0.503010
1496,1497,20.633409,0.428072
1497,1498,20.647192,0.501160
1498,1499,20.660975,0.532062
1499,1500,20.674758,0.464680
1500,1501,20.688541,0.423925
1501,1502,20.702325,0.513967
1502,1503,20.716108,0.350627
1503,1504,20.729891,0.514325
1504,1505,20.743674,0.482145
1505,1506,20.757457,0.407968
1506,1507,20.771240,0.430042
1507,1508,20.785024,0.492662
1508,1509,20.798807,0.415381
1509,1510,20.812590,0.460646
1510,1511,20.826373,0.490115
1511,1512,20.840156,0.354775
1512,1513,20.853940,0.490680
1513,1514,20.867723,0.471339
1514,1515,20.881506,0.496020
1515,1516,20.895289,0.460095
1516,1517,20.909072,0.383383
1517,1518,20.922855,0.463050
1518,1519,20.936639,0.420623
1519,1520,20.950422,0.434769
1520,1521,20.964205,0.522360
1521,1522,20.977988,0.455495
1522,1523,20.991771,0.478453
1523,1524,21.005554,0.473743
1524,1525,21.019338,0.398920
1525,1526,21.033121,0.517613
1526,1527,21.046904,0.492535
1527,1528,21.060687,0.465705
1528,1529,21.074470,0.532822
1529,1530,21.088253,0.493922
1530,1531,21.102037,0.498010
1531,1532,21.115820,0.465567
1532,1533,21.129603,0.387793
1533,1534,21.143386,0.430440
1534,1535,21.157169,0.511481
1535,1536,21.170952,0.488047
1536,1537,21.184736,0.439635
1537,1538,21.198519,0.363960
1538,1539,21.212302,0.480144
1539,1540,21.226085,0.496229
1540,1541,21.239868,0.495097
1541,1542,21.253652,0.446866
1542,1543,21.267435,0.430053
1543,1544,21.281218,0.375350
1544,1545,21.295001,0.474283
1545,1546,21.308784,0.417404
1546,1547,21.322567,0.423181
1547,1548,21.336351,0.387617
1548,1549,21.350134,0.403860
1549,1550,21.363917,0.476838
1550,1551,21.377700,0.433302
1551,1552,21.391483,0.443641
1552,1553,21.405266,0.398380
1553,1554,21.419050,0.400570
1554,1555,21.432833,0.451934
1555,1556,21.446616,0.467534
1556,1557,21.460399,0.439180
1557,1558,21.474182,0.418451
1558,1559,21.487965,0.420984
1559,1560,21.501749,0.499483
1560,1561,21.515532,0.467618
1561,1562,21.529315,0.481088
1562,1563,21.543098,0.468121
1563,1564,21.556881,0.425667
1564,1565,21.570664,0.354607
1565,1566,21.584448,0.399332
1566,1567,21.598231,0.507244
1567,1568,21.612014,0.434762
1568,1569,21.625797,0.442569
1569,1570,21.639580,0.421753
1570,1571,21.653364,0.389285
1571,1572,21.667147,0.423171
1572,1573,21.680930,0.418518
1573,1574,21.694713,0.485565
1574,1575,21.708496,0.490126
1575,1576,21.722279,0.386191
1576,1577,21.736063,0.436927
1577,1578,21.749846,0.471273
1578,1579,21.763629,0.416654
1579,1580,21.777412,0.454677
1580,1581,21.791195,0.487290
1581,1582,21.804978,0.423705
1582,1583,21.818762,0.472058
1583,1584,21.832545,0.491632
1584,1585,21.846328,0.458085
1585,1586,21.860111,0.475245
1586,1587,21.873894,0.423914
1587,1588,21.887677,0.459585
1588,1589,21.901461,0.497117
1589,1590,21.915244,0.422158
1590,1591,21.929027,0.418139
1591,1592,21.942810,0.506879
1592,1593,21.956593,0.415300
1593,1594,21.970376,0.454578
1594,1595,21.984160,0.484425
1595,1596,21.997943,0.472834
1596,1597,22.011726,0.398564
1597,1598,22.025509,0.447810
1598,1599,22.039292,0.404834
1599,1600,22.053075,0.363278
1600,1601,22.066859,0.409788
1601,1602,22.080642,0.444925
1602,1603,22.094425,0.416651
1603,1604,22.108208,0.485439
1604,1605,22.121991,0.399192
1605,1606,22.135775,0.473827
1606,1607,22.149558,0.402728
1607,1608,22.163341,0.420245
1608,1609,22.177124,0.422124
1609,1610,22.190907,0.486883
1610,1611,22.204690,0.380916
1611,1612,22.218474,0.487692
1612,1613,22.232257,0.451877
1613,1614,22.246040,0.417791
1614,1615,22.259823,0.457782
1615,1616,22.273606,0.446524
1616,1617,22.287389,0.438782
1617,1618,22.301173,0.415225
1618,1619,22.314956,0.467073
1619,1620,22.328739,0.421903
1620,1621,22.342522,0.523876
1621,1622,22.356305,0.422880
1622,1623,22.370088,0.490242
1623,1624,22.383872,0.469199
1624,1625,22.397655,0.424164
1625,1626,22.411438,0.436631
1626,1627,22.425221,0.489017
1627,1628,22.439004,0.406518
1628,1629,22.452787,0.394092
1629,1630,22.466571,0.448214
1630,1631,22.480354,0.448518
1631,1632,22.494137,0.415801
1632,1633,22.507920,0.500676
1633,1634,22.521703,0.401425
1634,1635,22.535487,0.453897
1635,1636,22.549270,0.426756
1636,1637,22.563053,0.534077
1637,1638,22.576836,0.485728
1638,1639,22.590619,0.478709
1639,1640,22.604402,0.408233
1640,1641,22.618186,0.482801
1641,1642,22.631969,0.568657
1642,1643,22.645752,0.447571
1643,1644,22.659535,0.468816
1644,1645,22.673318,0.474501
1645,1646,22.687101,0.471520
1646,1647,22.700885,0.460626
1647,1648,22.714668,0.480749
1648,1649,22.728451,0.439430
1649,1650,22.742234,0.425177
1650,1651,22.756017,0.410701
1651,1652,22.769800,0.444614
1652,1653,22.783584,0.447968
1653,1654,22.797367,0.432694
1654,1655,22.811150,0.445489
1655,1656,22.824933,0.404128
1656,1657,22.838716,0.402260
1657,1658,22.852499,0.371254
1658,1659,22.866283,0.445429
1659,1660,22.880066,0.485355
1660,1661,22.893849,0.395565
1661,1662,22.907632,0.445334
1662,1663,22.921415,0.517945
1663,1664,22.935199,0.431475
1664,1665,22.948982,0.445808
1665,1666,22.962765,0.529536
1666,1667,22.976548,0.462214
1667,1668,22.990331,0.374950
1668,1669,23.004114,0.430789
1669,1670,23.017898,0.435965
1670,1671,23.031681,0.447449
1671,1672,23.045464,0.522326
1672,1673,23.059247,0.462126
1673,1674,23.073030,0.389299
1674,1675,23.086813,0.448989
1675,1676,23.100597,0.437752
1676,1677,23.114380,0.394381
1677,1678,23.128163,0.436000
1678,1679,23.141946,0.474895
1679,1680,23.155729,0.402147
1680,1681,23.169512,0.404309
1681,1682,23.183296,0.523303
1682,1683,23.197079,0.460637
1683,1684,23.210862,0.391507
1684,1685,23.224645,0.453551
1685,1686,23.238428,0.377350
1686,1687,23.252211,0.488853
1687,1688,23.265995,0.421346
1688,1689,23.279778,0.484726
1689,1690,23.293561,0.401759
1690,1691,23.307344,0.450143
1691,1692,23.321127,0.451537
1692,1693,23.334911,0.468525
1693,1694,23.348694,0.526549
1694,1695,23.362477,0.420219
1695,1696,23.376260,0.468655
1696,1697,23.390043,0.476416
1697,1698,23.403826,0.451983
1698,1699,23.417610,0.474761
1699,1700,23.431393,0.471921
1700,1701,23.445176,0.426429
1701,1702,23.458959,0.402880
1702,1703,23.472742,0.430617
1703,1704,23.486525,0.399197
1704,1705,23.500309,0.406244
1705,1706,23.514092,0.431500
1706,1707,23.527875,0.451103
1707,1708,23.541658,0.432633
1708,1709,23.555441,0.342185
1709,1710,23.569224,0.483364
1710,1711,23.583008,0.421467
1711,1712,23.596791,0.432380
1712,1713,23.610574,0.431174
1713,1714,23.624357,0.452082
1714,1715,23.638140,0.406834
1715,1716,23.651923,0.468028
1716,1717,23.665707,0.445230
1717,1718,23.679490,0.325625
1718,1719,23.693273,0.351015
1719,1720,23.707056,0.444432
1720,1721,23.720839,0.444106
1721,1722,23.734623,0.398971
1722,1723,23.748406,0.338905
1723,1724,23.762189,0.401027
1724,1725,23.775972,0.425538
1725,1726,23.789755,0.385450
1726,1727,23.803538,0.506638
1727,1728,23.817322,0.439352
1728,1729,23.831105,0.432979
1729,1730,23.844888,0.438954
1730,1731,23.858671,0.416019
1731,1732,23.872454,0.516152
1732,1733,23.886237,0.456647
1733,1734,23.900021,0.439404
1734,1735,23.913804,0.390285
1735,1736,23.927587,0.403669
1736,1737,23.941370,0.401650
1737,1738,23.955153,0.417765
1738,1739,23.968936,0.397589
1739,1740,23.982720,0.451729
1740,1741,23.996503,0.425265
1741,1742,24.010286,0.437263
1742,1743,24.024069,0.388183
1743,1744,24.037852,0.390045
1744,1745,24.051635,0.374860
1745,1746,24.065419,0.464700
1746,1747,24.079202,0.489273
1747,1748,24.092985,0.449170
1748,1749,24.106768,0.408059
1749,1750,24.120551,0.406900
1750,1751,24.134334,0.475609
1751,1752,24.148118,0.503203
1752,1753,24.161901,0.474060
1753,1754,24.175684,0.481246
1754,1755,24.189467,0.423881
1755,1756,24.203250,0.508268
1756,1757,24.217034,0.446376
1757,1758,24.230817,0.528562
1758,1759,24.244600,0.456775
1759,1760,24.258383,0.484131
1760,1761,24.272166,0.529291
1761,1762,24.285949,0.444698
1762,1763,24.299733,0.402933
1763,1764,24.313516,0.411015
1764,1765,24.327299,0.410879
1765,1766,24.341082,0.511160
1766,1767,24.354865,0.436675
1767,1768,24.368648,0.389657
1768,1769,24.382432,0.420068
1769,1770,24.396215,0.472597
1770,1771,24.409998,0.422436
1771,1772,24.423781,0.466368
1772,1773,24.437564,0.549281
1773,1774,24.451347,0.516883
1774,1775,24.465131,0.432181
1775,1776,24.478914,0.407870
1776,1777,24.492697,0.485791
1777,1778,24.506480,0.379505
1778,1779,24.520263,0.413642
1779,1780,24.534046,0.429839
1780,1781,24.547830,0.428487
1781,1782,24.561613,0.432915
1782,1783,24.575396,0.461921
1783,1784,24.589179,0.447693
1784,1785,24.602962,0.404930
1785,1786,24.616746,0.519417
1786,1787,24.630529,0.426874
1787,1788,24.644312,0.465817
1788,1789,24.658095,0.507824
1789,1790,24.671878,0.465994
1790,1791,24.685661,0.387987
1791,1792,24.699445,0.408693
1792,1793,24.713228,0.404085
1793,1794,24.727011,0.480548
1794,1795,24.740794,0.474457
1795,1796,24.754577,0.486682
1796,1797,24.768360,0.512781
1797,1798,24.782144,0.450255
1798,1799,24.795927,0.455901
1799,1800,24.809710,0.423015
1800,1801,24.823493,0.378475
1801,1802,24.837276,0.394787
1802,1803,24.851059,0.410970
1803,1804,24.864843,0.445321
1804,1805,24.878626,0.482424
1805,1806,24.892409,0.396418
1806,1807,24.906192,0.468067
1807,1808,24.919975,0.420455
1808,1809,24.933758,0.482962
1809,1810,24.947542,0.484207
1810,1811,24.961325,0.412150
1811,1812,24.975108,0.419475
1812,1813,24.988891,0.468311
1813,1814,25.002674,0.414393
1814,1815,25.016458,0.473837
1815,1816,25.030241,0.469031
1816,1817,25.044024,0.426889
1817,1818,25.057807,0.369839
1818,1819,25.071590,0.510294
1819,1820,25.085373,0.461605
1820,1821,25.099157,0.460876
1821,1822,25.112940,0.446644
1822,1823,25.126723,0.452095
1823,1824,25.140506,0.499418
1824,1825,25.154289,0.447698
1825,1826,25.168072,0.420301
1826,1827,25.181856,0.375318
1827,1828,25.195639,0.475801
1828,1829,25.209422,0.442968
1829,1830,25.223205,0.460610
1830,1831,25.236988,0.481088
1831,1832,25.250771,0.447370
1832,1833,25.264555,0.522438
1833,1834,25.278338,0.370808
1834,1835,25.292121,0.481473
1835,1836,25.305904,0.438662
1836,1837,25.319687,0.454486
1837,1838,25.333470,0.449913
1838,1839,25.347254,0.457525
1839,1840,25.361037,0.417465
1840,1841,25.374820,0.422421
1841,1842,25.388603,0.406592
1842,1843,25.402386,0.468005
1843,1844,25.416170,0.486805
1844,1845,25.429953,0.410809
1845,1846,25.443736,0.474987
1846,1847,25.457519,0.494782
1847,1848,25.471302,0.308439
1848,1849,25.485085,0.498272
1849,1850,25.498869,0.436691
1850,1851,25.512652,0.428134
1851,1852,25.526435,0.377105
1852,1853,25.540218,0.494157
1853,1854,25.554001,0.504356
1854,1855,25.567784,0.466849
1855,1856,25.581568,0.497158
1856,1857,25.595351,0.478734
1857,1858,25.609134,0.484102
1858,1859,25.622917,0.434334
1859,1860,25.636700,0.456645
1860,1861,25.650483,0.447470
1861,1862,25.664267,0.390122
1862,1863,25.678050,0.365042
1863,1864,25.691833,0.477230
1864,1865,25.705616,0.507589
1865,1866,25.719399,0.490719
1866,1867,25.733182,0.427550
1867,1868,25.746966,0.403650
1868,1869,25.760749,0.435066
1869,1870,25.774532,0.407711
1870,1871,25.788315,0.361397
1871,1872,25.802098,0.370074
1872,1873,25.815882,0.421388
1873,1874,25.829665,0.412265
1874,1875,25.843448,0.440962
1875,1876,25.857231,0.429353
1876,1877,25.871014,0.447582
1877,1878,25.884797,0.412814
1878,1879,25.898581,0.499311
1879,1880,25.912364,0.516596
1880,1881,25.926147,0.427860
1881,1882,25.939930,0.488977
1882,1883,25.953713,0.465562
1883,1884,25.967496,0.405502
1884,1885,25.981280,0.446667
1885,1886,25.995063,0.392691
1886,1887,26.008846,0.482235
1887,1888,26.022629,0.434789
1888,1889,26.036412,0.415166
1889,1890,26.050195,0.417297
1890,1891,26.063979,0.460259
1891,1892,26.077762,0.411373
1892,1893,26.091545,0.338643
1893,1894,26.105328,0.475744
1894,1895,26.119111,0.452962
1895,1896,26.132894,0.428409
1896,1897,26.146678,0.389965
1897,1898,26.160461,0.463657
1898,1899,26.174244,0.434303
1899,1900,26.188027,0.520488
1900,1901,26.201810,0.465578
1901,1902,26.215593,0.456909
1902,1903,26.229377,0.468702
1903,1904,26.243160,0.486897
1904,1905,26.256943,0.369042
1905,1906,26.270726,0.444943
1906,1907,26.284509,0.470062
1907,1908,26.298293,0.411131
1908,1909,26.312076,0.456453
1909,1910,26.325859,0.448096
1910,1911,26.339642,0.355677
1911,1912,26.353425,0.481460
1912,1913,26.367208,0.485958
1913,1914,26.380992,0.434141
1914,1915,26.394775,0.398495
1915,1916,26.408558,0.456357
1916,1917,26.422341,0.505013
1917,1918,26.436124,0.414958
1918,1919,26.449907,0.451175
1919,1920,26.463691,0.452266
1920,1921,26.477474,0.416828
1921,1922,26.491257,0.439521
1922,1923,26.505040,0.495356
1923,1924,26.518823,0.464011
1924,1925,26.532606,0.432868
1925,1926,26.546390,0.408248
1926,1927,26.560173,0.417483
1927,1928,26.573956,0.473115
1928,1929,26.587739,0.471726
1929,1930,26.601522,0.476798
1930,1931,26.615305,0.460882
1931,1932,26.629089,0.502969
1932,1933,26.642872,0.434183
1933,1934,26.656655,0.480750
1934,1935,26.670438,0.473978
1935,1936,26.684221,0.492610
1936,1937,26.698005,0.454383
1937,1938,26.711788,0.443010
1938,1939,26.725571,0.425045
1939,1940,26.739354,0.459070
1940,1941,26.753137,0.385048
1941,1942,26.766920,0.325317
1942,1943,26.780704,0.440942
1943,1944,26.794487,0.423381
1944,1945,26.808270,0.459358
1945,1946,26.822053,0.382402
1946,1947,26.835836,0.420455
1947,1948,26.849619,0.425709
1948,1949,26.863403,0.375301
1949,1950,26.877186,0.500592
1950,1951,26.890969,0.421565
1951,1952,26.904752,0.368972
1952,1953,26.918535,0.473622
1953,1954,26.932318,0.465516
1954,1955,26.946102,0.443284
1955,1956,26.959885,0.472669
1956,1957,26.973668,0.527843
1957,1958,26.987451,0.428710
1958,1959,27.001234,0.475002
1959,1960,27.015017,0.352199
1960,1961,27.028801,0.451840
1961,1962,27.042584,0.478008
1962,1963,27.056367,0.493184
1963,1964,27.070150,0.432402
1964,1965,27.083933,0.449581
1965,1966,27.097717,0.504901
1966,1967,27.111500,0.508806
1967,1968,27.125283,0.406992
1968,1969,27.139066,0.450633
1969,1970,27.152849,0.489107
1970,1971,27.166632,0.451602
1971,1972,27.180416,0.481349
1972,1973,27.194199,0.497060
1973,1974,27.207982,0.463561
1974,1975,27.221765,0.468998
1975,1976,27.235548,0.409437
1976,1977,27.249331,0.490195
1977,1978,27.263115,0.385116
1978,1979,27.276898,0.424970
1979,1980,27.290681,0.486063
1980,1981,27.304464,0.465902
1981,1982,27.318247,0.403202
1982,1983,27.332030,0.457824
1983,1984,27.345814,0.426819
1984,1985,27.359597,0.504384
1985,1986,27.373380,0.415641
1986,1987,27.387163,0.453310
1987,1988,27.400946,0.552554
1988,1989,27.414729,0.410582
1989,1990,27.428513,0.423294
1990,1991,27.442296,0.531217
1991,1992,27.456079,0.366576
1992,1993,27.469862,0.498469
1993,1994,27.483645,0.431075
1994,1995,27.497429,0.412511
1995,1996,27.511212,0.449277
1996,1997,27.524995,0.392235
1997,1998,27.538778,0.492700
1998,1999,27.552561,0.415226
1999,2000,27.566344,0.383088
2000,2001,27.580128,0.385506
2001,2002,27.593911,0.510942
2002,2003,27.607694,0.470523
2003,2004,27.621477,0.431721
2004,2005,27.635260,0.539430
2005,2006,27.649043,0.557161
2006,2007,27.662827,0.502893
2007,2008,27.676610,0.380134
2008,2009,27.690393,0.415728
2009,2010,27.704176,0.438249
2010,2011,27.717959,0.525062
2011,2012,27.731742,0.437856
2012,2013,27.745526,0.555838
2013,2014,27.759309,0.449820
2014,2015,27.773092,0.387151
2015,2016,27.786875,0.552383
2016,2017,27.800658,0.491717
2017,2018,27.814441,0.410079
2018,2019,27.828225,0.501747
2019,2020,27.842008,0.407884
2020,2021,27.855791,0.377383
2021,2022,27.869574,0.447913
2022,2023,27.883357,0.420404
2023,2024,27.897141,0.427489
2024,2025,27.910924,0.441875
2025,2026,27.924707,0.478043
2026,2027,27.938490,0.487182
2027,2028,27.952273,0.471456
2028,2029,27.966056,0.391509
2029,2030,27.979840,0.413731
2030,2031,27.993623,0.432904
2031,2032,28.007406,0.436163
2032,2033,28.021189,0.342429
2033,2034,28.034972,0.447765
2034,2035,28.048755,0.465269
2035,2036,28.062539,0.452364
2036,2037,28.076322,0.451377
2037,2038,28.090105,0.495168
2038,2039,28.103888,0.482467
2039,2040,28.117671,0.495418
2040,2041,28.131454,0.454788
2041,2042,28.145238,0.383261
2042,2043,28.159021,0.484451
2043,2044,28.172804,0.384781
2044,2045,28.186587,0.444222
2045,2046,28.200370,0.465612
2046,2047,28.214153,0.455421
2047,2048,28.227937,0.447602
2048,2049,28.241720,0.468538
2049,2050,28.255503,0.489144
2050,2051,28.269286,0.461323
2051,2052,28.283069,0.490252
2052,2053,28.296852,0.486206
2053,2054,28.310636,0.405500
2054,2055,28.324419,0.483134
2055,2056,28.338202,0.470288
2056,2057,28.351985,0.459319
2057,2058,28.365768,0.459458
2058,2059,28.379552,0.360318
2059,2060,28.393335,0.350033
2060,2061,28.407118,0.469331
2061,2062,28.420901,0.418041
2062,2063,28.434684,0.419119
2063,2064,28.448467,0.475322
2064,2065,28.462251,0.522018
2065,2066,28.476034,0.443707
2066,2067,28.489817,0.516834
2067,2068,28.503600,0.514509
2068,2069,28.517383,0.390279
2069,2070,28.531166,0.455863
2070,2071,28.544950,0.398506
2071,2072,28.558733,0.353751
2072,2073,28.572516,0.457781
2073,2074,28.586299,0.412226
2074,2075,28.600082,0.454371
2075,2076,28.613865,0.426118
2076,2077,28.627649,0.491174
2077,2078,28.641432,0.420817
2078,2079,28.655215,0.457555
2079,2080,28.668998,0.387052
2080,2081,28.682781,0.452911
2081,2082,28.696564,0.359774
2082,2083,28.710348,0.488545
2083,2084,28.724131,0.431716
2084,2085,28.737914,0.425259
2085,2086,28.751697,0.446558
2086,2087,28.765480,0.511964
2087,2088,28.779264,0.475554
2088,2089,28.793047,0.547700
2089,2090,28.806830,0.407601
2090,2091,28.820613,0.482407
2091,2092,28.834396,0.476733
2092,2093,28.848179,0.435579
2093,2094,28.861963,0.437449
2094,2095,28.875746,0.431779
2095,2096,28.889529,0.436275
2096,2097,28.903312,0.483292
2097,2098,28.917095,0.486036
2098,2099,28.930878,0.396211
2099,2100,28.944662,0.462831
2100,2101,28.958445,0.452461
2101,2102,28.972228,0.440063
2102,2103,28.986011,0.431450
2103,2104,28.999794,0.452867
2104,2105,29.013577,0.402886
2105,2106,29.027361,0.434965
2106,2107,29.041144,0.508085
2107,2108,29.054927,0.408851
2108,2109,29.068710,0.465221
2109,2110,29.082493,0.460477
2110,2111,29.096276,0.488460
2111,2112,29.110060,0.533389
2112,2113,29.123843,0.442586
2113,2114,29.137626,0.410322
2114,2115,29.151409,0.390118
2115,2116,29.165192,0.444754
2116,2117,29.178976,0.515882
2117,2118,29.192759,0.455790
2118,2119,29.206542,0.453337
2119,2120,29.220325,0.490262
2120,2121,29.234108,0.481940
2121,2122,29.247891,0.411982
2122,2123,29.261675,0.405807
2123,2124,29.275458,0.432940
2124,2125,29.289241,0.470960
2125,2126,29.303024,0.464929
2126,2127,29.316807,0.461255
2127,2128,29.330590,0.453166
2128,2129,29.344374,0.451654
2129,2130,29.358157,0.472448
2130,2131,29.371940,0.362910
2131,2132,29.385723,0.420245
2132,2133,29.399506,0.460865
2133,2134,29.413289,0.416959
2134,2135,29.427073,0.410614
2135,2136,29.440856,0.422907
2136,2137,29.454639,0.488504
2137,2138,29.468422,0.470002
2138,2139,29.482205,0.356564
2139,2140,29.495988,0.459681
2140,2141,29.509772,0.468010
2141,2142,29.523555,0.415688
2142,2143,29.537338,0.440985
2143,2144,29.551121,0.407263
2144,2145,29.564904,0.411108
2145,2146,29.578688,0.393576
2146,2147,29.592471,0.425982
2147,2148,29.606254,0.399986
2148,2149,29.620037,0.458016
2149,2150,29.633820,0.450411
2150,2151,29.647603,0.425183
2151,2152,29.661387,0.415347
2152,2153,29.675170,0.422325
2153,2154,29.688953,0.430039
2154,2155,29.702736,0.452213
2155,2156,29.716519,0.480573
2156,2157,29.730302,0.461141
2157,2158,29.744086,0.478977
2158,2159,29.757869,0.430704
2159,2160,29.771652,0.457909
2160,2161,29.785435,0.494609
2161,2162,29.799218,0.453633
2162,2163,29.813001,0.391013
2163,2164,29.826785,0.476244
2164,2165,29.840568,0.414092
2165,2166,29.854351,0.398630
2166,2167,29.868134,0.418751
2167,2168,29.881917,0.456989
2168,2169,29.895700,0.454810
2169,2170,29.909484,0.448084
2170,2171,29.923267,0.450999
2171,2172,29.937050,0.461692
2172,2173,29.950833,0.409231
2173,2174,29.964616,0.427384
2174,2175,29.978400,0.453959
2175,2176,29.992183,0.497559
2176,2177,30.005966,0.447164
2177,2178,30.019749,0.445342
2178,2179,30.033532,0.438659
2179,2180,30.047315,0.429280
2180,2181,30.061099,0.473237
2181,2182,30.074882,0.447629
2182,2183,30.088665,0.430554
2183,2184,30.102448,0.454191
2184,2185,30.116231,0.460706
2185,2186,30.130014,0.403094
2186,2187,30.143798,0.476033
2187,2188,30.157581,0.355312
2188,2189,30.171364,0.346331
2189,2190,30.185147,0.370353
2190,2191,30.198930,0.469557
2191,2192,30.212713,0.460696
2192,2193,30.226497,0.384007
2193,2194,30.240280,0.454275
2194,2195,30.254063,0.385358
2195,2196,30.267846,0.399717
2196,2197,30.281629,0.458107
2197,2198,30.295412,0.469353
2198,2199,30.309196,0.416642
2199,2200,30.322979,0.419460
2200,2201,30.336762,0.467018
2201,2202,30.350545,0.427653
2202,2203,30.364328,0.442223
2203,2204,30.378111,0.460662
2204,2205,30.391895,0.451693
2205,2206,30.405678,0.417097
2206,2207,30.419461,0.457071
2207,2208,30.433244,0.399031
2208,2209,30.447027,0.541531
2209,2210,30.460811,0.410470
2210,2211,30.474594,0.403865
2211,2212,30.488377,0.464451
2212,2213,30.502160,0.367619
2213,2214,30.515943,0.473708
2214,2215,30.529726,0.447602
2215,2216,30.543510,0.437520
2216,2217,30.557293,0.459992
2217,2218,30.571076,0.438181
2218,2219,30.584859,0.443462
2219,2220,30.598642,0.492995
2220,2221,30.612425,0.393452
2221,2222,30.626209,0.397404
2222,2223,30.639992,0.537885
2223,2224,30.653775,0.446657
2224,2225,30.667558,0.423256
2225,2226,30.681341,0.410433
2226,2227,30.695124,0.436795
2227,2228,30.708908,0.440899
2228,2229,30.722691,0.436847
2229,2230,30.736474,0.466308
2230,2231,30.750257,0.457156
2231,2232,30.764040,0.483647
2232,2233,30.777823,0.430457
2233,2234,30.791607,0.442257
2234,2235,30.805390,0.407336
2235,2236,30.819173,0.468235
2236,2237,30.832956,0.432925
2237,2238,30.846739,0.471486
2238,2239,30.860523,0.419887
2239,2240,30.874306,0.460577
2240,2241,30.888089,0.418850
2241,2242,30.901872,0.505866
2242,2243,30.915655,0.469803
2243,2244,30.929438,0.476289
2244,2245,30.943222,0.571666
2245,2246,30.957005,0.407346
2246,2247,30.970788,0.427765
2247,2248,30.984571,0.515925
2248,2249,30.998354,0.438442
2249,2250,31.012137,0.413185
2250,2251,31.025921,0.490745
2251,2252,31.039704,0.478078
2252,2253,31.053487,0.430485
2253,2254,31.067270,0.429630
2254,2255,31.081053,0.378916
2255,2256,31.094836,0.352183
2256,2257,31.108620,0.444782
2257,2258,31.122403,0.404030
2258,2259,31.136186,0.432355
2259,2260,31.149969,0.472162
2260,2261,31.163752,0.406567
2261,2262,31.177535,0.438925
2262,2263,31.191319,0.452327
2263,2264,31.205102,0.431845
2264,2265,31.218885,0.452860
2265,2266,31.232668,0.530262
2266,2267,31.246451,0.412741
2267,2268,31.260235,0.538992
2268,2269,31.274018,0.425945
2269,2270,31.287801,0.501399
2270,2271,31.301584,0.362930
2271,2272,31.315367,0.463475
2272,2273,31.329150,0.410804
2273,2274,31.342934,0.433967
2274,2275,31.356717,0.451747
2275,2276,31.370500,0.407744
2276,2277,31.384283,0.501854
2277,2278,31.398066,0.414017
2278,2279,31.411849,0.423344
2279,2280,31.425633,0.420063
2280,2281,31.439416,0.407966
2281,2282,31.453199,0.531497
2282,2283,31.466982,0.484307
2283,2284,31.480765,0.421255
2284,2285,31.494548,0.435796
2285,2286,31.508332,0.376116
2286,2287,31.522115,0.445115
2287,2288,31.535898,0.442565
2288,2289,31.549681,0.515374
2289,2290,31.563464,0.520816
2290,2291,31.577247,0.445539
2291,2292,31.591031,0.461388
2292,2293,31.604814,0.459209
2293,2294,31.618597,0.553870
2294,2295,31.632380,0.473370
2295,2296,31.646163,0.464353
2296,2297,31.659947,0.403604
2297,2298,31.673730,0.476645
2298,2299,31.687513,0.499373
2299,2300,31.701296,0.473273
2300,2301,31.715079,0.449404
2301,2302,31.728862,0.476390
2302,2303,31.742646,0.380912
2303,2304,31.756429,0.392037
2304,2305,31.770212,0.427683
2305,2306,31.783995,0.413379
2306,2307,31.797778,0.437085
2307,2308,31.811561,0.509271
2308,2309,31.825345,0.511347
2309,2310,31.839128,0.364445
2310,2311,31.852911,0.423101
2311,2312,31.866694,0.460700
2312,2313,31.880477,0.450038
2313,2314,31.894260,0.470534
2314,2315,31.908044,0.463616
2315,2316,31.921827,0.452004
2316,2317,31.935610,0.471839
2317,2318,31.949393,0.431296
2318,2319,31.963176,0.451434
2319,2320,31.976959,0.396161
2320,2321,31.990743,0.445968
2321,2322,32.004526,0.411883
2322,2323,32.018309,0.503131
2323,2324,32.032092,0.414884
2324,2325,32.045875,0.437915
2325,2326,32.059659,0.406467
2326,2327,32.073442,0.446295
2327,2328,32.087225,0.443503
2328,2329,32.101008,0.406943
2329,2330,32.114791,0.468793
2330,2331,32.128574,0.423773
2331,2332,32.142358,0.500058
2332,2333,32.156141,0.523194
2333,2334,32.169924,0.430879
2334,2335,32.183707,0.513686
2335,2336,32.197490,0.402992
2336,2337,32.211273,0.345252
2337,2338,32.225057,0.403815
2338,2339,32.238840,0.457261
2339,2340,32.252623,0.514574
2340,2341,32.266406,0.439448
2341,2342,32.280189,0.434699
2342,2343,32.293972,0.486476
2343,2344,32.307756,0.467911
2344,2345,32.321539,0.425918
2345,2346,32.335322,0.445047
2346,2347,32.349105,0.452825
2347,2348,32.362888,0.473352
2348,2349,32.376671,0.380238
2349,2350,32.390455,0.481774
2350,2351,32.404238,0.378865
2351,2352,32.418021,0.504954
2352,2353,32.431804,0.489718
2353,2354,32.445587,0.433783
2354,2355,32.459370,0.437723
2355,2356,32.473154,0.521148
2356,2357,32.486937,0.508544
2357,2358,32.500720,0.453884
2358,2359,32.514503,0.442633
2359,2360,32.528286,0.452208
2360,2361,32.542070,0.455130
2361,2362,32.555853,0.416428
2362,2363,32.569636,0.376106
2363,2364,32.583419,0.415470
2364,2365,32.597202,0.357456
2365,2366,32.610985,0.411774
2366,2367,32.624769,0.470973
2367,2368,32.638552,0.469188
2368,2369,32.652335,0.373774
2369,2370,32.666118,0.469525
2370,2371,32.679901,0.451364
2371,2372,32.693684,0.427361
2372,2373,32.707468,0.548254
2373,2374,32.721251,0.458846
2374,2375,32.735034,0.491396
2375,2376,32.748817,0.389429
2376,2377,32.762600,0.404015
2377,2378,32.776383,0.494985
2378,2379,32.790167,0.489442
2379,2380,32.803950,0.490244
2380,2381,32.817733,0.439231
2381,2382,32.831516,0.436968
2382,2383,32.845299,0.411256
2383,2384,32.859082,0.369516
2384,2385,32.872866,0.492032
2385,2386,32.886649,0.389466
2386,2387,32.900432,0.409456
2387,2388,32.914215,0.488874
2388,2389,32.927998,0.467364
2389,2390,32.941782,0.379653
2390,2391,32.955565,0.490936
2391,2392,32.969348,0.436616
2392,2393,32.983131,0.433555
2393,2394,32.996914,0.569011
2394,2395,33.010697,0.469282
2395,2396,33.024481,0.439301
2396,2397,33.038264,0.474892
2397,2398,33.052047,0.417705
2398,2399,33.065830,0.436439
2399,2400,33.079613,0.446430
2400,2401,33.093396,0.363350
2401,2402,33.107180,0.550904
2402,2403,33.120963,0.457238
2403,2404,33.134746,0.511313
2404,2405,33.148529,0.394666
2405,2406,33.162312,0.501068
2406,2407,33.176095,0.439103
2407,2408,33.189879,0.366885
2408,2409,33.203662,0.434229
2409,2410,33.217445,0.421897
2410,2411,33.231228,0.467366
2411,2412,33.245011,0.431157
2412,2413,33.258794,0.434380
2413,2414,33.272578,0.434107
2414,2415,33.286361,0.422294
2415,2416,33.300144,0.485425
2416,2417,33.313927,0.498615
2417,2418,33.327710,0.420569
2418,2419,33.341494,0.462944
2419,2420,33.355277,0.435586
2420,2421,33.369060,0.504412
2421,2422,33.382843,0.414627
2422,2423,33.396626,0.419087
2423,2424,33.410409,0.415594
2424,2425,33.424193,0.399617
2425,2426,33.437976,0.423396
2426,2427,33.451759,0.394775
2427,2428,33.465542,0.405213
2428,2429,33.479325,0.427587
2429,2430,33.493108,0.381597
2430,2431,33.506892,0.496587
2431,2432,33.520675,0.478267
2432,2433,33.534458,0.453640
2433,2434,33.548241,0.427902
2434,2435,33.562024,0.451980
2435,2436,33.575807,0.396538
2436,2437,33.589591,0.377224
2437,2438,33.603374,0.393819
2438,2439,33.617157,0.428225
2439,2440,33.630940,0.514435
2440,2441,33.644723,0.373187
2441,2442,33.658506,0.480228
2442,2443,33.672290,0.373039
2443,2444,33.686073,0.476346
2444,2445,33.699856,0.360120
2445,2446,33.713639,0.459905
2446,2447,33.727422,0.453019
2447,2448,33.741206,0.424453
2448,2449,33.754989,0.472791
2449,2450,33.768772,0.464411
2450,2451,33.782555,0.442075
2451,2452,33.796338,0.472414
2452,2453,33.810121,0.457457
2453,2454,33.823905,0.409827
2454,2455,33.837688,0.461105
2455,2456,33.851471,0.476049
2456,2457,33.865254,0.411081
2457,2458,33.879037,0.462368
2458,2459,33.892820,0.392187
2459,2460,33.906604,0.394551
2460,2461,33.920387,0.444903
2461,2462,33.934170,0.458362
2462,2463,33.947953,0.446074
2463,2464,33.961736,0.409870
2464,2465,33.975519,0.437715
2465,2466,33.989303,0.458663
2466,2467,34.003086,0.477751
2467,2468,34.016869,0.480051
2468,2469,34.030652,0.442233
2469,2470,34.044435,0.395398
2470,2471,34.058218,0.418339
2471,2472,34.072002,0.465564
2472,2473,34.085785,0.457665
2473,2474,34.099568,0.533645
2474,2475,34.113351,0.497435
2475,2476,34.127134,0.480267
2476,2477,34.140918,0.460180
2477,2478,34.154701,0.492137
2478,2479,34.168484,0.471292
2479,2480,34.182267,0.412584
2480,2481,34.196050,0.443738
2481,2482,34.209833,0.531340
2482,2483,34.223617,0.406246
2483,2484,34.237400,0.498328
2484,2485,34.251183,0.454850
2485,2486,34.264966,0.508807
2486,2487,34.278749,0.408867
2487,2488,34.292532,0.411021
2488,2489,34.306316,0.470664
2489,2490,34.320099,0.407898
2490,2491,34.333882,0.427058
2491,2492,34.347665,0.483222
2492,2493,34.361448,0.476059
2493,2494,34.375231,0.535009
2494,2495,34.389015,0.431008
2495,2496,34.402798,0.412050
2496,2497,34.416581,0.415758
2497,2498,34.430364,0.410183
2498,2499,34.444147,0.476546
2499,2500,34.457930,0.501489
2500,2501,34.471714,0.455184
2501,2502,34.485497,0.441645
2502,2503,34.499280,0.484474
2503,2504,34.513063,0.482659
2504,2505,34.526846,0.486548
2505,2506,34.540630,0.379562
2506,2507,34.554413,0.442318
2507,2508,34.568196,0.466782
2508,2509,34.581979,0.507230
2509,2510,34.595762,0.421230
2510,2511,34.609545,0.506243
2511,2512,34.623329,0.477752
2512,2513,34.637112,0.507452
2513,2514,34.650895,0.379425
2514,2515,34.664678,0.366423
2515,2516,34.678461,0.461679
2516,2517,34.692244,0.458611
2517,2518,34.706028,0.467004
2518,2519,34.719811,0.500675
2519,2520,34.733594,0.434236
2520,2521,34.747377,0.493630
2521,2522,34.761160,0.502699
2522,2523,34.774943,0.438116
2523,2524,34.788727,0.382043
2524,2525,34.802510,0.514215
2525,2526,34.816293,0.473178
2526,2527,34.830076,0.452703
2527,2528,34.843859,0.504554
2528,2529,34.857642,0.409536
2529,2530,34.871426,0.429069
2530,2531,34.885209,0.471369
2531,2532,34.898992,0.381240
2532,2533,34.912775,0.457200
2533,2534,34.926558,0.467571
2534,2535,34.940341,0.389471
2535,2536,34.954125,0.428953
2536,2537,34.967908,0.468534
2537,2538,34.981691,0.445034
2538,2539,34.995474,0.486236
2539,2540,35.009257,0.397563
2540,2541,35.023041,0.482990
2541,2542,35.036824,0.418551
2542,2543,35.050607,0.470143
2543,2544,35.064390,0.474173
2544,2545,35.078173,0.495792
2545,2546,35.091956,0.449077
2546,2547,35.105740,0.463538
2547,2548,35.119523,0.407834
2548,2549,35.133306,0.445436
2549,2550,35.147089,0.400732
2550,2551,35.160872,0.468565
2551,2552,35.174655,0.464685
2552,2553,35.188439,0.394743
2553,2554,35.202222,0.457138
2554,2555,35.216005,0.491514
2555,2556,35.229788,0.440242
2556,2557,35.243571,0.416153
2557,2558,35.257354,0.495842
2558,2559,35.271138,0.474151
2559,2560,35.284921,0.460460
2560,2561,35.298704,0.417869
2561,2562,35.312487,0.482290
2562,2563,35.326270,0.461770
2563,2564,35.340053,0.463463
2564,2565,35.353837,0.436438
2565,2566,35.367620,0.457510
2566,2567,35.381403,0.514805
2567,2568,35.395186,0.423407
2568,2569,35.408969,0.432893
2569,2570,35.422753,0.464356
2570,2571,35.436536,0.506161
2571,2572,35.450319,0.503444
2572,2573,35.464102,0.370819
2573,2574,35.477885,0.455243
2574,2575,35.491668,0.439826
2575,2576,35.505452,0.460287
2576,2577,35.519235,0.382705
2577,2578,35.533018,0.430757
2578,2579,35.546801,0.400861
2579,2580,35.560584,0.346796
2580,2581,35.574367,0.479641
2581,2582,35.588151,0.454800
2582,2583,35.601934,0.419316
2583,2584,35.615717,0.406593
2584,2585,35.629500,0.486408
2585,2586,35.643283,0.449542
2586,2587,35.657066,0.487351
2587,2588,35.670850,0.544234
2588,2589,35.684633,0.410036
2589,2590,35.698416,0.458513
2590,2591,35.712199,0.484640
2591,2592,35.725982,0.428388
2592,2593,35.739765,0.484134
2593,2594,35.753549,0.481671
2594,2595,35.767332,0.491065
2595,2596,35.781115,0.412355
2596,2597,35.794898,0.514327
2597,2598,35.808681,0.530118
2598,2599,35.822465,0.441145
2599,2600,35.836248,0.514699
2600,2601,35.850031,0.389020
2601,2602,35.863814,0.465670
2602,2603,35.877597,0.487021
2603,2604,35.891380,0.520500
2604,2605,35.905164,0.525340
2605,2606,35.918947,0.454611
2606,2607,35.932730,0.455338
2607,2608,35.946513,0.395900
2608,2609,35.960296,0.453179
2609,2610,35.974079,0.455624
2610,2611,35.987863,0.449294
2611,2612,36.001646,0.379366
2612,2613,36.015429,0.424834
2613,2614,36.029212,0.391778
2614,2615,36.042995,0.414075
2615,2616,36.056778,0.432384
2616,2617,36.070562,0.404918
2617,2618,36.084345,0.437533
2618,2619,36.098128,0.392207
2619,2620,36.111911,0.450858
2620,2621,36.125694,0.464177
2621,2622,36.139477,0.393562
2622,2623,36.153261,0.405238
2623,2624,36.167044,0.444185
2624,2625,36.180827,0.443771
2625,2626,36.194610,0.417024
2626,2627,36.208393,0.442565
2627,2628,36.222177,0.417352
2628,2629,36.235960,0.398322
2629,2630,36.249743,0.552928
2630,2631,36.263526,0.462727
2631,2632,36.277309,0.443206
2632,2633,36.291092,0.441098
2633,2634,36.304876,0.422040
2634,2635,36.318659,0.415834
2635,2636,36.332442,0.465398
2636,2637,36.346225,0.477224
2637,2638,36.360008,0.468699
2638,2639,36.373791,0.356012
2639,2640,36.387575,0.455454
2640,2641,36.401358,0.449759
2641,2642,36.415141,0.389305
2642,2643,36.428924,0.394922
2643,2644,36.442707,0.535773
2644,2645,36.456490,0.375401
2645,2646,36.470274,0.431584
2646,2647,36.484057,0.484814
2647,2648,36.497840,0.429649
2648,2649,36.511623,0.535408
2649,2650,36.525406,0.492972
2650,2651,36.539189,0.412811
2651,2652,36.552973,0.418554
2652,2653,36.566756,0.432852
2653,2654,36.580539,0.454381
2654,2655,36.594322,0.347590
2655,2656,36.608105,0.450281
2656,2657,36.621889,0.451129
2657,2658,36.635672,0.476496
2658,2659,36.649455,0.398625
2659,2660,36.663238,0.411556
2660,2661,36.677021,0.560585
2661,2662,36.690804,0.422120
2662,2663,36.704588,0.473840
2663,2664,36.718371,0.434959
2664,2665,36.732154,0.418935
2665,2666,36.745937,0.406633
2666,2667,36.759720,0.466796
2667,2668,36.773503,0.453097
2668,2669,36.787287,0.438696
2669,2670,36.801070,0.436301
2670,2671,36.814853,0.407866
2671,2672,36.828636,0.402899
2672,2673,36.842419,0.449340
2673,2674,36.856202,0.421887
2674,2675,36.869986,0.463564
2675,2676,36.883769,0.521040
2676,2677,36.897552,0.395041
2677,2678,36.911335,0.512573
2678,2679,36.925118,0.505128
2679,2680,36.938901,0.420843
2680,2681,36.952685,0.439699
2681,2682,36.966468,0.411966
2682,2683,36.980251,0.437042
2683,2684,36.994034,0.336512
2684,2685,37.007817,0.377665
2685,2686,37.021600,0.410322
2686,2687,37.035384,0.462283
2687,2688,37.049167,0.443521
2688,2689,37.062950,0.432824
2689,2690,37.076733,0.442027
2690,2691,37.090516,0.442292
2691,2692,37.104300,0.440471
2692,2693,37.118083,0.400781
2693,2694,37.131866,0.456260
2694,2695,37.145649,0.504031
2695,2696,37.159432,0.476476
2696,2697,37.173215,0.451933
2697,2698,37.186999,0.489670
2698,2699,37.200782,0.511949
2699,2700,37.214565,0.509821
2700,2701,37.228348,0.471776
2701,2702,37.242131,0.459743
2702,2703,37.255914,0.453143
2703,2704,37.269698,0.401655
2704,2705,37.283481,0.437407
2705,2706,37.297264,0.516000
2706,2707,37.311047,0.447490
2707,2708,37.324830,0.414379
2708,2709,37.338613,0.452429
2709,2710,37.352397,0.432677
2710,2711,37.366180,0.427931
2711,2712,37.379963,0.410781
2712,2713,37.393746,0.494789
2713,2714,37.407529,0.487352
2714,2715,37.421312,0.496419
2715,2716,37.435096,0.491315
2716,2717,37.448879,0.417041
2717,2718,37.462662,0.482930
2718,2719,37.476445,0.445313
2719,2720,37.490228,0.457777
2720,2721,37.504012,0.402628
2721,2722,37.517795,0.485325
2722,2723,37.531578,0.449729
2723,2724,37.545361,0.499123
2724,2725,37.559144,0.498085
2725,2726,37.572927,0.431436
2726,2727,37.586711,0.449751
2727,2728,37.600494,0.420236
2728,2729,37.614277,0.369261
2729,2730,37.628060,0.503745
2730,2731,37.641843,0.444455
2731,2732,37.655626,0.446645
2732,2733,37.669410,0.373922
2733,2734,37.683193,0.473405
2734,2735,37.696976,0.470359
2735,2736,37.710759,0.433787
2736,2737,37.724542,0.458669
2737,2738,37.738325,0.500646
2738,2739,37.752109,0.488406
2739,2740,37.765892,0.471684
2740,2741,37.779675,0.510376
2741,2742,37.793458,0.455771
2742,2743,37.807241,0.407818
2743,2744,37.821024,0.415876
2744,2745,37.834808,0.395451
2745,2746,37.848591,0.437713
2746,2747,37.862374,0.405831
2747,2748,37.876157,0.507518
2748,2749,37.889940,0.502738
2749,2750,37.903724,0.509895
2750,2751,37.917507,0.408676
2751,2752,37.931290,0.581033
2752,2753,37.945073,0.399053
2753,2754,37.958856,0.471976
2754,2755,37.972639,0.437210
2755,2756,37.986423,0.431368
2756,2757,38.000206,0.378947
2757,2758,38.013989,0.393856
2758,2759,38.027772,0.481149
2759,2760,38.041555,0.406461
2760,2761,38.055338,0.435886
2761,2762,38.069122,0.469710
2762,2763,38.082905,0.443063
2763,2764,38.096688,0.424113
2764,2765,38.110471,0.425469
2765,2766,38.124254,0.382691
2766,2767,38.138037,0.458065
2767,2768,38.151821,0.426288
2768,2769,38.165604,0.441341
2769,2770,38.179387,0.441867
2770,2771,38.193170,0.453621
2771,2772,38.206953,0.413088
2772,2773,38.220736,0.421943
2773,2774,38.234520,0.436435
2774,2775,38.248303,0.452387
2775,2776,38.262086,0.472201
2776,2777,38.275869,0.436825
2777,2778,38.289652,0.417691
2778,2779,38.303436,0.474202
2779,2780,38.317219,0.437096
2780,2781,38.331002,0.511662
2781,2782,38.344785,0.453206
2782,2783,38.358568,0.507080
2783,2784,38.372351,0.443733
2784,2785,38.386135,0.491577
2785,2786,38.399918,0.449612
2786,2787,38.413701,0.372822
2787,2788,38.427484,0.474275
2788,2789,38.441267,0.426143
2789,2790,38.455050,0.450689
2790,2791,38.468834,0.426166
2791,2792,38.482617,0.437702
2792,2793,38.496400,0.471244
2793,2794,38.510183,0.435012
2794,2795,38.523966,0.428798
2795,2796,38.537749,0.486491
2796,2797,38.551533,0.390769
2797,2798,38.565316,0.480160
2798,2799,38.579099,0.461866
2799,2800,38.592882,0.410232
2800,2801,38.606665,0.450350
2801,2802,38.620448,0.455115
2802,2803,38.634232,0.416653
2803,2804,38.648015,0.436800
2804,2805,38.661798,0.409457
2805,2806,38.675581,0.424984
2806,2807,38.689364,0.361596
2807,2808,38.703148,0.446566
2808,2809,38.716931,0.509802
2809,2810,38.730714,0.424972
2810,2811,38.744497,0.478533
2811,2812,38.758280,0.471602
2812,2813,38.772063,0.374807
2813,2814,38.785847,0.453557
2814,2815,38.799630,0.458775
2815,2816,38.813413,0.442400
2816,2817,38.827196,0.478995
2817,2818,38.840979,0.392734
2818,2819,38.854762,0.460254
2819,2820,38.868546,0.389260
2820,2821,38.882329,0.427454
2821,2822,38.896112,0.446064
2822,2823,38.909895,0.518812
2823,2824,38.923678,0.443116
2824,2825,38.937461,0.532914
2825,2826,38.951245,0.423467
2826,2827,38.965028,0.373541
2827,2828,38.978811,0.494083
2828,2829,38.992594,0.424743
2829,2830,39.006377,0.410696
2830,2831,39.020160,0.480236
2831,2832,39.033944,0.419409
2832,2833,39.047727,0.450116
2833,2834,39.061510,0.485255
2834,2835,39.075293,0.352786
2835,2836,39.089076,0.468297
2836,2837,39.102859,0.388553
2837,2838,39.116643,0.481347
2838,2839,39.130426,0.420975
2839,2840,39.144209,0.491182
2840,2841,39.157992,0.412420
2841,2842,39.171775,0.401600
2842,2843,39.185559,0.401239
2843,2844,39.199342,0.509120
2844,2845,39.213125,0.524677
2845,2846,39.226908,0.420662
2846,2847,39.240691,0.433002
2847,2848,39.254474,0.473785
2848,2849,39.268258,0.375385
2849,2850,39.282041,0.395478
2850,2851,39.295824,0.495060
2851,2852,39.309607,0.487709
2852,2853,39.323390,0.452652
2853,2854,39.337173,0.410841
2854,2855,39.350957,0.482686
2855,2856,39.364740,0.479044
2856,2857,39.378523,0.444237
2857,2858,39.392306,0.533583
2858,2859,39.406089,0.420299
2859,2860,39.419872,0.479947
2860,2861,39.433656,0.445900
2861,2862,39.447439,0.493294
2862,2863,39.461222,0.474424
2863,2864,39.475005,0.537760
2864,2865,39.488788,0.476127
2865,2866,39.502571,0.404032
2866,2867,39.516355,0.555683
2867,2868,39.530138,0.425752
2868,2869,39.543921,0.416747
2869,2870,39.557704,0.525598
2870,2871,39.571487,0.486230
2871,2872,39.585271,0.456030
2872,2873,39.599054,0.417190
2873,2874,39.612837,0.445681
2874,2875,39.626620,0.357990
2875,2876,39.640403,0.456282
2876,2877,39.654186,0.402165
2877,2878,39.667970,0.432161
2878,2879,39.681753,0.397358
2879,2880,39.695536,0.475266
2880,2881,39.709319,0.445387
2881,2882,39.723102,0.507646
2882,2883,39.736885,0.448555
2883,2884,39.750669,0.497674
2884,2885,39.764452,0.438512
2885,2886,39.778235,0.403440
2886,2887,39.792018,0.417596
2887,2888,39.805801,0.448861
2888,2889,39.819584,0.490290
2889,2890,39.833368,0.340714
2890,2891,39.847151,0.494241
2891,2892,39.860934,0.424572
2892,2893,39.874717,0.485606
2893,2894,39.888500,0.435487
2894,2895,39.902283,0.472882
2895,2896,39.916067,0.455792
2896,2897,39.929850,0.428958
2897,2898,39.943633,0.448444
2898,2899,39.957416,0.398100
2899,2900,39.971199,0.368017
2900,2901,39.984983,0.407007
2901,2902,39.998766,0.413637
2902,2903,40.012549,0.491310
2903,2904,40.026332,0.446645
2904,2905,40.040115,0.447901
2905,2906,40.053898,0.508154
2906,2907,40.067682,0.466246
2907,2908,40.081465,0.401180
2908,2909,40.095248,0.400872
2909,2910,40.109031,0.480384
2910,2911,40.122814,0.355621
2911,2912,40.136597,0.418893
2912,2913,40.150381,0.460186
2913,2914,40.164164,0.413427
2914,2915,40.177947,0.520766
2915,2916,40.191730,0.438781
2916,2917,40.205513,0.440015
2917,2918,40.219296,0.420269
2918,2919,40.233080,0.458667
2919,2920,40.246863,0.439222
2920,2921,40.260646,0.496123
2921,2922,40.274429,0.395134
2922,2923,40.288212,0.428458
2923,2924,40.301995,0.418962
2924,2925,40.315779,0.455428
2925,2926,40.329562,0.408879
2926,2927,40.343345,0.539564
2927,2928,40.357128,0.432576
2928,2929,40.370911,0.371595
2929,2930,40.384695,0.416712
2930,2931,40.398478,0.556643
2931,2932,40.412261,0.456180
2932,2933,40.426044,0.400471
2933,2934,40.439827,0.471845
2934,2935,40.453610,0.492991
2935,2936,40.467394,0.483916
2936,2937,40.481177,0.417047
2937,2938,40.494960,0.389545
2938,2939,40.508743,0.466671
2939,2940,40.522526,0.459056
2940,2941,40.536309,0.404310
2941,2942,40.550093,0.433024
2942,2943,40.563876,0.417295
2943,2944,40.577659,0.399203
2944,2945,40.591442,0.462148
2945,2946,40.605225,0.399144
2946,2947,40.619008,0.409378
2947,2948,40.632792,0.390427
2948,2949,40.646575,0.393341
2949,2950,40.660358,0.445522
2950,2951,40.674141,0.509834
2951,2952,40.687924,0.402804
2952,2953,40.701707,0.400134
2953,2954,40.715491,0.428801
2954,2955,40.729274,0.441745
2955,2956,40.743057,0.513182
2956,2957,40.756840,0.439640
2957,2958,40.770623,0.498058
2958,2959,40.784407,0.448087
2959,2960,40.798190,0.474244
2960,2961,40.811973,0.430150
2961,2962,40.825756,0.458689
2962,2963,40.839539,0.423128
2963,2964,40.853322,0.447403
2964,2965,40.867106,0.448599
2965,2966,40.880889,0.443653
2966,2967,40.894672,0.396544
2967,2968,40.908455,0.407401
2968,2969,40.922238,0.465169
2969,2970,40.936021,0.417726
2970,2971,40.949805,0.436526
2971,2972,40.963588,0.416539
2972,2973,40.977371,0.388478
2973,2974,40.991154,0.448102
2974,2975,41.004937,0.495363
2975,2976,41.018720,0.390802
2976,2977,41.032504,0.384745
2977,2978,41.046287,0.417207
2978,2979,41.060070,0.420658
2979,2980,41.073853,0.499575
2980,2981,41.087636,0.477597
2981,2982,41.101419,0.430340
2982,2983,41.115203,0.475271
2983,2984,41.128986,0.393970
2984,2985,41.142769,0.338104
2985,2986,41.156552,0.370422
2986,2987,41.170335,0.476830
2987,2988,41.184118,0.399892
2988,2989,41.197902,0.483752
2989,2990,41.211685,0.410847
2990,2991,41.225468,0.436531
2991,2992,41.239251,0.463358
2992,2993,41.253034,0.452412
2993,2994,41.266818,0.500305
2994,2995,41.280601,0.452586
2995,2996,41.294384,0.502277
2996,2997,41.308167,0.407052
2997,2998,41.321950,0.427090
2998,2999,41.335733,0.465311
2999,3000,41.349517,0.453792
3000,3001,41.363300,0.426037
3001,3002,41.377083,0.500129
3002,3003,41.390866,0.471553
3003,3004,41.404649,0.383397
3004,3005,41.418432,0.415919
3005,3006,41.432216,0.439699
3006,3007,41.445999,0.461578
3007,3008,41.459782,0.376495
3008,3009,41.473565,0.431722
3009,3010,41.487348,0.447510
3010,3011,41.501131,0.418107
3011,3012,41.514915,0.469704
3012,3013,41.528698,0.414699
3013,3014,41.542481,0.471145
3014,3015,41.556264,0.528033
3015,3016,41.570047,0.534547
3016,3017,41.583830,0.399167
3017,3018,41.597614,0.426468
3018,3019,41.611397,0.438491
3019,3020,41.625180,0.490747
3020,3021,41.638963,0.460366
3021,3022,41.652746,0.454771
3022,3023,41.666530,0.481164
3023,3024,41.680313,0.481846
3024,3025,41.694096,0.429781
3025,3026,41.707879,0.383564
3026,3027,41.721662,0.453832
3027,3028,41.735445,0.440012
3028,3029,41.749229,0.411745
3029,3030,41.763012,0.420003
3030,3031,41.776795,0.482695
3031,3032,41.790578,0.438431
3032,3033,41.804361,0.426365
3033,3034,41.818144,0.458681
3034,3035,41.831928,0.330410
3035,3036,41.845711,0.540545
3036,3037,41.859494,0.411561
3037,3038,41.873277,0.413658
3038,3039,41.887060,0.448681
3039,3040,41.900843,0.457015
3040,3041,41.914627,0.442731
3041,3042,41.928410,0.373395
3042,3043,41.942193,0.518459
3043,3044,41.955976,0.389357
3044,3045,41.969759,0.444512
3045,3046,41.983542,0.478765
3046,3047,41.997326,0.452194
3047,3048,42.011109,0.403722
3048,3049,42.024892,0.485834
3049,3050,42.038675,0.433407
3050,3051,42.052458,0.372642
3051,3052,42.066242,0.451858
3052,3053,42.080025,0.463262
3053,3054,42.093808,0.452958
3054,3055,42.107591,0.407445
3055,3056,42.121374,0.390260
3056,3057,42.135157,0.461528
3057,3058,42.148941,0.406432
3058,3059,42.162724,0.433373
3059,3060,42.176507,0.452092
3060,3061,42.190290,0.490822
3061,3062,42.204073,0.426368
3062,3063,42.217856,0.476028
3063,3064,42.231640,0.372321
3064,3065,42.245423,0.412788
3065,3066,42.259206,0.414979
3066,3067,42.272989,0.468429
3067,3068,42.286772,0.437087
3068,3069,42.300555,0.513519
3069,3070,42.314339,0.505573
3070,3071,42.328122,0.379515
3071,3072,42.341905,0.396641
3072,3073,42.355688,0.459205
3073,3074,42.369471,0.407026
3074,3075,42.383254,0.472233
3075,3076,42.397038,0.394350
3076,3077,42.410821,0.436973
3077,3078,42.424604,0.536857
3078,3079,42.438387,0.433749
3079,3080,42.452170,0.434865
3080,3081,42.465954,0.460528
3081,3082,42.479737,0.471334
3082,3083,42.493520,0.475821
3083,3084,42.507303,0.472634
3084,3085,42.521086,0.495056
3085,3086,42.534869,0.513193
3086,3087,42.548653,0.404579
3087,3088,42.562436,0.483131
3088,3089,42.576219,0.514872
3089,3090,42.590002,0.383019
3090,3091,42.603785,0.422939
3091,3092,42.617568,0.401206
3092,3093,42.631352,0.505693
3093,3094,42.645135,0.373334
3094,3095,42.658918,0.468847
3095,3096,42.672701,0.429056
3096,3097,42.686484,0.437249
3097,3098,42.700267,0.472990
3098,3099,42.714051,0.485485
3099,3100,42.727834,0.412860
3100,3101,42.741617,0.451106
3101,3102,42.755400,0.478751
3102,3103,42.769183,0.445601
3103,3104,42.782966,0.408513
3104,3105,42.796750,0.463737
3105,3106,42.810533,0.460716
3106,3107,42.824316,0.374366
3107,3108,42.838099,0.510496
3108,3109,42.851882,0.429770
3109,3110,42.865666,0.454462
3110,3111,42.879449,0.439090
3111,3112,42.893232,0.501512
3112,3113,42.907015,0.468080
3113,3114,42.920798,0.453900
3114,3115,42.934581,0.425059
3115,3116,42.948365,0.430269
3116,3117,42.962148,0.453862
3117,3118,42.975931,0.429684
3118,3119,42.989714,0.437111
3119,3120,43.003497,0.421238
3120,3121,43.017280,0.409555
3121,3122,43.031064,0.510712
3122,3123,43.044847,0.408900
3123,3124,43.058630,0.476710
3124,3125,43.072413,0.384568
3125,3126,43.086196,0.503246
3126,3127,43.099979,0.451950
3127,3128,43.113763,0.446600
3128,3129,43.127546,0.449247
3129,3130,43.141329,0.429032
3130,3131,43.155112,0.404608
3131,3132,43.168895,0.449306
3132,3133,43.182678,0.425443
3133,3134,43.196462,0.464972
3134,3135,43.210245,0.410827
3135,3136,43.224028,0.430249
3136,3137,43.237811,0.455748
3137,3138,43.251594,0.417683
3138,3139,43.265377,0.440226
3139,3140,43.279161,0.458913
3140,3141,43.292944,0.408572
3141,3142,43.306727,0.422469
3142,3143,43.320510,0.489234
3143,3144,43.334293,0.471757
3144,3145,43.348077,0.390904
3145,3146,43.361860,0.431963
3146,3147,43.375643,0.498108
3147,3148,43.389426,0.475656
3148,3149,43.403209,0.476226
3149,3150,43.416992,0.445958
3150,3151,43.430776,0.397146
3151,3152,43.444559,0.356423
3152,3153,43.458342,0.498484
3153,3154,43.472125,0.351220
3154,3155,43.485908,0.374439
3155,3156,43.499691,0.394886
3156,3157,43.513475,0.448465
3157,3158,43.527258,0.498793
3158,3159,43.541041,0.464951
3159,3160,43.554824,0.468948
3160,3161,43.568607,0.498815
3161,3162,43.582390,0.402299
3162,3163,43.596174,0.455614
3163,3164,43.609957,0.439634
3164,3165,43.623740,0.483776
3165,3166,43.637523,0.479248
3166,3167,43.651306,0.435211
3167,3168,43.665089,0.443232
3168,3169,43.678873,0.389517
3169,3170,43.692656,0.461979
3170,3171,43.706439,0.460595
3171,3172,43.720222,0.398620
3172,3173,43.734005,0.483296
3173,3174,43.747789,0.375056
3174,3175,43.761572,0.440240
3175,3176,43.775355,0.408859
3176,3177,43.789138,0.434713
3177,3178,43.802921,0.474959
3178,3179,43.816704,0.444723
3179,3180,43.830488,0.414471
3180,3181,43.844271,0.385175
3181,3182,43.858054,0.379385
3182,3183,43.871837,0.441759
3183,3184,43.885620,0.406933
3184,3185,43.899403,0.391184
3185,3186,43.913187,0.445056
3186,3187,43.926970,0.429653
3187,3188,43.940753,0.440880
3188,3189,43.954536,0.470894
3189,3190,43.968319,0.490509
3190,3191,43.982102,0.436708
3191,3192,43.995886,0.404810
3192,3193,44.009669,0.480035
3193,3194,44.023452,0.476052
3194,3195,44.037235,0.448872
3195,3196,44.051018,0.384477
3196,3197,44.064801,0.426210
3197,3198,44.078585,0.427273
3198,3199,44.092368,0.352187
3199,3200,44.106151,0.411641
3200,3201,44.119934,0.445202
3201,3202,44.133717,0.526541
3202,3203,44.147501,0.340442
3203,3204,44.161284,0.412905
3204,3205,44.175067,0.526498
3205,3206,44.188850,0.426291
3206,3207,44.202633,0.502535
3207,3208,44.216416,0.391096
3208,3209,44.230200,0.481420
3209,3210,44.243983,0.483052
3210,3211,44.257766,0.466985
3211,3212,44.271549,0.372902
3212,3213,44.285332,0.448971
3213,3214,44.299115,0.429835
3214,3215,44.312899,0.459737
3215,3216,44.326682,0.433155
3216,3217,44.340465,0.452135
3217,3218,44.354248,0.399060
3218,3219,44.368031,0.427121
3219,3220,44.381814,0.507384
3220,3221,44.395598,0.443753
3221,3222,44.409381,0.395100
3222,3223,44.423164,0.473717
3223,3224,44.436947,0.446857
3224,3225,44.450730,0.370586
3225,3226,44.464513,0.371637
3226,3227,44.478297,0.496583
3227,3228,44.492080,0.349416
3228,3229,44.505863,0.475031
3229,3230,44.519646,0.431403
3230,3231,44.533429,0.490739
3231,3232,44.547213,0.431027
3232,3233,44.560996,0.442856
3233,3234,44.574779,0.413397
3234,3235,44.588562,0.442548
3235,3236,44.602345,0.394729
3236,3237,44.616128,0.443655
3237,3238,44.629912,0.464556
3238,3239,44.643695,0.450041
3239,3240,44.657478,0.446773
3240,3241,44.671261,0.424353
3241,3242,44.685044,0.456892
3242,3243,44.698827,0.388078
3243,3244,44.712611,0.387712
3244,3245,44.726394,0.423214
3245,3246,44.740177,0.387245
3246,3247,44.753960,0.431238
3247,3248,44.767743,0.438708
3248,3249,44.781526,0.413566
3249,3250,44.795310,0.419916
3250,3251,44.809093,0.386541
3251,3252,44.822876,0.467849
3252,3253,44.836659,0.503795
3253,3254,44.850442,0.434978
3254,3255,44.864225,0.393164
3255,3256,44.878009,0.402841
3256,3257,44.891792,0.492282
3257,3258,44.905575,0.468318
3258,3259,44.919358,0.399793
3259,3260,44.933141,0.457980
3260,3261,44.946925,0.444952
3261,3262,44.960708,0.313374
3262,3263,44.974491,0.475090
3263,3264,44.988274,0.455850
3264,3265,45.002057,0.466672
3265,3266,45.015840,0.491906
3266,3267,45.029624,0.390940
3267,3268,45.043407,0.420659
3268,3269,45.057190,0.529214
3269,3270,45.070973,0.407302
3270,3271,45.084756,0.473086
3271,3272,45.098539,0.452804
3272,3273,45.112323,0.475596
3273,3274,45.126106,0.420260
3274,3275,45.139889,0.419979
3275,3276,45.153672,0.361844
3276,3277,45.167455,0.437910
3277,3278,45.181238,0.395009
3278,3279,45.195022,0.431109
3279,3280,45.208805,0.403805
3280,3281,45.222588,0.424976
3281,3282,45.236371,0.412628
3282,3283,45.250154,0.426230
3283,3284,45.263937,0.480991
3284,3285,45.277721,0.421048
3285,3286,45.291504,0.509889
3286,3287,45.305287,0.423114
3287,3288,45.319070,0.457160
3288,3289,45.332853,0.434145
3289,3290,45.346636,0.449958
3290,3291,45.360420,0.454916
3291,3292,45.374203,0.473868
3292,3293,45.387986,0.383827
3293,3294,45.401769,0.486335
3294,3295,45.415552,0.452843
3295,3296,45.429336,0.468425
3296,3297,45.443119,0.453243
3297,3298,45.456902,0.438916
3298,3299,45.470685,0.501055
3299,3300,45.484468,0.433521
3300,3301,45.498251,0.469085
3301,3302,45.512035,0.449402
3302,3303,45.525818,0.405891
3303,3304,45.539601,0.429096
3304,3305,45.553384,0.389714
3305,3306,45.567167,0.353520
3306,3307,45.580950,0.451713
3307,3308,45.594734,0.425947
3308,3309,45.608517,0.395518
3309,3310,45.622300,0.381618
3310,3311,45.636083,0.485235
3311,3312,45.649866,0.390282
3312,3313,45.663649,0.423335
3313,3314,45.677433,0.430342
3314,3315,45.691216,0.438357
3315,3316,45.704999,0.448586
3316,3317,45.718782,0.393064
3317,3318,45.732565,0.438734
3318,3319,45.746348,0.378014
3319,3320,45.760132,0.454185
3320,3321,45.773915,0.449940
3321,3322,45.787698,0.543897
3322,3323,45.801481,0.407781
3323,3324,45.815264,0.419873
3324,3325,45.829048,0.486232
3325,3326,45.842831,0.437522
3326,3327,45.856614,0.430410
3327,3328,45.870397,0.463587
3328,3329,45.884180,0.370994
3329,3330,45.897963,0.396904
3330,3331,45.911747,0.412742
3331,3332,45.925530,0.424356
3332,3333,45.939313,0.451234
3333,3334,45.953096,0.524598
3334,3335,45.966879,0.505729
3335,3336,45.980662,0.436468
3336,3337,45.994446,0.458168
3337,3338,46.008229,0.418640
3338,3339,46.022012,0.463349
3339,3340,46.035795,0.403126
3340,3341,46.049578,0.424011
3341,3342,46.063361,0.444042
3342,3343,46.077145,0.403507
3343,3344,46.090928,0.450411
3344,3345,46.104711,0.499458
3345,3346,46.118494,0.493147
3346,3347,46.132277,0.454351
3347,3348,46.146060,0.475750
3348,3349,46.159844,0.494944
3349,3350,46.173627,0.384570
3350,3351,46.187410,0.432484
3351,3352,46.201193,0.402336
3352,3353,46.214976,0.416100
3353,3354,46.228760,0.394994
3354,3355,46.242543,0.409207
3355,3356,46.256326,0.460184
3356,3357,46.270109,0.459764
3357,3358,46.283892,0.441618
3358,3359,46.297675,0.383594
3359,3360,46.311459,0.444472
3360,3361,46.325242,0.409079
3361,3362,46.339025,0.417420
3362,3363,46.352808,0.410794
3363,3364,46.366591,0.464722
3364,3365,46.380374,0.460419
3365,3366,46.394158,0.442850
3366,3367,46.407941,0.406667
3367,3368,46.421724,0.406026
3368,3369,46.435507,0.355122
3369,3370,46.449290,0.394792
3370,3371,46.463073,0.425324
3371,3372,46.476857,0.396328
3372,3373,46.490640,0.466895
3373,3374,46.504423,0.420359
3374,3375,46.518206,0.396175
3375,3376,46.531989,0.494219
3376,3377,46.545772,0.461357
3377,3378,46.559556,0.399480
3378,3379,46.573339,0.450702
3379,3380,46.587122,0.540908
3380,3381,46.600905,0.394377
3381,3382,46.614688,0.450923
3382,3383,46.628472,0.418328
3383,3384,46.642255,0.464441
3384,3385,46.656038,0.497606
3385,3386,46.669821,0.460058
3386,3387,46.683604,0.379666
3387,3388,46.697387,0.361740
3388,3389,46.711171,0.482579
3389,3390,46.724954,0.424295
3390,3391,46.738737,0.415215
3391,3392,46.752520,0.427884
3392,3393,46.766303,0.409201
3393,3394,46.780086,0.477665
3394,3395,46.793870,0.436444
3395,3396,46.807653,0.520552
3396,3397,46.821436,0.415634
3397,3398,46.835219,0.441387
3398,3399,46.849002,0.378983
3399,3400,46.862785,0.489783
3400,3401,46.876569,0.398686
3401,3402,46.890352,0.466929
3402,3403,46.904135,0.417863
3403,3404,46.917918,0.376207
3404,3405,46.931701,0.461629
3405,3406,46.945484,0.443281
3406,3407,46.959268,0.462451
3407,3408,46.973051,0.459806
3408,3409,46.986834,0.468944
3409,3410,47.000617,0.385267
3410,3411,47.014400,0.421464
3411,3412,47.028184,0.438048
3412,3413,47.041967,0.377007
3413,3414,47.055750,0.421406
3414,3415,47.069533,0.412950
3415,3416,47.083316,0.421800
3416,3417,47.097099,0.440515
3417,3418,47.110883,0.414976
3418,3419,47.124666,0.372501
3419,3420,47.138449,0.481398
3420,3421,47.152232,0.451317
3421,3422,47.166015,0.426797
3422,3423,47.179798,0.425393
3423,3424,47.193582,0.478500
3424,3425,47.207365,0.394742
3425,3426,47.221148,0.385241
3426,3427,47.234931,0.419179
3427,3428,47.248714,0.437779
3428,3429,47.262497,0.430306
3429,3430,47.276281,0.471348
3430,3431,47.290064,0.401050
3431,3432,47.303847,0.476480
3432,3433,47.317630,0.471408
3433,3434,47.331413,0.451590
3434,3435,47.345196,0.344952
3435,3436,47.358980,0.428923
3436,3437,47.372763,0.458964
3437,3438,47.386546,0.461746
3438,3439,47.400329,0.387808
3439,3440,47.414112,0.443147
3440,3441,47.427895,0.436692
3441,3442,47.441679,0.414277
3442,3443,47.455462,0.391803
3443,3444,47.469245,0.474031
3444,3445,47.483028,0.469051
3445,3446,47.496811,0.448335
3446,3447,47.510595,0.446744
3447,3448,47.524378,0.431975
3448,3449,47.538161,0.405844
3449,3450,47.551944,0.425777
3450,3451,47.565727,0.381499
3451,3452,47.579510,0.443379
3452,3453,47.593294,0.422070
3453,3454,47.607077,0.445708
3454,3455,47.620860,0.431367
3455,3456,47.634643,0.422353
3456,3457,47.648426,0.379633
3457,3458,47.662209,0.424600
3458,3459,47.675993,0.411222
3459,3460,47.689776,0.465412
3460,3461,47.703559,0.468559
3461,3462,47.717342,0.435768
3462,3463,47.731125,0.441026
3463,3464,47.744908,0.473931
3464,3465,47.758692,0.435072
3465,3466,47.772475,0.428694
3466,3467,47.786258,0.367265
3467,3468,47.800041,0.461499
3468,3469,47.813824,0.480887
3469,3470,47.827607,0.407828
3470,3471,47.841391,0.516033
3471,3472,47.855174,0.458534
3472,3473,47.868957,0.438910
3473,3474,47.882740,0.392206
3474,3475,47.896523,0.410775
3475,3476,47.910307,0.421988
3476,3477,47.924090,0.394549
3477,3478,47.937873,0.442139
3478,3479,47.951656,0.420286
3479,3480,47.965439,0.465316
3480,3481,47.979222,0.418873
3481,3482,47.993006,0.433861
3482,3483,48.006789,0.447081
3483,3484,48.020572,0.452946
3484,3485,48.034355,0.394476
3485,3486,48.048138,0.475885
3486,3487,48.061921,0.473167
3487,3488,48.075705,0.396450
3488,3489,48.089488,0.385810
3489,3490,48.103271,0.383663
3490,3491,48.117054,0.525396
3491,3492,48.130837,0.463767
3492,3493,48.144620,0.480110
3493,3494,48.158404,0.413101
3494,3495,48.172187,0.455452
3495,3496,48.185970,0.454003
3496,3497,48.199753,0.484644
3497,3498,48.213536,0.474294
3498,3499,48.227319,0.502173
3499,3500,48.241103,0.421827
3500,3501,48.254886,0.490967
3501,3502,48.268669,0.425126
3502,3503,48.282452,0.469367
3503,3504,48.296235,0.488787
3504,3505,48.310019,0.445797
3505,3506,48.323802,0.465157
3506,3507,48.337585,0.405828
3507,3508,48.351368,0.461584
3508,3509,48.365151,0.445830
3509,3510,48.378934,0.380254
3510,3511,48.392718,0.471383
3511,3512,48.406501,0.385488
3512,3513,48.420284,0.519879
3513,3514,48.434067,0.451496
3514,3515,48.447850,0.420380
3515,3516,48.461633,0.533030
3516,3517,48.475417,0.419299
3517,3518,48.489200,0.550130
3518,3519,48.502983,0.424263
3519,3520,48.516766,0.438042
3520,3521,48.530549,0.531446
3521,3522,48.544332,0.462647
3522,3523,48.558116,0.409490
3523,3524,48.571899,0.399410
3524,3525,48.585682,0.485139
3525,3526,48.599465,0.465268
3526,3527,48.613248,0.499746
3527,3528,48.627031,0.396403
3528,3529,48.640815,0.400677
3529,3530,48.654598,0.486918
3530,3531,48.668381,0.415460
3531,3532,48.682164,0.399728
3532,3533,48.695947,0.421811
3533,3534,48.709731,0.426065
3534,3535,48.723514,0.412839
3535,3536,48.737297,0.537262
3536,3537,48.751080,0.506455
3537,3538,48.764863,0.411693
3538,3539,48.778646,0.394613
3539,3540,48.792430,0.480117
3540,3541,48.806213,0.440738
3541,3542,48.819996,0.462142
3542,3543,48.833779,0.458531
3543,3544,48.847562,0.451007
3544,3545,48.861345,0.466732
3545,3546,48.875129,0.603981
3546,3547,48.888912,0.422533
3547,3548,48.902695,0.381328
3548,3549,48.916478,0.438637
3549,3550,48.930261,0.371582
3550,3551,48.944044,0.387576
3551,3552,48.957828,0.442464
3552,3553,48.971611,0.551973
3553,3554,48.985394,0.487064
3554,3555,48.999177,0.412245
3555,3556,49.012960,0.401718
3556,3557,49.026743,0.427150
3557,3558,49.040527,0.396706
3558,3559,49.054310,0.434655
3559,3560,49.068093,0.487621
3560,3561,49.081876,0.485888
3561,3562,49.095659,0.540022
3562,3563,49.109443,0.417802
3563,3564,49.123226,0.486075
3564,3565,49.137009,0.408604
3565,3566,49.150792,0.481677
3566,3567,49.164575,0.426873
3567,3568,49.178358,0.391504
3568,3569,49.192142,0.361256
3569,3570,49.205925,0.481193
3570,3571,49.219708,0.436303
3571,3572,49.233491,0.484091
3572,3573,49.247274,0.492705
3573,3574,49.261057,0.391047
3574,3575,49.274841,0.478222
3575,3576,49.288624,0.407000
3576,3577,49.302407,0.436046
3577,3578,49.316190,0.457024
3578,3579,49.329973,0.435339
3579,3580,49.343756,0.428898
3580,3581,49.357540,0.419041
3581,3582,49.371323,0.457198
3582,3583,49.385106,0.391502
3583,3584,49.398889,0.440202
3584,3585,49.412672,0.425581
3585,3586,49.426455,0.427102
3586,3587,49.440239,0.466979
3587,3588,49.454022,0.557100
3588,3589,49.467805,0.400211
3589,3590,49.481588,0.539003
3590,3591,49.495371,0.445072
3591,3592,49.509154,0.405188
3592,3593,49.522938,0.449562
3593,3594,49.536721,0.498383
3594,3595,49.550504,0.485182
3595,3596,49.564287,0.451608
3596,3597,49.578070,0.514426
3597,3598,49.591854,0.503640
3598,3599,49.605637,0.372138
3599,3600,49.619420,0.490539
3600,3601,49.633203,0.474386
3601,3602,49.646986,0.451750
3602,3603,49.660769,0.431440
3603,3604,49.674553,0.465056
3604,3605,49.688336,0.406031
3605,3606,49.702119,0.409124
3606,3607,49.715902,0.421089
3607,3608,49.729685,0.483524
3608,3609,49.743468,0.477174
3609,3610,49.757252,0.421370
3610,3611,49.771035,0.301423
3611,3612,49.784818,0.435878
3612,3613,49.798601,0.529929
3613,3614,49.812384,0.439643
3614,3615,49.826167,0.425934
3615,3616,49.839951,0.414465
3616,3617,49.853734,0.473767
3617,3618,49.867517,0.442435
3618,3619,49.881300,0.441895
3619,3620,49.895083,0.505557
3620,3621,49.908866,0.459340
3621,3622,49.922650,0.433942
3622,3623,49.936433,0.411206
3623,3624,49.950216,0.474127
3624,3625,49.963999,0.400679
3625,3626,49.977782,0.467519
3626,3627,49.991566,0.409119
3627,3628,50.005349,0.440599
3628,3629,50.019132,0.462649
3629,3630,50.032915,0.503257
3630,3631,50.046698,0.463859
3631,3632,50.060481,0.441433
3632,3633,50.074265,0.467830
3633,3634,50.088048,0.330684
3634,3635,50.101831,0.452235
3635,3636,50.115614,0.437834
3636,3637,50.129397,0.489941
3637,3638,50.143180,0.398763
3638,3639,50.156964,0.426727
3639,3640,50.170747,0.415528
3640,3641,50.184530,0.426473
3641,3642,50.198313,0.426700
3642,3643,50.212096,0.426400
3643,3644,50.225879,0.460562
3644,3645,50.239663,0.389150
3645,3646,50.253446,0.484931
3646,3647,50.267229,0.432162
3647,3648,50.281012,0.420906
3648,3649,50.294795,0.398468
3649,3650,50.308578,0.538397
3650,3651,50.322362,0.440782
3651,3652,50.336145,0.402797
3652,3653,50.349928,0.530067
3653,3654,50.363711,0.459778
3654,3655,50.377494,0.451891
3655,3656,50.391278,0.433446
3656,3657,50.405061,0.464480
3657,3658,50.418844,0.385074
3658,3659,50.432627,0.435574
3659,3660,50.446410,0.440378
3660,3661,50.460193,0.525764
3661,3662,50.473977,0.467661
3662,3663,50.487760,0.517451
3663,3664,50.501543,0.456810
3664,3665,50.515326,0.434812
3665,3666,50.529109,0.484022
3666,3667,50.542892,0.465547
3667,3668,50.556676,0.403440
3668,3669,50.570459,0.424769
3669,3670,50.584242,0.447048
3670,3671,50.598025,0.359860
3671,3672,50.611808,0.480120
3672,3673,50.625591,0.463903
3673,3674,50.639375,0.473655
3674,3675,50.653158,0.384433
3675,3676,50.666941,0.382263
3676,3677,50.680724,0.450058
3677,3678,50.694507,0.377941
3678,3679,50.708290,0.355970
3679,3680,50.722074,0.412343
3680,3681,50.735857,0.507771
3681,3682,50.749640,0.421782
3682,3683,50.763423,0.413573
3683,3684,50.777206,0.396427
3684,3685,50.790990,0.468732
3685,3686,50.804773,0.408457
3686,3687,50.818556,0.386804
3687,3688,50.832339,0.495952
3688,3689,50.846122,0.389678
3689,3690,50.859905,0.474335
3690,3691,50.873689,0.351945
3691,3692,50.887472,0.460852
3692,3693,50.901255,0.476369
3693,3694,50.915038,0.381333
3694,3695,50.928821,0.452371
3695,3696,50.942604,0.521356
3696,3697,50.956388,0.434158
3697,3698,50.970171,0.407807
3698,3699,50.983954,0.448859
3699,3700,50.997737,0.510449
3700,3701,51.011520,0.474216
3701,3702,51.025303,0.483573
3702,3703,51.039087,0.465874
3703,3704,51.052870,0.449340
3704,3705,51.066653,0.465434
3705,3706,51.080436,0.400001
3706,3707,51.094219,0.440987
3707,3708,51.108002,0.468826
3708,3709,51.121786,0.431822
3709,3710,51.135569,0.479334
3710,3711,51.149352,0.464693
3711,3712,51.163135,0.409852
3712,3713,51.176918,0.419513
3713,3714,51.190702,0.466063
3714,3715,51.204485,0.459650
3715,3716,51.218268,0.464037
3716,3717,51.232051,0.386151
3717,3718,51.245834,0.475645
3718,3719,51.259617,0.463612
3719,3720,51.273401,0.449157
3720,3721,51.287184,0.407788
3721,3722,51.300967,0.444677
3722,3723,51.314750,0.482283
3723,3724,51.328533,0.451543
3724,3725,51.342316,0.398016
3725,3726,51.356100,0.377003
3726,3727,51.369883,0.468523
3727,3728,51.383666,0.505779
3728,3729,51.397449,0.498664
3729,3730,51.411232,0.419416
3730,3731,51.425015,0.416869
3731,3732,51.438799,0.476766
3732,3733,51.452582,0.467780
3733,3734,51.466365,0.425287
3734,3735,51.480148,0.406145
3735,3736,51.493931,0.420003
3736,3737,51.507714,0.448749
3737,3738,51.521498,0.422614
3738,3739,51.535281,0.425513
3739,3740,51.549064,0.475097
3740,3741,51.562847,0.405914
3741,3742,51.576630,0.426333
3742,3743,51.590413,0.388197
3743,3744,51.604197,0.488113
3744,3745,51.617980,0.470505
3745,3746,51.631763,0.387542
3746,3747,51.645546,0.391047
3747,3748,51.659329,0.445960
3748,3749,51.673113,0.378437
3749,3750,51.686896,0.426262
3750,3751,51.700679,0.471206
3751,3752,51.714462,0.408578
3752,3753,51.728245,0.454126
3753,3754,51.742028,0.458668
3754,3755,51.755812,0.424616
3755,3756,51.769595,0.455276
3756,3757,51.783378,0.414069
3757,3758,51.797161,0.440947
3758,3759,51.810944,0.464860
3759,3760,51.824727,0.457837
3760,3761,51.838511,0.423752
3761,3762,51.852294,0.425410
3762,3763,51.866077,0.463840
3763,3764,51.879860,0.411958
3764,3765,51.893643,0.473707
3765,3766,51.907426,0.426237
3766,3767,51.921210,0.504276
3767,3768,51.934993,0.474782
3768,3769,51.948776,0.421599
3769,3770,51.962559,0.459680
3770,3771,51.976342,0.449409
3771,3772,51.990125,0.506046
3772,3773,52.003909,0.436398
3773,3774,52.017692,0.434426
3774,3775,52.031475,0.487905
3775,3776,52.045258,0.472507
3776,3777,52.059041,0.487773
3777,3778,52.072825,0.533070
3778,3779,52.086608,0.486419
3779,3780,52.100391,0.429723
3780,3781,52.114174,0.506989
3781,3782,52.127957,0.408145
3782,3783,52.141740,0.444001
3783,3784,52.155524,0.498782
3784,3785,52.169307,0.409563
3785,3786,52.183090,0.368672
3786,3787,52.196873,0.389481
3787,3788,52.210656,0.464043
3788,3789,52.224439,0.499010
3789,3790,52.238223,0.451057
3790,3791,52.252006,0.570906
3791,3792,52.265789,0.398146
3792,3793,52.279572,0.417281
3793,3794,52.293355,0.407514
3794,3795,52.307138,0.538084
3795,3796,52.320922,0.466894
3796,3797,52.334705,0.388570
3797,3798,52.348488,0.467288
3798,3799,52.362271,0.460964
3799,3800,52.376054,0.430778
3800,3801,52.389837,0.429993
3801,3802,52.403621,0.545341
3802,3803,52.417404,0.375328
3803,3804,52.431187,0.362017
3804,3805,52.444970,0.469302
3805,3806,52.458753,0.410068
3806,3807,52.472537,0.437729
3807,3808,52.486320,0.413573
3808,3809,52.500103,0.437793
3809,3810,52.513886,0.405062
3810,3811,52.527669,0.484048
3811,3812,52.541452,0.448419
3812,3813,52.555236,0.537087
3813,3814,52.569019,0.432589
3814,3815,52.582802,0.406619
3815,3816,52.596585,0.449992
3816,3817,52.610368,0.511781
3817,3818,52.624151,0.435192
3818,3819,52.637935,0.412772
3819,3820,52.651718,0.409266
3820,3821,52.665501,0.430397
3821,3822,52.679284,0.493390
3822,3823,52.693067,0.442666
3823,3824,52.706850,0.421230
3824,3825,52.720634,0.417361
3825,3826,52.734417,0.395608
3826,3827,52.748200,0.417460
3827,3828,52.761983,0.387512
3828,3829,52.775766,0.521982
3829,3830,52.789549,0.439159
3830,3831,52.803333,0.355502
3831,3832,52.817116,0.431552
3832,3833,52.830899,0.445722
3833,3834,52.844682,0.494871
3834,3835,52.858465,0.392570
3835,3836,52.872249,0.443016
3836,3837,52.886032,0.369196
3837,3838,52.899815,0.437151
3838,3839,52.913598,0.539001
3839,3840,52.927381,0.387394
3840,3841,52.941164,0.496233
3841,3842,52.954948,0.435073
3842,3843,52.968731,0.492643
3843,3844,52.982514,0.494721
3844,3845,52.996297,0.443893
3845,3846,53.010080,0.470931
3846,3847,53.023863,0.471635
3847,3848,53.037647,0.473456
3848,3849,53.051430,0.546402
3849,3850,53.065213,0.411298
3850,3851,53.078996,0.487673
3851,3852,53.092779,0.475967
3852,3853,53.106562,0.498030
3853,3854,53.120346,0.384406
3854,3855,53.134129,0.412662
3855,3856,53.147912,0.483797
3856,3857,53.161695,0.389167
3857,3858,53.175478,0.426781
3858,3859,53.189261,0.458150
3859,3860,53.203045,0.403912
3860,3861,53.216828,0.402436
3861,3862,53.230611,0.468894
3862,3863,53.244394,0.449620
3863,3864,53.258177,0.382261
3864,3865,53.271961,0.384199
3865,3866,53.285744,0.433995
3866,3867,53.299527,0.446952
3867,3868,53.313310,0.428234
3868,3869,53.327093,0.441544
3869,3870,53.340876,0.470675
3870,3871,53.354660,0.449527
3871,3872,53.368443,0.396507
3872,3873,53.382226,0.426022
3873,3874,53.396009,0.392682
3874,3875,53.409792,0.424361
3875,3876,53.423575,0.389651
3876,3877,53.437359,0.425911
3877,3878,53.451142,0.435607
3878,3879,53.464925,0.480087
3879,3880,53.478708,0.409608
3880,3881,53.492491,0.401377
3881,3882,53.506274,0.405570
3882,3883,53.520058,0.472190
3883,3884,53.533841,0.471114
3884,3885,53.547624,0.409252
3885,3886,53.561407,0.541163
3886,3887,53.575190,0.441834
3887,3888,53.588973,0.445781
3888,3889,53.602757,0.481203
3889,3890,53.616540,0.467015
3890,3891,53.630323,0.470928
3891,3892,53.644106,0.423735
3892,3893,53.657889,0.563489
3893,3894,53.671672,0.473874
3894,3895,53.685456,0.364456
3895,3896,53.699239,0.442360
3896,3897,53.713022,0.413432
3897,3898,53.726805,0.464991
3898,3899,53.740588,0.566438
3899,3900,53.754372,0.446961
3900,3901,53.768155,0.573335
3901,3902,53.781938,0.465317
3902,3903,53.795721,0.511824
3903,3904,53.809504,0.428568
3904,3905,53.823287,0.402563
3905,3906,53.837071,0.485219
3906,3907,53.850854,0.444268
3907,3908,53.864637,0.505024
3908,3909,53.878420,0.459549
3909,3910,53.892203,0.461134
3910,3911,53.905986,0.498135
3911,3912,53.919770,0.501702
3912,3913,53.933553,0.436432
3913,3914,53.947336,0.407432
3914,3915,53.961119,0.499605
3915,3916,53.974902,0.358763
3916,3917,53.988685,0.487145
3917,3918,54.002469,0.432565
3918,3919,54.016252,0.530405
3919,3920,54.030035,0.418727
3920,3921,54.043818,0.467914
3921,3922,54.057601,0.467864
3922,3923,54.071384,0.442006
3923,3924,54.085168,0.467081
3924,3925,54.098951,0.475695
3925,3926,54.112734,0.534945
3926,3927,54.126517,0.439811
3927,3928,54.140300,0.446152
3928,3929,54.154084,0.399326
3929,3930,54.167867,0.402955
3930,3931,54.181650,0.439224
3931,3932,54.195433,0.422860
3932,3933,54.209216,0.558325
3933,3934,54.222999,0.506517
3934,3935,54.236783,0.492438
3935,3936,54.250566,0.450783
3936,3937,54.264349,0.460759
3937,3938,54.278132,0.478070
3938,3939,54.291915,0.436325
3939,3940,54.305698,0.447074
3940,3941,54.319482,0.467344
3941,3942,54.333265,0.434878
3942,3943,54.347048,0.486579
3943,3944,54.360831,0.461068
3944,3945,54.374614,0.468808
3945,3946,54.388397,0.436243
3946,3947,54.402181,0.501288
3947,3948,54.415964,0.485357
3948,3949,54.429747,0.425626
3949,3950,54.443530,0.391854
3950,3951,54.457313,0.445461
3951,3952,54.471096,0.410677
3952,3953,54.484880,0.461027
3953,3954,54.498663,0.417399
3954,3955,54.512446,0.439194
3955,3956,54.526229,0.527965
3956,3957,54.540012,0.607948
3957,3958,54.553796,0.403633
3958,3959,54.567579,0.479087
3959,3960,54.581362,0.500912
3960,3961,54.595145,0.427353
3961,3962,54.608928,0.465745
3962,3963,54.622711,0.427134
3963,3964,54.636495,0.423411
3964,3965,54.650278,0.453058
3965,3966,54.664061,0.462191
3966,3967,54.677844,0.442312
3967,3968,54.691627,0.490877
3968,3969,54.705410,0.447970
3969,3970,54.719194,0.426273
3970,3971,54.732977,0.422387
3971,3972,54.746760,0.488492
3972,3973,54.760543,0.450787
3973,3974,54.774326,0.403549
3974,3975,54.788109,0.447401
3975,3976,54.801893,0.491848
3976,3977,54.815676,0.435309
3977,3978,54.829459,0.470299
3978,3979,54.843242,0.448512
3979,3980,54.857025,0.447665
3980,3981,54.870808,0.331987
3981,3982,54.884592,0.464228
3982,3983,54.898375,0.418688
3983,3984,54.912158,0.442636
3984,3985,54.925941,0.459331
3985,3986,54.939724,0.443975
3986,3987,54.953508,0.387007
3987,3988,54.967291,0.456625
3988,3989,54.981074,0.439813
3989,3990,54.994857,0.496432
3990,3991,55.008640,0.455556
3991,3992,55.022423,0.433917
3992,3993,55.036207,0.488761
3993,3994,55.049990,0.365229
3994,3995,55.063773,0.444500
3995,3996,55.077556,0.393636
3996,3997,55.091339,0.447120
3997,3998,55.105122,0.437006
3998,3999,55.118906,0.455955
3999,4000,55.132689,0.442708
4000,4001,55.146472,0.462098
4001,4002,55.160255,0.542104
4002,4003,55.174038,0.409581
4003,4004,55.187821,0.445619
4004,4005,55.201605,0.391327
4005,4006,55.215388,0.461883
4006,4007,55.229171,0.526041
4007,4008,55.242954,0.494148
4008,4009,55.256737,0.439824
4009,4010,55.270520,0.389751
4010,4011,55.284304,0.418472
4011,4012,55.298087,0.502340
4012,4013,55.311870,0.373875
4013,4014,55.325653,0.515128
4014,4015,55.339436,0.473753
4015,4016,55.353220,0.431638
4016,4017,55.367003,0.512543
4017,4018,55.380786,0.435393
4018,4019,55.394569,0.452130
4019,4020,55.408352,0.487374
4020,4021,55.422135,0.442275
4021,4022,55.435919,0.466416
4022,4023,55.449702,0.516244
4023,4024,55.463485,0.496298
4024,4025,55.477268,0.485066
4025,4026,55.491051,0.374718
4026,4027,55.504834,0.412657
4027,4028,55.518618,0.424355
4028,4029,55.532401,0.476682
4029,4030,55.546184,0.461532
4030,4031,55.559967,0.452154
4031,4032,55.573750,0.470184
4032,4033,55.587533,0.469717
4033,4034,55.601317,0.478057
4034,4035,55.615100,0.439305
4035,4036,55.628883,0.522503
4036,4037,55.642666,0.520957
4037,4038,55.656449,0.415427
4038,4039,55.670232,0.520240
4039,4040,55.684016,0.492742
4040,4041,55.697799,0.541954
4041,4042,55.711582,0.452948
4042,4043,55.725365,0.410155
4043,4044,55.739148,0.483760
4044,4045,55.752931,0.450922
4045,4046,55.766715,0.501306
4046,4047,55.780498,0.477028
4047,4048,55.794281,0.496169
4048,4049,55.808064,0.438996
4049,4050,55.821847,0.496946
4050,4051,55.835631,0.547728
4051,4052,55.849414,0.425496
4052,4053,55.863197,0.387149
4053,4054,55.876980,0.504467
4054,4055,55.890763,0.440090
4055,4056,55.904546,0.440799
4056,4057,55.918330,0.439231
4057,4058,55.932113,0.471129
4058,4059,55.945896,0.494617
4059,4060,55.959679,0.460392
4060,4061,55.973462,0.491704
4061,4062,55.987245,0.484438
4062,4063,56.001029,0.447071
4063,4064,56.014812,0.430291
4064,4065,56.028595,0.411749
4065,4066,56.042378,0.451367
4066,4067,56.056161,0.436313
4067,4068,56.069944,0.471415
4068,4069,56.083728,0.451904
4069,4070,56.097511,0.461328
4070,4071,56.111294,0.428588
4071,4072,56.125077,0.526135
4072,4073,56.138860,0.479140
4073,4074,56.152643,0.458249
4074,4075,56.166427,0.468269
4075,4076,56.180210,0.481790
4076,4077,56.193993,0.363882
4077,4078,56.207776,0.434207
4078,4079,56.221559,0.549163
4079,4080,56.235343,0.405098
4080,4081,56.249126,0.483411
4081,4082,56.262909,0.429967
4082,4083,56.276692,0.450166
4083,4084,56.290475,0.492742
4084,4085,56.304258,0.468155
4085,4086,56.318042,0.441077
4086,4087,56.331825,0.450181
4087,4088,56.345608,0.474091
4088,4089,56.359391,0.464454
4089,4090,56.373174,0.450061
4090,4091,56.386957,0.498728
4091,4092,56.400741,0.390294
4092,4093,56.414524,0.454016
4093,4094,56.428307,0.498320
4094,4095,56.442090,0.466178
4095,4096,56.455873,0.479206
4096,4097,56.469656,0.432175
4097,4098,56.483440,0.459750
4098,4099,56.497223,0.481536
4099,4100,56.511006,0.534233
4100,4101,56.524789,0.470758
4101,4102,56.538572,0.452298
4102,4103,56.552355,0.465308
4103,4104,56.566139,0.424684
4104,4105,56.579922,0.443707
4105,4106,56.593705,0.500398
4106,4107,56.607488,0.500978
4107,4108,56.621271,0.452503
4108,4109,56.635055,0.492456
4109,4110,56.648838,0.490259
4110,4111,56.662621,0.395464
4111,4112,56.676404,0.498141
4112,4113,56.690187,0.457551
4113,4114,56.703970,0.416252
4114,4115,56.717754,0.489591
4115,4116,56.731537,0.479067
4116,4117,56.745320,0.506827
4117,4118,56.759103,0.468092
4118,4119,56.772886,0.426209
4119,4120,56.786669,0.448132
4120,4121,56.800453,0.427912
4121,4122,56.814236,0.423245
4122,4123,56.828019,0.477570
4123,4124,56.841802,0.476990
4124,4125,56.855585,0.444950
4125,4126,56.869368,0.417303
4126,4127,56.883152,0.460083
4127,4128,56.896935,0.446088
4128,4129,56.910718,0.516444
4129,4130,56.924501,0.447324
4130,4131,56.938284,0.464238
4131,4132,56.952067,0.420322
4132,4133,56.965851,0.441909
4133,4134,56.979634,0.456423
4134,4135,56.993417,0.487597
4135,4136,57.007200,0.404839
4136,4137,57.020983,0.508116
4137,4138,57.034767,0.508174
4138,4139,57.048550,0.451807
4139,4140,57.062333,0.386618
4140,4141,57.076116,0.477932
4141,4142,57.089899,0.467319
4142,4143,57.103682,0.487191
4143,4144,57.117466,0.450652
4144,4145,57.131249,0.491459
4145,4146,57.145032,0.489288
4146,4147,57.158815,0.437073
4147,4148,57.172598,0.446395
4148,4149,57.186381,0.535533
4149,4150,57.200165,0.500901
4150,4151,57.213948,0.505398
4151,4152,57.227731,0.409906
4152,4153,57.241514,0.471061
4153,4154,57.255297,0.425877
4154,4155,57.269080,0.482086
4155,4156,57.282864,0.531102
4156,4157,57.296647,0.458187
4157,4158,57.310430,0.429379
4158,4159,57.324213,0.509754
4159,4160,57.337996,0.419929
4160,4161,57.351779,0.472007
4161,4162,57.365563,0.464092
4162,4163,57.379346,0.409251
4163,4164,57.393129,0.449301
4164,4165,57.406912,0.423248
4165,4166,57.420695,0.437463
4166,4167,57.434479,0.412391
4167,4168,57.448262,0.431822
4168,4169,57.462045,0.456368
4169,4170,57.475828,0.411762
4170,4171,57.489611,0.471945
4171,4172,57.503394,0.397359
4172,4173,57.517178,0.445263
4173,4174,57.530961,0.440379
4174,4175,57.544744,0.451348
4175,4176,57.558527,0.423859
4176,4177,57.572310,0.395536
4177,4178,57.586093,0.435918
4178,4179,57.599877,0.451365
4179,4180,57.613660,0.408677
4180,4181,57.627443,0.447006
4181,4182,57.641226,0.447309
4182,4183,57.655009,0.491284
4183,4184,57.668792,0.429256
4184,4185,57.682576,0.462327
4185,4186,57.696359,0.475767
4186,4187,57.710142,0.442798
4187,4188,57.723925,0.426575
4188,4189,57.737708,0.594699
4189,4190,57.751491,0.482587
4190,4191,57.765275,0.477902
4191,4192,57.779058,0.432135
4192,4193,57.792841,0.404721
4193,4194,57.806624,0.461709
4194,4195,57.820407,0.429295
4195,4196,57.834190,0.462528
4196,4197,57.847974,0.472536
4197,4198,57.861757,0.459233
4198,4199,57.875540,0.479076
4199,4200,57.889323,0.444220
4200,4201,57.903106,0.464445
4201,4202,57.916890,0.441416
4202,4203,57.930673,0.510238
4203,4204,57.944456,0.438782
4204,4205,57.958239,0.477649
4205,4206,57.972022,0.465629
4206,4207,57.985805,0.350062
4207,4208,57.999589,0.426222
4208,4209,58.013372,0.471861
4209,4210,58.027155,0.397562
4210,4211,58.040938,0.447020
4211,4212,58.054721,0.374859
4212,4213,58.068504,0.466990
4213,4214,58.082288,0.537145
4214,4215,58.096071,0.450949
4215,4216,58.109854,0.504765
4216,4217,58.123637,0.372416
4217,4218,58.137420,0.406133
4218,4219,58.151203,0.456502
4219,4220,58.164987,0.540679
4220,4221,58.178770,0.445920
4221,4222,58.192553,0.443808
4222,4223,58.206336,0.497989
4223,4224,58.220119,0.432150
4224,4225,58.233902,0.478221
4225,4226,58.247686,0.459841
4226,4227,58.261469,0.426359
4227,4228,58.275252,0.414694
4228,4229,58.289035,0.515845
4229,4230,58.302818,0.442435
4230,4231,58.316602,0.401369
4231,4232,58.330385,0.505141
4232,4233,58.344168,0.486878
4233,4234,58.357951,0.457726
4234,4235,58.371734,0.458884
4235,4236,58.385517,0.474269
4236,4237,58.399301,0.456285
4237,4238,58.413084,0.459918
4238,4239,58.426867,0.397495
4239,4240,58.440650,0.425969
4240,4241,58.454433,0.478548
4241,4242,58.468216,0.428415
4242,4243,58.482000,0.477755
4243,4244,58.495783,0.403327
4244,4245,58.509566,0.517467
4245,4246,58.523349,0.412584
4246,4247,58.537132,0.473749
4247,4248,58.550915,0.349240
4248,4249,58.564699,0.409984
4249,4250,58.578482,0.425252
4250,4251,58.592265,0.453562
4251,4252,58.606048,0.404198
4252,4253,58.619831,0.386548
4253,4254,58.633614,0.391670
4254,4255,58.647398,0.485331
4255,4256,58.661181,0.533665
4256,4257,58.674964,0.425215
4257,4258,58.688747,0.554711
4258,4259,58.702530,0.396099
4259,4260,58.716314,0.414603
4260,4261,58.730097,0.414503
4261,4262,58.743880,0.452086
4262,4263,58.757663,0.497901
4263,4264,58.771446,0.399018
4264,4265,58.785229,0.526882
4265,4266,58.799013,0.493642
4266,4267,58.812796,0.503785
4267,4268,58.826579,0.462236
4268,4269,58.840362,0.449834
4269,4270,58.854145,0.490539
4270,4271,58.867928,0.465211
4271,4272,58.881712,0.457530
4272,4273,58.895495,0.465707
4273,4274,58.909278,0.394625
4274,4275,58.923061,0.456129
4275,4276,58.936844,0.513565
4276,4277,58.950627,0.409198
4277,4278,58.964411,0.468561
4278,4279,58.978194,0.529740
4279,4280,58.991977,0.460823
4280,4281,59.005760,0.419260
4281,4282,59.019543,0.476378
4282,4283,59.033326,0.437544
4283,4284,59.047110,0.419078
4284,4285,59.060893,0.449669
4285,4286,59.074676,0.419555
4286,4287,59.088459,0.365310
4287,4288,59.102242,0.455159
4288,4289,59.116026,0.433720
4289,4290,59.129809,0.443851
4290,4291,59.143592,0.502509
4291,4292,59.157375,0.403439
4292,4293,59.171158,0.414367
4293,4294,59.184941,0.367398
4294,4295,59.198725,0.457907
4295,4296,59.212508,0.406869
4296,4297,59.226291,0.422705
4297,4298,59.240074,0.453089
4298,4299,59.253857,0.415300
4299,4300,59.267640,0.415290
4300,4301,59.281424,0.462309
4301,4302,59.295207,0.421089
4302,4303,59.308990,0.515858
4303,4304,59.322773,0.517722
4304,4305,59.336556,0.380142
4305,4306,59.350339,0.453654
4306,4307,59.364123,0.483572
4307,4308,59.377906,0.385645
4308,4309,59.391689,0.407904
4309,4310,59.405472,0.451629
4310,4311,59.419255,0.440380
4311,4312,59.433038,0.407002
4312,4313,59.446822,0.518596
4313,4314,59.460605,0.408732
4314,4315,59.474388,0.513835
4315,4316,59.488171,0.528732
4316,4317,59.501954,0.457312
4317,4318,59.515738,0.529598
4318,4319,59.529521,0.509812
4319,4320,59.543304,0.445902
4320,4321,59.557087,0.460768
4321,4322,59.570870,0.443080
4322,4323,59.584653,0.509313
4323,4324,59.598437,0.459886
4324,4325,59.612220,0.526554
4325,4326,59.626003,0.471626
4326,4327,59.639786,0.468440
4327,4328,59.653569,0.449073
4328,4329,59.667352,0.440568
4329,4330,59.681136,0.369156
4330,4331,59.694919,0.384336
4331,4332,59.708702,0.447200
4332,4333,59.722485,0.441987
4333,4334,59.736268,0.428540
4334,4335,59.750051,0.420431
4335,4336,59.763835,0.448153
4336,4337,59.777618,0.453312
4337,4338,59.791401,0.442617
4338,4339,59.805184,0.403911
4339,4340,59.818967,0.462069
4340,4341,59.832750,0.439465
4341,4342,59.846534,0.475131
4342,4343,59.860317,0.455699
4343,4344,59.874100,0.422856
4344,4345,59.887883,0.513554
4345,4346,59.901666,0.346881
4346,4347,59.915449,0.371676
4347,4348,59.929233,0.404868
4348,4349,59.943016,0.412964
4349,4350,59.956799,0.412660
4350,4351,59.970582,0.507514
4351,4352,59.984365,0.528839
4352,4353,59.998149,0.479573
4353,4354,60.011932,0.393274
4354,4355,60.025715,0.466897
4355,4356,60.039498,0.393167
4356,4357,60.053281,0.425240
4357,4358,60.067064,0.473866
4358,4359,60.080848,0.391091
4359,4360,60.094631,0.462462
4360,4361,60.108414,0.458411
4361,4362,60.122197,0.481354
4362,4363,60.135980,0.465892
4363,4364,60.149763,0.435024
4364,4365,60.163547,0.424938
4365,4366,60.177330,0.423076
4366,4367,60.191113,0.426349
4367,4368,60.204896,0.465211
4368,4369,60.218679,0.439716
4369,4370,60.232462,0.479053
4370,4371,60.246246,0.612528
4371,4372,60.260029,0.431379
4372,4373,60.273812,0.524070
4373,4374,60.287595,0.446799
4374,4375,60.301378,0.457945
4375,4376,60.315161,0.415791
4376,4377,60.328945,0.421390
4377,4378,60.342728,0.501834
4378,4379,60.356511,0.420440
4379,4380,60.370294,0.473696
4380,4381,60.384077,0.458705
4381,4382,60.397861,0.489225
4382,4383,60.411644,0.450672
4383,4384,60.425427,0.409969
4384,4385,60.439210,0.465879
4385,4386,60.452993,0.435710
4386,4387,60.466776,0.413333
4387,4388,60.480560,0.449661
4388,4389,60.494343,0.521600
4389,4390,60.508126,0.387366
4390,4391,60.521909,0.435944
4391,4392,60.535692,0.475453
4392,4393,60.549475,0.441063
4393,4394,60.563259,0.449492
4394,4395,60.577042,0.429540
4395,4396,60.590825,0.452507
4396,4397,60.604608,0.519972
4397,4398,60.618391,0.443478
4398,4399,60.632174,0.423866
4399,4400,60.645958,0.367452
4400,4401,60.659741,0.449769
4401,4402,60.673524,0.501867
4402,4403,60.687307,0.422611
4403,4404,60.701090,0.523076
4404,4405,60.714873,0.398415
4405,4406,60.728657,0.444110
4406,4407,60.742440,0.394532
4407,4408,60.756223,0.473276
4408,4409,60.770006,0.446094
4409,4410,60.783789,0.423107
4410,4411,60.797573,0.495970
4411,4412,60.811356,0.417550
4412,4413,60.825139,0.447130
4413,4414,60.838922,0.437360
4414,4415,60.852705,0.454512
4415,4416,60.866488,0.497405
4416,4417,60.880272,0.432484
4417,4418,60.894055,0.429622
4418,4419,60.907838,0.459772
4419,4420,60.921621,0.472782
4420,4421,60.935404,0.401581
4421,4422,60.949187,0.418487
4422,4423,60.962971,0.457069
4423,4424,60.976754,0.474338
4424,4425,60.990537,0.484470
4425,4426,61.004320,0.447751
4426,4427,61.018103,0.404159
4427,4428,61.031886,0.442218
4428,4429,61.045670,0.474140
4429,4430,61.059453,0.522096
4430,4431,61.073236,0.457731
4431,4432,61.087019,0.472700
4432,4433,61.100802,0.460542
4433,4434,61.114585,0.418573
4434,4435,61.128369,0.540317
4435,4436,61.142152,0.516383
4436,4437,61.155935,0.365121
4437,4438,61.169718,0.453752
4438,4439,61.183501,0.507288
4439,4440,61.197285,0.416629
4440,4441,61.211068,0.460626
4441,4442,61.224851,0.403779
4442,4443,61.238634,0.452051
4443,4444,61.252417,0.489376
4444,4445,61.266200,0.445725
4445,4446,61.279984,0.415074
4446,4447,61.293767,0.501244
4447,4448,61.307550,0.420787
4448,4449,61.321333,0.458980
4449,4450,61.335116,0.441607
4450,4451,61.348899,0.518435
4451,4452,61.362683,0.423559
4452,4453,61.376466,0.419295
4453,4454,61.390249,0.531180
4454,4455,61.404032,0.391037
4455,4456,61.417815,0.462813
4456,4457,61.431598,0.457218
4457,4458,61.445382,0.474969
4458,4459,61.459165,0.454529
4459,4460,61.472948,0.396029
4460,4461,61.486731,0.477547
4461,4462,61.500514,0.454854
4462,4463,61.514297,0.537967
4463,4464,61.528081,0.498010
4464,4465,61.541864,0.420633
4465,4466,61.555647,0.403110
4466,4467,61.569430,0.512358
4467,4468,61.583213,0.435426
4468,4469,61.596997,0.372443
4469,4470,61.610780,0.502156
4470,4471,61.624563,0.389127
4471,4472,61.638346,0.479573
4472,4473,61.652129,0.454040
4473,4474,61.665912,0.438508
4474,4475,61.679696,0.398820
4475,4476,61.693479,0.476405
4476,4477,61.707262,0.550788
4477,4478,61.721045,0.463784
4478,4479,61.734828,0.438134
4479,4480,61.748611,0.379176
4480,4481,61.762395,0.421916
4481,4482,61.776178,0.519781
4482,4483,61.789961,0.447169
4483,4484,61.803744,0.380448
4484,4485,61.817527,0.480958
4485,4486,61.831310,0.443225
4486,4487,61.845094,0.471209
4487,4488,61.858877,0.461688
4488,4489,61.872660,0.481962
4489,4490,61.886443,0.524823
4490,4491,61.900226,0.445957
4491,4492,61.914009,0.402137
4492,4493,61.927793,0.454149
4493,4494,61.941576,0.493431
4494,4495,61.955359,0.444835
4495,4496,61.969142,0.516654
4496,4497,61.982925,0.429649
4497,4498,61.996708,0.458652
4498,4499,62.010492,0.571043
4499,4500,62.024275,0.439940
4500,4501,62.038058,0.541922
4501,4502,62.051841,0.457579
4502,4503,62.065624,0.417872
4503,4504,62.079408,0.484562
4504,4505,62.093191,0.475827
4505,4506,62.106974,0.427448
4506,4507,62.120757,0.464624
4507,4508,62.134540,0.473321
4508,4509,62.148323,0.471594
4509,4510,62.162107,0.458024
4510,4511,62.175890,0.447780
4511,4512,62.189673,0.465147
4512,4513,62.203456,0.466750
4513,4514,62.217239,0.415511
4514,4515,62.231022,0.407598
4515,4516,62.244806,0.429229
4516,4517,62.258589,0.453100
4517,4518,62.272372,0.454669
4518,4519,62.286155,0.409891
4519,4520,62.299938,0.466724
4520,4521,62.313721,0.509916
4521,4522,62.327505,0.531863
4522,4523,62.341288,0.471790
4523,4524,62.355071,0.405846
4524,4525,62.368854,0.485202
4525,4526,62.382637,0.481505
4526,4527,62.396420,0.389490
4527,4528,62.410204,0.410143
4528,4529,62.423987,0.374763
4529,4530,62.437770,0.382820
4530,4531,62.451553,0.386754
4531,4532,62.465336,0.450842
4532,4533,62.479120,0.469063
4533,4534,62.492903,0.372598
4534,4535,62.506686,0.465263
4535,4536,62.520469,0.449283
4536,4537,62.534252,0.446062
4537,4538,62.548035,0.490822
4538,4539,62.561819,0.376900
4539,4540,62.575602,0.395668
4540,4541,62.589385,0.438496
4541,4542,62.603168,0.436432
4542,4543,62.616951,0.486587
4543,4544,62.630734,0.479106
4544,4545,62.644518,0.423891
4545,4546,62.658301,0.506127
4546,4547,62.672084,0.496689
4547,4548,62.685867,0.439488
4548,4549,62.699650,0.452615
4549,4550,62.713433,0.457447
4550,4551,62.727217,0.379785
4551,4552,62.741000,0.471849
4552,4553,62.754783,0.433224
4553,4554,62.768566,0.448869
4554,4555,62.782349,0.426518
4555,4556,62.796132,0.480192
4556,4557,62.809916,0.434545
4557,4558,62.823699,0.511944
4558,4559,62.837482,0.413450
4559,4560,62.851265,0.430247
4560,4561,62.865048,0.503854
4561,4562,62.878832,0.472987
4562,4563,62.892615,0.425540
4563,4564,62.906398,0.412876
4564,4565,62.920181,0.362923
4565,4566,62.933964,0.476120
4566,4567,62.947747,0.401398
4567,4568,62.961531,0.445970
4568,4569,62.975314,0.564385
4569,4570,62.989097,0.460252
4570,4571,63.002880,0.466483
4571,4572,63.016663,0.475650
4572,4573,63.030446,0.476636
4573,4574,63.044230,0.505799
4574,4575,63.058013,0.534212
4575,4576,63.071796,0.436170
4576,4577,63.085579,0.436635
4577,4578,63.099362,0.409744
4578,4579,63.113145,0.496468
4579,4580,63.126929,0.452930
4580,4581,63.140712,0.460311
4581,4582,63.154495,0.462525
4582,4583,63.168278,0.425763
4583,4584,63.182061,0.417081
4584,4585,63.195844,0.496488
4585,4586,63.209628,0.462733
4586,4587,63.223411,0.433997
4587,4588,63.237194,0.426320
4588,4589,63.250977,0.485147
4589,4590,63.264760,0.468274
4590,4591,63.278544,0.520766
4591,4592,63.292327,0.492538
4592,4593,63.306110,0.450364
4593,4594,63.319893,0.475012
4594,4595,63.333676,0.428894
4595,4596,63.347459,0.405746
4596,4597,63.361243,0.464757
4597,4598,63.375026,0.446625
4598,4599,63.388809,0.511707
4599,4600,63.402592,0.457085
4600,4601,63.416375,0.455664
4601,4602,63.430158,0.414771
4602,4603,63.443942,0.452911
4603,4604,63.457725,0.525875
4604,4605,63.471508,0.542857
4605,4606,63.485291,0.520344
4606,4607,63.499074,0.466070
4607,4608,63.512857,0.444335
4608,4609,63.526641,0.503830
4609,4610,63.540424,0.467635
4610,4611,63.554207,0.409878
4611,4612,63.567990,0.504850
4612,4613,63.581773,0.439379
4613,4614,63.595556,0.479578
4614,4615,63.609340,0.496434
4615,4616,63.623123,0.424295
4616,4617,63.636906,0.414599
4617,4618,63.650689,0.468567
4618,4619,63.664472,0.425784
4619,4620,63.678256,0.401365
4620,4621,63.692039,0.441587
4621,4622,63.705822,0.411596
4622,4623,63.719605,0.438234
4623,4624,63.733388,0.481850
4624,4625,63.747171,0.425201
4625,4626,63.760955,0.536871
4626,4627,63.774738,0.467923
4627,4628,63.788521,0.483278
4628,4629,63.802304,0.393242
4629,4630,63.816087,0.448162
4630,4631,63.829870,0.484205
4631,4632,63.843654,0.490606
4632,4633,63.857437,0.454482
4633,4634,63.871220,0.457950
4634,4635,63.885003,0.440507
4635,4636,63.898786,0.476531
4636,4637,63.912569,0.469261
4637,4638,63.926353,0.457263
4638,4639,63.940136,0.454300
4639,4640,63.953919,0.482424
4640,4641,63.967702,0.435839
4641,4642,63.981485,0.382590
4642,4643,63.995268,0.480984
4643,4644,64.009052,0.474505
4644,4645,64.022835,0.425478
4645,4646,64.036618,0.446291
4646,4647,64.050401,0.505329
4647,4648,64.064184,0.449750
4648,4649,64.077967,0.411389
4649,4650,64.091751,0.404199
4650,4651,64.105534,0.488859
4651,4652,64.119317,0.536527
4652,4653,64.133100,0.423740
4653,4654,64.146883,0.509509
4654,4655,64.160667,0.478696
4655,4656,64.174450,0.474502
4656,4657,64.188233,0.462979
4657,4658,64.202016,0.353030
4658,4659,64.215799,0.446113
4659,4660,64.229582,0.450591
4660,4661,64.243366,0.421915
4661,4662,64.257149,0.550561
4662,4663,64.270932,0.431412
4663,4664,64.284715,0.410861
4664,4665,64.298498,0.518233
4665,4666,64.312281,0.471798
4666,4667,64.326065,0.442438
4667,4668,64.339848,0.411835
4668,4669,64.353631,0.381190
4669,4670,64.367414,0.465764
4670,4671,64.381197,0.515633
4671,4672,64.394980,0.402644
4672,4673,64.408764,0.461715
4673,4674,64.422547,0.465405
4674,4675,64.436330,0.504224
4675,4676,64.450113,0.493569
4676,4677,64.463896,0.394801
4677,4678,64.477679,0.410227
4678,4679,64.491463,0.480376
4679,4680,64.505246,0.476840
4680,4681,64.519029,0.447560
4681,4682,64.532812,0.425061
4682,4683,64.546595,0.503009
4683,4684,64.560379,0.392470
4684,4685,64.574162,0.518155
4685,4686,64.587945,0.424268
4686,4687,64.601728,0.468434
4687,4688,64.615511,0.371679
4688,4689,64.629294,0.464675
4689,4690,64.643078,0.440082
4690,4691,64.656861,0.503874
4691,4692,64.670644,0.422974
4692,4693,64.684427,0.431853
4693,4694,64.698210,0.438071
4694,4695,64.711993,0.437315
4695,4696,64.725777,0.427615
4696,4697,64.739560,0.415313
4697,4698,64.753343,0.479368
4698,4699,64.767126,0.473887
4699,4700,64.780909,0.432997
4700,4701,64.794692,0.513598
4701,4702,64.808476,0.375525
4702,4703,64.822259,0.488883
4703,4704,64.836042,0.511773
4704,4705,64.849825,0.486404
4705,4706,64.863608,0.484634
4706,4707,64.877391,0.444876
4707,4708,64.891175,0.491199
4708,4709,64.904958,0.405765
4709,4710,64.918741,0.481259
4710,4711,64.932524,0.463239
4711,4712,64.946307,0.422366
4712,4713,64.960091,0.434947
4713,4714,64.973874,0.436741
4714,4715,64.987657,0.387755
4715,4716,65.001440,0.333860
4716,4717,65.015223,0.361656
4717,4718,65.029006,0.413780
4718,4719,65.042790,0.497558
4719,4720,65.056573,0.461495
4720,4721,65.070356,0.507713
4721,4722,65.084139,0.416451
4722,4723,65.097922,0.467214
4723,4724,65.111705,0.443614
4724,4725,65.125489,0.512492
4725,4726,65.139272,0.447016
4726,4727,65.153055,0.425907
4727,4728,65.166838,0.392100
4728,4729,65.180621,0.415439
4729,4730,65.194404,0.465016
4730,4731,65.208188,0.454307
4731,4732,65.221971,0.506985
4732,4733,65.235754,0.402570
4733,4734,65.249537,0.450567
4734,4735,65.263320,0.457577
4735,4736,65.277103,0.352201
4736,4737,65.290887,0.485382
4737,4738,65.304670,0.425100
4738,4739,65.318453,0.464186
4739,4740,65.332236,0.383378
4740,4741,65.346019,0.476696
4741,4742,65.359803,0.415043
4742,4743,65.373586,0.462037
4743,4744,65.387369,0.416209
4744,4745,65.401152,0.458414
4745,4746,65.414935,0.406596
4746,4747,65.428718,0.404096
4747,4748,65.442502,0.416532
4748,4749,65.456285,0.412625
4749,4750,65.470068,0.411614
4750,4751,65.483851,0.452755
4751,4752,65.497634,0.465011
4752,4753,65.511417,0.414746
4753,4754,65.525201,0.412938
4754,4755,65.538984,0.482534
4755,4756,65.552767,0.482805
4756,4757,65.566550,0.463693
4757,4758,65.580333,0.481770
4758,4759,65.594116,0.494313
4759,4760,65.607900,0.449832
4760,4761,65.621683,0.441501
4761,4762,65.635466,0.436900
4762,4763,65.649249,0.482165
4763,4764,65.663032,0.506852
4764,4765,65.676815,0.390143
4765,4766,65.690599,0.417450
4766,4767,65.704382,0.388623
4767,4768,65.718165,0.428091
4768,4769,65.731948,0.454781
4769,4770,65.745731,0.435995
4770,4771,65.759515,0.385054
4771,4772,65.773298,0.519894
4772,4773,65.787081,0.474728
4773,4774,65.800864,0.455499
4774,4775,65.814647,0.440122
4775,4776,65.828430,0.478821
4776,4777,65.842214,0.517001
4777,4778,65.855997,0.489699
4778,4779,65.869780,0.453491
4779,4780,65.883563,0.425275
4780,4781,65.897346,0.420926
4781,4782,65.911129,0.409386
4782,4783,65.924913,0.415426
4783,4784,65.938696,0.416055
4784,4785,65.952479,0.438069
4785,4786,65.966262,0.461963
4786,4787,65.980045,0.497409
4787,4788,65.993828,0.502925
4788,4789,66.007612,0.478877
4789,4790,66.021395,0.479734
4790,4791,66.035178,0.592797
4791,4792,66.048961,0.392076
4792,4793,66.062744,0.503523
4793,4794,66.076527,0.458372
4794,4795,66.090311,0.440710
4795,4796,66.104094,0.440680
4796,4797,66.117877,0.447388
4797,4798,66.131660,0.427365
4798,4799,66.145443,0.423973
4799,4800,66.159226,0.385704
4800,4801,66.173010,0.411983
4801,4802,66.186793,0.471767
4802,4803,66.200576,0.458806
4803,4804,66.214359,0.449206
4804,4805,66.228142,0.428337
4805,4806,66.241926,0.429278
4806,4807,66.255709,0.497822
4807,4808,66.269492,0.447310
4808,4809,66.283275,0.468573
4809,4810,66.297058,0.429557
4810,4811,66.310841,0.488274
4811,4812,66.324625,0.424570
4812,4813,66.338408,0.435511
4813,4814,66.352191,0.437490
4814,4815,66.365974,0.456178
4815,4816,66.379757,0.475934
4816,4817,66.393540,0.452286
4817,4818,66.407324,0.420595
4818,4819,66.421107,0.453339
4819,4820,66.434890,0.473787
4820,4821,66.448673,0.478632
4821,4822,66.462456,0.514081
4822,4823,66.476239,0.470381
4823,4824,66.490023,0.491200
4824,4825,66.503806,0.461041
4825,4826,66.517589,0.510078
4826,4827,66.531372,0.479306
4827,4828,66.545155,0.482688
4828,4829,66.558938,0.453978
4829,4830,66.572722,0.481465
4830,4831,66.586505,0.450965
4831,4832,66.600288,0.440370
4832,4833,66.614071,0.507968
4833,4834,66.627854,0.439721
4834,4835,66.641638,0.482491
4835,4836,66.655421,0.477218
4836,4837,66.669204,0.417106
4837,4838,66.682987,0.461425
4838,4839,66.696770,0.441580
4839,4840,66.710553,0.416672
4840,4841,66.724337,0.464702
4841,4842,66.738120,0.417920
4842,4843,66.751903,0.375598
4843,4844,66.765686,0.389858
4844,4845,66.779469,0.444318
4845,4846,66.793252,0.427119
4846,4847,66.807036,0.494345
4847,4848,66.820819,0.482103
4848,4849,66.834602,0.435077
4849,4850,66.848385,0.455166
4850,4851,66.862168,0.474371
4851,4852,66.875951,0.423405
4852,4853,66.889735,0.502077
4853,4854,66.903518,0.519341
4854,4855,66.917301,0.455707
4855,4856,66.931084,0.435352
4856,4857,66.944867,0.457947
4857,4858,66.958650,0.510236
4858,4859,66.972434,0.461082
4859,4860,66.986217,0.440506
4860,4861,67.000000,0.480502
4861,4862,67.013783,0.351269
4862,4863,67.027566,0.471316
4863,4864,67.041350,0.422635
4864,4865,67.055133,0.480179
4865,4866,67.068916,0.453125
4866,4867,67.082699,0.496283
4867,4868,67.096482,0.396687
4868,4869,67.110265,0.410304
4869,4870,67.124049,0.423565
4870,4871,67.137832,0.421109
4871,4872,67.151615,0.442314
4872,4873,67.165398,0.400772
4873,4874,67.179181,0.442432
4874,4875,67.192964,0.480309
4875,4876,67.206748,0.480916
4876,4877,67.220531,0.435250
4877,4878,67.234314,0.457363
4878,4879,67.248097,0.409583
4879,4880,67.261880,0.507933
4880,4881,67.275663,0.407825
4881,4882,67.289447,0.544797
4882,4883,67.303230,0.437560
4883,4884,67.317013,0.472112
4884,4885,67.330796,0.558746
4885,4886,67.344579,0.395172
4886,4887,67.358362,0.456242
4887,4888,67.372146,0.510164
4888,4889,67.385929,0.470636
4889,4890,67.399712,0.487019
4890,4891,67.413495,0.462415
4891,4892,67.427278,0.417159
4892,4893,67.441062,0.499711
4893,4894,67.454845,0.427402
4894,4895,67.468628,0.419949
4895,4896,67.482411,0.496777
4896,4897,67.496194,0.474135
4897,4898,67.509977,0.556590
4898,4899,67.523761,0.375004
4899,4900,67.537544,0.381307
4900,4901,67.551327,0.475940
4901,4902,67.565110,0.519966
4902,4903,67.578893,0.432211
4903,4904,67.592676,0.461049
4904,4905,67.606460,0.411792
4905,4906,67.620243,0.417923
4906,4907,67.634026,0.483302
4907,4908,67.647809,0.438988
4908,4909,67.661592,0.417940
4909,4910,67.675375,0.451261
4910,4911,67.689159,0.467337
4911,4912,67.702942,0.477995
4912,4913,67.716725,0.433486
4913,4914,67.730508,0.464790
4914,4915,67.744291,0.400397
4915,4916,67.758074,0.500649
4916,4917,67.771858,0.505328
4917,4918,67.785641,0.393346
4918,4919,67.799424,0.508815
4919,4920,67.813207,0.470853
4920,4921,67.826990,0.499153
4921,4922,67.840774,0.468325
4922,4923,67.854557,0.442089
4923,4924,67.868340,0.472363
4924,4925,67.882123,0.418859
4925,4926,67.895906,0.434749
4926,4927,67.909689,0.417776
4927,4928,67.923473,0.412646
4928,4929,67.937256,0.407774
4929,4930,67.951039,0.490080
4930,4931,67.964822,0.412641
4931,4932,67.978605,0.418028
4932,4933,67.992388,0.417266
4933,4934,68.006172,0.457344
4934,4935,68.019955,0.401312
4935,4936,68.033738,0.440798
4936,4937,68.047521,0.481916
4937,4938,68.061304,0.378175
4938,4939,68.075087,0.415955
4939,4940,68.088871,0.494075
4940,4941,68.102654,0.478531
4941,4942,68.116437,0.494273
4942,4943,68.130220,0.461328
4943,4944,68.144003,0.406497
4944,4945,68.157786,0.416050
4945,4946,68.171570,0.455006
4946,4947,68.185353,0.388976
4947,4948,68.199136,0.463470
4948,4949,68.212919,0.415442
4949,4950,68.226702,0.414460
4950,4951,68.240485,0.491935
4951,4952,68.254269,0.382399
4952,4953,68.268052,0.454072
4953,4954,68.281835,0.335804
4954,4955,68.295618,0.494320
4955,4956,68.309401,0.416256
4956,4957,68.323185,0.461491
4957,4958,68.336968,0.464693
4958,4959,68.350751,0.544945
4959,4960,68.364534,0.517327
4960,4961,68.378317,0.493397
4961,4962,68.392100,0.430723
4962,4963,68.405884,0.523073
4963,4964,68.419667,0.453583
4964,4965,68.433450,0.370552
4965,4966,68.447233,0.453764
4966,4967,68.461016,0.452668
4967,4968,68.474799,0.498377
4968,4969,68.488583,0.401759
4969,4970,68.502366,0.465031
4970,4971,68.516149,0.438614
4971,4972,68.529932,0.461997
4972,4973,68.543715,0.453545
4973,4974,68.557498,0.482597
4974,4975,68.571282,0.467294
4975,4976,68.585065,0.422225
4976,4977,68.598848,0.443123
4977,4978,68.612631,0.450624
4978,4979,68.626414,0.437981
4979,4980,68.640197,0.422554
4980,4981,68.653981,0.453003
4981,4982,68.667764,0.371676
4982,4983,68.681547,0.448335
4983,4984,68.695330,0.462998
4984,4985,68.709113,0.435995
4985,4986,68.722897,0.451570
4986,4987,68.736680,0.501818
4987,4988,68.750463,0.474688
4988,4989,68.764246,0.423490
4989,4990,68.778029,0.445654
4990,4991,68.791812,0.431230
4991,4992,68.805596,0.388481
4992,4993,68.819379,0.412025
4993,4994,68.833162,0.421833
4994,4995,68.846945,0.469400
4995,4996,68.860728,0.424399
4996,4997,68.874511,0.427084
4997,4998,68.888295,0.511760
4998,4999,68.902078,0.483379
4999,5000,68.915861,0.392092
5000,5001,68.929644,0.442271
5001,5002,68.943427,0.474240
5002,5003,68.957210,0.393247
5003,5004,68.970994,0.483604
5004,5005,68.984777,0.433049
5005,5006,68.998560,0.479097
5006,5007,69.012343,0.435514
5007,5008,69.026126,0.455821
5008,5009,69.039909,0.405006
5009,5010,69.053693,0.477414
5010,5011,69.067476,0.424618
5011,5012,69.081259,0.363678
5012,5013,69.095042,0.379827
5013,5014,69.108825,0.486892
5014,5015,69.122609,0.483248
5015,5016,69.136392,0.446185
5016,5017,69.150175,0.508234
5017,5018,69.163958,0.444504
5018,5019,69.177741,0.399233
5019,5020,69.191524,0.476226
5020,5021,69.205308,0.506601
5021,5022,69.219091,0.444427
5022,5023,69.232874,0.422830
5023,5024,69.246657,0.419980
5024,5025,69.260440,0.443452
5025,5026,69.274223,0.461788
5026,5027,69.288007,0.441036
5027,5028,69.301790,0.451578
5028,5029,69.315573,0.440922
5029,5030,69.329356,0.494529
5030,5031,69.343139,0.425650
5031,5032,69.356922,0.436297
5032,5033,69.370706,0.412814
5033,5034,69.384489,0.554962
5034,5035,69.398272,0.462945
5035,5036,69.412055,0.490692
5036,5037,69.425838,0.443135
5037,5038,69.439621,0.379228
5038,5039,69.453405,0.535973
5039,5040,69.467188,0.432768
5040,5041,69.480971,0.458492
5041,5042,69.494754,0.529308
5042,5043,69.508537,0.453270
5043,5044,69.522321,0.340014
5044,5045,69.536104,0.401374
5045,5046,69.549887,0.494984
5046,5047,69.563670,0.364190
5047,5048,69.577453,0.407048
5048,5049,69.591236,0.455757
5049,5050,69.605020,0.490632
5050,5051,69.618803,0.413567
5051,5052,69.632586,0.476815
5052,5053,69.646369,0.413773
5053,5054,69.660152,0.458155
5054,5055,69.673935,0.473989
5055,5056,69.687719,0.481972
5056,5057,69.701502,0.441569
5057,5058,69.715285,0.448823
5058,5059,69.729068,0.429121
5059,5060,69.742851,0.468014
5060,5061,69.756634,0.422389
5061,5062,69.770418,0.392790
5062,5063,69.784201,0.431445
5063,5064,69.797984,0.399890
5064,5065,69.811767,0.438839
5065,5066,69.825550,0.562027
5066,5067,69.839333,0.445079
5067,5068,69.853117,0.509013
5068,5069,69.866900,0.470053
5069,5070,69.880683,0.487279
5070,5071,69.894466,0.383810
5071,5072,69.908249,0.422271
5072,5073,69.922033,0.392867
5073,5074,69.935816,0.401477
5074,5075,69.949599,0.397767
5075,5076,69.963382,0.403194
5076,5077,69.977165,0.401469
5077,5078,69.990948,0.425701
5078,5079,70.004732,0.445179
5079,5080,70.018515,0.435602
5080,5081,70.032298,0.449673
5081,5082,70.046081,0.485170
5082,5083,70.059864,0.439309
5083,5084,70.073647,0.484351
5084,5085,70.087431,0.397607
5085,5086,70.101214,0.468550
5086,5087,70.114997,0.513255
5087,5088,70.128780,0.502271
5088,5089,70.142563,0.495109
5089,5090,70.156346,0.477149
5090,5091,70.170130,0.425399
5091,5092,70.183913,0.391564
5092,5093,70.197696,0.469592
5093,5094,70.211479,0.478173
5094,5095,70.225262,0.417278
5095,5096,70.239045,0.460622
5096,5097,70.252829,0.480544
5097,5098,70.266612,0.463651
5098,5099,70.280395,0.540009
5099,5100,70.294178,0.529750
5100,5101,70.307961,0.404035
5101,5102,70.321744,0.354489
5102,5103,70.335528,0.471185
5103,5104,70.349311,0.437860
5104,5105,70.363094,0.532011
5105,5106,70.376877,0.446629
5106,5107,70.390660,0.431532
5107,5108,70.404444,0.504721
5108,5109,70.418227,0.448450
5109,5110,70.432010,0.473076
5110,5111,70.445793,0.493424
5111,5112,70.459576,0.470394
5112,5113,70.473359,0.458137
5113,5114,70.487143,0.465283
5114,5115,70.500926,0.421649
5115,5116,70.514709,0.485238
5116,5117,70.528492,0.480390
5117,5118,70.542275,0.523795
5118,5119,70.556058,0.447964
5119,5120,70.569842,0.412200
5120,5121,70.583625,0.450532
5121,5122,70.597408,0.454459
5122,5123,70.611191,0.510753
5123,5124,70.624974,0.468765
5124,5125,70.638757,0.415882
5125,5126,70.652541,0.488463
5126,5127,70.666324,0.387702
5127,5128,70.680107,0.533038
5128,5129,70.693890,0.460809
5129,5130,70.707673,0.432002
5130,5131,70.721456,0.579241
5131,5132,70.735240,0.460261
5132,5133,70.749023,0.567956
5133,5134,70.762806,0.440744
5134,5135,70.776589,0.432917
5135,5136,70.790372,0.493917
5136,5137,70.804156,0.460749
5137,5138,70.817939,0.500751
5138,5139,70.831722,0.476219
5139,5140,70.845505,0.520707
5140,5141,70.859288,0.456439
5141,5142,70.873071,0.400754
5142,5143,70.886855,0.486805
5143,5144,70.900638,0.418474
5144,5145,70.914421,0.472219
5145,5146,70.928204,0.422276
5146,5147,70.941987,0.482187
5147,5148,70.955770,0.465577
5148,5149,70.969554,0.478117
5149,5150,70.983337,0.457081
5150,5151,70.997120,0.469338
5151,5152,71.010903,0.464592
5152,5153,71.024686,0.477920
5153,5154,71.038469,0.490033
5154,5155,71.052253,0.414552
5155,5156,71.066036,0.397285
5156,5157,71.079819,0.397441
5157,5158,71.093602,0.532522
5158,5159,71.107385,0.541163
5159,5160,71.121168,0.508173
5160,5161,71.134952,0.444055
5161,5162,71.148735,0.483220
5162,5163,71.162518,0.461865
5163,5164,71.176301,0.416737
5164,5165,71.190084,0.502510
5165,5166,71.203868,0.455180
5166,5167,71.217651,0.488776
5167,5168,71.231434,0.510015
5168,5169,71.245217,0.470639
5169,5170,71.259000,0.456632
5170,5171,71.272783,0.462999
5171,5172,71.286567,0.541101
5172,5173,71.300350,0.468294
5173,5174,71.314133,0.491132
5174,5175,71.327916,0.477748
5175,5176,71.341699,0.489363
5176,5177,71.355482,0.453071
5177,5178,71.369266,0.542082
5178,5179,71.383049,0.509013
5179,5180,71.396832,0.483539
5180,5181,71.410615,0.449493
5181,5182,71.424398,0.462957
5182,5183,71.438181,0.507469
5183,5184,71.451965,0.454070
5184,5185,71.465748,0.475649
5185,5186,71.479531,0.432608
5186,5187,71.493314,0.472783
5187,5188,71.507097,0.539631
5188,5189,71.520880,0.456534
5189,5190,71.534664,0.365110
5190,5191,71.548447,0.450642
5191,5192,71.562230,0.514554
5192,5193,71.576013,0.365660
5193,5194,71.589796,0.443692
5194,5195,71.603580,0.421041
5195,5196,71.617363,0.531667
5196,5197,71.631146,0.496766
5197,5198,71.644929,0.402034
5198,5199,71.658712,0.403902
5199,5200,71.672495,0.491414
5200,5201,71.686279,0.475639
5201,5202,71.700062,0.407190
5202,5203,71.713845,0.468283
5203,5204,71.727628,0.485218
5204,5205,71.741411,0.454585
5205,5206,71.755194,0.463143
5206,5207,71.768978,0.422093
5207,5208,71.782761,0.452670
5208,5209,71.796544,0.430887
5209,5210,71.810327,0.420260
5210,5211,71.824110,0.454465
5211,5212,71.837893,0.444153
5212,5213,71.851677,0.475036
5213,5214,71.865460,0.347026
5214,5215,71.879243,0.500667
5215,5216,71.893026,0.451526
5216,5217,71.906809,0.474055
5217,5218,71.920592,0.433530
5218,5219,71.934376,0.496044
5219,5220,71.948159,0.428007
5220,5221,71.961942,0.477900
5221,5222,71.975725,0.387830
5222,5223,71.989508,0.474027
5223,5224,72.003292,0.437129
5224,5225,72.017075,0.437673
5225,5226,72.030858,0.479038
5226,5227,72.044641,0.389090
5227,5228,72.058424,0.422245
5228,5229,72.072207,0.365969
5229,5230,72.085991,0.428367
5230,5231,72.099774,0.460131
5231,5232,72.113557,0.459183
5232,5233,72.127340,0.414703
5233,5234,72.141123,0.421656
5234,5235,72.154906,0.463287
5235,5236,72.168690,0.467036
5236,5237,72.182473,0.403339
5237,5238,72.196256,0.412034
5238,5239,72.210039,0.438325
5239,5240,72.223822,0.490083
5240,5241,72.237605,0.393815
5241,5242,72.251389,0.398746
5242,5243,72.265172,0.476492
5243,5244,72.278955,0.494642
5244,5245,72.292738,0.540762
5245,5246,72.306521,0.419667
5246,5247,72.320304,0.442672
5247,5248,72.334088,0.430866
5248,5249,72.347871,0.464643
5249,5250,72.361654,0.447689
5250,5251,72.375437,0.445683
5251,5252,72.389220,0.422734
5252,5253,72.403003,0.440854
5253,5254,72.416787,0.446710
5254,5255,72.430570,0.433425
5255,5256,72.444353,0.532791
5256,5257,72.458136,0.486778
5257,5258,72.471919,0.465744
5258,5259,72.485703,0.457173
5259,5260,72.499486,0.464182
5260,5261,72.513269,0.462512
5261,5262,72.527052,0.479125
5262,5263,72.540835,0.381498
5263,5264,72.554618,0.411038
5264,5265,72.568402,0.477307
5265,5266,72.582185,0.469330
5266,5267,72.595968,0.456040
5267,5268,72.609751,0.447294
5268,5269,72.623534,0.453665
5269,5270,72.637317,0.428716
5270,5271,72.651101,0.480422
5271,5272,72.664884,0.421835
5272,5273,72.678667,0.435669
5273,5274,72.692450,0.457781
5274,5275,72.706233,0.481185
5275,5276,72.720016,0.373824
5276,5277,72.733800,0.443655
5277,5278,72.747583,0.462997
5278,5279,72.761366,0.507666
5279,5280,72.775149,0.521538
5280,5281,72.788932,0.481251
5281,5282,72.802715,0.505278
5282,5283,72.816499,0.434088
5283,5284,72.830282,0.418906
5284,5285,72.844065,0.466558
5285,5286,72.857848,0.433187
5286,5287,72.871631,0.420782
5287,5288,72.885415,0.384815
5288,5289,72.899198,0.466439
5289,5290,72.912981,0.451661
5290,5291,72.926764,0.448747
5291,5292,72.940547,0.415252
5292,5293,72.954330,0.431059
5293,5294,72.968114,0.518315
5294,5295,72.981897,0.449250
5295,5296,72.995680,0.406458
5296,5297,73.009463,0.490665
5297,5298,73.023246,0.384497
5298,5299,73.037029,0.402406
5299,5300,73.050813,0.473079
5300,5301,73.064596,0.434420
5301,5302,73.078379,0.507130
5302,5303,73.092162,0.427670
5303,5304,73.105945,0.454566
5304,5305,73.119728,0.395932
5305,5306,73.133512,0.381827
5306,5307,73.147295,0.479618
5307,5308,73.161078,0.498299
5308,5309,73.174861,0.446176
5309,5310,73.188644,0.428229
5310,5311,73.202427,0.467572
5311,5312,73.216211,0.462794
5312,5313,73.229994,0.479686
5313,5314,73.243777,0.447615
5314,5315,73.257560,0.472429
5315,5316,73.271343,0.415561
5316,5317,73.285127,0.431147
5317,5318,73.298910,0.530298
5318,5319,73.312693,0.477846
5319,5320,73.326476,0.459113
5320,5321,73.340259,0.462468
5321,5322,73.354042,0.476324
5322,5323,73.367826,0.467096
5323,5324,73.381609,0.384732
5324,5325,73.395392,0.447384
5325,5326,73.409175,0.503452
5326,5327,73.422958,0.401308
5327,5328,73.436741,0.561847
5328,5329,73.450525,0.464692
5329,5330,73.464308,0.427968
5330,5331,73.478091,0.453546
5331,5332,73.491874,0.392755
5332,5333,73.505657,0.536711
5333,5334,73.519440,0.442411
5334,5335,73.533224,0.529237
5335,5336,73.547007,0.459436
5336,5337,73.560790,0.401539
5337,5338,73.574573,0.420391
5338,5339,73.588356,0.462899
5339,5340,73.602139,0.469039
5340,5341,73.615923,0.407271
5341,5342,73.629706,0.517720
5342,5343,73.643489,0.426389
5343,5344,73.657272,0.463067
5344,5345,73.671055,0.361348
5345,5346,73.684839,0.437730
5346,5347,73.698622,0.490716
5347,5348,73.712405,0.395464
5348,5349,73.726188,0.460681
5349,5350,73.739971,0.469786
5350,5351,73.753754,0.420152
5351,5352,73.767538,0.403926
5352,5353,73.781321,0.438123
5353,5354,73.795104,0.451794
5354,5355,73.808887,0.487353
5355,5356,73.822670,0.438005
5356,5357,73.836453,0.479704
5357,5358,73.850237,0.478257
5358,5359,73.864020,0.515423
5359,5360,73.877803,0.492318
5360,5361,73.891586,0.449570
5361,5362,73.905369,0.410731
5362,5363,73.919152,0.410552
5363,5364,73.932936,0.455314
5364,5365,73.946719,0.501341
5365,5366,73.960502,0.421988
5366,5367,73.974285,0.434349
5367,5368,73.988068,0.425507
5368,5369,74.001851,0.475126
5369,5370,74.015635,0.417942
5370,5371,74.029418,0.451015
5371,5372,74.043201,0.464892
5372,5373,74.056984,0.438312
5373,5374,74.070767,0.410909
5374,5375,74.084551,0.404881
5375,5376,74.098334,0.531425
5376,5377,74.112117,0.489710
5377,5378,74.125900,0.457811
5378,5379,74.139683,0.416417
5379,5380,74.153466,0.501760
5380,5381,74.167250,0.428779
5381,5382,74.181033,0.494541
5382,5383,74.194816,0.470851
5383,5384,74.208599,0.382520
5384,5385,74.222382,0.447526
5385,5386,74.236165,0.440730
5386,5387,74.249949,0.379206
5387,5388,74.263732,0.429082
5388,5389,74.277515,0.497418
5389,5390,74.291298,0.453939
5390,5391,74.305081,0.459891
5391,5392,74.318864,0.461497
5392,5393,74.332648,0.455385
5393,5394,74.346431,0.533075
5394,5395,74.360214,0.456275
5395,5396,74.373997,0.443187
5396,5397,74.387780,0.492177
5397,5398,74.401563,0.436529
5398,5399,74.415347,0.399844
5399,5400,74.429130,0.458418
5400,5401,74.442913,0.443803
5401,5402,74.456696,0.493159
5402,5403,74.470479,0.455268
5403,5404,74.484262,0.428798
5404,5405,74.498046,0.425007
5405,5406,74.511829,0.343148
5406,5407,74.525612,0.402872
5407,5408,74.539395,0.484248
5408,5409,74.553178,0.451359
5409,5410,74.566962,0.439966
5410,5411,74.580745,0.475750
5411,5412,74.594528,0.457528
5412,5413,74.608311,0.480025
5413,5414,74.622094,0.419038
5414,5415,74.635877,0.456776
5415,5416,74.649661,0.456666
5416,5417,74.663444,0.492999
5417,5418,74.677227,0.516426
5418,5419,74.691010,0.420390
5419,5420,74.704793,0.428379
5420,5421,74.718576,0.491665
5421,5422,74.732360,0.430700
5422,5423,74.746143,0.493480
5423,5424,74.759926,0.483545
5424,5425,74.773709,0.479064
5425,5426,74.787492,0.412588
5426,5427,74.801275,0.469660
5427,5428,74.815059,0.475194
5428,5429,74.828842,0.378233
5429,5430,74.842625,0.478227
5430,5431,74.856408,0.488354
5431,5432,74.870191,0.377851
5432,5433,74.883974,0.430867
5433,5434,74.897758,0.410303
5434,5435,74.911541,0.466125
5435,5436,74.925324,0.395210
5436,5437,74.939107,0.398072
5437,5438,74.952890,0.484323
5438,5439,74.966674,0.422535
5439,5440,74.980457,0.433129
5440,5441,74.994240,0.442189
5441,5442,75.008023,0.409166
5442,5443,75.021806,0.344109
5443,5444,75.035589,0.448883
5444,5445,75.049373,0.468633
5445,5446,75.063156,0.414372
5446,5447,75.076939,0.442646
5447,5448,75.090722,0.390269
5448,5449,75.104505,0.476192
5449,5450,75.118288,0.461549
5450,5451,75.132072,0.461037
5451,5452,75.145855,0.528226
5452,5453,75.159638,0.392159
5453,5454,75.173421,0.482704
5454,5455,75.187204,0.468468
5455,5456,75.200987,0.477157
5456,5457,75.214771,0.497054
5457,5458,75.228554,0.466906
5458,5459,75.242337,0.381079
5459,5460,75.256120,0.575477
5460,5461,75.269903,0.487152
5461,5462,75.283686,0.482183
5462,5463,75.297470,0.449428
5463,5464,75.311253,0.416283
5464,5465,75.325036,0.435622
5465,5466,75.338819,0.402573
5466,5467,75.352602,0.502353
5467,5468,75.366386,0.442417
5468,5469,75.380169,0.428951
5469,5470,75.393952,0.485000
5470,5471,75.407735,0.460257
5471,5472,75.421518,0.394545
5472,5473,75.435301,0.426145
5473,5474,75.449085,0.507247
5474,5475,75.462868,0.474825
5475,5476,75.476651,0.456203
5476,5477,75.490434,0.512156
5477,5478,75.504217,0.436423
5478,5479,75.518000,0.444828
5479,5480,75.531784,0.419377
5480,5481,75.545567,0.425030
5481,5482,75.559350,0.449192
5482,5483,75.573133,0.471201
5483,5484,75.586916,0.429683
5484,5485,75.600699,0.516951
5485,5486,75.614483,0.494203
5486,5487,75.628266,0.462559
5487,5488,75.642049,0.364555
5488,5489,75.655832,0.430236
5489,5490,75.669615,0.395619
5490,5491,75.683398,0.497306
5491,5492,75.697182,0.484379
5492,5493,75.710965,0.381141
5493,5494,75.724748,0.439552
5494,5495,75.738531,0.357883
5495,5496,75.752314,0.461419
5496,5497,75.766098,0.467065
5497,5498,75.779881,0.418334
5498,5499,75.793664,0.464464
5499,5500,75.807447,0.443075
5500,5501,75.821230,0.466101
5501,5502,75.835013,0.449052
5502,5503,75.848797,0.434442
5503,5504,75.862580,0.462142
5504,5505,75.876363,0.396574
5505,5506,75.890146,0.448550
5506,5507,75.903929,0.425850
5507,5508,75.917712,0.462180
5508,5509,75.931496,0.447775
5509,5510,75.945279,0.358816
5510,5511,75.959062,0.457759
5511,5512,75.972845,0.452665
5512,5513,75.986628,0.407860
5513,5514,76.000411,0.449521
5514,5515,76.014195,0.408295
5515,5516,76.027978,0.373809
5516,5517,76.041761,0.456596
5517,5518,76.055544,0.348729
5518,5519,76.069327,0.395129
5519,5520,76.083110,0.452438
5520,5521,76.096894,0.453684
5521,5522,76.110677,0.426095
5522,5523,76.124460,0.537030
5523,5524,76.138243,0.435314
5524,5525,76.152026,0.420002
5525,5526,76.165810,0.470463
5526,5527,76.179593,0.457087
5527,5528,76.193376,0.425838
5528,5529,76.207159,0.445772
5529,5530,76.220942,0.376005
5530,5531,76.234725,0.422064
5531,5532,76.248509,0.527133
5532,5533,76.262292,0.541902
5533,5534,76.276075,0.421105
5534,5535,76.289858,0.402088
5535,5536,76.303641,0.455269
5536,5537,76.317424,0.519981
5537,5538,76.331208,0.394674
5538,5539,76.344991,0.479383
5539,5540,76.358774,0.431528
5540,5541,76.372557,0.460369
5541,5542,76.386340,0.482301
5542,5543,76.400123,0.453516
5543,5544,76.413907,0.520844
5544,5545,76.427690,0.440091
5545,5546,76.441473,0.523470
5546,5547,76.455256,0.402418
5547,5548,76.469039,0.456421
5548,5549,76.482822,0.421574
5549,5550,76.496606,0.451273
5550,5551,76.510389,0.557644
5551,5552,76.524172,0.437259
5552,5553,76.537955,0.415520
5553,5554,76.551738,0.372586
5554,5555,76.565521,0.371343
5555,5556,76.579305,0.440791
5556,5557,76.593088,0.431853
5557,5558,76.606871,0.504452
5558,5559,76.620654,0.452944
5559,5560,76.634437,0.432740
5560,5561,76.648221,0.407252
5561,5562,76.662004,0.424325
5562,5563,76.675787,0.460516
5563,5564,76.689570,0.421870
5564,5565,76.703353,0.412035
5565,5566,76.717136,0.393060
5566,5567,76.730920,0.439398
5567,5568,76.744703,0.452589
5568,5569,76.758486,0.439465
5569,5570,76.772269,0.488803
5570,5571,76.786052,0.431090
5571,5572,76.799835,0.438176
5572,5573,76.813619,0.411312
5573,5574,76.827402,0.419446
5574,5575,76.841185,0.362719
5575,5576,76.854968,0.455943
5576,5577,76.868751,0.415563
5577,5578,76.882534,0.426791
5578,5579,76.896318,0.413347
5579,5580,76.910101,0.419962
5580,5581,76.923884,0.477713
5581,5582,76.937667,0.397893
5582,5583,76.951450,0.417375
5583,5584,76.965233,0.431036
5584,5585,76.979017,0.448327
5585,5586,76.992800,0.390724
5586,5587,77.006583,0.518520
5587,5588,77.020366,0.474641
5588,5589,77.034149,0.449362
5589,5590,77.047933,0.390135
5590,5591,77.061716,0.462358
5591,5592,77.075499,0.445615
5592,5593,77.089282,0.472446
5593,5594,77.103065,0.422472
5594,5595,77.116848,0.406590
5595,5596,77.130632,0.505483
5596,5597,77.144415,0.359878
5597,5598,77.158198,0.384357
5598,5599,77.171981,0.419654
5599,5600,77.185764,0.476628
5600,5601,77.199547,0.481252
5601,5602,77.213331,0.397564
5602,5603,77.227114,0.441395
5603,5604,77.240897,0.438350
5604,5605,77.254680,0.473330
5605,5606,77.268463,0.406019
5606,5607,77.282246,0.398289
5607,5608,77.296030,0.330125
5608,5609,77.309813,0.420189
5609,5610,77.323596,0.436786
5610,5611,77.337379,0.432853
5611,5612,77.351162,0.460024
5612,5613,77.364945,0.435964
5613,5614,77.378729,0.445311
5614,5615,77.392512,0.360417
5615,5616,77.406295,0.395515
5616,5617,77.420078,0.488116
5617,5618,77.433861,0.491121
5618,5619,77.447645,0.466475
5619,5620,77.461428,0.439299
5620,5621,77.475211,0.359435
5621,5622,77.488994,0.425553
5622,5623,77.502777,0.479889
5623,5624,77.516560,0.441569
5624,5625,77.530344,0.460707
5625,5626,77.544127,0.465472
5626,5627,77.557910,0.471208
5627,5628,77.571693,0.501284
5628,5629,77.585476,0.495335
5629,5630,77.599259,0.462225
5630,5631,77.613043,0.452758
5631,5632,77.626826,0.436592
5632,5633,77.640609,0.436842
5633,5634,77.654392,0.443770
5634,5635,77.668175,0.456703
5635,5636,77.681958,0.476704
5636,5637,77.695742,0.514799
5637,5638,77.709525,0.444355
5638,5639,77.723308,0.418105
5639,5640,77.737091,0.456908
5640,5641,77.750874,0.463695
5641,5642,77.764657,0.434878
5642,5643,77.778441,0.447664
5643,5644,77.792224,0.430453
5644,5645,77.806007,0.474794
5645,5646,77.819790,0.451271
5646,5647,77.833573,0.513932
5647,5648,77.847357,0.399117
5648,5649,77.861140,0.455824
5649,5650,77.874923,0.470627
5650,5651,77.888706,0.360082
5651,5652,77.902489,0.499458
5652,5653,77.916272,0.496996
5653,5654,77.930056,0.461145
5654,5655,77.943839,0.422851
5655,5656,77.957622,0.473574
5656,5657,77.971405,0.396281
5657,5658,77.985188,0.414217
5658,5659,77.998971,0.427851
5659,5660,78.012755,0.465591
5660,5661,78.026538,0.417511
5661,5662,78.040321,0.412603
5662,5663,78.054104,0.466474
5663,5664,78.067887,0.412997
5664,5665,78.081670,0.438225
5665,5666,78.095454,0.415775
5666,5667,78.109237,0.511173
5667,5668,78.123020,0.439250
5668,5669,78.136803,0.428997
5669,5670,78.150586,0.438820
5670,5671,78.164369,0.445793
5671,5672,78.178153,0.424534
5672,5673,78.191936,0.425334
5673,5674,78.205719,0.435121
5674,5675,78.219502,0.402955
5675,5676,78.233285,0.447353
5676,5677,78.247069,0.442625
5677,5678,78.260852,0.420165
5678,5679,78.274635,0.457625
5679,5680,78.288418,0.476713
5680,5681,78.302201,0.473360
5681,5682,78.315984,0.411441
5682,5683,78.329768,0.452752
5683,5684,78.343551,0.421526
5684,5685,78.357334,0.436608
5685,5686,78.371117,0.458190
5686,5687,78.384900,0.477891
5687,5688,78.398683,0.400257
5688,5689,78.412467,0.463115
5689,5690,78.426250,0.388250
5690,5691,78.440033,0.429063
5691,5692,78.453816,0.363832
5692,5693,78.467599,0.463637
5693,5694,78.481382,0.515964
5694,5695,78.495166,0.475822
5695,5696,78.508949,0.517099
5696,5697,78.522732,0.418156
5697,5698,78.536515,0.429182
5698,5699,78.550298,0.399139
5699,5700,78.564081,0.388153
5700,5701,78.577865,0.385797
5701,5702,78.591648,0.420703
5702,5703,78.605431,0.390487
5703,5704,78.619214,0.438081
5704,5705,78.632997,0.376048
5705,5706,78.646780,0.462449
5706,5707,78.660564,0.390744
5707,5708,78.674347,0.475969
5708,5709,78.688130,0.458873
5709,5710,78.701913,0.384195
5710,5711,78.715696,0.424085
5711,5712,78.729480,0.438897
5712,5713,78.743263,0.559475
5713,5714,78.757046,0.498250
5714,5715,78.770829,0.415332
5715,5716,78.784612,0.424661
5716,5717,78.798395,0.478590
5717,5718,78.812179,0.394376
5718,5719,78.825962,0.436769
5719,5720,78.839745,0.487337
5720,5721,78.853528,0.443459
5721,5722,78.867311,0.470906
5722,5723,78.881094,0.468385
5723,5724,78.894878,0.490587
5724,5725,78.908661,0.497405
5725,5726,78.922444,0.441554
5726,5727,78.936227,0.494081
5727,5728,78.950010,0.428959
5728,5729,78.963793,0.446229
5729,5730,78.977577,0.513416
5730,5731,78.991360,0.455352
5731,5732,79.005143,0.483062
5732,5733,79.018926,0.457556
5733,5734,79.032709,0.455090
5734,5735,79.046492,0.526205
5735,5736,79.060276,0.554746
5736,5737,79.074059,0.376371
5737,5738,79.087842,0.449738
5738,5739,79.101625,0.442002
5739,5740,79.115408,0.450318
5740,5741,79.129192,0.441164
5741,5742,79.142975,0.541021
5742,5743,79.156758,0.395842
5743,5744,79.170541,0.467593
5744,5745,79.184324,0.477406
5745,5746,79.198107,0.477967
5746,5747,79.211891,0.499380
5747,5748,79.225674,0.413821
5748,5749,79.239457,0.425526
5749,5750,79.253240,0.472036
5750,5751,79.267023,0.392420
5751,5752,79.280806,0.504611
5752,5753,79.294590,0.421141
5753,5754,79.308373,0.437287
5754,5755,79.322156,0.397690
5755,5756,79.335939,0.438390
5756,5757,79.349722,0.396037
5757,5758,79.363505,0.451379
5758,5759,79.377289,0.345244
5759,5760,79.391072,0.427589
5760,5761,79.404855,0.512327
5761,5762,79.418638,0.427222
5762,5763,79.432421,0.386792
5763,5764,79.446204,0.427181
5764,5765,79.459988,0.458305
5765,5766,79.473771,0.480482
5766,5767,79.487554,0.442983
5767,5768,79.501337,0.407916
5768,5769,79.515120,0.445257
5769,5770,79.528904,0.395454
5770,5771,79.542687,0.416340
5771,5772,79.556470,0.538397
5772,5773,79.570253,0.420818
5773,5774,79.584036,0.418358
5774,5775,79.597819,0.435652
5775,5776,79.611603,0.470678
5776,5777,79.625386,0.443616
5777,5778,79.639169,0.469563
5778,5779,79.652952,0.459600
5779,5780,79.666735,0.582798
5780,5781,79.680518,0.523650
5781,5782,79.694302,0.362506
5782,5783,79.708085,0.420008
5783,5784,79.721868,0.439146
5784,5785,79.735651,0.466883
5785,5786,79.749434,0.549106
5786,5787,79.763217,0.522591
5787,5788,79.777001,0.466806
5788,5789,79.790784,0.492657
5789,5790,79.804567,0.415321
5790,5791,79.818350,0.445975
5791,5792,79.832133,0.429084
5792,5793,79.845916,0.422086
5793,5794,79.859700,0.352106
5794,5795,79.873483,0.447387
5795,5796,79.887266,0.449261
5796,5797,79.901049,0.476991
5797,5798,79.914832,0.405117
5798,5799,79.928616,0.495498
5799,5800,79.942399,0.483413
5800,5801,79.956182,0.440085
5801,5802,79.969965,0.491245
5802,5803,79.983748,0.501980
5803,5804,79.997531,0.466728
5804,5805,80.011315,0.526326
5805,5806,80.025098,0.451028
5806,5807,80.038881,0.446856
5807,5808,80.052664,0.368922
5808,5809,80.066447,0.409736
5809,5810,80.080230,0.449023
5810,5811,80.094014,0.449934
5811,5812,80.107797,0.384170
5812,5813,80.121580,0.353618
5813,5814,80.135363,0.469065
5814,5815,80.149146,0.502630
5815,5816,80.162929,0.467476
5816,5817,80.176713,0.479726
5817,5818,80.190496,0.416054
5818,5819,80.204279,0.510275
5819,5820,80.218062,0.439211
5820,5821,80.231845,0.434981
5821,5822,80.245628,0.465908
5822,5823,80.259412,0.434814
5823,5824,80.273195,0.499573
5824,5825,80.286978,0.346734
5825,5826,80.300761,0.416195
5826,5827,80.314544,0.413962
5827,5828,80.328328,0.562589
5828,5829,80.342111,0.493057
5829,5830,80.355894,0.487874
5830,5831,80.369677,0.395466
5831,5832,80.383460,0.447599
5832,5833,80.397243,0.398782
5833,5834,80.411027,0.491918
5834,5835,80.424810,0.461163
5835,5836,80.438593,0.356287
5836,5837,80.452376,0.454116
5837,5838,80.466159,0.395086
5838,5839,80.479942,0.404343
5839,5840,80.493726,0.454338
5840,5841,80.507509,0.414338
5841,5842,80.521292,0.455274
5842,5843,80.535075,0.429464
5843,5844,80.548858,0.449232
5844,5845,80.562641,0.437143
5845,5846,80.576425,0.372082
5846,5847,80.590208,0.444517
5847,5848,80.603991,0.521120
5848,5849,80.617774,0.496551
5849,5850,80.631557,0.441043
5850,5851,80.645340,0.409992
5851,5852,80.659124,0.435316
5852,5853,80.672907,0.509842
5853,5854,80.686690,0.384490
5854,5855,80.700473,0.416453
5855,5856,80.714256,0.460202
5856,5857,80.728039,0.379931
5857,5858,80.741823,0.476921
5858,5859,80.755606,0.466955
5859,5860,80.769389,0.480545
5860,5861,80.783172,0.457141
5861,5862,80.796955,0.462336
5862,5863,80.810739,0.382390
5863,5864,80.824522,0.484970
5864,5865,80.838305,0.436462
5865,5866,80.852088,0.452379
5866,5867,80.865871,0.487283
5867,5868,80.879654,0.373946
5868,5869,80.893438,0.428710
5869,5870,80.907221,0.489208
5870,5871,80.921004,0.483152
5871,5872,80.934787,0.445786
5872,5873,80.948570,0.367352
5873,5874,80.962353,0.505915
5874,5875,80.976137,0.498035
5875,5876,80.989920,0.402165
5876,5877,81.003703,0.417026
5877,5878,81.017486,0.440699
5878,5879,81.031269,0.451070
5879,5880,81.045052,0.529660
5880,5881,81.058836,0.486198
5881,5882,81.072619,0.444537
5882,5883,81.086402,0.369190
5883,5884,81.100185,0.412361
5884,5885,81.113968,0.475749
5885,5886,81.127751,0.499749
5886,5887,81.141535,0.422322
5887,5888,81.155318,0.495281
5888,5889,81.169101,0.457395
5889,5890,81.182884,0.473613
5890,5891,81.196667,0.396547
5891,5892,81.210451,0.510471
5892,5893,81.224234,0.467790
5893,5894,81.238017,0.429247
5894,5895,81.251800,0.427112
5895,5896,81.265583,0.392582
5896,5897,81.279366,0.464801
5897,5898,81.293150,0.474015
5898,5899,81.306933,0.423693
5899,5900,81.320716,0.476027
5900,5901,81.334499,0.531204
5901,5902,81.348282,0.433945
5902,5903,81.362065,0.442813
5903,5904,81.375849,0.441321
5904,5905,81.389632,0.454363
5905,5906,81.403415,0.449640
5906,5907,81.417198,0.529970
5907,5908,81.430981,0.478719
5908,5909,81.444764,0.406018
5909,5910,81.458548,0.420720
5910,5911,81.472331,0.434902
5911,5912,81.486114,0.458844
5912,5913,81.499897,0.478931
5913,5914,81.513680,0.426663
5914,5915,81.527463,0.499923
5915,5916,81.541247,0.474683
5916,5917,81.555030,0.467008
5917,5918,81.568813,0.506929
5918,5919,81.582596,0.439365
5919,5920,81.596379,0.419161
5920,5921,81.610163,0.431236
5921,5922,81.623946,0.345993
5922,5923,81.637729,0.518086
5923,5924,81.651512,0.436931
5924,5925,81.665295,0.401753
5925,5926,81.679078,0.440132
5926,5927,81.692862,0.466770
5927,5928,81.706645,0.424991
5928,5929,81.720428,0.387439
5929,5930,81.734211,0.445262
5930,5931,81.747994,0.438841
5931,5932,81.761777,0.442190
5932,5933,81.775561,0.375361
5933,5934,81.789344,0.405065
5934,5935,81.803127,0.396160
5935,5936,81.816910,0.503613
5936,5937,81.830693,0.497545
5937,5938,81.844476,0.384535
5938,5939,81.858260,0.429700
5939,5940,81.872043,0.489584
5940,5941,81.885826,0.383949
5941,5942,81.899609,0.482466
5942,5943,81.913392,0.345553
5943,5944,81.927175,0.422776
5944,5945,81.940959,0.480729
5945,5946,81.954742,0.489776
5946,5947,81.968525,0.423171
5947,5948,81.982308,0.424628
5948,5949,81.996091,0.466102
5949,5950,82.009875,0.430744
5950,5951,82.023658,0.440729
5951,5952,82.037441,0.428619
5952,5953,82.051224,0.439788
5953,5954,82.065007,0.408377
5954,5955,82.078790,0.432983
5955,5956,82.092574,0.431807
5956,5957,82.106357,0.462355
5957,5958,82.120140,0.514025
5958,5959,82.133923,0.390754
5959,5960,82.147706,0.497597
5960,5961,82.161489,0.464409
5961,5962,82.175273,0.473220
5962,5963,82.189056,0.440427
5963,5964,82.202839,0.469233
5964,5965,82.216622,0.393496
5965,5966,82.230405,0.470609
5966,5967,82.244188,0.428075
5967,5968,82.257972,0.434696
5968,5969,82.271755,0.477298
5969,5970,82.285538,0.464723
5970,5971,82.299321,0.354758
5971,5972,82.313104,0.361093
5972,5973,82.326887,0.476127
5973,5974,82.340671,0.459962
5974,5975,82.354454,0.415934
5975,5976,82.368237,0.491789
5976,5977,82.382020,0.498281
5977,5978,82.395803,0.422710
5978,5979,82.409587,0.475542
5979,5980,82.423370,0.426561
5980,5981,82.437153,0.419613
5981,5982,82.450936,0.498108
5982,5983,82.464719,0.394902
5983,5984,82.478502,0.459750
5984,5985,82.492286,0.390173
5985,5986,82.506069,0.521282
5986,5987,82.519852,0.437139
5987,5988,82.533635,0.402394
5988,5989,82.547418,0.390092
5989,5990,82.561201,0.496224
5990,5991,82.574985,0.427410
5991,5992,82.588768,0.457261
5992,5993,82.602551,0.406101
5993,5994,82.616334,0.486030
5994,5995,82.630117,0.422901
5995,5996,82.643900,0.431185
5996,5997,82.657684,0.486068
5997,5998,82.671467,0.430623
5998,5999,82.685250,0.456089
5999,6000,82.699033,0.438283
6000,6001,82.712816,0.387635
6001,6002,82.726599,0.425197
6002,6003,82.740383,0.430688
6003,6004,82.754166,0.483336
6004,6005,82.767949,0.471073
6005,6006,82.781732,0.349649
6006,6007,82.795515,0.454021
6007,6008,82.809298,0.396286
6008,6009,82.823082,0.367349
6009,6010,82.836865,0.457000
6010,6011,82.850648,0.415852
6011,6012,82.864431,0.381296
6012,6013,82.878214,0.491889
6013,6014,82.891998,0.436588
6014,6015,82.905781,0.377027
6015,6016,82.919564,0.413516
6016,6017,82.933347,0.460152
6017,6018,82.947130,0.486560
6018,6019,82.960913,0.512201
6019,6020,82.974697,0.463578
6020,6021,82.988480,0.490033
6021,6022,83.002263,0.483820
6022,6023,83.016046,0.476889
6023,6024,83.029829,0.471713
6024,6025,83.043612,0.416189
6025,6026,83.057396,0.516566
6026,6027,83.071179,0.474730
6027,6028,83.084962,0.374094
6028,6029,83.098745,0.464439
6029,6030,83.112528,0.432493
6030,6031,83.126311,0.492010
6031,6032,83.140095,0.463761
6032,6033,83.153878,0.446483
6033,6034,83.167661,0.488003
6034,6035,83.181444,0.460146
6035,6036,83.195227,0.403773
6036,6037,83.209010,0.462942
6037,6038,83.222794,0.480880
6038,6039,83.236577,0.424608
6039,6040,83.250360,0.446980
6040,6041,83.264143,0.472548
6041,6042,83.277926,0.406152
6042,6043,83.291710,0.384762
6043,6044,83.305493,0.383179
6044,6045,83.319276,0.458491
6045,6046,83.333059,0.405101
6046,6047,83.346842,0.499669
6047,6048,83.360625,0.380725
6048,6049,83.374409,0.417877
6049,6050,83.388192,0.389015
6050,6051,83.401975,0.458375
6051,6052,83.415758,0.411720
6052,6053,83.429541,0.460697
6053,6054,83.443324,0.368767
6054,6055,83.457108,0.490033
6055,6056,83.470891,0.542711
6056,6057,83.484674,0.452088
6057,6058,83.498457,0.487344
6058,6059,83.512240,0.409339
6059,6060,83.526023,0.457744
6060,6061,83.539807,0.446454
6061,6062,83.553590,0.514296
6062,6063,83.567373,0.450617
6063,6064,83.581156,0.476045
6064,6065,83.594939,0.441201
6065,6066,83.608722,0.426546
6066,6067,83.622506,0.360772
6067,6068,83.636289,0.407729
6068,6069,83.650072,0.443025
6069,6070,83.663855,0.490638
6070,6071,83.677638,0.462511
6071,6072,83.691422,0.402639
6072,6073,83.705205,0.529759
6073,6074,83.718988,0.570929
6074,6075,83.732771,0.363796
6075,6076,83.746554,0.421404
6076,6077,83.760337,0.443202
6077,6078,83.774121,0.535373
6078,6079,83.787904,0.413822
6079,6080,83.801687,0.423875
6080,6081,83.815470,0.425241
6081,6082,83.829253,0.438953
6082,6083,83.843036,0.494539
6083,6084,83.856820,0.440934
6084,6085,83.870603,0.513955
6085,6086,83.884386,0.430993
6086,6087,83.898169,0.439457
6087,6088,83.911952,0.439318
6088,6089,83.925735,0.506237
6089,6090,83.939519,0.490196
6090,6091,83.953302,0.455404
6091,6092,83.967085,0.452374
6092,6093,83.980868,0.384750
6093,6094,83.994651,0.492584
6094,6095,84.008434,0.492051
6095,6096,84.022218,0.467727
6096,6097,84.036001,0.365575
6097,6098,84.049784,0.431834
6098,6099,84.063567,0.443495
6099,6100,84.077350,0.442203
6100,6101,84.091134,0.440516
6101,6102,84.104917,0.398220
6102,6103,84.118700,0.461573
6103,6104,84.132483,0.495082
6104,6105,84.146266,0.451868
6105,6106,84.160049,0.480109
6106,6107,84.173833,0.483162
6107,6108,84.187616,0.487851
6108,6109,84.201399,0.446631
6109,6110,84.215182,0.415931
6110,6111,84.228965,0.452086
6111,6112,84.242748,0.465437
6112,6113,84.256532,0.375413
6113,6114,84.270315,0.458716
6114,6115,84.284098,0.479789
6115,6116,84.297881,0.435016
6116,6117,84.311664,0.445687
6117,6118,84.325447,0.435676
6118,6119,84.339231,0.444757
6119,6120,84.353014,0.408151
6120,6121,84.366797,0.480703
6121,6122,84.380580,0.534353
6122,6123,84.394363,0.350588
6123,6124,84.408146,0.452007
6124,6125,84.421930,0.496231
6125,6126,84.435713,0.446275
6126,6127,84.449496,0.484444
6127,6128,84.463279,0.470430
6128,6129,84.477062,0.461799
6129,6130,84.490846,0.445395
6130,6131,84.504629,0.432434
6131,6132,84.518412,0.421923
6132,6133,84.532195,0.546784
6133,6134,84.545978,0.465611
6134,6135,84.559761,0.469390
6135,6136,84.573545,0.467496
6136,6137,84.587328,0.422955
6137,6138,84.601111,0.551948
6138,6139,84.614894,0.513307
6139,6140,84.628677,0.503126
6140,6141,84.642460,0.492772
6141,6142,84.656244,0.421055
6142,6143,84.670027,0.461374
6143,6144,84.683810,0.462808
6144,6145,84.697593,0.434032
6145,6146,84.711376,0.534554
6146,6147,84.725159,0.450260
6147,6148,84.738943,0.474183
6148,6149,84.752726,0.389094
6149,6150,84.766509,0.418337
6150,6151,84.780292,0.436676
6151,6152,84.794075,0.427351
6152,6153,84.807858,0.371521
6153,6154,84.821642,0.355498
6154,6155,84.835425,0.493002
6155,6156,84.849208,0.477296
6156,6157,84.862991,0.472931
6157,6158,84.876774,0.489814
6158,6159,84.890557,0.449429
6159,6160,84.904341,0.417917
6160,6161,84.918124,0.508653
6161,6162,84.931907,0.578274
6162,6163,84.945690,0.459785
6163,6164,84.959473,0.463187
6164,6165,84.973257,0.512170
6165,6166,84.987040,0.420880
6166,6167,85.000823,0.437083
6167,6168,85.014606,0.456251
6168,6169,85.028389,0.478881
6169,6170,85.042172,0.538463
6170,6171,85.055956,0.487335
6171,6172,85.069739,0.488871
6172,6173,85.083522,0.390135
6173,6174,85.097305,0.489715
6174,6175,85.111088,0.448422
6175,6176,85.124871,0.415478
6176,6177,85.138655,0.424403
6177,6178,85.152438,0.441241
6178,6179,85.166221,0.483030
6179,6180,85.180004,0.490497
6180,6181,85.193787,0.585795
6181,6182,85.207570,0.437174
6182,6183,85.221354,0.425561
6183,6184,85.235137,0.457677
6184,6185,85.248920,0.418338
6185,6186,85.262703,0.486799
6186,6187,85.276486,0.495299
6187,6188,85.290269,0.493474
6188,6189,85.304053,0.369153
6189,6190,85.317836,0.449790
6190,6191,85.331619,0.433340
6191,6192,85.345402,0.407282
6192,6193,85.359185,0.544116
6193,6194,85.372969,0.465321
6194,6195,85.386752,0.445320
6195,6196,85.400535,0.405117
6196,6197,85.414318,0.463182
6197,6198,85.428101,0.467157
6198,6199,85.441884,0.521860
6199,6200,85.455668,0.473838
6200,6201,85.469451,0.469043
6201,6202,85.483234,0.486508
6202,6203,85.497017,0.485063
6203,6204,85.510800,0.458163
6204,6205,85.524583,0.492478
6205,6206,85.538367,0.434693
6206,6207,85.552150,0.432403
6207,6208,85.565933,0.417294
6208,6209,85.579716,0.437701
6209,6210,85.593499,0.475142
6210,6211,85.607282,0.386469
6211,6212,85.621066,0.440210
6212,6213,85.634849,0.511593
6213,6214,85.648632,0.471073
6214,6215,85.662415,0.409430
6215,6216,85.676198,0.447518
6216,6217,85.689981,0.413107
6217,6218,85.703765,0.467625
6218,6219,85.717548,0.489236
6219,6220,85.731331,0.453461
6220,6221,85.745114,0.416183
6221,6222,85.758897,0.470218
6222,6223,85.772681,0.441217
6223,6224,85.786464,0.534088
6224,6225,85.800247,0.419252
6225,6226,85.814030,0.428541
6226,6227,85.827813,0.392738
6227,6228,85.841596,0.400115
6228,6229,85.855380,0.504252
6229,6230,85.869163,0.502022
6230,6231,85.882946,0.450790
6231,6232,85.896729,0.502053
6232,6233,85.910512,0.470502
6233,6234,85.924295,0.477627
6234,6235,85.938079,0.379666
6235,6236,85.951862,0.434046
6236,6237,85.965645,0.445673
6237,6238,85.979428,0.546576
6238,6239,85.993211,0.430129
6239,6240,86.006994,0.524071
6240,6241,86.020778,0.423855
6241,6242,86.034561,0.566166
6242,6243,86.048344,0.406485
6243,6244,86.062127,0.547465
6244,6245,86.075910,0.476632
6245,6246,86.089693,0.411022
6246,6247,86.103477,0.486648
6247,6248,86.117260,0.416418
6248,6249,86.131043,0.405034
6249,6250,86.144826,0.463556
6250,6251,86.158609,0.478464
6251,6252,86.172393,0.550780
6252,6253,86.186176,0.382826
6253,6254,86.199959,0.406816
6254,6255,86.213742,0.439457
6255,6256,86.227525,0.410376
6256,6257,86.241308,0.422570
6257,6258,86.255092,0.559910
6258,6259,86.268875,0.435664
6259,6260,86.282658,0.439417
6260,6261,86.296441,0.344690
6261,6262,86.310224,0.397111
6262,6263,86.324007,0.450516
6263,6264,86.337791,0.436655
6264,6265,86.351574,0.399932
6265,6266,86.365357,0.426338
6266,6267,86.379140,0.404608
6267,6268,86.392923,0.501798
6268,6269,86.406706,0.411875
6269,6270,86.420490,0.377283
6270,6271,86.434273,0.409911
6271,6272,86.448056,0.450488
6272,6273,86.461839,0.402064
6273,6274,86.475622,0.467444
6274,6275,86.489405,0.422821
6275,6276,86.503189,0.461071
6276,6277,86.516972,0.552311
6277,6278,86.530755,0.374373
6278,6279,86.544538,0.463705
6279,6280,86.558321,0.379173
6280,6281,86.572105,0.389693
6281,6282,86.585888,0.535666
6282,6283,86.599671,0.462745
6283,6284,86.613454,0.397197
6284,6285,86.627237,0.438910
6285,6286,86.641020,0.459297
6286,6287,86.654804,0.518989
6287,6288,86.668587,0.402301
6288,6289,86.682370,0.507740
6289,6290,86.696153,0.500005
6290,6291,86.709936,0.435892
6291,6292,86.723719,0.474689
6292,6293,86.737503,0.441868
6293,6294,86.751286,0.446669
6294,6295,86.765069,0.423290
6295,6296,86.778852,0.431409
6296,6297,86.792635,0.392518
6297,6298,86.806418,0.435914
6298,6299,86.820202,0.463624
6299,6300,86.833985,0.458574
6300,6301,86.847768,0.513634
6301,6302,86.861551,0.446054
6302,6303,86.875334,0.404139
6303,6304,86.889117,0.439379
6304,6305,86.902901,0.494649
6305,6306,86.916684,0.477379
6306,6307,86.930467,0.420494
6307,6308,86.944250,0.474994
6308,6309,86.958033,0.382226
6309,6310,86.971816,0.496075
6310,6311,86.985600,0.459410
6311,6312,86.999383,0.430600
6312,6313,87.013166,0.506360
6313,6314,87.026949,0.462209
6314,6315,87.040732,0.506794
6315,6316,87.054516,0.427429
6316,6317,87.068299,0.381803
6317,6318,87.082082,0.387384
6318,6319,87.095865,0.450715
6319,6320,87.109648,0.453360
6320,6321,87.123431,0.420415
6321,6322,87.137215,0.423357
6322,6323,87.150998,0.414392
6323,6324,87.164781,0.456260
6324,6325,87.178564,0.444923
6325,6326,87.192347,0.396553
6326,6327,87.206130,0.363486
6327,6328,87.219914,0.483533
6328,6329,87.233697,0.413718
6329,6330,87.247480,0.398506
6330,6331,87.261263,0.409083
6331,6332,87.275046,0.465424
6332,6333,87.288829,0.407855
6333,6334,87.302613,0.501302
6334,6335,87.316396,0.437772
6335,6336,87.330179,0.475494
6336,6337,87.343962,0.434981
6337,6338,87.357745,0.441623
6338,6339,87.371528,0.379381
6339,6340,87.385312,0.478654
6340,6341,87.399095,0.408281
6341,6342,87.412878,0.436232
6342,6343,87.426661,0.417998
6343,6344,87.440444,0.514454
6344,6345,87.454228,0.406255
6345,6346,87.468011,0.450134
6346,6347,87.481794,0.404389
6347,6348,87.495577,0.457964
6348,6349,87.509360,0.438178
6349,6350,87.523143,0.434164
6350,6351,87.536927,0.440229
6351,6352,87.550710,0.380403
6352,6353,87.564493,0.389396
6353,6354,87.578276,0.387903
6354,6355,87.592059,0.477058
6355,6356,87.605842,0.424846
6356,6357,87.619626,0.437121
6357,6358,87.633409,0.451113
6358,6359,87.647192,0.448729
6359,6360,87.660975,0.457450
6360,6361,87.674758,0.493687
6361,6362,87.688541,0.575087
6362,6363,87.702325,0.418208
6363,6364,87.716108,0.459937
6364,6365,87.729891,0.490177
6365,6366,87.743674,0.552836
6366,6367,87.757457,0.393030
6367,6368,87.771240,0.490729
6368,6369,87.785024,0.447566
6369,6370,87.798807,0.438528
6370,6371,87.812590,0.396708
6371,6372,87.826373,0.507684
6372,6373,87.840156,0.390574
6373,6374,87.853940,0.440697
6374,6375,87.867723,0.452034
6375,6376,87.881506,0.497752
6376,6377,87.895289,0.431458
6377,6378,87.909072,0.419299
6378,6379,87.922855,0.429537
6379,6380,87.936639,0.431364
6380,6381,87.950422,0.454430
6381,6382,87.964205,0.419050
6382,6383,87.977988,0.392037
6383,6384,87.991771,0.434881
6384,6385,88.005554,0.444350
6385,6386,88.019338,0.413549
6386,6387,88.033121,0.353057
6387,6388,88.046904,0.440101
6388,6389,88.060687,0.465571
6389,6390,88.074470,0.472570
6390,6391,88.088253,0.433844
6391,6392,88.102037,0.442558
6392,6393,88.115820,0.439295
6393,6394,88.129603,0.484032
6394,6395,88.143386,0.493111
6395,6396,88.157169,0.492783
6396,6397,88.170952,0.342675
6397,6398,88.184736,0.487503
6398,6399,88.198519,0.438444
6399,6400,88.212302,0.392390
6400,6401,88.226085,0.438064
6401,6402,88.239868,0.499347
6402,6403,88.253652,0.415924
6403,6404,88.267435,0.439027
6404,6405,88.281218,0.422975
6405,6406,88.295001,0.430872
6406,6407,88.308784,0.534157
6407,6408,88.322567,0.438491
6408,6409,88.336351,0.402392
6409,6410,88.350134,0.425346
6410,6411,88.363917,0.442828
6411,6412,88.377700,0.456988
6412,6413,88.391483,0.469298
6413,6414,88.405266,0.475140
6414,6415,88.419050,0.411213
6415,6416,88.432833,0.513155
6416,6417,88.446616,0.431635
6417,6418,88.460399,0.471183
6418,6419,88.474182,0.396304
6419,6420,88.487965,0.460285
6420,6421,88.501749,0.481721
6421,6422,88.515532,0.469990
6422,6423,88.529315,0.429891
6423,6424,88.543098,0.428178
6424,6425,88.556881,0.451243
6425,6426,88.570664,0.567809
6426,6427,88.584448,0.419249
6427,6428,88.598231,0.426347
6428,6429,88.612014,0.466174
6429,6430,88.625797,0.428555
6430,6431,88.639580,0.450494
6431,6432,88.653364,0.412911
6432,6433,88.667147,0.446232
6433,6434,88.680930,0.495278
6434,6435,88.694713,0.428623
6435,6436,88.708496,0.462295
6436,6437,88.722279,0.446887
6437,6438,88.736063,0.431656
6438,6439,88.749846,0.381518
6439,6440,88.763629,0.441867
6440,6441,88.777412,0.458905
6441,6442,88.791195,0.472049
6442,6443,88.804978,0.460229
6443,6444,88.818762,0.406603
6444,6445,88.832545,0.395482
6445,6446,88.846328,0.427236
6446,6447,88.860111,0.430297
6447,6448,88.873894,0.503910
6448,6449,88.887677,0.373616
6449,6450,88.901461,0.431280
6450,6451,88.915244,0.401893
6451,6452,88.929027,0.444622
6452,6453,88.942810,0.406065
6453,6454,88.956593,0.410635
6454,6455,88.970376,0.356394
6455,6456,88.984160,0.399758
6456,6457,88.997943,0.425540
6457,6458,89.011726,0.424640
6458,6459,89.025509,0.403695
6459,6460,89.039292,0.509174
6460,6461,89.053075,0.363291
6461,6462,89.066859,0.368516
6462,6463,89.080642,0.469710
6463,6464,89.094425,0.463967
6464,6465,89.108208,0.400378
6465,6466,89.121991,0.473157
6466,6467,89.135775,0.504304
6467,6468,89.149558,0.388675
6468,6469,89.163341,0.510561
6469,6470,89.177124,0.447089
6470,6471,89.190907,0.447504
6471,6472,89.204690,0.463202
6472,6473,89.218474,0.452629
6473,6474,89.232257,0.451028
6474,6475,89.246040,0.479312
6475,6476,89.259823,0.455833
6476,6477,89.273606,0.424098
6477,6478,89.287389,0.458476
6478,6479,89.301173,0.461949
6479,6480,89.314956,0.415116
6480,6481,89.328739,0.433186
6481,6482,89.342522,0.390444
6482,6483,89.356305,0.489340
6483,6484,89.370088,0.378251
6484,6485,89.383872,0.438667
6485,6486,89.397655,0.421530
6486,6487,89.411438,0.463662
6487,6488,89.425221,0.424304
6488,6489,89.439004,0.446315
6489,6490,89.452787,0.445237
6490,6491,89.466571,0.469831
6491,6492,89.480354,0.490380
6492,6493,89.494137,0.439596
6493,6494,89.507920,0.391470
6494,6495,89.521703,0.432093
6495,6496,89.535487,0.438090
6496,6497,89.549270,0.485674
6497,6498,89.563053,0.509518
6498,6499,89.576836,0.460060
6499,6500,89.590619,0.490930
6500,6501,89.604402,0.464665
6501,6502,89.618186,0.517163
6502,6503,89.631969,0.488122
6503,6504,89.645752,0.539473
6504,6505,89.659535,0.437529
6505,6506,89.673318,0.512385
6506,6507,89.687101,0.477830
6507,6508,89.700885,0.507217
6508,6509,89.714668,0.390368
6509,6510,89.728451,0.455416
6510,6511,89.742234,0.561655
6511,6512,89.756017,0.510884
6512,6513,89.769800,0.423413
6513,6514,89.783584,0.516820
6514,6515,89.797367,0.517515
6515,6516,89.811150,0.479740
6516,6517,89.824933,0.480460
6517,6518,89.838716,0.503250
6518,6519,89.852499,0.481064
6519,6520,89.866283,0.420072
6520,6521,89.880066,0.523274
6521,6522,89.893849,0.457081
6522,6523,89.907632,0.448420
6523,6524,89.921415,0.445189
6524,6525,89.935199,0.496700
6525,6526,89.948982,0.480591
6526,6527,89.962765,0.462132
6527,6528,89.976548,0.456641
6528,6529,89.990331,0.455577
6529,6530,90.004114,0.425763
6530,6531,90.017898,0.486663
6531,6532,90.031681,0.462369
6532,6533,90.045464,0.362585
6533,6534,90.059247,0.415260
6534,6535,90.073030,0.476447
6535,6536,90.086813,0.490425
6536,6537,90.100597,0.424415
6537,6538,90.114380,0.558863
6538,6539,90.128163,0.509369
6539,6540,90.141946,0.497355
6540,6541,90.155729,0.435619
6541,6542,90.169512,0.473189
6542,6543,90.183296,0.464516
6543,6544,90.197079,0.447952
6544,6545,90.210862,0.404747
6545,6546,90.224645,0.500990
6546,6547,90.238428,0.462449
6547,6548,90.252211,0.469947
6548,6549,90.265995,0.550062
6549,6550,90.279778,0.412887
6550,6551,90.293561,0.442324
6551,6552,90.307344,0.451288
6552,6553,90.321127,0.468122
6553,6554,90.334911,0.478636
6554,6555,90.348694,0.379380
6555,6556,90.362477,0.435312
6556,6557,90.376260,0.416571
6557,6558,90.390043,0.357354
6558,6559,90.403826,0.414869
6559,6560,90.417610,0.458343
6560,6561,90.431393,0.427754
6561,6562,90.445176,0.433098
6562,6563,90.458959,0.426107
6563,6564,90.472742,0.423077
6564,6565,90.486525,0.479889
6565,6566,90.500309,0.458235
6566,6567,90.514092,0.404411
6567,6568,90.527875,0.394015
6568,6569,90.541658,0.384961
6569,6570,90.555441,0.414247
6570,6571,90.569224,0.443737
6571,6572,90.583008,0.479514
6572,6573,90.596791,0.397149
6573,6574,90.610574,0.412590
6574,6575,90.624357,0.442901
6575,6576,90.638140,0.463140
6576,6577,90.651923,0.428052
6577,6578,90.665707,0.448347
6578,6579,90.679490,0.543883
6579,6580,90.693273,0.426810
6580,6581,90.707056,0.347892
6581,6582,90.720839,0.513770
6582,6583,90.734623,0.407443
6583,6584,90.748406,0.522571
6584,6585,90.762189,0.464664
6585,6586,90.775972,0.429743
6586,6587,90.789755,0.543014
6587,6588,90.803538,0.445465
6588,6589,90.817322,0.438463
6589,6590,90.831105,0.510696
6590,6591,90.844888,0.466276
6591,6592,90.858671,0.449416
6592,6593,90.872454,0.430324
6593,6594,90.886237,0.410394
6594,6595,90.900021,0.454557
6595,6596,90.913804,0.449335
6596,6597,90.927587,0.489320
6597,6598,90.941370,0.451116
6598,6599,90.955153,0.391935
6599,6600,90.968936,0.432402
6600,6601,90.982720,0.521658
6601,6602,90.996503,0.439973
6602,6603,91.010286,0.455168
6603,6604,91.024069,0.466060
6604,6605,91.037852,0.503549
6605,6606,91.051635,0.452772
6606,6607,91.065419,0.455040
6607,6608,91.079202,0.418625
6608,6609,91.092985,0.359500
6609,6610,91.106768,0.448353
6610,6611,91.120551,0.501096
6611,6612,91.134334,0.490863
6612,6613,91.148118,0.419709
6613,6614,91.161901,0.467787
6614,6615,91.175684,0.428426
6615,6616,91.189467,0.460815
6616,6617,91.203250,0.438891
6617,6618,91.217034,0.394600
6618,6619,91.230817,0.439049
6619,6620,91.244600,0.369552
6620,6621,91.258383,0.358568
6621,6622,91.272166,0.375343
6622,6623,91.285949,0.503678
6623,6624,91.299733,0.450176
6624,6625,91.313516,0.415372
6625,6626,91.327299,0.456961
6626,6627,91.341082,0.461924
6627,6628,91.354865,0.506352
6628,6629,91.368648,0.426796
6629,6630,91.382432,0.467509
6630,6631,91.396215,0.410067
6631,6632,91.409998,0.449296
6632,6633,91.423781,0.422495
6633,6634,91.437564,0.376101
6634,6635,91.451347,0.462582
6635,6636,91.465131,0.402453
6636,6637,91.478914,0.455800
6637,6638,91.492697,0.408002
6638,6639,91.506480,0.459857
6639,6640,91.520263,0.494093
6640,6641,91.534046,0.407634
6641,6642,91.547830,0.434242
6642,6643,91.561613,0.417598
6643,6644,91.575396,0.404891
6644,6645,91.589179,0.435724
6645,6646,91.602962,0.489568
6646,6647,91.616746,0.428943
6647,6648,91.630529,0.445080
6648,6649,91.644312,0.544495
6649,6650,91.658095,0.414410
6650,6651,91.671878,0.485617
6651,6652,91.685661,0.486075
6652,6653,91.699445,0.433560
6653,6654,91.713228,0.483695
6654,6655,91.727011,0.441010
6655,6656,91.740794,0.454177
6656,6657,91.754577,0.517833
6657,6658,91.768360,0.484488
6658,6659,91.782144,0.416651
6659,6660,91.795927,0.400981
6660,6661,91.809710,0.402671
6661,6662,91.823493,0.429556
6662,6663,91.837276,0.488929
6663,6664,91.851059,0.450791
6664,6665,91.864843,0.399091
6665,6666,91.878626,0.430438
6666,6667,91.892409,0.440429
6667,6668,91.906192,0.455788
6668,6669,91.919975,0.487274
6669,6670,91.933758,0.413368
6670,6671,91.947542,0.499958
6671,6672,91.961325,0.422031
6672,6673,91.975108,0.459171
6673,6674,91.988891,0.410101
6674,6675,92.002674,0.385099
6675,6676,92.016458,0.394843
6676,6677,92.030241,0.452287
6677,6678,92.044024,0.438371
6678,6679,92.057807,0.424691
6679,6680,92.071590,0.447785
6680,6681,92.085373,0.490872
6681,6682,92.099157,0.403994
6682,6683,92.112940,0.469681
6683,6684,92.126723,0.462777
6684,6685,92.140506,0.403012
6685,6686,92.154289,0.506937
6686,6687,92.168072,0.439286
6687,6688,92.181856,0.459340
6688,6689,92.195639,0.442525
6689,6690,92.209422,0.479022
6690,6691,92.223205,0.461980
6691,6692,92.236988,0.486183
6692,6693,92.250771,0.459767
6693,6694,92.264555,0.390010
6694,6695,92.278338,0.403711
6695,6696,92.292121,0.439815
6696,6697,92.305904,0.469010
6697,6698,92.319687,0.454744
6698,6699,92.333470,0.452340
6699,6700,92.347254,0.425858
6700,6701,92.361037,0.366668
6701,6702,92.374820,0.550403
6702,6703,92.388603,0.440751
6703,6704,92.402386,0.495700
6704,6705,92.416170,0.387648
6705,6706,92.429953,0.351815
6706,6707,92.443736,0.503134
6707,6708,92.457519,0.439911
6708,6709,92.471302,0.385949
6709,6710,92.485085,0.434664
6710,6711,92.498869,0.429890
6711,6712,92.512652,0.375018
6712,6713,92.526435,0.486158
6713,6714,92.540218,0.499551
6714,6715,92.554001,0.480589
6715,6716,92.567784,0.461829
6716,6717,92.581568,0.419290
6717,6718,92.595351,0.480582
6718,6719,92.609134,0.431720
6719,6720,92.622917,0.423002
6720,6721,92.636700,0.377313
6721,6722,92.650483,0.434619
6722,6723,92.664267,0.497051
6723,6724,92.678050,0.421828
6724,6725,92.691833,0.440925
6725,6726,92.705616,0.522383
6726,6727,92.719399,0.511227
6727,6728,92.733182,0.456024
6728,6729,92.746966,0.475584
6729,6730,92.760749,0.454661
6730,6731,92.774532,0.545440
6731,6732,92.788315,0.442736
6732,6733,92.802098,0.453535
6733,6734,92.815882,0.379681
6734,6735,92.829665,0.461198
6735,6736,92.843448,0.430068
6736,6737,92.857231,0.443646
6737,6738,92.871014,0.453588
6738,6739,92.884797,0.396389
6739,6740,92.898581,0.483282
6740,6741,92.912364,0.440185
6741,6742,92.926147,0.365580
6742,6743,92.939930,0.511796
6743,6744,92.953713,0.404343
6744,6745,92.967496,0.468012
6745,6746,92.981280,0.496200
6746,6747,92.995063,0.475552
6747,6748,93.008846,0.334285
6748,6749,93.022629,0.448384
6749,6750,93.036412,0.508224
6750,6751,93.050195,0.457087
6751,6752,93.063979,0.436117
6752,6753,93.077762,0.380962
6753,6754,93.091545,0.405647
6754,6755,93.105328,0.439864
6755,6756,93.119111,0.460957
6756,6757,93.132894,0.417829
6757,6758,93.146678,0.446322
6758,6759,93.160461,0.367308
6759,6760,93.174244,0.473672
6760,6761,93.188027,0.492183
6761,6762,93.201810,0.483305
6762,6763,93.215593,0.355078
6763,6764,93.229377,0.497514
6764,6765,93.243160,0.443883
6765,6766,93.256943,0.378079
6766,6767,93.270726,0.369551
6767,6768,93.284509,0.451486
6768,6769,93.298293,0.470934
6769,6770,93.312076,0.467725
6770,6771,93.325859,0.421484
6771,6772,93.339642,0.360665
6772,6773,93.353425,0.497924
6773,6774,93.367208,0.528826
6774,6775,93.380992,0.412765
6775,6776,93.394775,0.475126
6776,6777,93.408558,0.428999
6777,6778,93.422341,0.462848
6778,6779,93.436124,0.418308
6779,6780,93.449907,0.429237
6780,6781,93.463691,0.473164
6781,6782,93.477474,0.462335
6782,6783,93.491257,0.474754
6783,6784,93.505040,0.559305
6784,6785,93.518823,0.464541
6785,6786,93.532606,0.486492
6786,6787,93.546390,0.464740
6787,6788,93.560173,0.486614
6788,6789,93.573956,0.533061
6789,6790,93.587739,0.462469
6790,6791,93.601522,0.405959
6791,6792,93.615305,0.370568
6792,6793,93.629089,0.353998
6793,6794,93.642872,0.443969
6794,6795,93.656655,0.389328
6795,6796,93.670438,0.524453
6796,6797,93.684221,0.442759
6797,6798,93.698005,0.468772
6798,6799,93.711788,0.441796
6799,6800,93.725571,0.413297
6800,6801,93.739354,0.348225
6801,6802,93.753137,0.477920
6802,6803,93.766920,0.444216
6803,6804,93.780704,0.409742
6804,6805,93.794487,0.365541
6805,6806,93.808270,0.384826
6806,6807,93.822053,0.439638
6807,6808,93.835836,0.424482
6808,6809,93.849619,0.369412
6809,6810,93.863403,0.418489
6810,6811,93.877186,0.454945
6811,6812,93.890969,0.462173
6812,6813,93.904752,0.438933
6813,6814,93.918535,0.428167
6814,6815,93.932318,0.433700
6815,6816,93.946102,0.450715
6816,6817,93.959885,0.424937
6817,6818,93.973668,0.445970
6818,6819,93.987451,0.435952
6819,6820,94.001234,0.402517
6820,6821,94.015017,0.428123
6821,6822,94.028801,0.362963
6822,6823,94.042584,0.453683
6823,6824,94.056367,0.456918
6824,6825,94.070150,0.362412
6825,6826,94.083933,0.441546
6826,6827,94.097717,0.445620
6827,6828,94.111500,0.443301
6828,6829,94.125283,0.503275
6829,6830,94.139066,0.402552
6830,6831,94.152849,0.424542
6831,6832,94.166632,0.444429
6832,6833,94.180416,0.476479
6833,6834,94.194199,0.427908
6834,6835,94.207982,0.462584
6835,6836,94.221765,0.472586
6836,6837,94.235548,0.573914
6837,6838,94.249331,0.440719
6838,6839,94.263115,0.433397
6839,6840,94.276898,0.528861
6840,6841,94.290681,0.439941
6841,6842,94.304464,0.474504
6842,6843,94.318247,0.445013
6843,6844,94.332030,0.442526
6844,6845,94.345814,0.471408
6845,6846,94.359597,0.433155
6846,6847,94.373380,0.432676
6847,6848,94.387163,0.436927
6848,6849,94.400946,0.476519
6849,6850,94.414729,0.393976
6850,6851,94.428513,0.457097
6851,6852,94.442296,0.459097
6852,6853,94.456079,0.487164
6853,6854,94.469862,0.470010
6854,6855,94.483645,0.422333
6855,6856,94.497429,0.435463
6856,6857,94.511212,0.459033
6857,6858,94.524995,0.408094
6858,6859,94.538778,0.508456
6859,6860,94.552561,0.464239
6860,6861,94.566344,0.459484
6861,6862,94.580128,0.440172
6862,6863,94.593911,0.410283
6863,6864,94.607694,0.426706
6864,6865,94.621477,0.497863
6865,6866,94.635260,0.448267
6866,6867,94.649043,0.448583
6867,6868,94.662827,0.456365
6868,6869,94.676610,0.433996
6869,6870,94.690393,0.381720
6870,6871,94.704176,0.394299
6871,6872,94.717959,0.392959
6872,6873,94.731742,0.459399
6873,6874,94.745526,0.494711
6874,6875,94.759309,0.472875
6875,6876,94.773092,0.420067
6876,6877,94.786875,0.461945
6877,6878,94.800658,0.395428
6878,6879,94.814441,0.441516
6879,6880,94.828225,0.465316
6880,6881,94.842008,0.420295
6881,6882,94.855791,0.473485
6882,6883,94.869574,0.422149
6883,6884,94.883357,0.527781
6884,6885,94.897141,0.451567
6885,6886,94.910924,0.496066
6886,6887,94.924707,0.394554
6887,6888,94.938490,0.420696
6888,6889,94.952273,0.493261
6889,6890,94.966056,0.445773
6890,6891,94.979840,0.444730
6891,6892,94.993623,0.390597
6892,6893,95.007406,0.386421
6893,6894,95.021189,0.438026
6894,6895,95.034972,0.511707
6895,6896,95.048755,0.485370
6896,6897,95.062539,0.439582
6897,6898,95.076322,0.465623
6898,6899,95.090105,0.419693
6899,6900,95.103888,0.436134
6900,6901,95.117671,0.385033
6901,6902,95.131454,0.498363
6902,6903,95.145238,0.506539
6903,6904,95.159021,0.361114
6904,6905,95.172804,0.451265
6905,6906,95.186587,0.427192
6906,6907,95.200370,0.431617
6907,6908,95.214153,0.463008
6908,6909,95.227937,0.365945
6909,6910,95.241720,0.441438
6910,6911,95.255503,0.496876
6911,6912,95.269286,0.461565
6912,6913,95.283069,0.478122
6913,6914,95.296852,0.462563
6914,6915,95.310636,0.459217
6915,6916,95.324419,0.412885
6916,6917,95.338202,0.438655
6917,6918,95.351985,0.444634
6918,6919,95.365768,0.439024
6919,6920,95.379552,0.479370
6920,6921,95.393335,0.469190
6921,6922,95.407118,0.488476
6922,6923,95.420901,0.505624
6923,6924,95.434684,0.449950
6924,6925,95.448467,0.472697
6925,6926,95.462251,0.413035
6926,6927,95.476034,0.434553
6927,6928,95.489817,0.516507
6928,6929,95.503600,0.442809
6929,6930,95.517383,0.547087
6930,6931,95.531166,0.431329
6931,6932,95.544950,0.449967
6932,6933,95.558733,0.462408
6933,6934,95.572516,0.429148
6934,6935,95.586299,0.436750
6935,6936,95.600082,0.528148
6936,6937,95.613865,0.474601
6937,6938,95.627649,0.426185
6938,6939,95.641432,0.496344
6939,6940,95.655215,0.435868
6940,6941,95.668998,0.497425
6941,6942,95.682781,0.382652
6942,6943,95.696564,0.470054
6943,6944,95.710348,0.431231
6944,6945,95.724131,0.456029
6945,6946,95.737914,0.438181
6946,6947,95.751697,0.401060
6947,6948,95.765480,0.438452
6948,6949,95.779264,0.413545
6949,6950,95.793047,0.447055
6950,6951,95.806830,0.489334
6951,6952,95.820613,0.491513
6952,6953,95.834396,0.423014
6953,6954,95.848179,0.514550
6954,6955,95.861963,0.467591
6955,6956,95.875746,0.372832
6956,6957,95.889529,0.445104
6957,6958,95.903312,0.436334
6958,6959,95.917095,0.465032
6959,6960,95.930878,0.424324
6960,6961,95.944662,0.414831
6961,6962,95.958445,0.555013
6962,6963,95.972228,0.485923
6963,6964,95.986011,0.481902
6964,6965,95.999794,0.485472
6965,6966,96.013577,0.489584
6966,6967,96.027361,0.449645
6967,6968,96.041144,0.521490
6968,6969,96.054927,0.488158
6969,6970,96.068710,0.485222
6970,6971,96.082493,0.425466
6971,6972,96.096276,0.470455
6972,6973,96.110060,0.446277
6973,6974,96.123843,0.438206
6974,6975,96.137626,0.497898
6975,6976,96.151409,0.518212
6976,6977,96.165192,0.507755
6977,6978,96.178976,0.384673
6978,6979,96.192759,0.452159
6979,6980,96.206542,0.409202
6980,6981,96.220325,0.442408
6981,6982,96.234108,0.452729
6982,6983,96.247891,0.431790
6983,6984,96.261675,0.460992
6984,6985,96.275458,0.498903
6985,6986,96.289241,0.504112
6986,6987,96.303024,0.421120
6987,6988,96.316807,0.410875
6988,6989,96.330590,0.453007
6989,6990,96.344374,0.467465
6990,6991,96.358157,0.418944
6991,6992,96.371940,0.511633
6992,6993,96.385723,0.454738
6993,6994,96.399506,0.480110
6994,6995,96.413289,0.464057
6995,6996,96.427073,0.526452
6996,6997,96.440856,0.418425
6997,6998,96.454639,0.479900
6998,6999,96.468422,0.483407
6999,7000,96.482205,0.430246
7000,7001,96.495988,0.428732
7001,7002,96.509772,0.515469
7002,7003,96.523555,0.437754
7003,7004,96.537338,0.417306
7004,7005,96.551121,0.512976
7005,7006,96.564904,0.367821
7006,7007,96.578688,0.397681
7007,7008,96.592471,0.422779
7008,7009,96.606254,0.392636
7009,7010,96.620037,0.470005
7010,7011,96.633820,0.488371
7011,7012,96.647603,0.453452
7012,7013,96.661387,0.507396
7013,7014,96.675170,0.453221
7014,7015,96.688953,0.403237
7015,7016,96.702736,0.451983
7016,7017,96.716519,0.555148
7017,7018,96.730302,0.465843
7018,7019,96.744086,0.438908
7019,7020,96.757869,0.445452
7020,7021,96.771652,0.462993
7021,7022,96.785435,0.444083
7022,7023,96.799218,0.490495
7023,7024,96.813001,0.364336
7024,7025,96.826785,0.438597
7025,7026,96.840568,0.474197
7026,7027,96.854351,0.499482
7027,7028,96.868134,0.472099
7028,7029,96.881917,0.423912
7029,7030,96.895700,0.498048
7030,7031,96.909484,0.436509
7031,7032,96.923267,0.377094
7032,7033,96.937050,0.446287
7033,7034,96.950833,0.392047
7034,7035,96.964616,0.471102
7035,7036,96.978400,0.490512
7036,7037,96.992183,0.398678
7037,7038,97.005966,0.420042
7038,7039,97.019749,0.426142
7039,7040,97.033532,0.495476
7040,7041,97.047315,0.405868
7041,7042,97.061099,0.412579
7042,7043,97.074882,0.447972
7043,7044,97.088665,0.476896
7044,7045,97.102448,0.431955
7045,7046,97.116231,0.384013
7046,7047,97.130014,0.483537
7047,7048,97.143798,0.462911
7048,7049,97.157581,0.418640
7049,7050,97.171364,0.490554
7050,7051,97.185147,0.405605
7051,7052,97.198930,0.422634
7052,7053,97.212713,0.419117
7053,7054,97.226497,0.463662
7054,7055,97.240280,0.490884
7055,7056,97.254063,0.444968
7056,7057,97.267846,0.430610
7057,7058,97.281629,0.410849
7058,7059,97.295412,0.477331
7059,7060,97.309196,0.392431
7060,7061,97.322979,0.443999
7061,7062,97.336762,0.458504
7062,7063,97.350545,0.428208
7063,7064,97.364328,0.426412
7064,7065,97.378111,0.416033
7065,7066,97.391895,0.417455
7066,7067,97.405678,0.543179
7067,7068,97.419461,0.478582
7068,7069,97.433244,0.470771
7069,7070,97.447027,0.425895
7070,7071,97.460811,0.443643
7071,7072,97.474594,0.446104
7072,7073,97.488377,0.517935
7073,7074,97.502160,0.443907
7074,7075,97.515943,0.412502
7075,7076,97.529726,0.451294
7076,7077,97.543510,0.434996
7077,7078,97.557293,0.496262
7078,7079,97.571076,0.444504
7079,7080,97.584859,0.495141
7080,7081,97.598642,0.401844
7081,7082,97.612425,0.466947
7082,7083,97.626209,0.445316
7083,7084,97.639992,0.458770
7084,7085,97.653775,0.394778
7085,7086,97.667558,0.497508
7086,7087,97.681341,0.409166
7087,7088,97.695124,0.507374
7088,7089,97.708908,0.402226
7089,7090,97.722691,0.486222
7090,7091,97.736474,0.407424
7091,7092,97.750257,0.380559
7092,7093,97.764040,0.442154
7093,7094,97.777823,0.411871
7094,7095,97.791607,0.503906
7095,7096,97.805390,0.406726
7096,7097,97.819173,0.389660
7097,7098,97.832956,0.346697
7098,7099,97.846739,0.377181
7099,7100,97.860523,0.431882
7100,7101,97.874306,0.479452
7101,7102,97.888089,0.452774
7102,7103,97.901872,0.467634
7103,7104,97.915655,0.428730
7104,7105,97.929438,0.425006
7105,7106,97.943222,0.434051
7106,7107,97.957005,0.430846
7107,7108,97.970788,0.445585
7108,7109,97.984571,0.449900
7109,7110,97.998354,0.448679
7110,7111,98.012137,0.484971
7111,7112,98.025921,0.409468
7112,7113,98.039704,0.465557
7113,7114,98.053487,0.422206
7114,7115,98.067270,0.473610
7115,7116,98.081053,0.550237
7116,7117,98.094836,0.443281
7117,7118,98.108620,0.439051
7118,7119,98.122403,0.398517
7119,7120,98.136186,0.423481
7120,7121,98.149969,0.363860
7121,7122,98.163752,0.479509
7122,7123,98.177535,0.522647
7123,7124,98.191319,0.409069
7124,7125,98.205102,0.455795
7125,7126,98.218885,0.457021
7126,7127,98.232668,0.426672
7127,7128,98.246451,0.464372
7128,7129,98.260235,0.449693
7129,7130,98.274018,0.543135
7130,7131,98.287801,0.454586
7131,7132,98.301584,0.526298
7132,7133,98.315367,0.378117
7133,7134,98.329150,0.475802
7134,7135,98.342934,0.448143
7135,7136,98.356717,0.440720
7136,7137,98.370500,0.425006
7137,7138,98.384283,0.424910
7138,7139,98.398066,0.466090
7139,7140,98.411849,0.421701
7140,7141,98.425633,0.423102
7141,7142,98.439416,0.449792
7142,7143,98.453199,0.471457
7143,7144,98.466982,0.542233
7144,7145,98.480765,0.536275
7145,7146,98.494548,0.397904
7146,7147,98.508332,0.396024
7147,7148,98.522115,0.464287
7148,7149,98.535898,0.442674
7149,7150,98.549681,0.457547
7150,7151,98.563464,0.366703
7151,7152,98.577247,0.426645
7152,7153,98.591031,0.405134
7153,7154,98.604814,0.453155
7154,7155,98.618597,0.475448
7155,7156,98.632380,0.535060
7156,7157,98.646163,0.454139
7157,7158,98.659947,0.409171
7158,7159,98.673730,0.490847
7159,7160,98.687513,0.467672
7160,7161,98.701296,0.446831
7161,7162,98.715079,0.401888
7162,7163,98.728862,0.437835
7163,7164,98.742646,0.443551
7164,7165,98.756429,0.384362
7165,7166,98.770212,0.398867
7166,7167,98.783995,0.393802
7167,7168,98.797778,0.419488
7168,7169,98.811561,0.430614
7169,7170,98.825345,0.487375
7170,7171,98.839128,0.419654
7171,7172,98.852911,0.417718
7172,7173,98.866694,0.522006
7173,7174,98.880477,0.439545
7174,7175,98.894260,0.368725
7175,7176,98.908044,0.501238
7176,7177,98.921827,0.449306
7177,7178,98.935610,0.453997
7178,7179,98.949393,0.376394
7179,7180,98.963176,0.391630
7180,7181,98.976959,0.456204
7181,7182,98.990743,0.455465
7182,7183,99.004526,0.459462
7183,7184,99.018309,0.434711
7184,7185,99.032092,0.407327
7185,7186,99.045875,0.463135
7186,7187,99.059659,0.428386
7187,7188,99.073442,0.430925
7188,7189,99.087225,0.385793
7189,7190,99.101008,0.453369
7190,7191,99.114791,0.442781
7191,7192,99.128574,0.496586
7192,7193,99.142358,0.478212
7193,7194,99.156141,0.401911
7194,7195,99.169924,0.350098
7195,7196,99.183707,0.416546
7196,7197,99.197490,0.497707
7197,7198,99.211273,0.403672
7198,7199,99.225057,0.415840
7199,7200,99.238840,0.432195
7200,7201,99.252623,0.498453
7201,7202,99.266406,0.423702
7202,7203,99.280189,0.480197
7203,7204,99.293972,0.521207
7204,7205,99.307756,0.432614
7205,7206,99.321539,0.336538
7206,7207,99.335322,0.502576
7207,7208,99.349105,0.422264
7208,7209,99.362888,0.451089
7209,7210,99.376671,0.415583
7210,7211,99.390455,0.385877
7211,7212,99.404238,0.429814
7212,7213,99.418021,0.454434
7213,7214,99.431804,0.387750
7214,7215,99.445587,0.469429
7215,7216,99.459370,0.403335
7216,7217,99.473154,0.387191
7217,7218,99.486937,0.468840
7218,7219,99.500720,0.484325
7219,7220,99.514503,0.494804
7220,7221,99.528286,0.513947
7221,7222,99.542070,0.401040
7222,7223,99.555853,0.426535
7223,7224,99.569636,0.432788
7224,7225,99.583419,0.442945
7225,7226,99.597202,0.412426
7226,7227,99.610985,0.454926
7227,7228,99.624769,0.403622
7228,7229,99.638552,0.474995
7229,7230,99.652335,0.461135
7230,7231,99.666118,0.482209
7231,7232,99.679901,0.460706
7232,7233,99.693684,0.463519
7233,7234,99.707468,0.430460
7234,7235,99.721251,0.431272
7235,7236,99.735034,0.418545
7236,7237,99.748817,0.468139
7237,7238,99.762600,0.480179
7238,7239,99.776383,0.518383
7239,7240,99.790167,0.400072
7240,7241,99.803950,0.464652
7241,7242,99.817733,0.447373
7242,7243,99.831516,0.466891
7243,7244,99.845299,0.389646
7244,7245,99.859082,0.424724
7245,7246,99.872866,0.464082
7246,7247,99.886649,0.463538
7247,7248,99.900432,0.492114
7248,7249,99.914215,0.487090
7249,7250,99.927998,0.395251
7250,7251,99.941782,0.485238
7251,7252,99.955565,0.411326
7252,7253,99.969348,0.473398
7253,7254,99.983131,0.449129
7254,7255,99.996914,0.463643
7255,7256,100.010697,0.450940
7256,7257,100.024481,0.389616
7257,7258,100.038264,0.388205
7258,7259,100.052047,0.456173
7259,7260,100.065830,0.417223
7260,7261,100.079613,0.565195
7261,7262,100.093396,0.410560
7262,7263,100.107180,0.467685
7263,7264,100.120963,0.433440
7264,7265,100.134746,0.427792
7265,7266,100.148529,0.473280
7266,7267,100.162312,0.426278
7267,7268,100.176095,0.529246
7268,7269,100.189879,0.418404
7269,7270,100.203662,0.441891
7270,7271,100.217445,0.529258
7271,7272,100.231228,0.466466
7272,7273,100.245011,0.417658
7273,7274,100.258794,0.381661
7274,7275,100.272578,0.402568
7275,7276,100.286361,0.501082
7276,7277,100.300144,0.456561
7277,7278,100.313927,0.433087
7278,7279,100.327710,0.460420
7279,7280,100.341494,0.371455
7280,7281,100.355277,0.442992
7281,7282,100.369060,0.445734
7282,7283,100.382843,0.331593
7283,7284,100.396626,0.341041
7284,7285,100.410409,0.500526
7285,7286,100.424193,0.470423
7286,7287,100.437976,0.376504
7287,7288,100.451759,0.494446
7288,7289,100.465542,0.526211
7289,7290,100.479325,0.430683
7290,7291,100.493108,0.422941
7291,7292,100.506892,0.324957
7292,7293,100.520675,0.364490
7293,7294,100.534458,0.433258
7294,7295,100.548241,0.476116
7295,7296,100.562024,0.415070
7296,7297,100.575807,0.464530
7297,7298,100.589591,0.368480
7298,7299,100.603374,0.512177
7299,7300,100.617157,0.514126
7300,7301,100.630940,0.443017
7301,7302,100.644723,0.384703
7302,7303,100.658506,0.458041
7303,7304,100.672290,0.383434
7304,7305,100.686073,0.436133
7305,7306,100.699856,0.446971
7306,7307,100.713639,0.461011
7307,7308,100.727422,0.425606
7308,7309,100.741206,0.463178
7309,7310,100.754989,0.386772
7310,7311,100.768772,0.427983
7311,7312,100.782555,0.459959
7312,7313,100.796338,0.498379
7313,7314,100.810121,0.426859
7314,7315,100.823905,0.370952
7315,7316,100.837688,0.437492
7316,7317,100.851471,0.489084
7317,7318,100.865254,0.527620
7318,7319,100.879037,0.394224
7319,7320,100.892820,0.443043
7320,7321,100.906604,0.514817
7321,7322,100.920387,0.556637
7322,7323,100.934170,0.479871
7323,7324,100.947953,0.472350
7324,7325,100.961736,0.455811
7325,7326,100.975519,0.505970
7326,7327,100.989303,0.479200
7327,7328,101.003086,0.480144
7328,7329,101.016869,0.489408
7329,7330,101.030652,0.434528
7330,7331,101.044435,0.468200
7331,7332,101.058218,0.382713
7332,7333,101.072002,0.320493
7333,7334,101.085785,0.422432
7334,7335,101.099568,0.429382
7335,7336,101.113351,0.467092
7336,7337,101.127134,0.404132
7337,7338,101.140918,0.504927
7338,7339,101.154701,0.408876
7339,7340,101.168484,0.419220
7340,7341,101.182267,0.520833
7341,7342,101.196050,0.465387
7342,7343,101.209833,0.390279
7343,7344,101.223617,0.405288
7344,7345,101.237400,0.493692
7345,7346,101.251183,0.488538
7346,7347,101.264966,0.446866
7347,7348,101.278749,0.407031
7348,7349,101.292532,0.471513
7349,7350,101.306316,0.418471
7350,7351,101.320099,0.450484
7351,7352,101.333882,0.531025
7352,7353,101.347665,0.471543
7353,7354,101.361448,0.445953
7354,7355,101.375231,0.385241
7355,7356,101.389015,0.424787
7356,7357,101.402798,0.408289
7357,7358,101.416581,0.393451
7358,7359,101.430364,0.415782
7359,7360,101.444147,0.447046
7360,7361,101.457930,0.488421
7361,7362,101.471714,0.460724
7362,7363,101.485497,0.506112
7363,7364,101.499280,0.451246
7364,7365,101.513063,0.447172
7365,7366,101.526846,0.463902
7366,7367,101.540630,0.371783
7367,7368,101.554413,0.438002
7368,7369,101.568196,0.389458
7369,7370,101.581979,0.421459
7370,7371,101.595762,0.434168
7371,7372,101.609545,0.495131
7372,7373,101.623329,0.423627
7373,7374,101.637112,0.493584
7374,7375,101.650895,0.432022
7375,7376,101.664678,0.464021
7376,7377,101.678461,0.421920
7377,7378,101.692244,0.452213
7378,7379,101.706028,0.417204
7379,7380,101.719811,0.484746
7380,7381,101.733594,0.403952
7381,7382,101.747377,0.434042
7382,7383,101.761160,0.403266
7383,7384,101.774943,0.413422
7384,7385,101.788727,0.460836
7385,7386,101.802510,0.504454
7386,7387,101.816293,0.499892
7387,7388,101.830076,0.453618
7388,7389,101.843859,0.458366
7389,7390,101.857642,0.491575
7390,7391,101.871426,0.471377
7391,7392,101.885209,0.420507
7392,7393,101.898992,0.450144
7393,7394,101.912775,0.472749
7394,7395,101.926558,0.405763
7395,7396,101.940341,0.493111
7396,7397,101.954125,0.465141
7397,7398,101.967908,0.473857
7398,7399,101.981691,0.501496
7399,7400,101.995474,0.443168
7400,7401,102.009257,0.404507
7401,7402,102.023041,0.466974
7402,7403,102.036824,0.539981
7403,7404,102.050607,0.513833
7404,7405,102.064390,0.486067
7405,7406,102.078173,0.443499
7406,7407,102.091956,0.498658
7407,7408,102.105740,0.467395
7408,7409,102.119523,0.505203
7409,7410,102.133306,0.364845
7410,7411,102.147089,0.379849
7411,7412,102.160872,0.363631
7412,7413,102.174655,0.459161
7413,7414,102.188439,0.420483
7414,7415,102.202222,0.464964
7415,7416,102.216005,0.386341
7416,7417,102.229788,0.449045
7417,7418,102.243571,0.490626
7418,7419,102.257354,0.468248
7419,7420,102.271138,0.532182
7420,7421,102.284921,0.465250
7421,7422,102.298704,0.485609
7422,7423,102.312487,0.447559
7423,7424,102.326270,0.410858
7424,7425,102.340053,0.456557
7425,7426,102.353837,0.439548
7426,7427,102.367620,0.412364
7427,7428,102.381403,0.516416
7428,7429,102.395186,0.423748
7429,7430,102.408969,0.384010
7430,7431,102.422753,0.437160
7431,7432,102.436536,0.451092
7432,7433,102.450319,0.440300
7433,7434,102.464102,0.423173
7434,7435,102.477885,0.418898
7435,7436,102.491668,0.352121
7436,7437,102.505452,0.542758
7437,7438,102.519235,0.442795
7438,7439,102.533018,0.435725
7439,7440,102.546801,0.444694
7440,7441,102.560584,0.479181
7441,7442,102.574367,0.404928
7442,7443,102.588151,0.388904
7443,7444,102.601934,0.489223
7444,7445,102.615717,0.442542
7445,7446,102.629500,0.453235
7446,7447,102.643283,0.451754
7447,7448,102.657066,0.558521
7448,7449,102.670850,0.470612
7449,7450,102.684633,0.491795
7450,7451,102.698416,0.405676
7451,7452,102.712199,0.439440
7452,7453,102.725982,0.460113
7453,7454,102.739765,0.439515
7454,7455,102.753549,0.454585
7455,7456,102.767332,0.518542
7456,7457,102.781115,0.453114
7457,7458,102.794898,0.369221
7458,7459,102.808681,0.496930
7459,7460,102.822465,0.471912
7460,7461,102.836248,0.389218
7461,7462,102.850031,0.410988
7462,7463,102.863814,0.424287
7463,7464,102.877597,0.511799
7464,7465,102.891380,0.446600
7465,7466,102.905164,0.414468
7466,7467,102.918947,0.397607
7467,7468,102.932730,0.505986
7468,7469,102.946513,0.457957
7469,7470,102.960296,0.387367
7470,7471,102.974079,0.464593
7471,7472,102.987863,0.425561
7472,7473,103.001646,0.474598
7473,7474,103.015429,0.481290
7474,7475,103.029212,0.412255
7475,7476,103.042995,0.447148
7476,7477,103.056778,0.435711
7477,7478,103.070562,0.466921
7478,7479,103.084345,0.470206
7479,7480,103.098128,0.467024
7480,7481,103.111911,0.455504
7481,7482,103.125694,0.464329
7482,7483,103.139477,0.479922
7483,7484,103.153261,0.346460
7484,7485,103.167044,0.426221
7485,7486,103.180827,0.424554
7486,7487,103.194610,0.416759
7487,7488,103.208393,0.433952
7488,7489,103.222177,0.369376
7489,7490,103.235960,0.388266
7490,7491,103.249743,0.381658
7491,7492,103.263526,0.454809
7492,7493,103.277309,0.455668
7493,7494,103.291092,0.447277
7494,7495,103.304876,0.402363
7495,7496,103.318659,0.381106
7496,7497,103.332442,0.457735
7497,7498,103.346225,0.446072
7498,7499,103.360008,0.458250
7499,7500,103.373791,0.420083
7500,7501,103.387575,0.381753
7501,7502,103.401358,0.447214
7502,7503,103.415141,0.348862
7503,7504,103.428924,0.395068
7504,7505,103.442707,0.469709
7505,7506,103.456490,0.439371
7506,7507,103.470274,0.439316
7507,7508,103.484057,0.442611
7508,7509,103.497840,0.436412
7509,7510,103.511623,0.409779
7510,7511,103.525406,0.493889
7511,7512,103.539189,0.423211
7512,7513,103.552973,0.427476
7513,7514,103.566756,0.355181
7514,7515,103.580539,0.498072
7515,7516,103.594322,0.507867
7516,7517,103.608105,0.462014
7517,7518,103.621889,0.402215
7518,7519,103.635672,0.427019
7519,7520,103.649455,0.485214
7520,7521,103.663238,0.451741
7521,7522,103.677021,0.408853
7522,7523,103.690804,0.360713
7523,7524,103.704588,0.419861
7524,7525,103.718371,0.463702
7525,7526,103.732154,0.445666
7526,7527,103.745937,0.419102
7527,7528,103.759720,0.456914
7528,7529,103.773503,0.446937
7529,7530,103.787287,0.494449
7530,7531,103.801070,0.415444
7531,7532,103.814853,0.464680
7532,7533,103.828636,0.396814
7533,7534,103.842419,0.392890
7534,7535,103.856202,0.506679
7535,7536,103.869986,0.474004
7536,7537,103.883769,0.399628
7537,7538,103.897552,0.455989
7538,7539,103.911335,0.387439
7539,7540,103.925118,0.386746
7540,7541,103.938901,0.437035
7541,7542,103.952685,0.481456
7542,7543,103.966468,0.457092
7543,7544,103.980251,0.360102
7544,7545,103.994034,0.427818
7545,7546,104.007817,0.509845
7546,7547,104.021600,0.448724
7547,7548,104.035384,0.508247
7548,7549,104.049167,0.388118
7549,7550,104.062950,0.424657
7550,7551,104.076733,0.446895
7551,7552,104.090516,0.444924
7552,7553,104.104300,0.437171
7553,7554,104.118083,0.384845
7554,7555,104.131866,0.366322
7555,7556,104.145649,0.463310
7556,7557,104.159432,0.393878
7557,7558,104.173215,0.397438
7558,7559,104.186999,0.467743
7559,7560,104.200782,0.418178
7560,7561,104.214565,0.400124
7561,7562,104.228348,0.366106
7562,7563,104.242131,0.398626
7563,7564,104.255914,0.475897
7564,7565,104.269698,0.404126
7565,7566,104.283481,0.452270
7566,7567,104.297264,0.421757
7567,7568,104.311047,0.390958
7568,7569,104.324830,0.432014
7569,7570,104.338613,0.467517
7570,7571,104.352397,0.397356
7571,7572,104.366180,0.461127
7572,7573,104.379963,0.469514
7573,7574,104.393746,0.393146
7574,7575,104.407529,0.379423
7575,7576,104.421312,0.446826
7576,7577,104.435096,0.494688
7577,7578,104.448879,0.495092
7578,7579,104.462662,0.453633
7579,7580,104.476445,0.375224
7580,7581,104.490228,0.346045
7581,7582,104.504012,0.473682
7582,7583,104.517795,0.432354
7583,7584,104.531578,0.429993
7584,7585,104.545361,0.442113
7585,7586,104.559144,0.453159
7586,7587,104.572927,0.405406
7587,7588,104.586711,0.389748
7588,7589,104.600494,0.463645
7589,7590,104.614277,0.441547
7590,7591,104.628060,0.392835
7591,7592,104.641843,0.429077
7592,7593,104.655626,0.413652
7593,7594,104.669410,0.415673
7594,7595,104.683193,0.388490
7595,7596,104.696976,0.458194
7596,7597,104.710759,0.497550
7597,7598,104.724542,0.468702
7598,7599,104.738325,0.530746
7599,7600,104.752109,0.376458
7600,7601,104.765892,0.426093
7601,7602,104.779675,0.400645
7602,7603,104.793458,0.404433
7603,7604,104.807241,0.430680
7604,7605,104.821024,0.428012
7605,7606,104.834808,0.482603
7606,7607,104.848591,0.414511
7607,7608,104.862374,0.473206
7608,7609,104.876157,0.366673
7609,7610,104.889940,0.397671
7610,7611,104.903724,0.365017
7611,7612,104.917507,0.416598
7612,7613,104.931290,0.453018
7613,7614,104.945073,0.439353
7614,7615,104.958856,0.444977
7615,7616,104.972639,0.450948
7616,7617,104.986423,0.402922
7617,7618,105.000206,0.423830
7618,7619,105.013989,0.428491
7619,7620,105.027772,0.405318
7620,7621,105.041555,0.452259
7621,7622,105.055338,0.485678
7622,7623,105.069122,0.363095
7623,7624,105.082905,0.459414
7624,7625,105.096688,0.470243
7625,7626,105.110471,0.468802
7626,7627,105.124254,0.473303
7627,7628,105.138037,0.396851
7628,7629,105.151821,0.471860
7629,7630,105.165604,0.442068
7630,7631,105.179387,0.429721
7631,7632,105.193170,0.375691
7632,7633,105.206953,0.440417
7633,7634,105.220736,0.421412
7634,7635,105.234520,0.454213
7635,7636,105.248303,0.432476
7636,7637,105.262086,0.544696
7637,7638,105.275869,0.404058
7638,7639,105.289652,0.413866
7639,7640,105.303436,0.472501
7640,7641,105.317219,0.377063
7641,7642,105.331002,0.413239
7642,7643,105.344785,0.409548
7643,7644,105.358568,0.400376
7644,7645,105.372351,0.441004
7645,7646,105.386135,0.454080
7646,7647,105.399918,0.476170
7647,7648,105.413701,0.481937
7648,7649,105.427484,0.421364
7649,7650,105.441267,0.465083
7650,7651,105.455050,0.471153
7651,7652,105.468834,0.399439
7652,7653,105.482617,0.495533
7653,7654,105.496400,0.399875
7654,7655,105.510183,0.436614
7655,7656,105.523966,0.511411
7656,7657,105.537749,0.423793
7657,7658,105.551533,0.449496
7658,7659,105.565316,0.483597
7659,7660,105.579099,0.421508
7660,7661,105.592882,0.461785
7661,7662,105.606665,0.447533
7662,7663,105.620448,0.515478
7663,7664,105.634232,0.447635
7664,7665,105.648015,0.467807
7665,7666,105.661798,0.484113
7666,7667,105.675581,0.472940
7667,7668,105.689364,0.467069
7668,7669,105.703148,0.431992
7669,7670,105.716931,0.484617
7670,7671,105.730714,0.432807
7671,7672,105.744497,0.421459
7672,7673,105.758280,0.392178
7673,7674,105.772063,0.407941
7674,7675,105.785847,0.420254
7675,7676,105.799630,0.396307
7676,7677,105.813413,0.405360
7677,7678,105.827196,0.467352
7678,7679,105.840979,0.396652
7679,7680,105.854762,0.402622
7680,7681,105.868546,0.435106
7681,7682,105.882329,0.410996
7682,7683,105.896112,0.488314
7683,7684,105.909895,0.436490
7684,7685,105.923678,0.393144
7685,7686,105.937461,0.465072
7686,7687,105.951245,0.482515
7687,7688,105.965028,0.434687
7688,7689,105.978811,0.399312
7689,7690,105.992594,0.456157
7690,7691,106.006377,0.473900
7691,7692,106.020160,0.458566
7692,7693,106.033944,0.485819
7693,7694,106.047727,0.394218
7694,7695,106.061510,0.433580
7695,7696,106.075293,0.432177
7696,7697,106.089076,0.452043
7697,7698,106.102859,0.433322
7698,7699,106.116643,0.522662
7699,7700,106.130426,0.414762
7700,7701,106.144209,0.386322
7701,7702,106.157992,0.488098
7702,7703,106.171775,0.421414
7703,7704,106.185559,0.411437
7704,7705,106.199342,0.476744
7705,7706,106.213125,0.454209
7706,7707,106.226908,0.455143
7707,7708,106.240691,0.491613
7708,7709,106.254474,0.323146
7709,7710,106.268258,0.485791
7710,7711,106.282041,0.424599
7711,7712,106.295824,0.430053
7712,7713,106.309607,0.445352
7713,7714,106.323390,0.431942
7714,7715,106.337173,0.470646
7715,7716,106.350957,0.490567
7716,7717,106.364740,0.472501
7717,7718,106.378523,0.442558
7718,7719,106.392306,0.430876
7719,7720,106.406089,0.441490
7720,7721,106.419872,0.445913
7721,7722,106.433656,0.485495
7722,7723,106.447439,0.453140
7723,7724,106.461222,0.480109
7724,7725,106.475005,0.439174
7725,7726,106.488788,0.431847
7726,7727,106.502571,0.400397
7727,7728,106.516355,0.458685
7728,7729,106.530138,0.366320
7729,7730,106.543921,0.398973
7730,7731,106.557704,0.477492
7731,7732,106.571487,0.370432
7732,7733,106.585271,0.531145
7733,7734,106.599054,0.432149
7734,7735,106.612837,0.406509
7735,7736,106.626620,0.439518
7736,7737,106.640403,0.424783
7737,7738,106.654186,0.516495
7738,7739,106.667970,0.471465
7739,7740,106.681753,0.453112
7740,7741,106.695536,0.448436
7741,7742,106.709319,0.463424
7742,7743,106.723102,0.427200
7743,7744,106.736885,0.413845
7744,7745,106.750669,0.448198
7745,7746,106.764452,0.449402
7746,7747,106.778235,0.420753
7747,7748,106.792018,0.478996
7748,7749,106.805801,0.411994
7749,7750,106.819584,0.373705
7750,7751,106.833368,0.390806
7751,7752,106.847151,0.440351
7752,7753,106.860934,0.459684
7753,7754,106.874717,0.502848
7754,7755,106.888500,0.428246
7755,7756,106.902283,0.420215
7756,7757,106.916067,0.419384
7757,7758,106.929850,0.462566
7758,7759,106.943633,0.453970
7759,7760,106.957416,0.450300
7760,7761,106.971199,0.487663
7761,7762,106.984983,0.343366
7762,7763,106.998766,0.454847
7763,7764,107.012549,0.470442
7764,7765,107.026332,0.507982
7765,7766,107.040115,0.432928
7766,7767,107.053898,0.388247
7767,7768,107.067682,0.437456
7768,7769,107.081465,0.445553
7769,7770,107.095248,0.415050
7770,7771,107.109031,0.507902
7771,7772,107.122814,0.481323
7772,7773,107.136597,0.434338
7773,7774,107.150381,0.507356
7774,7775,107.164164,0.480595
7775,7776,107.177947,0.437065
7776,7777,107.191730,0.432479
7777,7778,107.205513,0.477624
7778,7779,107.219296,0.488222
7779,7780,107.233080,0.417866
7780,7781,107.246863,0.468921
7781,7782,107.260646,0.392969
7782,7783,107.274429,0.506818
7783,7784,107.288212,0.466189
7784,7785,107.301995,0.431930
7785,7786,107.315779,0.491145
7786,7787,107.329562,0.437549
7787,7788,107.343345,0.395857
7788,7789,107.357128,0.358906
7789,7790,107.370911,0.393749
7790,7791,107.384695,0.391158
7791,7792,107.398478,0.426212
7792,7793,107.412261,0.407436
7793,7794,107.426044,0.376561
7794,7795,107.439827,0.503337
7795,7796,107.453610,0.443341
7796,7797,107.467394,0.399603
7797,7798,107.481177,0.434226
7798,7799,107.494960,0.494444
7799,7800,107.508743,0.521444
7800,7801,107.522526,0.372601
7801,7802,107.536309,0.383288
7802,7803,107.550093,0.399436
7803,7804,107.563876,0.458943
7804,7805,107.577659,0.409634
7805,7806,107.591442,0.395612
7806,7807,107.605225,0.390175
7807,7808,107.619008,0.373778
7808,7809,107.632792,0.397165
7809,7810,107.646575,0.427195
7810,7811,107.660358,0.491445
7811,7812,107.674141,0.448472
7812,7813,107.687924,0.406304
7813,7814,107.701707,0.455639
7814,7815,107.715491,0.448320
7815,7816,107.729274,0.435687
7816,7817,107.743057,0.427025
7817,7818,107.756840,0.498619
7818,7819,107.770623,0.403894
7819,7820,107.784407,0.408689
7820,7821,107.798190,0.477961
7821,7822,107.811973,0.416195
7822,7823,107.825756,0.500131
7823,7824,107.839539,0.466796
7824,7825,107.853322,0.400473
7825,7826,107.867106,0.403826
7826,7827,107.880889,0.414463
7827,7828,107.894672,0.483147
7828,7829,107.908455,0.516981
7829,7830,107.922238,0.423181
7830,7831,107.936021,0.517570
7831,7832,107.949805,0.365601
7832,7833,107.963588,0.503885
7833,7834,107.977371,0.418499
7834,7835,107.991154,0.375383
7835,7836,108.004937,0.415683
7836,7837,108.018720,0.439140
7837,7838,108.032504,0.420021
7838,7839,108.046287,0.488593
7839,7840,108.060070,0.384380
7840,7841,108.073853,0.431280
7841,7842,108.087636,0.460539
7842,7843,108.101419,0.471992
7843,7844,108.115203,0.474243
7844,7845,108.128986,0.425806
7845,7846,108.142769,0.420025
7846,7847,108.156552,0.552488
7847,7848,108.170335,0.462004
7848,7849,108.184118,0.359174
7849,7850,108.197902,0.515053
7850,7851,108.211685,0.451973
7851,7852,108.225468,0.506771
7852,7853,108.239251,0.439171
7853,7854,108.253034,0.452591
7854,7855,108.266818,0.305137
7855,7856,108.280601,0.462613
7856,7857,108.294384,0.488968
7857,7858,108.308167,0.458654
7858,7859,108.321950,0.445076
7859,7860,108.335733,0.421874
7860,7861,108.349517,0.375348
7861,7862,108.363300,0.404294
7862,7863,108.377083,0.432957
7863,7864,108.390866,0.434593
7864,7865,108.404649,0.451505
7865,7866,108.418432,0.382260
7866,7867,108.432216,0.404057
7867,7868,108.445999,0.525201
7868,7869,108.459782,0.453225
7869,7870,108.473565,0.440996
7870,7871,108.487348,0.445804
7871,7872,108.501131,0.417864
7872,7873,108.514915,0.426831
7873,7874,108.528698,0.485070
7874,7875,108.542481,0.438993
7875,7876,108.556264,0.447516
7876,7877,108.570047,0.425068
7877,7878,108.583830,0.407849
7878,7879,108.597614,0.485684
7879,7880,108.611397,0.478732
7880,7881,108.625180,0.399096
7881,7882,108.638963,0.383419
7882,7883,108.652746,0.403938
7883,7884,108.666530,0.389462
7884,7885,108.680313,0.457069
7885,7886,108.694096,0.453064
7886,7887,108.707879,0.451029
7887,7888,108.721662,0.385969
7888,7889,108.735445,0.506870
7889,7890,108.749229,0.476199
7890,7891,108.763012,0.448737
7891,7892,108.776795,0.548217
7892,7893,108.790578,0.495540
7893,7894,108.804361,0.500606
7894,7895,108.818144,0.432259
7895,7896,108.831928,0.404637
7896,7897,108.845711,0.452623
7897,7898,108.859494,0.383748
7898,7899,108.873277,0.428964
7899,7900,108.887060,0.453900
7900,7901,108.900843,0.414305
7901,7902,108.914627,0.413005
7902,7903,108.928410,0.417103
7903,7904,108.942193,0.435112
7904,7905,108.955976,0.435332
7905,7906,108.969759,0.443547
7906,7907,108.983542,0.438632
7907,7908,108.997326,0.381510
7908,7909,109.011109,0.463468
7909,7910,109.024892,0.331075
7910,7911,109.038675,0.457654
7911,7912,109.052458,0.500736
7912,7913,109.066242,0.408364
7913,7914,109.080025,0.455726
7914,7915,109.093808,0.444231
7915,7916,109.107591,0.420182
7916,7917,109.121374,0.483134
7917,7918,109.135157,0.474102
7918,7919,109.148941,0.377719
7919,7920,109.162724,0.434604
7920,7921,109.176507,0.340527
7921,7922,109.190290,0.468428
7922,7923,109.204073,0.426869
7923,7924,109.217856,0.325148
7924,7925,109.231640,0.477667
7925,7926,109.245423,0.431823
7926,7927,109.259206,0.398729
7927,7928,109.272989,0.479855
7928,7929,109.286772,0.471392
7929,7930,109.300555,0.513962
7930,7931,109.314339,0.518873
7931,7932,109.328122,0.429166
7932,7933,109.341905,0.426802
7933,7934,109.355688,0.488767
7934,7935,109.369471,0.483126
7935,7936,109.383254,0.372379
7936,7937,109.397038,0.467195
7937,7938,109.410821,0.418086
7938,7939,109.424604,0.450392
7939,7940,109.438387,0.401155
7940,7941,109.452170,0.478591
7941,7942,109.465954,0.408135
7942,7943,109.479737,0.357099
7943,7944,109.493520,0.413453
7944,7945,109.507303,0.504178
7945,7946,109.521086,0.428395
7946,7947,109.534869,0.425687
7947,7948,109.548653,0.390857
7948,7949,109.562436,0.508576
7949,7950,109.576219,0.503674
7950,7951,109.590002,0.368315
7951,7952,109.603785,0.485018
7952,7953,109.617568,0.451199
7953,7954,109.631352,0.404869
7954,7955,109.645135,0.497903
7955,7956,109.658918,0.503183
7956,7957,109.672701,0.375876
7957,7958,109.686484,0.442174
7958,7959,109.700267,0.425094
7959,7960,109.714051,0.454312
7960,7961,109.727834,0.429550
7961,7962,109.741617,0.484770
7962,7963,109.755400,0.438439
7963,7964,109.769183,0.430985
7964,7965,109.782966,0.458759
7965,7966,109.796750,0.474526
7966,7967,109.810533,0.410019
7967,7968,109.824316,0.376776
7968,7969,109.838099,0.412618
7969,7970,109.851882,0.404836
7970,7971,109.865666,0.511852
7971,7972,109.879449,0.434517
7972,7973,109.893232,0.433578
7973,7974,109.907015,0.393092
7974,7975,109.920798,0.393167
7975,7976,109.934581,0.408678
7976,7977,109.948365,0.456916
7977,7978,109.962148,0.445960
7978,7979,109.975931,0.421673
7979,7980,109.989714,0.425902
7980,7981,110.003497,0.469324
7981,7982,110.017280,0.498910
7982,7983,110.031064,0.420273
7983,7984,110.044847,0.462792
7984,7985,110.058630,0.422376
7985,7986,110.072413,0.411920
7986,7987,110.086196,0.455535
7987,7988,110.099979,0.430021
7988,7989,110.113763,0.494350
7989,7990,110.127546,0.397873
7990,7991,110.141329,0.461351
7991,7992,110.155112,0.438400
7992,7993,110.168895,0.434314
7993,7994,110.182678,0.416555
7994,7995,110.196462,0.387509
7995,7996,110.210245,0.352110
7996,7997,110.224028,0.409223
7997,7998,110.237811,0.400183
7998,7999,110.251594,0.412177
7999,8000,110.265377,0.413038
8000,8001,110.279161,0.444057
8001,8002,110.292944,0.460086
8002,8003,110.306727,0.471511
8003,8004,110.320510,0.457949
8004,8005,110.334293,0.512068
8005,8006,110.348077,0.477437
8006,8007,110.361860,0.438770
8007,8008,110.375643,0.431266
8008,8009,110.389426,0.361654
8009,8010,110.403209,0.511086
8010,8011,110.416992,0.479043
8011,8012,110.430776,0.396828
8012,8013,110.444559,0.481567
8013,8014,110.458342,0.417276
8014,8015,110.472125,0.385436
8015,8016,110.485908,0.382534
8016,8017,110.499691,0.359105
8017,8018,110.513475,0.367384
8018,8019,110.527258,0.493352
8019,8020,110.541041,0.389628
8020,8021,110.554824,0.455899
8021,8022,110.568607,0.477538
8022,8023,110.582390,0.372889
8023,8024,110.596174,0.426143
8024,8025,110.609957,0.459387
8025,8026,110.623740,0.451192
8026,8027,110.637523,0.427687
8027,8028,110.651306,0.388630
8028,8029,110.665089,0.467392
8029,8030,110.678873,0.471198
8030,8031,110.692656,0.500714
8031,8032,110.706439,0.451575
8032,8033,110.720222,0.401722
8033,8034,110.734005,0.456745
8034,8035,110.747789,0.539883
8035,8036,110.761572,0.443594
8036,8037,110.775355,0.515049
8037,8038,110.789138,0.482246
8038,8039,110.802921,0.422745
8039,8040,110.816704,0.473220
8040,8041,110.830488,0.376714
8041,8042,110.844271,0.524671
8042,8043,110.858054,0.442450
8043,8044,110.871837,0.449472
8044,8045,110.885620,0.465885
8045,8046,110.899403,0.428083
8046,8047,110.913187,0.390617
8047,8048,110.926970,0.413020
8048,8049,110.940753,0.435428
8049,8050,110.954536,0.452280
8050,8051,110.968319,0.417131
8051,8052,110.982102,0.478402
8052,8053,110.995886,0.419062
8053,8054,111.009669,0.500364
8054,8055,111.023452,0.401272
8055,8056,111.037235,0.432296
8056,8057,111.051018,0.380443
8057,8058,111.064801,0.419662
8058,8059,111.078585,0.475197
8059,8060,111.092368,0.522190
8060,8061,111.106151,0.399486
8061,8062,111.119934,0.431913
8062,8063,111.133717,0.413142
8063,8064,111.147501,0.464639
8064,8065,111.161284,0.406908
8065,8066,111.175067,0.404710
8066,8067,111.188850,0.401707
8067,8068,111.202633,0.445607
8068,8069,111.216416,0.560547
8069,8070,111.230200,0.491569
8070,8071,111.243983,0.406708
8071,8072,111.257766,0.447139
8072,8073,111.271549,0.493786
8073,8074,111.285332,0.422374
8074,8075,111.299115,0.485973
8075,8076,111.312899,0.417823
8076,8077,111.326682,0.403218
8077,8078,111.340465,0.442798
8078,8079,111.354248,0.437720
8079,8080,111.368031,0.437746
8080,8081,111.381814,0.398008
8081,8082,111.395598,0.415771
8082,8083,111.409381,0.429308
8083,8084,111.423164,0.371688
8084,8085,111.436947,0.339646
8085,8086,111.450730,0.485259
8086,8087,111.464513,0.433941
8087,8088,111.478297,0.467650
8088,8089,111.492080,0.457205
8089,8090,111.505863,0.451815
8090,8091,111.519646,0.416384
8091,8092,111.533429,0.461230
8092,8093,111.547213,0.375481
8093,8094,111.560996,0.426249
8094,8095,111.574779,0.364260
8095,8096,111.588562,0.443389
8096,8097,111.602345,0.424493
8097,8098,111.616128,0.506318
8098,8099,111.629912,0.370967
8099,8100,111.643695,0.438921
8100,8101,111.657478,0.437926
8101,8102,111.671261,0.514899
8102,8103,111.685044,0.395307
8103,8104,111.698827,0.458942
8104,8105,111.712611,0.429984
8105,8106,111.726394,0.402983
8106,8107,111.740177,0.444568
8107,8108,111.753960,0.457732
8108,8109,111.767743,0.362665
8109,8110,111.781526,0.447985
8110,8111,111.795310,0.437060
8111,8112,111.809093,0.438942
8112,8113,111.822876,0.326141
8113,8114,111.836659,0.392063
8114,8115,111.850442,0.354852
8115,8116,111.864225,0.482166
8116,8117,111.878009,0.417426
8117,8118,111.891792,0.439869
8118,8119,111.905575,0.411204
8119,8120,111.919358,0.482192
8120,8121,111.933141,0.406297
8121,8122,111.946925,0.441910
8122,8123,111.960708,0.428388
8123,8124,111.974491,0.397666
8124,8125,111.988274,0.425525
8125,8126,112.002057,0.496697
8126,8127,112.015840,0.339446
8127,8128,112.029624,0.429952
8128,8129,112.043407,0.425508
8129,8130,112.057190,0.475325
8130,8131,112.070973,0.498682
8131,8132,112.084756,0.479211
8132,8133,112.098539,0.376079
8133,8134,112.112323,0.474398
8134,8135,112.126106,0.415923
8135,8136,112.139889,0.500904
8136,8137,112.153672,0.480492
8137,8138,112.167455,0.432362
8138,8139,112.181238,0.410424
8139,8140,112.195022,0.425644
8140,8141,112.208805,0.458379
8141,8142,112.222588,0.439233
8142,8143,112.236371,0.358585
8143,8144,112.250154,0.393820
8144,8145,112.263937,0.415779
8145,8146,112.277721,0.399128
8146,8147,112.291504,0.507708
8147,8148,112.305287,0.349795
8148,8149,112.319070,0.448309
8149,8150,112.332853,0.400619
8150,8151,112.346636,0.466421
8151,8152,112.360420,0.491331
8152,8153,112.374203,0.471570
8153,8154,112.387986,0.406302
8154,8155,112.401769,0.486909
8155,8156,112.415552,0.483202
8156,8157,112.429336,0.373611
8157,8158,112.443119,0.430328
8158,8159,112.456902,0.452631
8159,8160,112.470685,0.438331
8160,8161,112.484468,0.370931
8161,8162,112.498251,0.425774
8162,8163,112.512035,0.443321
8163,8164,112.525818,0.460736
8164,8165,112.539601,0.405333
8165,8166,112.553384,0.506986
8166,8167,112.567167,0.396465
8167,8168,112.580950,0.478013
8168,8169,112.594734,0.462788
8169,8170,112.608517,0.514499
8170,8171,112.622300,0.482974
8171,8172,112.636083,0.406010
8172,8173,112.649866,0.433112
8173,8174,112.663649,0.409114
8174,8175,112.677433,0.457067
8175,8176,112.691216,0.405566
8176,8177,112.704999,0.449304
8177,8178,112.718782,0.406743
8178,8179,112.732565,0.394013
8179,8180,112.746348,0.405903
8180,8181,112.760132,0.423207
8181,8182,112.773915,0.399259
8182,8183,112.787698,0.455726
8183,8184,112.801481,0.427583
8184,8185,112.815264,0.438694
8185,8186,112.829048,0.373147
8186,8187,112.842831,0.485090
8187,8188,112.856614,0.421015
8188,8189,112.870397,0.522671
8189,8190,112.884180,0.418312
8190,8191,112.897963,0.418314
8191,8192,112.911747,0.451387
8192,8193,112.925530,0.404942
8193,8194,112.939313,0.395751
8194,8195,112.953096,0.385550
8195,8196,112.966879,0.458605
8196,8197,112.980662,0.440772
8197,8198,112.994446,0.426957
8198,8199,113.008229,0.381340
8199,8200,113.022012,0.490751
8200,8201,113.035795,0.478035
8201,8202,113.049578,0.370754
8202,8203,113.063361,0.429927
8203,8204,113.077145,0.414542
8204,8205,113.090928,0.348023
8205,8206,113.104711,0.408912
8206,8207,113.118494,0.526842
8207,8208,113.132277,0.452795
8208,8209,113.146060,0.401211
8209,8210,113.159844,0.466093
8210,8211,113.173627,0.507671
8211,8212,113.187410,0.434030
8212,8213,113.201193,0.397313
8213,8214,113.214976,0.456822
8214,8215,113.228760,0.444081
8215,8216,113.242543,0.429369
8216,8217,113.256326,0.518273
8217,8218,113.270109,0.445983
8218,8219,113.283892,0.437409
8219,8220,113.297675,0.449002
8220,8221,113.311459,0.455431
8221,8222,113.325242,0.416000
8222,8223,113.339025,0.415187
8223,8224,113.352808,0.499139
8224,8225,113.366591,0.480132
8225,8226,113.380374,0.427426
8226,8227,113.394158,0.557363
8227,8228,113.407941,0.467959
8228,8229,113.421724,0.488990
8229,8230,113.435507,0.563173
8230,8231,113.449290,0.493452
8231,8232,113.463073,0.447294
8232,8233,113.476857,0.418171
8233,8234,113.490640,0.509066
8234,8235,113.504423,0.433597
8235,8236,113.518206,0.499200
8236,8237,113.531989,0.506732
8237,8238,113.545772,0.445836
8238,8239,113.559556,0.460131
8239,8240,113.573339,0.513281
8240,8241,113.587122,0.490973
8241,8242,113.600905,0.495480
8242,8243,113.614688,0.376398
8243,8244,113.628472,0.433910
8244,8245,113.642255,0.490840
8245,8246,113.656038,0.408131
8246,8247,113.669821,0.449147
8247,8248,113.683604,0.503989
8248,8249,113.697387,0.467145
8249,8250,113.711171,0.464263
8250,8251,113.724954,0.432232
8251,8252,113.738737,0.395372
8252,8253,113.752520,0.522631
8253,8254,113.766303,0.528063
8254,8255,113.780086,0.381430
8255,8256,113.793870,0.475193
8256,8257,113.807653,0.462712
8257,8258,113.821436,0.491526
8258,8259,113.835219,0.481521
8259,8260,113.849002,0.427018
8260,8261,113.862785,0.424618
8261,8262,113.876569,0.397428
8262,8263,113.890352,0.455386
8263,8264,113.904135,0.416865
8264,8265,113.917918,0.464971
8265,8266,113.931701,0.466380
8266,8267,113.945484,0.443249
8267,8268,113.959268,0.488720
8268,8269,113.973051,0.448917
8269,8270,113.986834,0.370657
8270,8271,114.000617,0.459801
8271,8272,114.014400,0.484299
8272,8273,114.028184,0.474142
8273,8274,114.041967,0.447795
8274,8275,114.055750,0.458961
8275,8276,114.069533,0.405787
8276,8277,114.083316,0.442874
8277,8278,114.097099,0.444754
8278,8279,114.110883,0.425861
8279,8280,114.124666,0.516874
8280,8281,114.138449,0.419152
8281,8282,114.152232,0.449987
8282,8283,114.166015,0.475560
8283,8284,114.179798,0.441296
8284,8285,114.193582,0.414718
8285,8286,114.207365,0.419226
8286,8287,114.221148,0.440217
8287,8288,114.234931,0.504789
8288,8289,114.248714,0.467979
8289,8290,114.262497,0.467517
8290,8291,114.276281,0.417676
8291,8292,114.290064,0.401256
8292,8293,114.303847,0.628478
8293,8294,114.317630,0.493029
8294,8295,114.331413,0.481454
8295,8296,114.345196,0.426668
8296,8297,114.358980,0.450026
8297,8298,114.372763,0.402953
8298,8299,114.386546,0.482748
8299,8300,114.400329,0.458439
8300,8301,114.414112,0.521236
8301,8302,114.427895,0.455225
8302,8303,114.441679,0.493950
8303,8304,114.455462,0.474297
8304,8305,114.469245,0.433479
8305,8306,114.483028,0.432115
8306,8307,114.496811,0.552871
8307,8308,114.510595,0.505544
8308,8309,114.524378,0.512425
8309,8310,114.538161,0.414322
8310,8311,114.551944,0.429642
8311,8312,114.565727,0.435516
8312,8313,114.579510,0.455009
8313,8314,114.593294,0.468024
8314,8315,114.607077,0.431169
8315,8316,114.620860,0.455261
8316,8317,114.634643,0.470835
8317,8318,114.648426,0.473610
8318,8319,114.662209,0.513993
8319,8320,114.675993,0.489542
8320,8321,114.689776,0.529546
8321,8322,114.703559,0.474147
8322,8323,114.717342,0.458812
8323,8324,114.731125,0.473505
8324,8325,114.744908,0.597346
8325,8326,114.758692,0.473028
8326,8327,114.772475,0.481521
8327,8328,114.786258,0.458909
8328,8329,114.800041,0.461596
8329,8330,114.813824,0.460310
8330,8331,114.827607,0.393220
8331,8332,114.841391,0.454882
8332,8333,114.855174,0.399374
8333,8334,114.868957,0.448025
8334,8335,114.882740,0.440576
8335,8336,114.896523,0.442094
8336,8337,114.910307,0.473994
8337,8338,114.924090,0.427606
8338,8339,114.937873,0.482222
8339,8340,114.951656,0.431230
8340,8341,114.965439,0.485323
8341,8342,114.979222,0.439083
8342,8343,114.993006,0.509631
8343,8344,115.006789,0.443427
8344,8345,115.020572,0.397463
8345,8346,115.034355,0.393898
8346,8347,115.048138,0.414450
8347,8348,115.061921,0.417673
8348,8349,115.075705,0.407309
8349,8350,115.089488,0.500261
8350,8351,115.103271,0.550562
8351,8352,115.117054,0.516015
8352,8353,115.130837,0.444511
8353,8354,115.144620,0.530550
8354,8355,115.158404,0.405451
8355,8356,115.172187,0.558882
8356,8357,115.185970,0.489155
8357,8358,115.199753,0.438094
8358,8359,115.213536,0.469145
8359,8360,115.227319,0.489312
8360,8361,115.241103,0.452223
8361,8362,115.254886,0.532430
8362,8363,115.268669,0.463939
8363,8364,115.282452,0.506106
8364,8365,115.296235,0.484300
8365,8366,115.310019,0.467665
8366,8367,115.323802,0.413032
8367,8368,115.337585,0.460847
8368,8369,115.351368,0.502071
8369,8370,115.365151,0.442032
8370,8371,115.378934,0.398264
8371,8372,115.392718,0.415153
8372,8373,115.406501,0.467913
8373,8374,115.420284,0.371147
8374,8375,115.434067,0.462753
8375,8376,115.447850,0.394709
8376,8377,115.461633,0.481659
8377,8378,115.475417,0.455023
8378,8379,115.489200,0.462263
8379,8380,115.502983,0.472517
8380,8381,115.516766,0.407579
8381,8382,115.530549,0.476881
8382,8383,115.544332,0.452196
8383,8384,115.558116,0.438861
8384,8385,115.571899,0.417288
8385,8386,115.585682,0.396315
8386,8387,115.599465,0.481986
8387,8388,115.613248,0.480166
8388,8389,115.627031,0.426733
8389,8390,115.640815,0.531260
8390,8391,115.654598,0.429257
8391,8392,115.668381,0.426311
8392,8393,115.682164,0.462908
8393,8394,115.695947,0.370224
8394,8395,115.709731,0.464649
8395,8396,115.723514,0.472426
8396,8397,115.737297,0.414491
8397,8398,115.751080,0.464441
8398,8399,115.764863,0.460399
8399,8400,115.778646,0.430394
8400,8401,115.792430,0.475543
8401,8402,115.806213,0.549939
8402,8403,115.819996,0.407329
8403,8404,115.833779,0.470195
8404,8405,115.847562,0.482447
8405,8406,115.861345,0.443407
8406,8407,115.875129,0.420121
8407,8408,115.888912,0.470785
8408,8409,115.902695,0.457184
8409,8410,115.916478,0.570161
8410,8411,115.930261,0.538187
8411,8412,115.944044,0.476360
8412,8413,115.957828,0.505536
8413,8414,115.971611,0.483187
8414,8415,115.985394,0.437750
8415,8416,115.999177,0.441023
8416,8417,116.012960,0.462265
8417,8418,116.026743,0.468136
8418,8419,116.040527,0.456790
8419,8420,116.054310,0.424181
8420,8421,116.068093,0.416345
8421,8422,116.081876,0.469723
8422,8423,116.095659,0.428439
8423,8424,116.109443,0.383032
8424,8425,116.123226,0.439513
8425,8426,116.137009,0.381368
8426,8427,116.150792,0.524370
8427,8428,116.164575,0.371065
8428,8429,116.178358,0.501046
8429,8430,116.192142,0.465945
8430,8431,116.205925,0.386443
8431,8432,116.219708,0.450837
8432,8433,116.233491,0.532392
8433,8434,116.247274,0.368672
8434,8435,116.261057,0.467301
8435,8436,116.274841,0.466359
8436,8437,116.288624,0.525511
8437,8438,116.302407,0.422590
8438,8439,116.316190,0.447439
8439,8440,116.329973,0.541518
8440,8441,116.343756,0.416746
8441,8442,116.357540,0.499729
8442,8443,116.371323,0.467621
8443,8444,116.385106,0.427799
8444,8445,116.398889,0.505699
8445,8446,116.412672,0.541762
8446,8447,116.426455,0.438752
8447,8448,116.440239,0.488260
8448,8449,116.454022,0.399200
8449,8450,116.467805,0.375471
8450,8451,116.481588,0.400410
8451,8452,116.495371,0.462405
8452,8453,116.509154,0.439799
8453,8454,116.522938,0.507148
8454,8455,116.536721,0.417105
8455,8456,116.550504,0.485220
8456,8457,116.564287,0.393640
8457,8458,116.578070,0.422232
8458,8459,116.591854,0.424019
8459,8460,116.605637,0.452240
8460,8461,116.619420,0.449918
8461,8462,116.633203,0.467684
8462,8463,116.646986,0.427556
8463,8464,116.660769,0.418433
8464,8465,116.674553,0.532940
8465,8466,116.688336,0.427500
8466,8467,116.702119,0.471987
8467,8468,116.715902,0.399617
8468,8469,116.729685,0.462156
8469,8470,116.743468,0.465299
8470,8471,116.757252,0.451833
8471,8472,116.771035,0.530928
8472,8473,116.784818,0.484223
8473,8474,116.798601,0.449695
8474,8475,116.812384,0.443530
8475,8476,116.826167,0.462228
8476,8477,116.839951,0.394542
8477,8478,116.853734,0.494983
8478,8479,116.867517,0.463845
8479,8480,116.881300,0.418961
8480,8481,116.895083,0.418663
8481,8482,116.908866,0.499811
8482,8483,116.922650,0.448304
8483,8484,116.936433,0.429327
8484,8485,116.950216,0.437142
8485,8486,116.963999,0.444834
8486,8487,116.977782,0.426859
8487,8488,116.991566,0.388475
8488,8489,117.005349,0.454906
8489,8490,117.019132,0.471752
8490,8491,117.032915,0.423696
8491,8492,117.046698,0.468707
8492,8493,117.060481,0.457157
8493,8494,117.074265,0.482576
8494,8495,117.088048,0.478636
8495,8496,117.101831,0.413163
8496,8497,117.115614,0.386755
8497,8498,117.129397,0.423737
8498,8499,117.143180,0.434846
8499,8500,117.156964,0.518206
8500,8501,117.170747,0.483311
8501,8502,117.184530,0.434114
8502,8503,117.198313,0.477114
8503,8504,117.212096,0.496205
8504,8505,117.225879,0.507465
8505,8506,117.239663,0.465858
8506,8507,117.253446,0.440978
8507,8508,117.267229,0.445923
8508,8509,117.281012,0.486197
8509,8510,117.294795,0.395043
8510,8511,117.308578,0.447997
8511,8512,117.322362,0.440581
8512,8513,117.336145,0.572086
8513,8514,117.349928,0.403296
8514,8515,117.363711,0.468867
8515,8516,117.377494,0.539198
8516,8517,117.391278,0.408659
8517,8518,117.405061,0.468743
8518,8519,117.418844,0.451689
8519,8520,117.432627,0.489670
8520,8521,117.446410,0.460815
8521,8522,117.460193,0.475035
8522,8523,117.473977,0.494531
8523,8524,117.487760,0.480148
8524,8525,117.501543,0.502288
8525,8526,117.515326,0.415761
8526,8527,117.529109,0.518775
8527,8528,117.542892,0.487270
8528,8529,117.556676,0.448507
8529,8530,117.570459,0.370140
8530,8531,117.584242,0.462832
8531,8532,117.598025,0.465747
8532,8533,117.611808,0.426515
8533,8534,117.625591,0.461074
8534,8535,117.639375,0.426236
8535,8536,117.653158,0.391124
8536,8537,117.666941,0.417517
8537,8538,117.680724,0.519983
8538,8539,117.694507,0.417841
8539,8540,117.708290,0.451005
8540,8541,117.722074,0.459846
8541,8542,117.735857,0.510814
8542,8543,117.749640,0.373580
8543,8544,117.763423,0.403319
8544,8545,117.777206,0.443925
8545,8546,117.790990,0.525436
8546,8547,117.804773,0.435079
8547,8548,117.818556,0.519921
8548,8549,117.832339,0.480419
8549,8550,117.846122,0.483950
8550,8551,117.859905,0.531445
8551,8552,117.873689,0.465717
8552,8553,117.887472,0.433235
8553,8554,117.901255,0.427600
8554,8555,117.915038,0.451325
8555,8556,117.928821,0.420216
8556,8557,117.942604,0.442364
8557,8558,117.956388,0.466011
8558,8559,117.970171,0.431346
8559,8560,117.983954,0.421149
8560,8561,117.997737,0.466134
8561,8562,118.011520,0.506888
8562,8563,118.025303,0.453112
8563,8564,118.039087,0.539313
8564,8565,118.052870,0.425535
8565,8566,118.066653,0.400237
8566,8567,118.080436,0.379353
8567,8568,118.094219,0.470657
8568,8569,118.108002,0.422815
8569,8570,118.121786,0.418475
8570,8571,118.135569,0.515630
8571,8572,118.149352,0.441190
8572,8573,118.163135,0.475731
8573,8574,118.176918,0.372581
8574,8575,118.190702,0.545993
8575,8576,118.204485,0.423293
8576,8577,118.218268,0.436521
8577,8578,118.232051,0.480293
8578,8579,118.245834,0.535773
8579,8580,118.259617,0.469348
8580,8581,118.273401,0.448986
8581,8582,118.287184,0.556116
8582,8583,118.300967,0.428137
8583,8584,118.314750,0.484108
8584,8585,118.328533,0.496666
8585,8586,118.342316,0.468339
8586,8587,118.356100,0.514188
8587,8588,118.369883,0.499672
8588,8589,118.383666,0.456439
8589,8590,118.397449,0.414466
8590,8591,118.411232,0.444869
8591,8592,118.425015,0.541757
8592,8593,118.438799,0.436016
8593,8594,118.452582,0.450090
8594,8595,118.466365,0.371881
8595,8596,118.480148,0.401175
8596,8597,118.493931,0.389185
8597,8598,118.507714,0.453700
8598,8599,118.521498,0.435526
8599,8600,118.535281,0.420928
8600,8601,118.549064,0.491511
8601,8602,118.562847,0.439515
8602,8603,118.576630,0.393971
8603,8604,118.590413,0.378561
8604,8605,118.604197,0.443782
8605,8606,118.617980,0.449463
8606,8607,118.631763,0.461431
8607,8608,118.645546,0.435451
8608,8609,118.659329,0.481101
8609,8610,118.673113,0.523328
8610,8611,118.686896,0.453800
8611,8612,118.700679,0.492372
8612,8613,118.714462,0.408651
8613,8614,118.728245,0.509921
8614,8615,118.742028,0.430475
8615,8616,118.755812,0.454220
8616,8617,118.769595,0.428235
8617,8618,118.783378,0.542392
8618,8619,118.797161,0.456858
8619,8620,118.810944,0.488494
8620,8621,118.824727,0.475786
8621,8622,118.838511,0.403954
8622,8623,118.852294,0.482425
8623,8624,118.866077,0.431035
8624,8625,118.879860,0.433982
8625,8626,118.893643,0.468711
8626,8627,118.907426,0.434735
8627,8628,118.921210,0.396988
8628,8629,118.934993,0.471939
8629,8630,118.948776,0.497100
8630,8631,118.962559,0.393699
8631,8632,118.976342,0.450474
8632,8633,118.990125,0.480221
8633,8634,119.003909,0.434729
8634,8635,119.017692,0.458574
8635,8636,119.031475,0.440214
8636,8637,119.045258,0.403097
8637,8638,119.059041,0.461088
8638,8639,119.072825,0.387985
8639,8640,119.086608,0.477936
8640,8641,119.100391,0.473024
8641,8642,119.114174,0.500046
8642,8643,119.127957,0.493004
8643,8644,119.141740,0.400700
8644,8645,119.155524,0.536073
8645,8646,119.169307,0.435046
8646,8647,119.183090,0.487621
8647,8648,119.196873,0.483555
8648,8649,119.210656,0.521825
8649,8650,119.224439,0.487887
8650,8651,119.238223,0.515887
8651,8652,119.252006,0.465160
8652,8653,119.265789,0.456753
8653,8654,119.279572,0.425469
8654,8655,119.293355,0.433955
8655,8656,119.307138,0.434146
8656,8657,119.320922,0.460102
8657,8658,119.334705,0.404699
8658,8659,119.348488,0.412512
8659,8660,119.362271,0.424017
8660,8661,119.376054,0.330403
8661,8662,119.389837,0.452854
8662,8663,119.403621,0.404007
8663,8664,119.417404,0.445439
8664,8665,119.431187,0.443424
8665,8666,119.444970,0.415651
8666,8667,119.458753,0.459791
8667,8668,119.472537,0.432616
8668,8669,119.486320,0.508946
8669,8670,119.500103,0.498285
8670,8671,119.513886,0.425756
8671,8672,119.527669,0.433327
8672,8673,119.541452,0.470804
8673,8674,119.555236,0.495969
8674,8675,119.569019,0.362505
8675,8676,119.582802,0.505376
8676,8677,119.596585,0.510461
8677,8678,119.610368,0.413096
8678,8679,119.624151,0.420043
8679,8680,119.637935,0.528524
8680,8681,119.651718,0.470085
8681,8682,119.665501,0.585081
8682,8683,119.679284,0.500460
8683,8684,119.693067,0.473088
8684,8685,119.706850,0.446640
8685,8686,119.720634,0.607932
8686,8687,119.734417,0.473244
8687,8688,119.748200,0.458545
8688,8689,119.761983,0.472269
8689,8690,119.775766,0.441403
8690,8691,119.789549,0.508432
8691,8692,119.803333,0.495604
8692,8693,119.817116,0.533239
8693,8694,119.830899,0.571504
8694,8695,119.844682,0.442044
8695,8696,119.858465,0.514240
8696,8697,119.872249,0.450782
8697,8698,119.886032,0.429065
8698,8699,119.899815,0.465565
8699,8700,119.913598,0.456255
8700,8701,119.927381,0.436135
8701,8702,119.941164,0.482505
8702,8703,119.954948,0.462787
8703,8704,119.968731,0.401165
8704,8705,119.982514,0.446615
8705,8706,119.996297,0.500005
8706,8707,120.010080,0.445035
8707,8708,120.023863,0.467192
8708,8709,120.037647,0.456777
8709,8710,120.051430,0.399715
8710,8711,120.065213,0.479889
8711,8712,120.078996,0.411845
8712,8713,120.092779,0.493957
8713,8714,120.106562,0.452267
8714,8715,120.120346,0.432927
8715,8716,120.134129,0.415146
8716,8717,120.147912,0.435604
8717,8718,120.161695,0.404543
8718,8719,120.175478,0.457939
8719,8720,120.189261,0.461060
8720,8721,120.203045,0.432722
8721,8722,120.216828,0.444165
8722,8723,120.230611,0.445484
8723,8724,120.244394,0.467055
8724,8725,120.258177,0.496205
8725,8726,120.271961,0.483057
8726,8727,120.285744,0.487004
8727,8728,120.299527,0.502591
8728,8729,120.313310,0.433725
8729,8730,120.327093,0.437765
8730,8731,120.340876,0.472329
8731,8732,120.354660,0.519598
8732,8733,120.368443,0.480765
8733,8734,120.382226,0.460468
8734,8735,120.396009,0.413411
8735,8736,120.409792,0.416946
8736,8737,120.423575,0.452416
8737,8738,120.437359,0.461260
8738,8739,120.451142,0.363656
8739,8740,120.464925,0.484356
8740,8741,120.478708,0.411197
8741,8742,120.492491,0.449381
8742,8743,120.506274,0.445664
8743,8744,120.520058,0.416253
8744,8745,120.533841,0.463970
8745,8746,120.547624,0.464938
8746,8747,120.561407,0.486617
8747,8748,120.575190,0.485034
8748,8749,120.588973,0.467171
8749,8750,120.602757,0.405082
8750,8751,120.616540,0.379487
8751,8752,120.630323,0.494015
8752,8753,120.644106,0.430300
8753,8754,120.657889,0.460176
8754,8755,120.671672,0.430022
8755,8756,120.685456,0.457135
8756,8757,120.699239,0.522464
8757,8758,120.713022,0.418903
8758,8759,120.726805,0.407616
8759,8760,120.740588,0.487146
8760,8761,120.754372,0.355760
8761,8762,120.768155,0.468498
8762,8763,120.781938,0.478349
8763,8764,120.795721,0.470638
8764,8765,120.809504,0.480797
8765,8766,120.823287,0.417718
8766,8767,120.837071,0.463572
8767,8768,120.850854,0.424957
8768,8769,120.864637,0.433833
8769,8770,120.878420,0.471121
8770,8771,120.892203,0.363849
8771,8772,120.905986,0.445201
8772,8773,120.919770,0.482140
8773,8774,120.933553,0.460403
8774,8775,120.947336,0.460508
8775,8776,120.961119,0.457818
8776,8777,120.974902,0.517299
8777,8778,120.988685,0.536023
8778,8779,121.002469,0.454527
8779,8780,121.016252,0.473248
8780,8781,121.030035,0.428368
8781,8782,121.043818,0.578979
8782,8783,121.057601,0.404228
8783,8784,121.071384,0.465415
8784,8785,121.085168,0.469908
8785,8786,121.098951,0.448734
8786,8787,121.112734,0.485702
8787,8788,121.126517,0.426947
8788,8789,121.140300,0.395098
8789,8790,121.154084,0.457703
8790,8791,121.167867,0.482334
8791,8792,121.181650,0.476643
8792,8793,121.195433,0.464119
8793,8794,121.209216,0.448343
8794,8795,121.222999,0.445208
8795,8796,121.236783,0.474392
8796,8797,121.250566,0.449296
8797,8798,121.264349,0.455055
8798,8799,121.278132,0.505129
8799,8800,121.291915,0.417067
8800,8801,121.305698,0.448079
8801,8802,121.319482,0.465382
8802,8803,121.333265,0.495118
8803,8804,121.347048,0.357531
8804,8805,121.360831,0.482044
8805,8806,121.374614,0.447906
8806,8807,121.388397,0.388272
8807,8808,121.402181,0.508680
8808,8809,121.415964,0.510851
8809,8810,121.429747,0.420816
8810,8811,121.443530,0.487173
8811,8812,121.457313,0.462487
8812,8813,121.471096,0.510586
8813,8814,121.484880,0.511947
8814,8815,121.498663,0.482595
8815,8816,121.512446,0.442105
8816,8817,121.526229,0.396067
8817,8818,121.540012,0.429004
8818,8819,121.553796,0.441652
8819,8820,121.567579,0.470668
8820,8821,121.581362,0.509384
8821,8822,121.595145,0.491366
8822,8823,121.608928,0.461255
8823,8824,121.622711,0.423251
8824,8825,121.636495,0.471206
8825,8826,121.650278,0.397785
8826,8827,121.664061,0.394209
8827,8828,121.677844,0.492539
8828,8829,121.691627,0.445667
8829,8830,121.705410,0.447805
8830,8831,121.719194,0.514884
8831,8832,121.732977,0.427326
8832,8833,121.746760,0.541736
8833,8834,121.760543,0.487084
8834,8835,121.774326,0.535903
8835,8836,121.788109,0.540009
8836,8837,121.801893,0.418124
8837,8838,121.815676,0.454695
8838,8839,121.829459,0.510908
8839,8840,121.843242,0.488554
8840,8841,121.857025,0.463937
8841,8842,121.870808,0.455486
8842,8843,121.884592,0.502469
8843,8844,121.898375,0.460837
8844,8845,121.912158,0.440166
8845,8846,121.925941,0.473902
8846,8847,121.939724,0.438088
8847,8848,121.953508,0.495355
8848,8849,121.967291,0.452932
8849,8850,121.981074,0.452563
8850,8851,121.994857,0.510025
8851,8852,122.008640,0.471898
8852,8853,122.022423,0.441411
8853,8854,122.036207,0.472069
8854,8855,122.049990,0.376298
8855,8856,122.063773,0.503410
8856,8857,122.077556,0.371814
8857,8858,122.091339,0.443393
8858,8859,122.105122,0.458897
8859,8860,122.118906,0.450124
8860,8861,122.132689,0.460128
8861,8862,122.146472,0.470403
8862,8863,122.160255,0.489405
8863,8864,122.174038,0.513277
8864,8865,122.187821,0.331098
8865,8866,122.201605,0.473189
8866,8867,122.215388,0.545541
8867,8868,122.229171,0.431926
8868,8869,122.242954,0.395246
8869,8870,122.256737,0.529193
8870,8871,122.270520,0.464853
8871,8872,122.284304,0.436644
8872,8873,122.298087,0.453054
8873,8874,122.311870,0.407452
8874,8875,122.325653,0.487384
8875,8876,122.339436,0.427437
8876,8877,122.353220,0.467538
8877,8878,122.367003,0.515628
8878,8879,122.380786,0.484781
8879,8880,122.394569,0.486578
8880,8881,122.408352,0.441819
8881,8882,122.422135,0.429082
8882,8883,122.435919,0.479179
8883,8884,122.449702,0.464115
8884,8885,122.463485,0.514583
8885,8886,122.477268,0.422451
8886,8887,122.491051,0.471964
8887,8888,122.504834,0.414084
8888,8889,122.518618,0.532393
8889,8890,122.532401,0.414810
8890,8891,122.546184,0.469013
8891,8892,122.559967,0.435593
8892,8893,122.573750,0.510094
8893,8894,122.587533,0.469588
8894,8895,122.601317,0.450090
8895,8896,122.615100,0.422818
8896,8897,122.628883,0.426829
8897,8898,122.642666,0.444015
8898,8899,122.656449,0.464086
8899,8900,122.670232,0.550441
8900,8901,122.684016,0.461177
8901,8902,122.697799,0.431189
8902,8903,122.711582,0.444772
8903,8904,122.725365,0.460410
8904,8905,122.739148,0.481302
8905,8906,122.752931,0.427369
8906,8907,122.766715,0.485219
8907,8908,122.780498,0.421004
8908,8909,122.794281,0.544282
8909,8910,122.808064,0.440975
8910,8911,122.821847,0.488691
8911,8912,122.835631,0.413290
8912,8913,122.849414,0.466799
8913,8914,122.863197,0.391412
8914,8915,122.876980,0.487973
8915,8916,122.890763,0.488595
8916,8917,122.904546,0.417823
8917,8918,122.918330,0.413696
8918,8919,122.932113,0.488067
8919,8920,122.945896,0.469155
8920,8921,122.959679,0.429501
8921,8922,122.973462,0.413616
8922,8923,122.987245,0.456206
8923,8924,123.001029,0.458819
8924,8925,123.014812,0.431512
8925,8926,123.028595,0.503966
8926,8927,123.042378,0.434049
8927,8928,123.056161,0.480117
8928,8929,123.069944,0.444930
8929,8930,123.083728,0.472710
8930,8931,123.097511,0.435243
8931,8932,123.111294,0.448433
8932,8933,123.125077,0.514543
8933,8934,123.138860,0.469836
8934,8935,123.152643,0.439491
8935,8936,123.166427,0.489440
8936,8937,123.180210,0.507792
8937,8938,123.193993,0.464812
8938,8939,123.207776,0.450722
8939,8940,123.221559,0.487723
8940,8941,123.235343,0.376989
8941,8942,123.249126,0.487164
8942,8943,123.262909,0.397024
8943,8944,123.276692,0.445591
8944,8945,123.290475,0.368045
8945,8946,123.304258,0.460459
8946,8947,123.318042,0.427446
8947,8948,123.331825,0.434287
8948,8949,123.345608,0.511474
8949,8950,123.359391,0.483373
8950,8951,123.373174,0.390005
8951,8952,123.386957,0.454941
8952,8953,123.400741,0.494709
8953,8954,123.414524,0.469354
8954,8955,123.428307,0.477374
8955,8956,123.442090,0.434969
8956,8957,123.455873,0.541991
8957,8958,123.469656,0.460464
8958,8959,123.483440,0.436977
8959,8960,123.497223,0.500996
8960,8961,123.511006,0.457748
8961,8962,123.524789,0.426623
8962,8963,123.538572,0.486837
8963,8964,123.552355,0.516199
8964,8965,123.566139,0.453730
8965,8966,123.579922,0.521026
8966,8967,123.593705,0.459373
8967,8968,123.607488,0.450127
8968,8969,123.621271,0.420719
8969,8970,123.635055,0.445346
8970,8971,123.648838,0.476574
8971,8972,123.662621,0.481856
8972,8973,123.676404,0.490637
8973,8974,123.690187,0.493508
8974,8975,123.703970,0.585254
8975,8976,123.717754,0.476517
8976,8977,123.731537,0.475247
8977,8978,123.745320,0.483285
8978,8979,123.759103,0.390091
8979,8980,123.772886,0.454871
8980,8981,123.786669,0.422163
8981,8982,123.800453,0.453161
8982,8983,123.814236,0.407803
8983,8984,123.828019,0.455898
8984,8985,123.841802,0.431580
8985,8986,123.855585,0.485140
8986,8987,123.869368,0.410846
8987,8988,123.883152,0.357802
8988,8989,123.896935,0.515948
8989,8990,123.910718,0.409502
8990,8991,123.924501,0.518928
8991,8992,123.938284,0.497027
8992,8993,123.952067,0.497187
8993,8994,123.965851,0.399480
8994,8995,123.979634,0.543160
8995,8996,123.993417,0.502566
8996,8997,124.007200,0.427297
8997,8998,124.020983,0.475847
8998,8999,124.034767,0.500981
8999,9000,124.048550,0.455297
9000,9001,124.062333,0.464015
9001,9002,124.076116,0.444339
9002,9003,124.089899,0.482919
9003,9004,124.103682,0.409939
9004,9005,124.117466,0.381553
9005,9006,124.131249,0.520782
9006,9007,124.145032,0.459516
9007,9008,124.158815,0.492456
9008,9009,124.172598,0.551823
9009,9010,124.186381,0.500657
9010,9011,124.200165,0.481172
9011,9012,124.213948,0.479182
9012,9013,124.227731,0.467409
9013,9014,124.241514,0.461916
9014,9015,124.255297,0.500447
9015,9016,124.269080,0.382049
9016,9017,124.282864,0.464612
9017,9018,124.296647,0.381199
9018,9019,124.310430,0.431296
9019,9020,124.324213,0.445419
9020,9021,124.337996,0.479106
9021,9022,124.351779,0.429734
9022,9023,124.365563,0.452944
9023,9024,124.379346,0.441357
9024,9025,124.393129,0.495317
9025,9026,124.406912,0.467996
9026,9027,124.420695,0.444368
9027,9028,124.434479,0.468304
9028,9029,124.448262,0.433888
9029,9030,124.462045,0.455524
9030,9031,124.475828,0.431167
9031,9032,124.489611,0.426191
9032,9033,124.503394,0.358826
9033,9034,124.517178,0.395876
9034,9035,124.530961,0.500211
9035,9036,124.544744,0.374441
9036,9037,124.558527,0.456093
9037,9038,124.572310,0.370203
9038,9039,124.586093,0.452863
9039,9040,124.599877,0.442693
9040,9041,124.613660,0.506146
9041,9042,124.627443,0.390869
9042,9043,124.641226,0.391281
9043,9044,124.655009,0.448484
9044,9045,124.668792,0.359666
9045,9046,124.682576,0.454722
9046,9047,124.696359,0.451489
9047,9048,124.710142,0.524413
9048,9049,124.723925,0.455569
9049,9050,124.737708,0.428123
9050,9051,124.751491,0.434678
9051,9052,124.765275,0.450026
9052,9053,124.779058,0.459107
9053,9054,124.792841,0.540180
9054,9055,124.806624,0.485245
9055,9056,124.820407,0.433359
9056,9057,124.834190,0.431001
9057,9058,124.847974,0.470211
9058,9059,124.861757,0.474131
9059,9060,124.875540,0.441615
9060,9061,124.889323,0.430266
9061,9062,124.903106,0.418393
9062,9063,124.916890,0.521398
9063,9064,124.930673,0.451243
9064,9065,124.944456,0.480319
9065,9066,124.958239,0.416820
9066,9067,124.972022,0.408539
9067,9068,124.985805,0.512309
9068,9069,124.999589,0.438920
9069,9070,125.013372,0.503948
9070,9071,125.027155,0.455141
9071,9072,125.040938,0.451723
9072,9073,125.054721,0.480360
9073,9074,125.068504,0.474058
9074,9075,125.082288,0.441706
9075,9076,125.096071,0.428778
9076,9077,125.109854,0.539852
9077,9078,125.123637,0.475820
9078,9079,125.137420,0.373038
9079,9080,125.151203,0.425977
9080,9081,125.164987,0.411545
9081,9082,125.178770,0.495097
9082,9083,125.192553,0.423428
9083,9084,125.206336,0.475135
9084,9085,125.220119,0.432638
9085,9086,125.233902,0.501458
9086,9087,125.247686,0.483437
9087,9088,125.261469,0.510802
9088,9089,125.275252,0.454638
9089,9090,125.289035,0.481585
9090,9091,125.302818,0.460588
9091,9092,125.316602,0.409923
9092,9093,125.330385,0.459712
9093,9094,125.344168,0.405804
9094,9095,125.357951,0.499762
9095,9096,125.371734,0.456132
9096,9097,125.385517,0.507541
9097,9098,125.399301,0.417266
9098,9099,125.413084,0.441010
9099,9100,125.426867,0.397684
9100,9101,125.440650,0.569581
9101,9102,125.454433,0.440930
9102,9103,125.468216,0.492789
9103,9104,125.482000,0.491997
9104,9105,125.495783,0.410593
9105,9106,125.509566,0.449490
9106,9107,125.523349,0.443877
9107,9108,125.537132,0.487877
9108,9109,125.550915,0.496365
9109,9110,125.564699,0.520131
9110,9111,125.578482,0.520240
9111,9112,125.592265,0.462651
9112,9113,125.606048,0.442784
9113,9114,125.619831,0.436912
9114,9115,125.633614,0.465197
9115,9116,125.647398,0.473949
9116,9117,125.661181,0.451027
9117,9118,125.674964,0.501743
9118,9119,125.688747,0.486076
9119,9120,125.702530,0.512711
9120,9121,125.716314,0.483129
9121,9122,125.730097,0.504042
9122,9123,125.743880,0.468311
9123,9124,125.757663,0.470151
9124,9125,125.771446,0.503828
9125,9126,125.785229,0.388744
9126,9127,125.799013,0.485346
9127,9128,125.812796,0.477469
9128,9129,125.826579,0.507270
9129,9130,125.840362,0.433676
9130,9131,125.854145,0.457217
9131,9132,125.867928,0.489180
9132,9133,125.881712,0.421034
9133,9134,125.895495,0.390334
9134,9135,125.909278,0.473976
9135,9136,125.923061,0.404296
9136,9137,125.936844,0.427812
9137,9138,125.950627,0.475452
9138,9139,125.964411,0.507225
9139,9140,125.978194,0.464132
9140,9141,125.991977,0.520225
9141,9142,126.005760,0.458048
9142,9143,126.019543,0.471296
9143,9144,126.033326,0.433964
9144,9145,126.047110,0.466754
9145,9146,126.060893,0.492708
9146,9147,126.074676,0.440978
9147,9148,126.088459,0.447863
9148,9149,126.102242,0.489359
9149,9150,126.116026,0.387061
9150,9151,126.129809,0.400787
9151,9152,126.143592,0.478048
9152,9153,126.157375,0.444007
9153,9154,126.171158,0.447968
9154,9155,126.184941,0.405990
9155,9156,126.198725,0.447888
9156,9157,126.212508,0.510078
9157,9158,126.226291,0.559108
9158,9159,126.240074,0.398130
9159,9160,126.253857,0.477435
9160,9161,126.267640,0.403267
9161,9162,126.281424,0.474532
9162,9163,126.295207,0.504070
9163,9164,126.308990,0.507260
9164,9165,126.322773,0.506892
9165,9166,126.336556,0.446746
9166,9167,126.350339,0.500319
9167,9168,126.364123,0.435779
9168,9169,126.377906,0.490781
9169,9170,126.391689,0.503858
9170,9171,126.405472,0.379111
9171,9172,126.419255,0.437441
9172,9173,126.433038,0.441068
9173,9174,126.446822,0.494322
9174,9175,126.460605,0.578015
9175,9176,126.474388,0.535544
9176,9177,126.488171,0.439689
9177,9178,126.501954,0.388086
9178,9179,126.515738,0.435212
9179,9180,126.529521,0.452722
9180,9181,126.543304,0.389670
9181,9182,126.557087,0.488564
9182,9183,126.570870,0.490732
9183,9184,126.584653,0.476987
9184,9185,126.598437,0.415426
9185,9186,126.612220,0.526040
9186,9187,126.626003,0.471900
9187,9188,126.639786,0.419202
9188,9189,126.653569,0.466444
9189,9190,126.667352,0.491121
9190,9191,126.681136,0.509166
9191,9192,126.694919,0.483830
9192,9193,126.708702,0.568044
9193,9194,126.722485,0.510070
9194,9195,126.736268,0.459122
9195,9196,126.750051,0.450242
9196,9197,126.763835,0.410476
9197,9198,126.777618,0.470140
9198,9199,126.791401,0.426354
9199,9200,126.805184,0.497027
9200,9201,126.818967,0.502029
9201,9202,126.832750,0.473533
9202,9203,126.846534,0.436414
9203,9204,126.860317,0.474102
9204,9205,126.874100,0.386984
9205,9206,126.887883,0.415112
9206,9207,126.901666,0.532759
9207,9208,126.915449,0.495798
9208,9209,126.929233,0.439614
9209,9210,126.943016,0.475173
9210,9211,126.956799,0.494240
9211,9212,126.970582,0.380440
9212,9213,126.984365,0.454343
9213,9214,126.998149,0.407108
9214,9215,127.011932,0.509766
9215,9216,127.025715,0.571105
9216,9217,127.039498,0.479143
9217,9218,127.053281,0.433685
9218,9219,127.067064,0.465484
9219,9220,127.080848,0.431330
9220,9221,127.094631,0.449430
9221,9222,127.108414,0.371747
9222,9223,127.122197,0.553555
9223,9224,127.135980,0.427094
9224,9225,127.149763,0.435329
9225,9226,127.163547,0.441126
9226,9227,127.177330,0.556671
9227,9228,127.191113,0.412463
9228,9229,127.204896,0.505728
9229,9230,127.218679,0.464769
9230,9231,127.232462,0.481838
9231,9232,127.246246,0.613750
9232,9233,127.260029,0.519009
9233,9234,127.273812,0.424730
9234,9235,127.287595,0.410026
9235,9236,127.301378,0.425300
9236,9237,127.315161,0.468202
9237,9238,127.328945,0.454286
9238,9239,127.342728,0.430379
9239,9240,127.356511,0.438478
9240,9241,127.370294,0.471606
9241,9242,127.384077,0.463141
9242,9243,127.397861,0.457926
9243,9244,127.411644,0.394889
9244,9245,127.425427,0.528627
9245,9246,127.439210,0.430632
9246,9247,127.452993,0.412434
9247,9248,127.466776,0.447955
9248,9249,127.480560,0.470876
9249,9250,127.494343,0.475368
9250,9251,127.508126,0.430324
9251,9252,127.521909,0.429999
9252,9253,127.535692,0.379919
9253,9254,127.549475,0.503544
9254,9255,127.563259,0.424034
9255,9256,127.577042,0.449989
9256,9257,127.590825,0.501498
9257,9258,127.604608,0.559505
9258,9259,127.618391,0.494676
9259,9260,127.632174,0.413501
9260,9261,127.645958,0.444198
9261,9262,127.659741,0.476810
9262,9263,127.673524,0.422027
9263,9264,127.687307,0.539695
9264,9265,127.701090,0.483248
9265,9266,127.714873,0.407214
9266,9267,127.728657,0.458853
9267,9268,127.742440,0.480163
9268,9269,127.756223,0.412839
9269,9270,127.770006,0.505934
9270,9271,127.783789,0.508005
9271,9272,127.797573,0.411090
9272,9273,127.811356,0.456217
9273,9274,127.825139,0.427883
9274,9275,127.838922,0.451680
9275,9276,127.852705,0.483073
9276,9277,127.866488,0.474352
9277,9278,127.880272,0.493714
9278,9279,127.894055,0.453517
9279,9280,127.907838,0.451535
9280,9281,127.921621,0.475701
9281,9282,127.935404,0.481224
9282,9283,127.949187,0.514576
9283,9284,127.962971,0.424741
9284,9285,127.976754,0.483224
9285,9286,127.990537,0.464920
9286,9287,128.004320,0.351852
9287,9288,128.018103,0.412704
9288,9289,128.031886,0.446091
9289,9290,128.045670,0.431012
9290,9291,128.059453,0.440332
9291,9292,128.073236,0.480953
9292,9293,128.087019,0.515084
9293,9294,128.100802,0.464207
9294,9295,128.114585,0.424705
9295,9296,128.128369,0.436728
9296,9297,128.142152,0.492617
9297,9298,128.155935,0.449194
9298,9299,128.169718,0.459902
9299,9300,128.183501,0.505320
9300,9301,128.197285,0.471742
9301,9302,128.211068,0.450407
9302,9303,128.224851,0.485962
9303,9304,128.238634,0.450259
9304,9305,128.252417,0.458643
9305,9306,128.266200,0.444244
9306,9307,128.279984,0.459682
9307,9308,128.293767,0.500494
9308,9309,128.307550,0.511714
9309,9310,128.321333,0.532891
9310,9311,128.335116,0.456271
9311,9312,128.348899,0.493321
9312,9313,128.362683,0.435420
9313,9314,128.376466,0.417330
9314,9315,128.390249,0.408346
9315,9316,128.404032,0.488847
9316,9317,128.417815,0.422882
9317,9318,128.431598,0.449176
9318,9319,128.445382,0.475175
9319,9320,128.459165,0.395519
9320,9321,128.472948,0.420407
9321,9322,128.486731,0.445335
9322,9323,128.500514,0.533107
9323,9324,128.514297,0.492148
9324,9325,128.528081,0.514806
9325,9326,128.541864,0.529302
9326,9327,128.555647,0.511199
9327,9328,128.569430,0.528242
9328,9329,128.583213,0.498363
9329,9330,128.596997,0.452663
9330,9331,128.610780,0.433799
9331,9332,128.624563,0.470121
9332,9333,128.638346,0.475961
9333,9334,128.652129,0.426118
9334,9335,128.665912,0.451654
9335,9336,128.679696,0.451190
9336,9337,128.693479,0.490788
9337,9338,128.707262,0.499688
9338,9339,128.721045,0.494919
9339,9340,128.734828,0.510023
9340,9341,128.748611,0.492066
9341,9342,128.762395,0.420905
9342,9343,128.776178,0.504917
9343,9344,128.789961,0.466333
9344,9345,128.803744,0.482391
9345,9346,128.817527,0.411021
9346,9347,128.831310,0.488281
9347,9348,128.845094,0.498863
9348,9349,128.858877,0.471921
9349,9350,128.872660,0.496936
9350,9351,128.886443,0.388121
9351,9352,128.900226,0.456511
9352,9353,128.914009,0.436066
9353,9354,128.927793,0.489211
9354,9355,128.941576,0.427020
9355,9356,128.955359,0.403307
9356,9357,128.969142,0.371631
9357,9358,128.982925,0.488541
9358,9359,128.996708,0.512898
9359,9360,129.010492,0.447303
9360,9361,129.024275,0.421746
9361,9362,129.038058,0.444232
9362,9363,129.051841,0.500096
9363,9364,129.065624,0.448659
9364,9365,129.079408,0.471412
9365,9366,129.093191,0.451395
9366,9367,129.106974,0.413031
9367,9368,129.120757,0.440204
9368,9369,129.134540,0.443416
9369,9370,129.148323,0.456722
9370,9371,129.162107,0.448886
9371,9372,129.175890,0.384278
9372,9373,129.189673,0.421639
9373,9374,129.203456,0.519901
9374,9375,129.217239,0.481957
9375,9376,129.231022,0.443866
9376,9377,129.244806,0.442441
9377,9378,129.258589,0.477298
9378,9379,129.272372,0.468616
9379,9380,129.286155,0.419117
9380,9381,129.299938,0.490058
9381,9382,129.313721,0.439719
9382,9383,129.327505,0.414772
9383,9384,129.341288,0.480040
9384,9385,129.355071,0.505093
9385,9386,129.368854,0.542624
9386,9387,129.382637,0.463335
9387,9388,129.396420,0.410743
9388,9389,129.410204,0.465569
9389,9390,129.423987,0.506795
9390,9391,129.437770,0.511089
9391,9392,129.451553,0.479285
9392,9393,129.465336,0.437924
9393,9394,129.479120,0.481162
9394,9395,129.492903,0.472235
9395,9396,129.506686,0.504353
9396,9397,129.520469,0.451101
9397,9398,129.534252,0.500580
9398,9399,129.548035,0.474739
9399,9400,129.561819,0.559152
9400,9401,129.575602,0.414221
9401,9402,129.589385,0.458263
9402,9403,129.603168,0.505606
9403,9404,129.616951,0.484687
9404,9405,129.630734,0.437539
9405,9406,129.644518,0.473672
9406,9407,129.658301,0.434056
9407,9408,129.672084,0.419847
9408,9409,129.685867,0.431854
9409,9410,129.699650,0.451200
9410,9411,129.713433,0.480534
9411,9412,129.727217,0.401838
9412,9413,129.741000,0.424809
9413,9414,129.754783,0.435778
9414,9415,129.768566,0.485537
9415,9416,129.782349,0.431291
9416,9417,129.796132,0.417921
9417,9418,129.809916,0.490571
9418,9419,129.823699,0.492497
9419,9420,129.837482,0.516224
9420,9421,129.851265,0.501633
9421,9422,129.865048,0.463706
9422,9423,129.878832,0.446150
9423,9424,129.892615,0.396462
9424,9425,129.906398,0.454838
9425,9426,129.920181,0.411055
9426,9427,129.933964,0.494672
9427,9428,129.947747,0.479086
9428,9429,129.961531,0.410924
9429,9430,129.975314,0.508805
9430,9431,129.989097,0.409633
9431,9432,130.002880,0.431707
9432,9433,130.016663,0.470250
9433,9434,130.030446,0.470988
9434,9435,130.044230,0.481419
9435,9436,130.058013,0.436253
9436,9437,130.071796,0.475829
9437,9438,130.085579,0.426123
9438,9439,130.099362,0.476967
9439,9440,130.113145,0.458943
9440,9441,130.126929,0.535414
9441,9442,130.140712,0.498672
9442,9443,130.154495,0.499404
9443,9444,130.168278,0.439028
9444,9445,130.182061,0.364895
9445,9446,130.195844,0.472081
9446,9447,130.209628,0.426297
9447,9448,130.223411,0.450418
9448,9449,130.237194,0.414170
9449,9450,130.250977,0.541849
9450,9451,130.264760,0.517796
9451,9452,130.278544,0.479451
9452,9453,130.292327,0.442757
9453,9454,130.306110,0.476424
9454,9455,130.319893,0.479037
9455,9456,130.333676,0.458465
9456,9457,130.347459,0.397796
9457,9458,130.361243,0.471463
9458,9459,130.375026,0.512389
9459,9460,130.388809,0.470956
9460,9461,130.402592,0.409565
9461,9462,130.416375,0.513085
9462,9463,130.430158,0.417967
9463,9464,130.443942,0.508055
9464,9465,130.457725,0.432997
9465,9466,130.471508,0.427585
9466,9467,130.485291,0.449688
9467,9468,130.499074,0.409241
9468,9469,130.512857,0.429018
9469,9470,130.526641,0.466534
9470,9471,130.540424,0.531902
9471,9472,130.554207,0.425483
9472,9473,130.567990,0.417226
9473,9474,130.581773,0.476510
9474,9475,130.595556,0.359529
9475,9476,130.609340,0.523798
9476,9477,130.623123,0.425235
9477,9478,130.636906,0.376807
9478,9479,130.650689,0.400211
9479,9480,130.664472,0.495355
9480,9481,130.678256,0.469298
9481,9482,130.692039,0.466723
9482,9483,130.705822,0.526981
9483,9484,130.719605,0.411926
9484,9485,130.733388,0.451158
9485,9486,130.747171,0.520342
9486,9487,130.760955,0.427531
9487,9488,130.774738,0.489521
9488,9489,130.788521,0.509748
9489,9490,130.802304,0.451073
9490,9491,130.816087,0.496117
9491,9492,130.829870,0.438136
9492,9493,130.843654,0.419513
9493,9494,130.857437,0.530731
9494,9495,130.871220,0.485131
9495,9496,130.885003,0.439254
9496,9497,130.898786,0.360784
9497,9498,130.912569,0.478408
9498,9499,130.926353,0.395099
9499,9500,130.940136,0.501917
9500,9501,130.953919,0.489400
9501,9502,130.967702,0.458265
9502,9503,130.981485,0.446922
9503,9504,130.995268,0.442042
9504,9505,131.009052,0.430712
9505,9506,131.022835,0.406118
9506,9507,131.036618,0.500852
9507,9508,131.050401,0.470240
9508,9509,131.064184,0.493647
9509,9510,131.077967,0.403898
9510,9511,131.091751,0.425541
9511,9512,131.105534,0.501344
9512,9513,131.119317,0.483877
9513,9514,131.133100,0.339808
9514,9515,131.146883,0.472768
9515,9516,131.160667,0.462155
9516,9517,131.174450,0.483022
9517,9518,131.188233,0.418116
9518,9519,131.202016,0.422928
9519,9520,131.215799,0.391537
9520,9521,131.229582,0.510237
9521,9522,131.243366,0.461739
9522,9523,131.257149,0.548502
9523,9524,131.270932,0.454314
9524,9525,131.284715,0.453463
9525,9526,131.298498,0.499315
9526,9527,131.312281,0.466881
9527,9528,131.326065,0.446721
9528,9529,131.339848,0.461015
9529,9530,131.353631,0.463740
9530,9531,131.367414,0.499801
9531,9532,131.381197,0.502266
9532,9533,131.394980,0.440662
9533,9534,131.408764,0.506707
9534,9535,131.422547,0.492497
9535,9536,131.436330,0.435643
9536,9537,131.450113,0.499559
9537,9538,131.463896,0.468722
9538,9539,131.477679,0.508859
9539,9540,131.491463,0.385386
9540,9541,131.505246,0.523526
9541,9542,131.519029,0.414301
9542,9543,131.532812,0.529519
9543,9544,131.546595,0.522689
9544,9545,131.560379,0.462131
9545,9546,131.574162,0.584680
9546,9547,131.587945,0.392389
9547,9548,131.601728,0.372121
9548,9549,131.615511,0.450824
9549,9550,131.629294,0.458456
9550,9551,131.643078,0.405893
9551,9552,131.656861,0.455310
9552,9553,131.670644,0.539513
9553,9554,131.684427,0.461883
9554,9555,131.698210,0.459934
9555,9556,131.711993,0.492349
9556,9557,131.725777,0.588792
9557,9558,131.739560,0.496558
9558,9559,131.753343,0.457064
9559,9560,131.767126,0.483852
9560,9561,131.780909,0.484903
9561,9562,131.794692,0.523715
9562,9563,131.808476,0.438842
9563,9564,131.822259,0.553478
9564,9565,131.836042,0.482190
9565,9566,131.849825,0.360748
9566,9567,131.863608,0.453810
9567,9568,131.877391,0.434404
9568,9569,131.891175,0.482007
9569,9570,131.904958,0.559078
9570,9571,131.918741,0.393786
9571,9572,131.932524,0.504244
9572,9573,131.946307,0.501450
9573,9574,131.960091,0.508702
9574,9575,131.973874,0.460973
9575,9576,131.987657,0.490062
9576,9577,132.001440,0.490414
9577,9578,132.015223,0.462402
9578,9579,132.029006,0.448992
9579,9580,132.042790,0.459705
9580,9581,132.056573,0.525356
9581,9582,132.070356,0.392977
9582,9583,132.084139,0.468871
9583,9584,132.097922,0.396031
9584,9585,132.111705,0.409360
9585,9586,132.125489,0.389482
9586,9587,132.139272,0.581321
9587,9588,132.153055,0.495831
9588,9589,132.166838,0.389313
9589,9590,132.180621,0.454256
9590,9591,132.194404,0.426982
9591,9592,132.208188,0.542385
9592,9593,132.221971,0.445830
9593,9594,132.235754,0.524890
9594,9595,132.249537,0.482994
9595,9596,132.263320,0.459412
9596,9597,132.277103,0.428849
9597,9598,132.290887,0.436820
9598,9599,132.304670,0.494790
9599,9600,132.318453,0.468721
9600,9601,132.332236,0.479786
9601,9602,132.346019,0.476840
9602,9603,132.359803,0.398220
9603,9604,132.373586,0.451861
9604,9605,132.387369,0.452951
9605,9606,132.401152,0.432014
9606,9607,132.414935,0.448080
9607,9608,132.428718,0.517728
9608,9609,132.442502,0.417581
9609,9610,132.456285,0.450396
9610,9611,132.470068,0.479495
9611,9612,132.483851,0.522088
9612,9613,132.497634,0.519330
9613,9614,132.511417,0.488023
9614,9615,132.525201,0.442430
9615,9616,132.538984,0.483102
9616,9617,132.552767,0.449321
9617,9618,132.566550,0.456924
9618,9619,132.580333,0.414914
9619,9620,132.594116,0.465651
9620,9621,132.607900,0.468247
9621,9622,132.621683,0.449794
9622,9623,132.635466,0.475106
9623,9624,132.649249,0.502948
9624,9625,132.663032,0.456762
9625,9626,132.676815,0.539216
9626,9627,132.690599,0.535886
9627,9628,132.704382,0.494820
9628,9629,132.718165,0.490378
9629,9630,132.731948,0.487570
9630,9631,132.745731,0.519450
9631,9632,132.759515,0.435097
9632,9633,132.773298,0.494906
9633,9634,132.787081,0.439079
9634,9635,132.800864,0.562638
9635,9636,132.814647,0.455609
9636,9637,132.828430,0.472039
9637,9638,132.842214,0.435808
9638,9639,132.855997,0.489145
9639,9640,132.869780,0.446750
9640,9641,132.883563,0.539625
9641,9642,132.897346,0.461174
9642,9643,132.911129,0.477692
9643,9644,132.924913,0.472821
9644,9645,132.938696,0.390452
9645,9646,132.952479,0.428589
9646,9647,132.966262,0.488891
9647,9648,132.980045,0.402704
9648,9649,132.993828,0.465786
9649,9650,133.007612,0.421665
9650,9651,133.021395,0.479257
9651,9652,133.035178,0.513441
9652,9653,133.048961,0.431273
9653,9654,133.062744,0.479997
9654,9655,133.076527,0.440882
9655,9656,133.090311,0.421561
9656,9657,133.104094,0.538199
9657,9658,133.117877,0.505177
9658,9659,133.131660,0.464724
9659,9660,133.145443,0.354825
9660,9661,133.159226,0.435100
9661,9662,133.173010,0.457622
9662,9663,133.186793,0.558571
9663,9664,133.200576,0.464214
9664,9665,133.214359,0.403599
9665,9666,133.228142,0.377194
9666,9667,133.241926,0.452394
9667,9668,133.255709,0.417638
9668,9669,133.269492,0.394269
9669,9670,133.283275,0.429192
9670,9671,133.297058,0.471298
9671,9672,133.310841,0.479923
9672,9673,133.324625,0.396567
9673,9674,133.338408,0.442233
9674,9675,133.352191,0.439594
9675,9676,133.365974,0.463488
9676,9677,133.379757,0.466287
9677,9678,133.393540,0.491988
9678,9679,133.407324,0.532677
9679,9680,133.421107,0.419735
9680,9681,133.434890,0.519020
9681,9682,133.448673,0.490446
9682,9683,133.462456,0.519828
9683,9684,133.476239,0.420594
9684,9685,133.490023,0.482493
9685,9686,133.503806,0.410083
9686,9687,133.517589,0.526075
9687,9688,133.531372,0.435279
9688,9689,133.545155,0.504899
9689,9690,133.558938,0.472543
9690,9691,133.572722,0.453770
9691,9692,133.586505,0.482891
9692,9693,133.600288,0.390334
9693,9694,133.614071,0.491823
9694,9695,133.627854,0.433107
9695,9696,133.641638,0.466381
9696,9697,133.655421,0.429145
9697,9698,133.669204,0.449637
9698,9699,133.682987,0.434180
9699,9700,133.696770,0.469306
9700,9701,133.710553,0.468691
9701,9702,133.724337,0.461758
9702,9703,133.738120,0.450452
9703,9704,133.751903,0.511127
9704,9705,133.765686,0.428582
9705,9706,133.779469,0.446587
9706,9707,133.793252,0.448706
9707,9708,133.807036,0.463572
9708,9709,133.820819,0.433773
9709,9710,133.834602,0.509777
9710,9711,133.848385,0.488970
9711,9712,133.862168,0.354711
9712,9713,133.875951,0.454921
9713,9714,133.889735,0.480956
9714,9715,133.903518,0.406595
9715,9716,133.917301,0.485449
9716,9717,133.931084,0.458594
9717,9718,133.944867,0.485288
9718,9719,133.958650,0.498640
9719,9720,133.972434,0.497089
9720,9721,133.986217,0.390406
9721,9722,134.000000,0.421702
9722,9723,134.013783,0.516795
9723,9724,134.027566,0.453099
9724,9725,134.041350,0.481015
9725,9726,134.055133,0.437500
9726,9727,134.068916,0.450150
9727,9728,134.082699,0.398452
9728,9729,134.096482,0.484488
9729,9730,134.110265,0.484520
9730,9731,134.124049,0.426790
9731,9732,134.137832,0.463581
9732,9733,134.151615,0.563650
9733,9734,134.165398,0.476252
9734,9735,134.179181,0.543914
9735,9736,134.192964,0.490411
9736,9737,134.206748,0.442336
9737,9738,134.220531,0.432170
9738,9739,134.234314,0.449299
9739,9740,134.248097,0.509924
9740,9741,134.261880,0.393091
9741,9742,134.275663,0.496261
9742,9743,134.289447,0.434433
9743,9744,134.303230,0.476964
9744,9745,134.317013,0.486538
9745,9746,134.330796,0.516381
9746,9747,134.344579,0.396120
9747,9748,134.358362,0.445660
9748,9749,134.372146,0.449859
9749,9750,134.385929,0.497769
9750,9751,134.399712,0.472884
9751,9752,134.413495,0.432672
9752,9753,134.427278,0.530339
9753,9754,134.441062,0.430778
9754,9755,134.454845,0.367256
9755,9756,134.468628,0.409650
9756,9757,134.482411,0.478307
9757,9758,134.496194,0.499349
9758,9759,134.509977,0.501882
9759,9760,134.523761,0.444335
9760,9761,134.537544,0.428485
9761,9762,134.551327,0.442052
9762,9763,134.565110,0.488844
9763,9764,134.578893,0.500342
9764,9765,134.592676,0.551377
9765,9766,134.606460,0.380133
9766,9767,134.620243,0.460551
9767,9768,134.634026,0.426730
9768,9769,134.647809,0.416989
9769,9770,134.661592,0.482728
9770,9771,134.675375,0.492093
9771,9772,134.689159,0.576561
9772,9773,134.702942,0.454286
9773,9774,134.716725,0.458593
9774,9775,134.730508,0.528815
9775,9776,134.744291,0.417316
9776,9777,134.758074,0.478509
9777,9778,134.771858,0.463978
9778,9779,134.785641,0.444246
9779,9780,134.799424,0.519973
9780,9781,134.813207,0.483327
9781,9782,134.826990,0.497387
9782,9783,134.840774,0.466504
9783,9784,134.854557,0.460490
9784,9785,134.868340,0.479963
9785,9786,134.882123,0.438667
9786,9787,134.895906,0.388648
9787,9788,134.909689,0.496592
9788,9789,134.923473,0.478734
9789,9790,134.937256,0.432296
9790,9791,134.951039,0.458257
9791,9792,134.964822,0.435453
9792,9793,134.978605,0.474145
9793,9794,134.992388,0.511624
9794,9795,135.006172,0.419842
9795,9796,135.019955,0.458040
9796,9797,135.033738,0.370655
9797,9798,135.047521,0.546418
9798,9799,135.061304,0.458340
9799,9800,135.075087,0.570522
9800,9801,135.088871,0.399907
9801,9802,135.102654,0.516074
9802,9803,135.116437,0.444851
9803,9804,135.130220,0.426498
9804,9805,135.144003,0.481820
9805,9806,135.157786,0.470434
9806,9807,135.171570,0.466273
9807,9808,135.185353,0.554939
9808,9809,135.199136,0.495009
9809,9810,135.212919,0.513624
9810,9811,135.226702,0.484894
9811,9812,135.240485,0.510574
9812,9813,135.254269,0.468006
9813,9814,135.268052,0.434822
9814,9815,135.281835,0.442889
9815,9816,135.295618,0.526701
9816,9817,135.309401,0.494023
9817,9818,135.323185,0.515556
9818,9819,135.336968,0.424225
9819,9820,135.350751,0.434881
9820,9821,135.364534,0.432174
9821,9822,135.378317,0.382037
9822,9823,135.392100,0.461787
9823,9824,135.405884,0.424973
9824,9825,135.419667,0.537643
9825,9826,135.433450,0.475274
9826,9827,135.447233,0.422851
9827,9828,135.461016,0.419414
9828,9829,135.474799,0.502923
9829,9830,135.488583,0.386640
9830,9831,135.502366,0.482597
9831,9832,135.516149,0.455276
9832,9833,135.529932,0.463665
9833,9834,135.543715,0.436056
9834,9835,135.557498,0.375951
9835,9836,135.571282,0.482546
9836,9837,135.585065,0.368052
9837,9838,135.598848,0.492044
9838,9839,135.612631,0.458503
9839,9840,135.626414,0.501079
9840,9841,135.640197,0.450914
9841,9842,135.653981,0.510196
9842,9843,135.667764,0.484009
9843,9844,135.681547,0.466038
9844,9845,135.695330,0.476856
9845,9846,135.709113,0.435301
9846,9847,135.722897,0.410696
9847,9848,135.736680,0.434318
9848,9849,135.750463,0.540782
9849,9850,135.764246,0.432076
9850,9851,135.778029,0.440866
9851,9852,135.791812,0.514002
9852,9853,135.805596,0.495970
9853,9854,135.819379,0.461167
9854,9855,135.833162,0.482958
9855,9856,135.846945,0.477402
9856,9857,135.860728,0.443669
9857,9858,135.874511,0.435305
9858,9859,135.888295,0.456193
9859,9860,135.902078,0.430601
9860,9861,135.915861,0.490688
9861,9862,135.929644,0.502530
9862,9863,135.943427,0.423424
9863,9864,135.957210,0.447562
9864,9865,135.970994,0.484579
9865,9866,135.984777,0.403701
9866,9867,135.998560,0.411837
9867,9868,136.012343,0.416017
9868,9869,136.026126,0.540528
9869,9870,136.039909,0.483753
9870,9871,136.053693,0.394603
9871,9872,136.067476,0.451619
9872,9873,136.081259,0.451651
9873,9874,136.095042,0.433536
9874,9875,136.108825,0.448929
9875,9876,136.122609,0.433405
9876,9877,136.136392,0.501625
9877,9878,136.150175,0.508350
9878,9879,136.163958,0.448762
9879,9880,136.177741,0.492926
9880,9881,136.191524,0.440371
9881,9882,136.205308,0.388560
9882,9883,136.219091,0.409768
9883,9884,136.232874,0.465471
9884,9885,136.246657,0.438981
9885,9886,136.260440,0.467075
9886,9887,136.274223,0.448181
9887,9888,136.288007,0.486579
9888,9889,136.301790,0.465620
9889,9890,136.315573,0.440667
9890,9891,136.329356,0.397354
9891,9892,136.343139,0.536591
9892,9893,136.356922,0.412014
9893,9894,136.370706,0.463754
9894,9895,136.384489,0.497493
9895,9896,136.398272,0.411884
9896,9897,136.412055,0.537147
9897,9898,136.425838,0.401694
9898,9899,136.439621,0.430453
9899,9900,136.453405,0.466907
9900,9901,136.467188,0.400872
9901,9902,136.480971,0.488625
9902,9903,136.494754,0.421011
9903,9904,136.508537,0.417288
9904,9905,136.522321,0.429195
9905,9906,136.536104,0.469448
9906,9907,136.549887,0.456808
9907,9908,136.563670,0.493092
9908,9909,136.577453,0.412423
9909,9910,136.591236,0.460906
9910,9911,136.605020,0.401235
9911,9912,136.618803,0.399424
9912,9913,136.632586,0.384357
9913,9914,136.646369,0.432253
9914,9915,136.660152,0.432705
9915,9916,136.673935,0.417502
9916,9917,136.687719,0.473889
9917,9918,136.701502,0.419282
9918,9919,136.715285,0.476795
9919,9920,136.729068,0.406310
9920,9921,136.742851,0.391080
9921,9922,136.756634,0.520624
9922,9923,136.770418,0.458488
9923,9924,136.784201,0.424983
9924,9925,136.797984,0.419531
9925,9926,136.811767,0.431984
9926,9927,136.825550,0.496611
9927,9928,136.839333,0.485587
9928,9929,136.853117,0.381680
9929,9930,136.866900,0.452920
9930,9931,136.880683,0.458417
9931,9932,136.894466,0.350149
9932,9933,136.908249,0.431829
9933,9934,136.922033,0.473437
9934,9935,136.935816,0.389063
9935,9936,136.949599,0.471953
9936,9937,136.963382,0.467033
9937,9938,136.977165,0.389869
9938,9939,136.990948,0.445322
9939,9940,137.004732,0.507172
9940,9941,137.018515,0.366318
9941,9942,137.032298,0.421799
9942,9943,137.046081,0.472384
9943,9944,137.059864,0.399026
9944,9945,137.073647,0.468628
9945,9946,137.087431,0.489348
9946,9947,137.101214,0.446369
9947,9948,137.114997,0.474950
9948,9949,137.128780,0.470262
9949,9950,137.142563,0.471243
9950,9951,137.156346,0.452502
9951,9952,137.170130,0.409392
9952,9953,137.183913,0.484420
9953,9954,137.197696,0.435229
9954,9955,137.211479,0.425417
9955,9956,137.225262,0.339275
9956,9957,137.239045,0.509242
9957,9958,137.252829,0.353816
9958,9959,137.266612,0.387447
9959,9960,137.280395,0.478676
9960,9961,137.294178,0.378752
9961,9962,137.307961,0.439387
9962,9963,137.321744,0.337265
9963,9964,137.335528,0.460784
9964,9965,137.349311,0.515097
9965,9966,137.363094,0.485164
9966,9967,137.376877,0.501231
9967,9968,137.390660,0.465366
9968,9969,137.404444,0.401564
9969,9970,137.418227,0.459939
9970,9971,137.432010,0.395570
9971,9972,137.445793,0.433794
9972,9973,137.459576,0.426354
9973,9974,137.473359,0.469014
9974,9975,137.487143,0.411722
9975,9976,137.500926,0.407005
9976,9977,137.514709,0.483529
9977,9978,137.528492,0.424006
9978,9979,137.542275,0.452653
9979,9980,137.556058,0.462120
9980,9981,137.569842,0.405036
9981,9982,137.583625,0.351208
9982,9983,137.597408,0.396923
9983,9984,137.611191,0.379697
9984,9985,137.624974,0.433033
9985,9986,137.638757,0.469436
9986,9987,137.652541,0.417786
9987,9988,137.666324,0.501919
9988,9989,137.680107,0.479128
9989,9990,137.693890,0.398110
9990,9991,137.707673,0.438834
9991,9992,137.721456,0.490049
9992,9993,137.735240,0.423135
9993,9994,137.749023,0.496399
9994,9995,137.762806,0.321911
9995,9996,137.776589,0.390867
9996,9997,137.790372,0.421789
9997,9998,137.804156,0.427564
9998,9999,137.817939,0.378372
9999,10000,137.831722,0.460080
10000,10001,137.845505,0.435424
10001,10002,137.859288,0.423357
10002,10003,137.873071,0.457286
10003,10004,137.886855,0.474645
10004,10005,137.900638,0.379264
10005,10006,137.914421,0.464972
10006,10007,137.928204,0.488483
10007,10008,137.941987,0.424659
10008,10009,137.955770,0.545675
10009,10010,137.969554,0.423787
10010,10011,137.983337,0.417418
10011,10012,137.997120,0.492549
10012,10013,138.010903,0.492502
10013,10014,138.024686,0.386868
10014,10015,138.038469,0.471212
10015,10016,138.052253,0.480223
10016,10017,138.066036,0.500773
10017,10018,138.079819,0.439718
10018,10019,138.093602,0.446875
10019,10020,138.107385,0.430789
10020,10021,138.121168,0.478393
10021,10022,138.134952,0.441429
10022,10023,138.148735,0.469726
10023,10024,138.162518,0.417278
10024,10025,138.176301,0.423438
10025,10026,138.190084,0.471526
10026,10027,138.203868,0.387920
10027,10028,138.217651,0.447557
10028,10029,138.231434,0.450672
10029,10030,138.245217,0.424098
10030,10031,138.259000,0.497193
10031,10032,138.272783,0.457399
10032,10033,138.286567,0.468622
10033,10034,138.300350,0.447886
10034,10035,138.314133,0.425638
10035,10036,138.327916,0.410535
10036,10037,138.341699,0.451303
10037,10038,138.355482,0.443816
10038,10039,138.369266,0.387051
10039,10040,138.383049,0.355474
10040,10041,138.396832,0.476511
10041,10042,138.410615,0.357742
10042,10043,138.424398,0.423344
10043,10044,138.438181,0.424816
10044,10045,138.451965,0.463084
10045,10046,138.465748,0.465702
10046,10047,138.479531,0.459542
10047,10048,138.493314,0.414659
10048,10049,138.507097,0.477227
10049,10050,138.520880,0.476250
10050,10051,138.534664,0.440557
10051,10052,138.548447,0.409670
10052,10053,138.562230,0.435307
10053,10054,138.576013,0.435941
10054,10055,138.589796,0.445087
10055,10056,138.603580,0.390825
10056,10057,138.617363,0.439716
10057,10058,138.631146,0.470957
10058,10059,138.644929,0.509448
10059,10060,138.658712,0.490484
10060,10061,138.672495,0.485837
10061,10062,138.686279,0.542219
10062,10063,138.700062,0.422861
10063,10064,138.713845,0.440257
10064,10065,138.727628,0.500431
10065,10066,138.741411,0.491974
10066,10067,138.755194,0.417807
10067,10068,138.768978,0.465988
10068,10069,138.782761,0.486152
10069,10070,138.796544,0.462060
10070,10071,138.810327,0.407730
10071,10072,138.824110,0.422753
10072,10073,138.837893,0.404676
10073,10074,138.851677,0.416094
10074,10075,138.865460,0.448402
10075,10076,138.879243,0.415494
10076,10077,138.893026,0.409411
10077,10078,138.906809,0.375063
10078,10079,138.920592,0.477719
10079,10080,138.934376,0.513841
10080,10081,138.948159,0.416078
10081,10082,138.961942,0.448683
10082,10083,138.975725,0.458737
10083,10084,138.989508,0.417038
10084,10085,139.003292,0.471109
10085,10086,139.017075,0.464281
10086,10087,139.030858,0.434000
10087,10088,139.044641,0.440093
10088,10089,139.058424,0.492413
10089,10090,139.072207,0.469681
10090,10091,139.085991,0.411138
10091,10092,139.099774,0.447874
10092,10093,139.113557,0.472732
10093,10094,139.127340,0.410897
10094,10095,139.141123,0.434758
10095,10096,139.154906,0.412334
10096,10097,139.168690,0.500488
10097,10098,139.182473,0.408205
10098,10099,139.196256,0.463275
10099,10100,139.210039,0.460320
10100,10101,139.223822,0.477551
10101,10102,139.237605,0.480207
10102,10103,139.251389,0.383500
10103,10104,139.265172,0.518897
10104,10105,139.278955,0.465005
10105,10106,139.292738,0.403882
10106,10107,139.306521,0.431586
10107,10108,139.320304,0.475318
10108,10109,139.334088,0.421494
10109,10110,139.347871,0.440510
10110,10111,139.361654,0.376386
10111,10112,139.375437,0.410217
10112,10113,139.389220,0.435552
10113,10114,139.403003,0.502565
10114,10115,139.416787,0.441940
10115,10116,139.430570,0.504053
10116,10117,139.444353,0.510240
10117,10118,139.458136,0.340079
10118,10119,139.471919,0.406422
10119,10120,139.485703,0.414561
10120,10121,139.499486,0.459693
10121,10122,139.513269,0.475035
10122,10123,139.527052,0.470483
10123,10124,139.540835,0.395398
10124,10125,139.554618,0.529412
10125,10126,139.568402,0.505193
10126,10127,139.582185,0.492912
10127,10128,139.595968,0.448127
10128,10129,139.609751,0.423639
10129,10130,139.623534,0.496765
10130,10131,139.637317,0.535544
10131,10132,139.651101,0.430998
10132,10133,139.664884,0.417278
10133,10134,139.678667,0.364117
10134,10135,139.692450,0.534352
10135,10136,139.706233,0.435143
10136,10137,139.720016,0.477815
10137,10138,139.733800,0.445204
10138,10139,139.747583,0.437729
10139,10140,139.761366,0.530843
10140,10141,139.775149,0.470239
10141,10142,139.788932,0.466884
10142,10143,139.802715,0.439341
10143,10144,139.816499,0.433533
10144,10145,139.830282,0.424015
10145,10146,139.844065,0.464207
10146,10147,139.857848,0.468719
10147,10148,139.871631,0.448393
10148,10149,139.885415,0.470907
10149,10150,139.899198,0.437192
10150,10151,139.912981,0.451397
10151,10152,139.926764,0.406678
10152,10153,139.940547,0.479008
10153,10154,139.954330,0.473721
10154,10155,139.968114,0.358199
10155,10156,139.981897,0.363832
10156,10157,139.995680,0.513191
10157,10158,140.009463,0.457148
10158,10159,140.023246,0.437148
10159,10160,140.037029,0.442847
10160,10161,140.050813,0.407659
10161,10162,140.064596,0.429188
10162,10163,140.078379,0.502083
10163,10164,140.092162,0.461857
10164,10165,140.105945,0.439078
10165,10166,140.119728,0.410827
10166,10167,140.133512,0.442031
10167,10168,140.147295,0.421229
10168,10169,140.161078,0.409948
10169,10170,140.174861,0.381285
10170,10171,140.188644,0.474246
10171,10172,140.202427,0.480555
10172,10173,140.216211,0.495538
10173,10174,140.229994,0.448349
10174,10175,140.243777,0.474867
10175,10176,140.257560,0.445820
10176,10177,140.271343,0.455768
10177,10178,140.285127,0.422768
10178,10179,140.298910,0.453430
10179,10180,140.312693,0.500640
10180,10181,140.326476,0.449442
10181,10182,140.340259,0.438568
10182,10183,140.354042,0.425674
10183,10184,140.367826,0.421225
10184,10185,140.381609,0.434118
10185,10186,140.395392,0.388842
10186,10187,140.409175,0.437824
10187,10188,140.422958,0.392775
10188,10189,140.436741,0.481894
10189,10190,140.450525,0.447150
10190,10191,140.464308,0.456525
10191,10192,140.478091,0.504879
10192,10193,140.491874,0.464049
10193,10194,140.505657,0.512016
10194,10195,140.519440,0.473011
10195,10196,140.533224,0.429655
10196,10197,140.547007,0.451334
10197,10198,140.560790,0.481462
10198,10199,140.574573,0.443868
10199,10200,140.588356,0.413672
10200,10201,140.602139,0.445413
10201,10202,140.615923,0.386286
10202,10203,140.629706,0.456160
10203,10204,140.643489,0.442530
10204,10205,140.657272,0.434042
10205,10206,140.671055,0.455320
10206,10207,140.684839,0.454560
10207,10208,140.698622,0.406891
10208,10209,140.712405,0.519990
10209,10210,140.726188,0.377616
10210,10211,140.739971,0.410466
10211,10212,140.753754,0.375621
10212,10213,140.767538,0.465456
10213,10214,140.781321,0.435528
10214,10215,140.795104,0.435286
10215,10216,140.808887,0.491386
10216,10217,140.822670,0.503690
10217,10218,140.836453,0.505470
10218,10219,140.850237,0.404825
10219,10220,140.864020,0.477052
10220,10221,140.877803,0.361219
10221,10222,140.891586,0.424182
10222,10223,140.905369,0.373403
10223,10224,140.919152,0.422413
10224,10225,140.932936,0.422636
10225,10226,140.946719,0.524318
10226,10227,140.960502,0.389983
10227,10228,140.974285,0.452998
10228,10229,140.988068,0.404361
10229,10230,141.001851,0.414158
10230,10231,141.015635,0.394525
10231,10232,141.029418,0.514486
10232,10233,141.043201,0.396411
10233,10234,141.056984,0.453361
10234,10235,141.070767,0.421370
10235,10236,141.084551,0.433673
10236,10237,141.098334,0.432279
10237,10238,141.112117,0.395006
10238,10239,141.125900,0.402352
10239,10240,141.139683,0.429644
10240,10241,141.153466,0.404465
10241,10242,141.167250,0.456082
10242,10243,141.181033,0.507734
10243,10244,141.194816,0.345836
10244,10245,141.208599,0.433826
10245,10246,141.222382,0.503689
10246,10247,141.236165,0.455178
10247,10248,141.249949,0.470287
10248,10249,141.263732,0.399291
10249,10250,141.277515,0.495587
10250,10251,141.291298,0.417022
10251,10252,141.305081,0.497231
10252,10253,141.318864,0.464577
10253,10254,141.332648,0.493508
10254,10255,141.346431,0.421699
10255,10256,141.360214,0.429678
10256,10257,141.373997,0.375674
10257,10258,141.387780,0.493337
10258,10259,141.401563,0.483081
10259,10260,141.415347,0.381087
10260,10261,141.429130,0.518304
10261,10262,141.442913,0.479563
10262,10263,141.456696,0.437355
10263,10264,141.470479,0.410888
10264,10265,141.484262,0.451829
10265,10266,141.498046,0.412871
10266,10267,141.511829,0.335026
10267,10268,141.525612,0.439354
10268,10269,141.539395,0.367448
10269,10270,141.553178,0.414232
10270,10271,141.566962,0.393791
10271,10272,141.580745,0.421390
10272,10273,141.594528,0.410885
10273,10274,141.608311,0.509554
10274,10275,141.622094,0.362132
10275,10276,141.635877,0.387113
10276,10277,141.649661,0.461936
10277,10278,141.663444,0.433799
10278,10279,141.677227,0.398360
10279,10280,141.691010,0.428802
10280,10281,141.704793,0.482878
10281,10282,141.718576,0.478259
10282,10283,141.732360,0.482355
10283,10284,141.746143,0.515271
10284,10285,141.759926,0.520714
10285,10286,141.773709,0.358367
10286,10287,141.787492,0.412941
10287,10288,141.801275,0.438666
10288,10289,141.815059,0.442545
10289,10290,141.828842,0.389521
10290,10291,141.842625,0.420389
10291,10292,141.856408,0.410860
10292,10293,141.870191,0.536493
10293,10294,141.883974,0.438450
10294,10295,141.897758,0.486118
10295,10296,141.911541,0.428299
10296,10297,141.925324,0.454389
10297,10298,141.939107,0.460441
10298,10299,141.952890,0.448971
10299,10300,141.966674,0.557463
10300,10301,141.980457,0.472750
10301,10302,141.994240,0.387155
10302,10303,142.008023,0.376864
10303,10304,142.021806,0.435415
10304,10305,142.035589,0.477357
10305,10306,142.049373,0.424847
10306,10307,142.063156,0.429952
10307,10308,142.076939,0.462075
10308,10309,142.090722,0.453223
10309,10310,142.104505,0.422089
10310,10311,142.118288,0.439554
10311,10312,142.132072,0.438072
10312,10313,142.145855,0.424090
10313,10314,142.159638,0.398118
10314,10315,142.173421,0.421439
10315,10316,142.187204,0.447296
10316,10317,142.200987,0.422128
10317,10318,142.214771,0.531739
10318,10319,142.228554,0.488312
10319,10320,142.242337,0.426258
10320,10321,142.256120,0.500968
10321,10322,142.269903,0.393679
10322,10323,142.283686,0.492165
10323,10324,142.297470,0.405800
10324,10325,142.311253,0.407459
10325,10326,142.325036,0.511272
10326,10327,142.338819,0.407955
10327,10328,142.352602,0.432077
10328,10329,142.366386,0.435168
10329,10330,142.380169,0.521916
10330,10331,142.393952,0.401874
10331,10332,142.407735,0.428772
10332,10333,142.421518,0.455798
10333,10334,142.435301,0.413195
10334,10335,142.449085,0.390198
10335,10336,142.462868,0.499347
10336,10337,142.476651,0.500792
10337,10338,142.490434,0.435998
10338,10339,142.504217,0.493540
10339,10340,142.518000,0.461294
10340,10341,142.531784,0.428167
10341,10342,142.545567,0.535267
10342,10343,142.559350,0.457103
10343,10344,142.573133,0.473860
10344,10345,142.586916,0.357412
10345,10346,142.600699,0.387826
10346,10347,142.614483,0.370942
10347,10348,142.628266,0.477455
10348,10349,142.642049,0.494124
10349,10350,142.655832,0.413387
10350,10351,142.669615,0.406327
10351,10352,142.683398,0.431134
10352,10353,142.697182,0.452123
10353,10354,142.710965,0.447479
10354,10355,142.724748,0.486511
10355,10356,142.738531,0.524274
10356,10357,142.752314,0.442792
10357,10358,142.766098,0.462907
10358,10359,142.779881,0.405188
10359,10360,142.793664,0.439374
10360,10361,142.807447,0.351551
10361,10362,142.821230,0.393268
10362,10363,142.835013,0.527506
10363,10364,142.848797,0.442050
10364,10365,142.862580,0.436633
10365,10366,142.876363,0.406245
10366,10367,142.890146,0.430687
10367,10368,142.903929,0.426446
10368,10369,142.917712,0.409353
10369,10370,142.931496,0.550064
10370,10371,142.945279,0.412116
10371,10372,142.959062,0.454744
10372,10373,142.972845,0.520157
10373,10374,142.986628,0.534994
10374,10375,143.000411,0.440680
10375,10376,143.014195,0.468366
10376,10377,143.027978,0.399163
10377,10378,143.041761,0.434351
10378,10379,143.055544,0.427300
10379,10380,143.069327,0.438705
10380,10381,143.083110,0.417443
10381,10382,143.096894,0.389484
10382,10383,143.110677,0.455141
10383,10384,143.124460,0.513333
10384,10385,143.138243,0.488136
10385,10386,143.152026,0.401412
10386,10387,143.165810,0.455184
10387,10388,143.179593,0.541693
10388,10389,143.193376,0.438320
10389,10390,143.207159,0.409085
10390,10391,143.220942,0.511329
10391,10392,143.234725,0.481486
10392,10393,143.248509,0.439080
10393,10394,143.262292,0.478029
10394,10395,143.276075,0.434084
10395,10396,143.289858,0.444811
10396,10397,143.303641,0.441408
10397,10398,143.317424,0.385337
10398,10399,143.331208,0.442352
10399,10400,143.344991,0.401798
10400,10401,143.358774,0.429741
10401,10402,143.372557,0.474129
10402,10403,143.386340,0.470774
10403,10404,143.400123,0.461458
10404,10405,143.413907,0.436544
10405,10406,143.427690,0.444030
10406,10407,143.441473,0.502841
10407,10408,143.455256,0.470840
10408,10409,143.469039,0.443420
10409,10410,143.482822,0.416602
10410,10411,143.496606,0.495289
10411,10412,143.510389,0.467454
10412,10413,143.524172,0.426148
10413,10414,143.537955,0.447864
10414,10415,143.551738,0.422649
10415,10416,143.565521,0.400527
10416,10417,143.579305,0.490848
10417,10418,143.593088,0.441676
10418,10419,143.606871,0.411099
10419,10420,143.620654,0.463387
10420,10421,143.634437,0.446645
10421,10422,143.648221,0.391492
10422,10423,143.662004,0.458947
10423,10424,143.675787,0.467733
10424,10425,143.689570,0.431507
10425,10426,143.703353,0.491444
10426,10427,143.717136,0.470161
10427,10428,143.730920,0.493426
10428,10429,143.744703,0.576735
10429,10430,143.758486,0.444111
10430,10431,143.772269,0.485009
10431,10432,143.786052,0.515765
10432,10433,143.799835,0.340750
10433,10434,143.813619,0.480832
10434,10435,143.827402,0.444215
10435,10436,143.841185,0.377642
10436,10437,143.854968,0.490410
10437,10438,143.868751,0.402170
10438,10439,143.882534,0.412502
10439,10440,143.896318,0.465269
10440,10441,143.910101,0.520761
10441,10442,143.923884,0.393399
10442,10443,143.937667,0.401655
10443,10444,143.951450,0.471297
10444,10445,143.965233,0.531978
10445,10446,143.979017,0.423462
10446,10447,143.992800,0.435506
10447,10448,144.006583,0.517730
10448,10449,144.020366,0.442524
10449,10450,144.034149,0.461929
10450,10451,144.047933,0.407955
10451,10452,144.061716,0.517342
10452,10453,144.075499,0.490100
10453,10454,144.089282,0.417105
10454,10455,144.103065,0.390977
10455,10456,144.116848,0.449594
10456,10457,144.130632,0.498889
10457,10458,144.144415,0.480513
10458,10459,144.158198,0.459211
10459,10460,144.171981,0.459505
10460,10461,144.185764,0.385951
10461,10462,144.199547,0.460528
10462,10463,144.213331,0.458823
10463,10464,144.227114,0.437542
10464,10465,144.240897,0.419124
10465,10466,144.254680,0.458495
10466,10467,144.268463,0.450021
10467,10468,144.282246,0.474809
10468,10469,144.296030,0.410961
10469,10470,144.309813,0.412177
10470,10471,144.323596,0.515878
10471,10472,144.337379,0.431888
10472,10473,144.351162,0.498007
10473,10474,144.364945,0.423246
10474,10475,144.378729,0.416127
10475,10476,144.392512,0.439119
10476,10477,144.406295,0.429233
10477,10478,144.420078,0.473091
10478,10479,144.433861,0.468727
10479,10480,144.447645,0.482892
10480,10481,144.461428,0.450238
10481,10482,144.475211,0.458873
10482,10483,144.488994,0.431026
10483,10484,144.502777,0.493027
10484,10485,144.516560,0.473442
10485,10486,144.530344,0.490246
10486,10487,144.544127,0.443523
10487,10488,144.557910,0.384649
10488,10489,144.571693,0.490313
10489,10490,144.585476,0.435125
10490,10491,144.599259,0.452884
10491,10492,144.613043,0.426244
10492,10493,144.626826,0.434660
10493,10494,144.640609,0.464391
10494,10495,144.654392,0.395319
10495,10496,144.668175,0.462353
10496,10497,144.681958,0.481669
10497,10498,144.695742,0.483248
10498,10499,144.709525,0.431971
10499,10500,144.723308,0.518051
10500,10501,144.737091,0.502708
10501,10502,144.750874,0.467317
10502,10503,144.764657,0.431121
10503,10504,144.778441,0.471234
10504,10505,144.792224,0.422179
10505,10506,144.806007,0.533682
10506,10507,144.819790,0.516173
10507,10508,144.833573,0.441109
10508,10509,144.847357,0.409166
10509,10510,144.861140,0.497112
10510,10511,144.874923,0.463443
10511,10512,144.888706,0.426704
10512,10513,144.902489,0.459911
10513,10514,144.916272,0.409379
10514,10515,144.930056,0.362365
10515,10516,144.943839,0.378494
10516,10517,144.957622,0.445788
10517,10518,144.971405,0.385823
10518,10519,144.985188,0.415289
10519,10520,144.998971,0.389016
10520,10521,145.012755,0.509418
10521,10522,145.026538,0.394173
10522,10523,145.040321,0.510039
10523,10524,145.054104,0.467606
10524,10525,145.067887,0.410045
10525,10526,145.081670,0.499686
10526,10527,145.095454,0.473396
10527,10528,145.109237,0.446225
10528,10529,145.123020,0.459053
10529,10530,145.136803,0.501145
10530,10531,145.150586,0.455341
10531,10532,145.164369,0.425389
10532,10533,145.178153,0.506289
10533,10534,145.191936,0.493769
10534,10535,145.205719,0.410460
10535,10536,145.219502,0.436498
10536,10537,145.233285,0.435498
10537,10538,145.247069,0.445908
10538,10539,145.260852,0.360719
10539,10540,145.274635,0.448876
10540,10541,145.288418,0.445084
10541,10542,145.302201,0.549768
10542,10543,145.315984,0.438144
10543,10544,145.329768,0.483243
10544,10545,145.343551,0.528203
10545,10546,145.357334,0.418880
10546,10547,145.371117,0.415487
10547,10548,145.384900,0.500387
10548,10549,145.398683,0.385539
10549,10550,145.412467,0.412359
10550,10551,145.426250,0.423095
10551,10552,145.440033,0.453925
10552,10553,145.453816,0.438022
10553,10554,145.467599,0.357540
10554,10555,145.481382,0.362480
10555,10556,145.495166,0.368805
10556,10557,145.508949,0.436632
10557,10558,145.522732,0.518430
10558,10559,145.536515,0.441483
10559,10560,145.550298,0.380951
10560,10561,145.564081,0.492491
10561,10562,145.577865,0.479220
10562,10563,145.591648,0.457530
10563,10564,145.605431,0.408281
10564,10565,145.619214,0.467451
10565,10566,145.632997,0.443435
10566,10567,145.646780,0.518866
10567,10568,145.660564,0.435868
10568,10569,145.674347,0.456492
10569,10570,145.688130,0.419364
10570,10571,145.701913,0.415662
10571,10572,145.715696,0.514650
10572,10573,145.729480,0.435802
10573,10574,145.743263,0.521865
10574,10575,145.757046,0.466079
10575,10576,145.770829,0.394266
10576,10577,145.784612,0.422220
10577,10578,145.798395,0.419966
10578,10579,145.812179,0.456052
10579,10580,145.825962,0.348247
10580,10581,145.839745,0.449526
10581,10582,145.853528,0.413251
10582,10583,145.867311,0.433398
10583,10584,145.881094,0.408067
10584,10585,145.894878,0.419294
10585,10586,145.908661,0.454929
10586,10587,145.922444,0.431271
10587,10588,145.936227,0.413759
10588,10589,145.950010,0.433978
10589,10590,145.963793,0.447660
10590,10591,145.977577,0.352800
10591,10592,145.991360,0.464352
10592,10593,146.005143,0.515557
10593,10594,146.018926,0.490868
10594,10595,146.032709,0.502194
10595,10596,146.046492,0.487572
10596,10597,146.060276,0.428615
10597,10598,146.074059,0.458189
10598,10599,146.087842,0.506415
10599,10600,146.101625,0.416681
10600,10601,146.115408,0.413692
10601,10602,146.129192,0.482921
10602,10603,146.142975,0.445101
10603,10604,146.156758,0.398758
10604,10605,146.170541,0.430041
10605,10606,146.184324,0.414091
10606,10607,146.198107,0.400306
10607,10608,146.211891,0.381805
10608,10609,146.225674,0.420313
10609,10610,146.239457,0.427747
10610,10611,146.253240,0.477396
10611,10612,146.267023,0.381082
10612,10613,146.280806,0.439525
10613,10614,146.294590,0.383567
10614,10615,146.308373,0.411533
10615,10616,146.322156,0.474628
10616,10617,146.335939,0.501637
10617,10618,146.349722,0.414360
10618,10619,146.363505,0.501722
10619,10620,146.377289,0.423340
10620,10621,146.391072,0.494541
10621,10622,146.404855,0.364748
10622,10623,146.418638,0.458751
10623,10624,146.432421,0.392552
10624,10625,146.446204,0.420605
10625,10626,146.459988,0.407600
10626,10627,146.473771,0.444567
10627,10628,146.487554,0.403539
10628,10629,146.501337,0.463292
10629,10630,146.515120,0.416981
10630,10631,146.528904,0.447439
10631,10632,146.542687,0.514802
10632,10633,146.556470,0.460842
10633,10634,146.570253,0.452814
10634,10635,146.584036,0.402573
10635,10636,146.597819,0.461148
10636,10637,146.611603,0.452612
10637,10638,146.625386,0.464156
10638,10639,146.639169,0.410811
10639,10640,146.652952,0.380669
10640,10641,146.666735,0.389536
10641,10642,146.680518,0.464937
10642,10643,146.694302,0.441957
10643,10644,146.708085,0.463829
10644,10645,146.721868,0.410290
10645,10646,146.735651,0.473768
10646,10647,146.749434,0.462646
10647,10648,146.763217,0.482766
10648,10649,146.777001,0.479565
10649,10650,146.790784,0.481973
10650,10651,146.804567,0.460594
10651,10652,146.818350,0.449709
10652,10653,146.832133,0.454309
10653,10654,146.845916,0.476913
10654,10655,146.859700,0.493598
10655,10656,146.873483,0.513521
10656,10657,146.887266,0.465046
10657,10658,146.901049,0.357007
10658,10659,146.914832,0.435920
10659,10660,146.928616,0.439569
10660,10661,146.942399,0.447767
10661,10662,146.956182,0.462680
10662,10663,146.969965,0.443333
10663,10664,146.983748,0.507281
10664,10665,146.997531,0.448981
10665,10666,147.011315,0.458397
10666,10667,147.025098,0.412190
10667,10668,147.038881,0.475336
10668,10669,147.052664,0.506253
10669,10670,147.066447,0.433530
10670,10671,147.080230,0.412677
10671,10672,147.094014,0.417737
10672,10673,147.107797,0.513665
10673,10674,147.121580,0.436444
10674,10675,147.135363,0.435198
10675,10676,147.149146,0.418566
10676,10677,147.162929,0.460931
10677,10678,147.176713,0.469380
10678,10679,147.190496,0.447152
10679,10680,147.204279,0.446631
10680,10681,147.218062,0.394673
10681,10682,147.231845,0.430594
10682,10683,147.245628,0.462808
10683,10684,147.259412,0.389684
10684,10685,147.273195,0.441243
10685,10686,147.286978,0.485345
10686,10687,147.300761,0.382981
10687,10688,147.314544,0.413731
10688,10689,147.328328,0.501887
10689,10690,147.342111,0.452164
10690,10691,147.355894,0.451934
10691,10692,147.369677,0.507486
10692,10693,147.383460,0.492006
10693,10694,147.397243,0.407768
10694,10695,147.411027,0.445029
10695,10696,147.424810,0.409890
10696,10697,147.438593,0.455622
10697,10698,147.452376,0.439092
10698,10699,147.466159,0.419600
10699,10700,147.479942,0.493922
10700,10701,147.493726,0.529396
10701,10702,147.507509,0.445455
10702,10703,147.521292,0.433627
10703,10704,147.535075,0.398799
10704,10705,147.548858,0.445051
10705,10706,147.562641,0.476478
10706,10707,147.576425,0.391514
10707,10708,147.590208,0.513818
10708,10709,147.603991,0.502292
10709,10710,147.617774,0.487451
10710,10711,147.631557,0.419083
10711,10712,147.645340,0.433322
10712,10713,147.659124,0.393933
10713,10714,147.672907,0.528083
10714,10715,147.686690,0.390415
10715,10716,147.700473,0.448201
10716,10717,147.714256,0.479625
10717,10718,147.728039,0.451660
10718,10719,147.741823,0.480229
10719,10720,147.755606,0.466225
10720,10721,147.769389,0.455691
10721,10722,147.783172,0.392366
10722,10723,147.796955,0.438095
10723,10724,147.810739,0.479402
10724,10725,147.824522,0.407405
10725,10726,147.838305,0.500215
10726,10727,147.852088,0.391157
10727,10728,147.865871,0.428209
10728,10729,147.879654,0.377728
10729,10730,147.893438,0.448699
10730,10731,147.907221,0.415487
10731,10732,147.921004,0.467246
10732,10733,147.934787,0.387146
10733,10734,147.948570,0.453779
10734,10735,147.962353,0.503956
10735,10736,147.976137,0.420186
10736,10737,147.989920,0.459494
10737,10738,148.003703,0.420670
10738,10739,148.017486,0.421138
10739,10740,148.031269,0.441409
10740,10741,148.045052,0.413941
10741,10742,148.058836,0.361020
10742,10743,148.072619,0.433158
10743,10744,148.086402,0.426664
10744,10745,148.100185,0.575315
10745,10746,148.113968,0.569315
10746,10747,148.127751,0.402195
10747,10748,148.141535,0.533977
10748,10749,148.155318,0.399976
10749,10750,148.169101,0.449057
10750,10751,148.182884,0.348279
10751,10752,148.196667,0.436735
10752,10753,148.210451,0.400439
10753,10754,148.224234,0.354985
10754,10755,148.238017,0.406336
10755,10756,148.251800,0.419483
10756,10757,148.265583,0.455014
10757,10758,148.279366,0.458412
10758,10759,148.293150,0.458687
10759,10760,148.306933,0.450950
10760,10761,148.320716,0.469581
10761,10762,148.334499,0.482874
10762,10763,148.348282,0.449904
10763,10764,148.362065,0.569368
10764,10765,148.375849,0.445243
10765,10766,148.389632,0.409385
10766,10767,148.403415,0.455672
10767,10768,148.417198,0.477431
10768,10769,148.430981,0.508344
10769,10770,148.444764,0.418377
10770,10771,148.458548,0.458062
10771,10772,148.472331,0.397021
10772,10773,148.486114,0.483024
10773,10774,148.499897,0.363595
10774,10775,148.513680,0.429894
10775,10776,148.527463,0.383380
10776,10777,148.541247,0.440427
10777,10778,148.555030,0.417254
10778,10779,148.568813,0.475525
10779,10780,148.582596,0.480257
10780,10781,148.596379,0.447171
10781,10782,148.610163,0.410867
10782,10783,148.623946,0.397314
10783,10784,148.637729,0.462099
10784,10785,148.651512,0.467484
10785,10786,148.665295,0.443093
10786,10787,148.679078,0.393787
10787,10788,148.692862,0.419372
10788,10789,148.706645,0.448929
10789,10790,148.720428,0.429814
10790,10791,148.734211,0.476792
10791,10792,148.747994,0.543048
10792,10793,148.761777,0.439350
10793,10794,148.775561,0.402652
10794,10795,148.789344,0.432198
10795,10796,148.803127,0.478761
10796,10797,148.816910,0.419940
10797,10798,148.830693,0.431637
10798,10799,148.844476,0.401221
10799,10800,148.858260,0.509633
10800,10801,148.872043,0.453622
10801,10802,148.885826,0.465824
10802,10803,148.899609,0.480305
10803,10804,148.913392,0.525284
10804,10805,148.927175,0.443594
10805,10806,148.940959,0.510935
10806,10807,148.954742,0.487344
10807,10808,148.968525,0.510045
10808,10809,148.982308,0.419475
10809,10810,148.996091,0.491358
10810,10811,149.009875,0.400126
10811,10812,149.023658,0.547657
10812,10813,149.037441,0.531034
10813,10814,149.051224,0.460358
10814,10815,149.065007,0.456198
10815,10816,149.078790,0.445754
10816,10817,149.092574,0.437220
10817,10818,149.106357,0.487824
10818,10819,149.120140,0.419199
10819,10820,149.133923,0.413337
10820,10821,149.147706,0.417859
10821,10822,149.161489,0.402699
10822,10823,149.175273,0.453910
10823,10824,149.189056,0.376369
10824,10825,149.202839,0.474353
10825,10826,149.216622,0.442844
10826,10827,149.230405,0.495251
10827,10828,149.244188,0.380228
10828,10829,149.257972,0.392502
10829,10830,149.271755,0.432080
10830,10831,149.285538,0.415914
10831,10832,149.299321,0.462275
10832,10833,149.313104,0.467771
10833,10834,149.326887,0.405434
10834,10835,149.340671,0.406598
10835,10836,149.354454,0.434284
10836,10837,149.368237,0.470785
10837,10838,149.382020,0.368672
10838,10839,149.395803,0.413209
10839,10840,149.409587,0.532680
10840,10841,149.423370,0.483614
10841,10842,149.437153,0.401773
10842,10843,149.450936,0.485662
10843,10844,149.464719,0.442585
10844,10845,149.478502,0.467218
10845,10846,149.492286,0.419984
10846,10847,149.506069,0.395785
10847,10848,149.519852,0.429734
10848,10849,149.533635,0.407439
10849,10850,149.547418,0.449030
10850,10851,149.561201,0.481319
10851,10852,149.574985,0.481981
10852,10853,149.588768,0.383723
10853,10854,149.602551,0.495071
10854,10855,149.616334,0.445686
10855,10856,149.630117,0.363460
10856,10857,149.643900,0.477809
10857,10858,149.657684,0.510280
10858,10859,149.671467,0.452919
10859,10860,149.685250,0.455902
10860,10861,149.699033,0.424183
10861,10862,149.712816,0.507406
10862,10863,149.726599,0.352990
10863,10864,149.740383,0.428142
10864,10865,149.754166,0.445680
10865,10866,149.767949,0.410604
10866,10867,149.781732,0.483848
10867,10868,149.795515,0.473354
10868,10869,149.809298,0.434626
10869,10870,149.823082,0.405958
10870,10871,149.836865,0.416696
10871,10872,149.850648,0.521264
10872,10873,149.864431,0.410901
10873,10874,149.878214,0.425890
10874,10875,149.891998,0.552634
10875,10876,149.905781,0.491840
10876,10877,149.919564,0.508733
10877,10878,149.933347,0.409757
10878,10879,149.947130,0.539349
10879,10880,149.960913,0.428428
10880,10881,149.974697,0.459903
10881,10882,149.988480,0.399261
10882,10883,150.002263,0.453819
10883,10884,150.016046,0.415431
10884,10885,150.029829,0.467256
10885,10886,150.043612,0.450822
10886,10887,150.057396,0.434191
10887,10888,150.071179,0.478269
10888,10889,150.084962,0.403912
10889,10890,150.098745,0.409678
10890,10891,150.112528,0.449216
10891,10892,150.126311,0.361211
10892,10893,150.140095,0.434693
10893,10894,150.153878,0.413136
10894,10895,150.167661,0.467923
10895,10896,150.181444,0.379219
10896,10897,150.195227,0.527260
10897,10898,150.209010,0.379507
10898,10899,150.222794,0.378798
10899,10900,150.236577,0.409828
10900,10901,150.250360,0.414741
10901,10902,150.264143,0.482796
10902,10903,150.277926,0.485673
10903,10904,150.291710,0.384606
10904,10905,150.305493,0.476886
10905,10906,150.319276,0.459796
10906,10907,150.333059,0.423765
10907,10908,150.346842,0.424443
10908,10909,150.360625,0.447404
10909,10910,150.374409,0.494072
10910,10911,150.388192,0.427585
10911,10912,150.401975,0.447983
10912,10913,150.415758,0.475533
10913,10914,150.429541,0.385852
10914,10915,150.443324,0.407489
10915,10916,150.457108,0.501775
10916,10917,150.470891,0.479580
10917,10918,150.484674,0.452782
10918,10919,150.498457,0.406834
10919,10920,150.512240,0.492627
10920,10921,150.526023,0.433104
10921,10922,150.539807,0.403972
10922,10923,150.553590,0.484415
10923,10924,150.567373,0.451084
10924,10925,150.581156,0.489070
10925,10926,150.594939,0.421195
10926,10927,150.608722,0.504164
10927,10928,150.622506,0.491693
10928,10929,150.636289,0.414808
10929,10930,150.650072,0.511597
10930,10931,150.663855,0.495759
10931,10932,150.677638,0.463825
10932,10933,150.691422,0.494643
10933,10934,150.705205,0.478862
10934,10935,150.718988,0.403167
10935,10936,150.732771,0.493497
10936,10937,150.746554,0.401286
10937,10938,150.760337,0.448399
10938,10939,150.774121,0.514402
10939,10940,150.787904,0.385568
10940,10941,150.801687,0.530468
10941,10942,150.815470,0.439200
10942,10943,150.829253,0.434905
10943,10944,150.843036,0.419164
10944,10945,150.856820,0.484227
10945,10946,150.870603,0.394856
10946,10947,150.884386,0.418319
10947,10948,150.898169,0.423411
10948,10949,150.911952,0.429763
10949,10950,150.925735,0.420893
10950,10951,150.939519,0.396059
10951,10952,150.953302,0.423040
10952,10953,150.967085,0.431133
10953,10954,150.980868,0.443005
10954,10955,150.994651,0.448056
10955,10956,151.008434,0.457869
10956,10957,151.022218,0.517038
10957,10958,151.036001,0.496126
10958,10959,151.049784,0.419729
10959,10960,151.063567,0.417440
10960,10961,151.077350,0.445473
10961,10962,151.091134,0.446973
10962,10963,151.104917,0.428315
10963,10964,151.118700,0.469037
10964,10965,151.132483,0.484832
10965,10966,151.146266,0.453554
10966,10967,151.160049,0.438509
10967,10968,151.173833,0.524494
10968,10969,151.187616,0.387003
10969,10970,151.201399,0.433773
10970,10971,151.215182,0.484626
10971,10972,151.228965,0.460092
10972,10973,151.242748,0.416148
10973,10974,151.256532,0.381407
10974,10975,151.270315,0.455490
10975,10976,151.284098,0.436506
10976,10977,151.297881,0.420141
10977,10978,151.311664,0.449586
10978,10979,151.325447,0.389024
10979,10980,151.339231,0.462420
10980,10981,151.353014,0.474599
10981,10982,151.366797,0.524004
10982,10983,151.380580,0.485844
10983,10984,151.394363,0.401750
10984,10985,151.408146,0.427690
10985,10986,151.421930,0.434123
10986,10987,151.435713,0.529112
10987,10988,151.449496,0.479304
10988,10989,151.463279,0.388924
10989,10990,151.477062,0.463232
10990,10991,151.490846,0.393140
10991,10992,151.504629,0.407327
10992,10993,151.518412,0.464876
10993,10994,151.532195,0.414706
10994,10995,151.545978,0.539406
10995,10996,151.559761,0.462080
10996,10997,151.573545,0.467787
10997,10998,151.587328,0.448910
10998,10999,151.601111,0.408117
10999,11000,151.614894,0.420724
11000,11001,151.628677,0.384221
11001,11002,151.642460,0.440070
11002,11003,151.656244,0.449529
11003,11004,151.670027,0.414529
11004,11005,151.683810,0.427475
11005,11006,151.697593,0.432960
11006,11007,151.711376,0.516589
11007,11008,151.725159,0.485427
11008,11009,151.738943,0.416887
11009,11010,151.752726,0.436881
11010,11011,151.766509,0.479599
11011,11012,151.780292,0.440016
11012,11013,151.794075,0.506828
11013,11014,151.807858,0.496111
11014,11015,151.821642,0.444667
11015,11016,151.835425,0.469535
11016,11017,151.849208,0.396773
11017,11018,151.862991,0.345661
11018,11019,151.876774,0.442441
11019,11020,151.890557,0.473271
11020,11021,151.904341,0.437767
11021,11022,151.918124,0.439554
11022,11023,151.931907,0.389025
11023,11024,151.945690,0.412461
11024,11025,151.959473,0.425484
11025,11026,151.973257,0.444815
11026,11027,151.987040,0.457864
11027,11028,152.000823,0.441280
11028,11029,152.014606,0.481637
11029,11030,152.028389,0.496184
11030,11031,152.042172,0.469477
11031,11032,152.055956,0.508376
11032,11033,152.069739,0.426370
11033,11034,152.083522,0.422711
11034,11035,152.097305,0.445503
11035,11036,152.111088,0.475491
11036,11037,152.124871,0.432638
11037,11038,152.138655,0.395682
11038,11039,152.152438,0.412198
11039,11040,152.166221,0.527827
11040,11041,152.180004,0.432689
11041,11042,152.193787,0.385412
11042,11043,152.207570,0.489265
11043,11044,152.221354,0.468273
11044,11045,152.235137,0.572652
11045,11046,152.248920,0.422925
11046,11047,152.262703,0.385483
11047,11048,152.276486,0.472413
11048,11049,152.290269,0.443128
11049,11050,152.304053,0.391569
11050,11051,152.317836,0.432882
11051,11052,152.331619,0.461000
11052,11053,152.345402,0.508241
11053,11054,152.359185,0.444779
11054,11055,152.372969,0.412397
11055,11056,152.386752,0.412481
11056,11057,152.400535,0.387202
11057,11058,152.414318,0.455519
11058,11059,152.428101,0.422959
11059,11060,152.441884,0.458832
11060,11061,152.455668,0.395221
11061,11062,152.469451,0.376301
11062,11063,152.483234,0.429706
11063,11064,152.497017,0.468035
11064,11065,152.510800,0.420108
11065,11066,152.524583,0.398278
11066,11067,152.538367,0.474048
11067,11068,152.552150,0.560352
11068,11069,152.565933,0.418750
11069,11070,152.579716,0.417353
11070,11071,152.593499,0.404918
11071,11072,152.607282,0.426678
11072,11073,152.621066,0.427281
11073,11074,152.634849,0.394524
11074,11075,152.648632,0.508597
11075,11076,152.662415,0.426591
11076,11077,152.676198,0.350883
11077,11078,152.689981,0.354952
11078,11079,152.703765,0.479672
11079,11080,152.717548,0.451744
11080,11081,152.731331,0.483733
11081,11082,152.745114,0.502779
11082,11083,152.758897,0.436317
11083,11084,152.772681,0.410640
11084,11085,152.786464,0.414585
11085,11086,152.800247,0.395152
11086,11087,152.814030,0.474582
11087,11088,152.827813,0.420765
11088,11089,152.841596,0.458082
11089,11090,152.855380,0.443528
11090,11091,152.869163,0.418722
11091,11092,152.882946,0.537092
11092,11093,152.896729,0.415281
11093,11094,152.910512,0.396897
11094,11095,152.924295,0.411032
11095,11096,152.938079,0.469696
11096,11097,152.951862,0.531781
11097,11098,152.965645,0.427556
11098,11099,152.979428,0.444213
11099,11100,152.993211,0.447097
11100,11101,153.006994,0.408305
11101,11102,153.020778,0.403019
11102,11103,153.034561,0.437966
11103,11104,153.048344,0.511117
11104,11105,153.062127,0.454867
11105,11106,153.075910,0.439057
11106,11107,153.089693,0.542495
11107,11108,153.103477,0.405004
11108,11109,153.117260,0.456824
11109,11110,153.131043,0.409598
11110,11111,153.144826,0.434461
11111,11112,153.158609,0.458002
11112,11113,153.172393,0.427572
11113,11114,153.186176,0.438565
11114,11115,153.199959,0.477705
11115,11116,153.213742,0.494432
11116,11117,153.227525,0.425498
11117,11118,153.241308,0.421842
11118,11119,153.255092,0.462892
11119,11120,153.268875,0.459121
11120,11121,153.282658,0.429217
11121,11122,153.296441,0.528416
11122,11123,153.310224,0.454213
11123,11124,153.324007,0.386916
11124,11125,153.337791,0.505292
11125,11126,153.351574,0.491372
11126,11127,153.365357,0.407524
11127,11128,153.379140,0.407774
11128,11129,153.392923,0.376734
11129,11130,153.406706,0.467865
11130,11131,153.420490,0.456854
11131,11132,153.434273,0.417260
11132,11133,153.448056,0.422470
11133,11134,153.461839,0.421976
11134,11135,153.475622,0.405587
11135,11136,153.489405,0.469687
11136,11137,153.503189,0.391938
11137,11138,153.516972,0.441652
11138,11139,153.530755,0.398488
11139,11140,153.544538,0.400326
11140,11141,153.558321,0.483876
11141,11142,153.572105,0.444818
11142,11143,153.585888,0.449567
11143,11144,153.599671,0.434788
11144,11145,153.613454,0.366318
11145,11146,153.627237,0.401811
11146,11147,153.641020,0.436251
11147,11148,153.654804,0.416256
11148,11149,153.668587,0.404991
11149,11150,153.682370,0.385980
11150,11151,153.696153,0.398151
11151,11152,153.709936,0.386993
11152,11153,153.723719,0.386286
11153,11154,153.737503,0.475848
11154,11155,153.751286,0.438682
11155,11156,153.765069,0.389565
11156,11157,153.778852,0.434972
11157,11158,153.792635,0.374379
11158,11159,153.806418,0.385293
11159,11160,153.820202,0.446788
11160,11161,153.833985,0.461806
11161,11162,153.847768,0.411283
11162,11163,153.861551,0.392568
11163,11164,153.875334,0.514174
11164,11165,153.889117,0.456816
11165,11166,153.902901,0.421670
11166,11167,153.916684,0.429589
11167,11168,153.930467,0.412289
11168,11169,153.944250,0.429700
11169,11170,153.958033,0.421668
11170,11171,153.971816,0.416760
11171,11172,153.985600,0.410111
11172,11173,153.999383,0.484113
11173,11174,154.013166,0.397655
11174,11175,154.026949,0.526774
11175,11176,154.040732,0.402857
11176,11177,154.054516,0.423564
11177,11178,154.068299,0.414967
11178,11179,154.082082,0.441429
11179,11180,154.095865,0.407170
11180,11181,154.109648,0.415003
11181,11182,154.123431,0.433377
11182,11183,154.137215,0.359364
11183,11184,154.150998,0.463887
11184,11185,154.164781,0.532319
11185,11186,154.178564,0.498062
11186,11187,154.192347,0.470433
11187,11188,154.206130,0.420627
11188,11189,154.219914,0.428746
11189,11190,154.233697,0.391662
11190,11191,154.247480,0.524752
11191,11192,154.261263,0.507410
11192,11193,154.275046,0.495150
11193,11194,154.288829,0.414459
11194,11195,154.302613,0.452527
11195,11196,154.316396,0.473237
11196,11197,154.330179,0.431136
11197,11198,154.343962,0.377466
11198,11199,154.357745,0.399609
11199,11200,154.371528,0.450190
11200,11201,154.385312,0.415952
11201,11202,154.399095,0.467491
11202,11203,154.412878,0.506453
11203,11204,154.426661,0.461706
11204,11205,154.440444,0.373610
11205,11206,154.454228,0.386118
11206,11207,154.468011,0.411651
11207,11208,154.481794,0.404701
11208,11209,154.495577,0.475067
11209,11210,154.509360,0.405824
11210,11211,154.523143,0.450294
11211,11212,154.536927,0.440725
11212,11213,154.550710,0.436765
11213,11214,154.564493,0.356055
11214,11215,154.578276,0.461729
11215,11216,154.592059,0.413896
11216,11217,154.605842,0.375248
11217,11218,154.619626,0.403801
11218,11219,154.633409,0.436530
11219,11220,154.647192,0.394460
11220,11221,154.660975,0.456764
11221,11222,154.674758,0.377770
11222,11223,154.688541,0.364551
11223,11224,154.702325,0.468404
11224,11225,154.716108,0.419957
11225,11226,154.729891,0.451948
11226,11227,154.743674,0.509941
11227,11228,154.757457,0.378495
11228,11229,154.771240,0.394763
11229,11230,154.785024,0.410787
11230,11231,154.798807,0.514704
11231,11232,154.812590,0.370566
11232,11233,154.826373,0.502145
11233,11234,154.840156,0.447662
11234,11235,154.853940,0.448210
11235,11236,154.867723,0.447111
11236,11237,154.881506,0.446775
11237,11238,154.895289,0.427436
11238,11239,154.909072,0.449361
11239,11240,154.922855,0.404013
11240,11241,154.936639,0.547842
11241,11242,154.950422,0.448040
11242,11243,154.964205,0.495908
11243,11244,154.977988,0.513310
11244,11245,154.991771,0.460099
11245,11246,155.005554,0.500194
11246,11247,155.019338,0.380002
11247,11248,155.033121,0.393474
11248,11249,155.046904,0.461442
11249,11250,155.060687,0.440270
11250,11251,155.074470,0.444916
11251,11252,155.088253,0.469649
11252,11253,155.102037,0.439527
11253,11254,155.115820,0.403555
11254,11255,155.129603,0.499571
11255,11256,155.143386,0.477120
11256,11257,155.157169,0.425654
11257,11258,155.170952,0.477406
11258,11259,155.184736,0.411754
11259,11260,155.198519,0.426246
11260,11261,155.212302,0.467571
11261,11262,155.226085,0.518371
11262,11263,155.239868,0.514584
11263,11264,155.253652,0.493537
11264,11265,155.267435,0.460595
11265,11266,155.281218,0.424221
11266,11267,155.295001,0.479217
11267,11268,155.308784,0.425763
11268,11269,155.322567,0.436521
11269,11270,155.336351,0.470757
11270,11271,155.350134,0.497381
11271,11272,155.363917,0.380718
11272,11273,155.377700,0.459003
11273,11274,155.391483,0.434220
11274,11275,155.405266,0.487485
11275,11276,155.419050,0.487719
11276,11277,155.432833,0.452126
11277,11278,155.446616,0.469471
11278,11279,155.460399,0.532783
11279,11280,155.474182,0.487282
11280,11281,155.487965,0.471812
11281,11282,155.501749,0.418693
11282,11283,155.515532,0.421312
11283,11284,155.529315,0.405342
11284,11285,155.543098,0.462006
11285,11286,155.556881,0.404150
11286,11287,155.570664,0.405660
11287,11288,155.584448,0.565510
11288,11289,155.598231,0.446133
11289,11290,155.612014,0.401945
11290,11291,155.625797,0.440893
11291,11292,155.639580,0.399395
11292,11293,155.653364,0.434507
11293,11294,155.667147,0.475401
11294,11295,155.680930,0.445407
11295,11296,155.694713,0.487327
11296,11297,155.708496,0.437694
11297,11298,155.722279,0.493763
11298,11299,155.736063,0.455023
11299,11300,155.749846,0.418136
11300,11301,155.763629,0.454787
11301,11302,155.777412,0.477163
11302,11303,155.791195,0.456897
11303,11304,155.804978,0.427059
11304,11305,155.818762,0.505530
11305,11306,155.832545,0.410918
11306,11307,155.846328,0.460653
11307,11308,155.860111,0.465443
11308,11309,155.873894,0.480061
11309,11310,155.887677,0.517143
11310,11311,155.901461,0.393220
11311,11312,155.915244,0.418340
11312,11313,155.929027,0.404900
11313,11314,155.942810,0.486886
11314,11315,155.956593,0.425247
11315,11316,155.970376,0.488747
11316,11317,155.984160,0.440628
11317,11318,155.997943,0.491243
11318,11319,156.011726,0.414146
11319,11320,156.025509,0.407097
11320,11321,156.039292,0.417759
11321,11322,156.053075,0.445880
11322,11323,156.066859,0.412562
11323,11324,156.080642,0.485852
11324,11325,156.094425,0.458426
11325,11326,156.108208,0.425659
11326,11327,156.121991,0.452190
11327,11328,156.135775,0.390883
11328,11329,156.149558,0.441924
11329,11330,156.163341,0.434641
11330,11331,156.177124,0.435550
11331,11332,156.190907,0.508428
11332,11333,156.204690,0.409067
11333,11334,156.218474,0.439321
11334,11335,156.232257,0.456562
11335,11336,156.246040,0.419088
11336,11337,156.259823,0.419483
11337,11338,156.273606,0.447680
11338,11339,156.287389,0.500341
11339,11340,156.301173,0.459607
11340,11341,156.314956,0.400343
11341,11342,156.328739,0.453699
11342,11343,156.342522,0.445136
11343,11344,156.356305,0.428619
11344,11345,156.370088,0.448186
11345,11346,156.383872,0.496581
11346,11347,156.397655,0.485621
11347,11348,156.411438,0.412892
11348,11349,156.425221,0.550881
11349,11350,156.439004,0.456463
11350,11351,156.452787,0.420040
11351,11352,156.466571,0.510779
11352,11353,156.480354,0.501131
11353,11354,156.494137,0.436086
11354,11355,156.507920,0.440921
11355,11356,156.521703,0.481210
11356,11357,156.535487,0.477462
11357,11358,156.549270,0.479009
11358,11359,156.563053,0.468788
11359,11360,156.576836,0.438948
11360,11361,156.590619,0.459835
11361,11362,156.604402,0.476046
11362,11363,156.618186,0.421614
11363,11364,156.631969,0.467377
11364,11365,156.645752,0.471367
11365,11366,156.659535,0.496204
11366,11367,156.673318,0.398355
11367,11368,156.687101,0.472085
11368,11369,156.700885,0.518708
11369,11370,156.714668,0.413079
11370,11371,156.728451,0.499010
11371,11372,156.742234,0.397614
11372,11373,156.756017,0.406520
11373,11374,156.769800,0.511445
11374,11375,156.783584,0.464756
11375,11376,156.797367,0.360277
11376,11377,156.811150,0.434747
11377,11378,156.824933,0.477076
11378,11379,156.838716,0.415802
11379,11380,156.852499,0.468021
11380,11381,156.866283,0.436911
11381,11382,156.880066,0.473073
11382,11383,156.893849,0.398213
11383,11384,156.907632,0.415019
11384,11385,156.921415,0.509233
11385,11386,156.935199,0.428070
11386,11387,156.948982,0.481856
11387,11388,156.962765,0.427019
11388,11389,156.976548,0.567186
11389,11390,156.990331,0.428861
11390,11391,157.004114,0.412889
11391,11392,157.017898,0.412833
11392,11393,157.031681,0.359815
11393,11394,157.045464,0.401210
11394,11395,157.059247,0.375805
11395,11396,157.073030,0.423610
11396,11397,157.086813,0.501795
11397,11398,157.100597,0.393262
11398,11399,157.114380,0.442212
11399,11400,157.128163,0.439166
11400,11401,157.141946,0.461250
11401,11402,157.155729,0.385250
11402,11403,157.169512,0.490876
11403,11404,157.183296,0.434360
11404,11405,157.197079,0.489239
11405,11406,157.210862,0.408624
11406,11407,157.224645,0.443483
11407,11408,157.238428,0.397616
11408,11409,157.252211,0.404716
11409,11410,157.265995,0.458480
11410,11411,157.279778,0.471496
11411,11412,157.293561,0.405235
11412,11413,157.307344,0.464778
11413,11414,157.321127,0.453572
11414,11415,157.334911,0.465194
11415,11416,157.348694,0.438173
11416,11417,157.362477,0.369899
11417,11418,157.376260,0.426310
11418,11419,157.390043,0.450680
11419,11420,157.403826,0.476779
11420,11421,157.417610,0.489784
11421,11422,157.431393,0.458009
11422,11423,157.445176,0.432296
11423,11424,157.458959,0.471219
11424,11425,157.472742,0.536369
11425,11426,157.486525,0.494809
11426,11427,157.500309,0.443183
11427,11428,157.514092,0.399408
11428,11429,157.527875,0.527590
11429,11430,157.541658,0.467769
11430,11431,157.555441,0.436781
11431,11432,157.569224,0.470698
11432,11433,157.583008,0.454271
11433,11434,157.596791,0.453503
11434,11435,157.610574,0.421788
11435,11436,157.624357,0.450689
11436,11437,157.638140,0.434395
11437,11438,157.651923,0.444769
11438,11439,157.665707,0.460159
11439,11440,157.679490,0.419361
11440,11441,157.693273,0.407934
11441,11442,157.707056,0.466337
11442,11443,157.720839,0.468577
11443,11444,157.734623,0.448663
11444,11445,157.748406,0.471407
11445,11446,157.762189,0.513154
11446,11447,157.775972,0.428311
11447,11448,157.789755,0.380574
11448,11449,157.803538,0.476361
11449,11450,157.817322,0.461967
11450,11451,157.831105,0.462888
11451,11452,157.844888,0.427205
11452,11453,157.858671,0.471217
11453,11454,157.872454,0.454731
11454,11455,157.886237,0.436429
11455,11456,157.900021,0.394477
11456,11457,157.913804,0.453110
11457,11458,157.927587,0.438796
11458,11459,157.941370,0.418323
11459,11460,157.955153,0.406998
11460,11461,157.968936,0.521333
11461,11462,157.982720,0.499069
11462,11463,157.996503,0.440698
11463,11464,158.010286,0.479123
11464,11465,158.024069,0.410136
11465,11466,158.037852,0.414153
11466,11467,158.051635,0.517256
11467,11468,158.065419,0.368250
11468,11469,158.079202,0.461735
11469,11470,158.092985,0.401037
11470,11471,158.106768,0.504097
11471,11472,158.120551,0.406594
11472,11473,158.134334,0.427585
11473,11474,158.148118,0.359166
11474,11475,158.161901,0.516975
11475,11476,158.175684,0.480738
11476,11477,158.189467,0.447128
11477,11478,158.203250,0.383485
11478,11479,158.217034,0.465271
11479,11480,158.230817,0.443011
11480,11481,158.244600,0.502754
11481,11482,158.258383,0.413037
11482,11483,158.272166,0.479391
11483,11484,158.285949,0.423645
11484,11485,158.299733,0.427724
11485,11486,158.313516,0.409921
11486,11487,158.327299,0.421390
11487,11488,158.341082,0.473988
11488,11489,158.354865,0.465007
11489,11490,158.368648,0.462287
11490,11491,158.382432,0.401222
11491,11492,158.396215,0.424568
11492,11493,158.409998,0.494782
11493,11494,158.423781,0.383868
11494,11495,158.437564,0.400713
11495,11496,158.451347,0.449852
11496,11497,158.465131,0.413844
11497,11498,158.478914,0.399410
11498,11499,158.492697,0.461168
11499,11500,158.506480,0.540064
11500,11501,158.520263,0.475100
11501,11502,158.534046,0.387098
11502,11503,158.547830,0.439460
11503,11504,158.561613,0.414737
11504,11505,158.575396,0.397153
11505,11506,158.589179,0.472991
11506,11507,158.602962,0.426554
11507,11508,158.616746,0.448745
11508,11509,158.630529,0.348821
11509,11510,158.644312,0.510588
11510,11511,158.658095,0.391522
11511,11512,158.671878,0.564094
11512,11513,158.685661,0.417250
11513,11514,158.699445,0.484085
11514,11515,158.713228,0.431692
11515,11516,158.727011,0.408661
11516,11517,158.740794,0.416897
11517,11518,158.754577,0.421299
11518,11519,158.768360,0.426390
11519,11520,158.782144,0.485037
11520,11521,158.795927,0.426985
11521,11522,158.809710,0.372750
11522,11523,158.823493,0.459698
11523,11524,158.837276,0.419742
11524,11525,158.851059,0.425125
11525,11526,158.864843,0.479185
11526,11527,158.878626,0.442434
11527,11528,158.892409,0.404640
11528,11529,158.906192,0.425685
11529,11530,158.919975,0.358356
11530,11531,158.933758,0.486346
11531,11532,158.947542,0.398536
11532,11533,158.961325,0.437055
11533,11534,158.975108,0.393494
11534,11535,158.988891,0.408554
11535,11536,159.002674,0.439113
11536,11537,159.016458,0.475563
11537,11538,159.030241,0.482013
11538,11539,159.044024,0.482023
11539,11540,159.057807,0.433585
11540,11541,159.071590,0.391241
11541,11542,159.085373,0.451793
11542,11543,159.099157,0.449612
11543,11544,159.112940,0.403946
11544,11545,159.126723,0.422840
11545,11546,159.140506,0.449951
11546,11547,159.154289,0.440162
11547,11548,159.168072,0.443443
11548,11549,159.181856,0.433977
11549,11550,159.195639,0.559195
11550,11551,159.209422,0.466969
11551,11552,159.223205,0.458559
11552,11553,159.236988,0.416376
11553,11554,159.250771,0.439574
11554,11555,159.264555,0.459163
11555,11556,159.278338,0.481179
11556,11557,159.292121,0.431540
11557,11558,159.305904,0.471471
11558,11559,159.319687,0.460387
11559,11560,159.333470,0.415174
11560,11561,159.347254,0.490246
11561,11562,159.361037,0.473539
11562,11563,159.374820,0.524718
11563,11564,159.388603,0.413507
11564,11565,159.402386,0.363371
11565,11566,159.416170,0.370646
11566,11567,159.429953,0.494895
11567,11568,159.443736,0.408547
11568,11569,159.457519,0.420681
11569,11570,159.471302,0.394803
11570,11571,159.485085,0.471485
11571,11572,159.498869,0.422408
11572,11573,159.512652,0.490194
11573,11574,159.526435,0.444889
11574,11575,159.540218,0.409211
11575,11576,159.554001,0.535085
11576,11577,159.567784,0.445380
11577,11578,159.581568,0.474685
11578,11579,159.595351,0.400507
11579,11580,159.609134,0.437721
11580,11581,159.622917,0.437835
11581,11582,159.636700,0.427645
11582,11583,159.650483,0.402710
11583,11584,159.664267,0.429886
11584,11585,159.678050,0.461369
11585,11586,159.691833,0.373419
11586,11587,159.705616,0.379045
11587,11588,159.719399,0.513227
11588,11589,159.733182,0.421324
11589,11590,159.746966,0.442483
11590,11591,159.760749,0.428386
11591,11592,159.774532,0.467008
11592,11593,159.788315,0.475792
11593,11594,159.802098,0.416686
11594,11595,159.815882,0.384969
11595,11596,159.829665,0.418064
11596,11597,159.843448,0.350874
11597,11598,159.857231,0.391618
11598,11599,159.871014,0.464885
11599,11600,159.884797,0.524407
11600,11601,159.898581,0.585547
11601,11602,159.912364,0.488363
11602,11603,159.926147,0.484199
11603,11604,159.939930,0.532004
11604,11605,159.953713,0.521131
11605,11606,159.967496,0.386072
11606,11607,159.981280,0.423566
11607,11608,159.995063,0.392255
11608,11609,160.008846,0.516309
11609,11610,160.022629,0.454578
11610,11611,160.036412,0.431436
11611,11612,160.050195,0.446190
11612,11613,160.063979,0.420740
11613,11614,160.077762,0.472648
11614,11615,160.091545,0.510381
11615,11616,160.105328,0.432581
11616,11617,160.119111,0.426519
11617,11618,160.132894,0.396520
11618,11619,160.146678,0.474915
11619,11620,160.160461,0.440404
11620,11621,160.174244,0.514170
11621,11622,160.188027,0.386938
11622,11623,160.201810,0.436345
11623,11624,160.215593,0.429625
11624,11625,160.229377,0.392898
11625,11626,160.243160,0.377382
11626,11627,160.256943,0.381848
11627,11628,160.270726,0.437491
11628,11629,160.284509,0.429250
11629,11630,160.298293,0.450051
11630,11631,160.312076,0.447078
11631,11632,160.325859,0.498508
11632,11633,160.339642,0.457574
11633,11634,160.353425,0.486071
11634,11635,160.367208,0.469545
11635,11636,160.380992,0.359315
11636,11637,160.394775,0.466212
11637,11638,160.408558,0.375550
11638,11639,160.422341,0.442667
11639,11640,160.436124,0.412106
11640,11641,160.449907,0.436234
11641,11642,160.463691,0.444777
11642,11643,160.477474,0.475132
11643,11644,160.491257,0.457263
11644,11645,160.505040,0.432153
11645,11646,160.518823,0.409070
11646,11647,160.532606,0.474391
11647,11648,160.546390,0.434289
11648,11649,160.560173,0.454248
11649,11650,160.573956,0.446960
11650,11651,160.587739,0.443403
11651,11652,160.601522,0.413208
11652,11653,160.615305,0.399784
11653,11654,160.629089,0.463699
11654,11655,160.642872,0.455583
11655,11656,160.656655,0.466651
11656,11657,160.670438,0.404188
11657,11658,160.684221,0.400232
11658,11659,160.698005,0.534969
11659,11660,160.711788,0.489216
11660,11661,160.725571,0.449915
11661,11662,160.739354,0.464953
11662,11663,160.753137,0.404802
11663,11664,160.766920,0.444429
11664,11665,160.780704,0.434988
11665,11666,160.794487,0.475868
11666,11667,160.808270,0.466862
11667,11668,160.822053,0.412545
11668,11669,160.835836,0.445151
11669,11670,160.849619,0.374095
11670,11671,160.863403,0.461461
11671,11672,160.877186,0.373612
11672,11673,160.890969,0.435326
11673,11674,160.904752,0.484023
11674,11675,160.918535,0.432802
11675,11676,160.932318,0.530366
11676,11677,160.946102,0.470786
11677,11678,160.959885,0.475499
11678,11679,160.973668,0.538445
11679,11680,160.987451,0.399042
11680,11681,161.001234,0.428584
11681,11682,161.015017,0.464518
11682,11683,161.028801,0.405339
11683,11684,161.042584,0.524246
11684,11685,161.056367,0.418879
11685,11686,161.070150,0.415754
11686,11687,161.083933,0.470911
11687,11688,161.097717,0.360529
11688,11689,161.111500,0.401519
11689,11690,161.125283,0.430107
11690,11691,161.139066,0.545451
11691,11692,161.152849,0.499428
11692,11693,161.166632,0.538148
11693,11694,161.180416,0.386430
11694,11695,161.194199,0.438146
11695,11696,161.207982,0.494586
11696,11697,161.221765,0.459087
11697,11698,161.235548,0.474245
11698,11699,161.249331,0.510290
11699,11700,161.263115,0.524471
11700,11701,161.276898,0.413047
11701,11702,161.290681,0.530873
11702,11703,161.304464,0.493410
11703,11704,161.318247,0.447656
11704,11705,161.332030,0.415226
11705,11706,161.345814,0.395626
11706,11707,161.359597,0.406957
11707,11708,161.373380,0.510422
11708,11709,161.387163,0.476293
11709,11710,161.400946,0.442667
11710,11711,161.414729,0.481167
11711,11712,161.428513,0.354946
11712,11713,161.442296,0.451561
11713,11714,161.456079,0.507728
11714,11715,161.469862,0.451086
11715,11716,161.483645,0.449685
11716,11717,161.497429,0.358066
11717,11718,161.511212,0.431269
11718,11719,161.524995,0.439723
11719,11720,161.538778,0.476898
11720,11721,161.552561,0.412583
11721,11722,161.566344,0.460521
11722,11723,161.580128,0.392727
11723,11724,161.593911,0.433956
11724,11725,161.607694,0.462310
11725,11726,161.621477,0.423473
11726,11727,161.635260,0.423317
11727,11728,161.649043,0.530255
11728,11729,161.662827,0.441566
11729,11730,161.676610,0.409405
11730,11731,161.690393,0.415032
11731,11732,161.704176,0.465072
11732,11733,161.717959,0.401497
11733,11734,161.731742,0.396401
11734,11735,161.745526,0.494629
11735,11736,161.759309,0.447048
11736,11737,161.773092,0.413673
11737,11738,161.786875,0.435766
11738,11739,161.800658,0.428983
11739,11740,161.814441,0.429148
11740,11741,161.828225,0.486008
11741,11742,161.842008,0.413528
11742,11743,161.855791,0.496764
11743,11744,161.869574,0.393980
11744,11745,161.883357,0.423682
11745,11746,161.897141,0.451417
11746,11747,161.910924,0.498061
11747,11748,161.924707,0.394104
11748,11749,161.938490,0.478172
11749,11750,161.952273,0.465365
11750,11751,161.966056,0.396692
11751,11752,161.979840,0.471514
11752,11753,161.993623,0.399752
11753,11754,162.007406,0.425157
11754,11755,162.021189,0.433499
11755,11756,162.034972,0.434311
11756,11757,162.048755,0.434912
11757,11758,162.062539,0.417992
11758,11759,162.076322,0.415342
11759,11760,162.090105,0.417009
11760,11761,162.103888,0.464161
11761,11762,162.117671,0.472470
11762,11763,162.131454,0.479159
11763,11764,162.145238,0.338511
11764,11765,162.159021,0.480461
11765,11766,162.172804,0.464828
11766,11767,162.186587,0.343618
11767,11768,162.200370,0.435350
11768,11769,162.214153,0.494338
11769,11770,162.227937,0.484777
11770,11771,162.241720,0.418206
11771,11772,162.255503,0.480853
11772,11773,162.269286,0.433781
11773,11774,162.283069,0.464158
11774,11775,162.296852,0.450780
11775,11776,162.310636,0.435585
11776,11777,162.324419,0.404555
11777,11778,162.338202,0.429235
11778,11779,162.351985,0.456190
11779,11780,162.365768,0.485254
11780,11781,162.379552,0.428848
11781,11782,162.393335,0.494939
11782,11783,162.407118,0.440961
11783,11784,162.420901,0.395135
11784,11785,162.434684,0.439661
11785,11786,162.448467,0.456179
11786,11787,162.462251,0.464186
11787,11788,162.476034,0.449217
11788,11789,162.489817,0.445576
11789,11790,162.503600,0.480968
11790,11791,162.517383,0.355205
11791,11792,162.531166,0.442151
11792,11793,162.544950,0.402849
11793,11794,162.558733,0.435572
11794,11795,162.572516,0.460519
11795,11796,162.586299,0.463622
11796,11797,162.600082,0.442172
11797,11798,162.613865,0.450830
11798,11799,162.627649,0.491266
11799,11800,162.641432,0.431725
11800,11801,162.655215,0.391983
11801,11802,162.668998,0.437111
11802,11803,162.682781,0.440288
11803,11804,162.696564,0.484160
11804,11805,162.710348,0.519317
11805,11806,162.724131,0.439177
11806,11807,162.737914,0.472631
11807,11808,162.751697,0.445978
11808,11809,162.765480,0.448154
11809,11810,162.779264,0.476121
11810,11811,162.793047,0.448247
11811,11812,162.806830,0.431853
11812,11813,162.820613,0.462419
11813,11814,162.834396,0.442658
11814,11815,162.848179,0.513991
11815,11816,162.861963,0.543317
11816,11817,162.875746,0.519107
11817,11818,162.889529,0.378071
11818,11819,162.903312,0.438912
11819,11820,162.917095,0.404368
11820,11821,162.930878,0.507076
11821,11822,162.944662,0.451189
11822,11823,162.958445,0.505215
11823,11824,162.972228,0.492922
11824,11825,162.986011,0.481729
11825,11826,162.999794,0.403087
11826,11827,163.013577,0.425691
11827,11828,163.027361,0.404221
11828,11829,163.041144,0.455184
11829,11830,163.054927,0.446745
11830,11831,163.068710,0.497930
11831,11832,163.082493,0.448711
11832,11833,163.096276,0.427169
11833,11834,163.110060,0.449237
11834,11835,163.123843,0.488733
11835,11836,163.137626,0.478909
11836,11837,163.151409,0.486598
