frame_index,frame_number_1based,integrated_time_s,raw_std
0,1,0.013783,0.365019
1,2,0.027566,0.429061
2,3,0.041350,0.508615
3,4,0.055133,0.427187
4,5,0.068916,0.421448
5,6,0.082699,0.409083
6,7,0.096482,0.454459
7,8,0.110265,0.510939
8,9,0.124049,0.530538
9,10,0.137832,0.417810
10,11,0.151615,0.463656
11,12,0.165398,0.452055
12,13,0.179181,0.419858
13,14,0.192964,0.499838
14,15,0.206748,0.466002
15,16,0.220531,0.409967
16,17,0.234314,0.397676
17,18,0.248097,0.388079
18,19,0.261880,0.405494
19,20,0.275663,0.484085
20,21,0.289447,0.438663
21,22,0.303230,0.432558
22,23,0.317013,0.378154
23,24,0.330796,0.473077
24,25,0.344579,0.424270
25,26,0.358362,0.462276
26,27,0.372146,0.472094
27,28,0.385929,0.430596
28,29,0.399712,0.388986
29,30,0.413495,0.373438
30,31,0.427278,0.438684
31,32,0.441062,0.408693
32,33,0.454845,0.440610
33,34,0.468628,0.529791
34,35,0.482411,0.426615
35,36,0.496194,0.373936
36,37,0.509977,0.455901
37,38,0.523761,0.421591
38,39,0.537544,0.445887
39,40,0.551327,0.502201
40,41,0.565110,0.416385
41,42,0.578893,0.440003
42,43,0.592676,0.431128
43,44,0.606460,0.457343
44,45,0.620243,0.431366
45,46,0.634026,0.463333
46,47,0.647809,0.491339
47,48,0.661592,0.372369
48,49,0.675375,0.432979
49,50,0.689159,0.450473
50,51,0.702942,0.383767
51,52,0.716725,0.517148
52,53,0.730508,0.460707
53,54,0.744291,0.371215
54,55,0.758074,0.484512
55,56,0.771858,0.481377
56,57,0.785641,0.465363
57,58,0.799424,0.465011
58,59,0.813207,0.411836
59,60,0.826990,0.448929
60,61,0.840774,0.376594
61,62,0.854557,0.473025
62,63,0.868340,0.502629
63,64,0.882123,0.416447
64,65,0.895906,0.419051
65,66,0.909689,0.380260
66,67,0.923473,0.401131
67,68,0.937256,0.459174
68,69,0.951039,0.439334
69,70,0.964822,0.360888
70,71,0.978605,0.520706
71,72,0.992388,0.412621
72,73,1.006172,0.434866
73,74,1.019955,0.521014
74,75,1.033738,0.398772
75,76,1.047521,0.461493
76,77,1.061304,0.417021
77,78,1.075087,0.472209
78,79,1.088871,0.421636
79,80,1.102654,0.443579
80,81,1.116437,0.456645
81,82,1.130220,0.410396
82,83,1.144003,0.469389
83,84,1.157786,0.447324
84,85,1.171570,0.397916
85,86,1.185353,0.420540
86,87,1.199136,0.364846
87,88,1.212919,0.394603
88,89,1.226702,0.425523
89,90,1.240485,0.436573
90,91,1.254269,0.419310
91,92,1.268052,0.451906
92,93,1.281835,0.419452
93,94,1.295618,0.394783
94,95,1.309401,0.506778
95,96,1.323185,0.415030
96,97,1.336968,0.519769
97,98,1.350751,0.378955
98,99,1.364534,0.418818
99,100,1.378317,0.438543
100,101,1.392100,0.494094
101,102,1.405884,0.487050
102,103,1.419667,0.420985
103,104,1.433450,0.501533
104,105,1.447233,0.466212
105,106,1.461016,0.357417
106,107,1.474799,0.480672
107,108,1.488583,0.464562
108,109,1.502366,0.383685
109,110,1.516149,0.390238
110,111,1.529932,0.469370
111,112,1.543715,0.432126
112,113,1.557498,0.453196
113,114,1.571282,0.441853
114,115,1.585065,0.454800
115,116,1.598848,0.504958
116,117,1.612631,0.524101
117,118,1.626414,0.407841
118,119,1.640197,0.442104
119,120,1.653981,0.458300
120,121,1.667764,0.414312
121,122,1.681547,0.397793
122,123,1.695330,0.464642
123,124,1.709113,0.399378
124,125,1.722897,0.405629
125,126,1.736680,0.429693
126,127,1.750463,0.454431
127,128,1.764246,0.487828
128,129,1.778029,0.506524
129,130,1.791812,0.483942
130,131,1.805596,0.399999
131,132,1.819379,0.545279
132,133,1.833162,0.474971
133,134,1.846945,0.447744
134,135,1.860728,0.419312
135,136,1.874511,0.436053
136,137,1.888295,0.457780
137,138,1.902078,0.476833
138,139,1.915861,0.428865
139,140,1.929644,0.385974
140,141,1.943427,0.414685
141,142,1.957210,0.409863
142,143,1.970994,0.369576
143,144,1.984777,0.467068
144,145,1.998560,0.472868
145,146,2.012343,0.430469
146,147,2.026126,0.372367
147,148,2.039909,0.431506
148,149,2.053693,0.336412
149,150,2.067476,0.422710
150,151,2.081259,0.438926
151,152,2.095042,0.546160
152,153,2.108825,0.429971
153,154,2.122609,0.463145
154,155,2.136392,0.402492
155,156,2.150175,0.400737
156,157,2.163958,0.468689
157,158,2.177741,0.425186
158,159,2.191524,0.435430
159,160,2.205308,0.498996
160,161,2.219091,0.431701
161,162,2.232874,0.494067
162,163,2.246657,0.378949
163,164,2.260440,0.400697
164,165,2.274223,0.406310
165,166,2.288007,0.461328
166,167,2.301790,0.492969
167,168,2.315573,0.397080
168,169,2.329356,0.455185
169,170,2.343139,0.473778
170,171,2.356922,0.370955
171,172,2.370706,0.452174
172,173,2.384489,0.470411
173,174,2.398272,0.446877
174,175,2.412055,0.487956
175,176,2.425838,0.429667
176,177,2.439621,0.424904
177,178,2.453405,0.459451
178,179,2.467188,0.493959
179,180,2.480971,0.380130
180,181,2.494754,0.303281
181,182,2.508537,0.457947
182,183,2.522321,0.396549
183,184,2.536104,0.439785
184,185,2.549887,0.416561
185,186,2.563670,0.454518
186,187,2.577453,0.420494
187,188,2.591236,0.502533
188,189,2.605020,0.393500
189,190,2.618803,0.502280
190,191,2.632586,0.385266
191,192,2.646369,0.411576
192,193,2.660152,0.399784
193,194,2.673935,0.421899
194,195,2.687719,0.466545
195,196,2.701502,0.439087
196,197,2.715285,0.429467
197,198,2.729068,0.411597
198,199,2.742851,0.480297
199,200,2.756634,0.419593
200,201,2.770418,0.476286
201,202,2.784201,0.462402
202,203,2.797984,0.458867
203,204,2.811767,0.455340
204,205,2.825550,0.416937
205,206,2.839333,0.507711
206,207,2.853117,0.433847
207,208,2.866900,0.400610
208,209,2.880683,0.450579
209,210,2.894466,0.430057
210,211,2.908249,0.483507
211,212,2.922033,0.476694
212,213,2.935816,0.460653
213,214,2.949599,0.457750
214,215,2.963382,0.392479
215,216,2.977165,0.422977
216,217,2.990948,0.426376
217,218,3.004732,0.463770
218,219,3.018515,0.490808
219,220,3.032298,0.421162
220,221,3.046081,0.498566
221,222,3.059864,0.500350
222,223,3.073647,0.455797
223,224,3.087431,0.450423
224,225,3.101214,0.488706
225,226,3.114997,0.430910
226,227,3.128780,0.512277
227,228,3.142563,0.373292
228,229,3.156346,0.450964
229,230,3.170130,0.493063
230,231,3.183913,0.409991
231,232,3.197696,0.453500
232,233,3.211479,0.466717
233,234,3.225262,0.434945
234,235,3.239045,0.463039
235,236,3.252829,0.417692
236,237,3.266612,0.373760
237,238,3.280395,0.391824
238,239,3.294178,0.381917
239,240,3.307961,0.414379
240,241,3.321744,0.431816
241,242,3.335528,0.458569
242,243,3.349311,0.388509
243,244,3.363094,0.448972
244,245,3.376877,0.488773
245,246,3.390660,0.407304
246,247,3.404444,0.385531
247,248,3.418227,0.437802
248,249,3.432010,0.509475
249,250,3.445793,0.532759
250,251,3.459576,0.421999
251,252,3.473359,0.427467
252,253,3.487143,0.479556
253,254,3.500926,0.401208
254,255,3.514709,0.443949
255,256,3.528492,0.440919
256,257,3.542275,0.420141
257,258,3.556058,0.459258
258,259,3.569842,0.399088
259,260,3.583625,0.447148
260,261,3.597408,0.409890
261,262,3.611191,0.406787
262,263,3.624974,0.436109
263,264,3.638757,0.442353
264,265,3.652541,0.427673
265,266,3.666324,0.392787
266,267,3.680107,0.405077
267,268,3.693890,0.514045
268,269,3.707673,0.425290
269,270,3.721456,0.456521
270,271,3.735240,0.526914
271,272,3.749023,0.369262
272,273,3.762806,0.440659
273,274,3.776589,0.466133
274,275,3.790372,0.381382
275,276,3.804156,0.448877
276,277,3.817939,0.479427
277,278,3.831722,0.496919
278,279,3.845505,0.498747
279,280,3.859288,0.395574
280,281,3.873071,0.444387
281,282,3.886855,0.380634
282,283,3.900638,0.408017
283,284,3.914421,0.347447
284,285,3.928204,0.406462
285,286,3.941987,0.417547
286,287,3.955770,0.396350
287,288,3.969554,0.382049
288,289,3.983337,0.397295
289,290,3.997120,0.459539
290,291,4.010903,0.508543
291,292,4.024686,0.416806
292,293,4.038469,0.404020
293,294,4.052253,0.441751
294,295,4.066036,0.420230
295,296,4.079819,0.374273
296,297,4.093602,0.461055
297,298,4.107385,0.418194
298,299,4.121168,0.445853
299,300,4.134952,0.382959
300,301,4.148735,0.434305
301,302,4.162518,0.486493
302,303,4.176301,0.410356
303,304,4.190084,0.456725
304,305,4.203868,0.331556
305,306,4.217651,0.436903
306,307,4.231434,0.448880
307,308,4.245217,0.420280
308,309,4.259000,0.424990
309,310,4.272783,0.457523
310,311,4.286567,0.439653
311,312,4.300350,0.443797
312,313,4.314133,0.446595
313,314,4.327916,0.464343
314,315,4.341699,0.442110
315,316,4.355482,0.451837
316,317,4.369266,0.376155
317,318,4.383049,0.375041
318,319,4.396832,0.433881
319,320,4.410615,0.415301
320,321,4.424398,0.461709
321,322,4.438181,0.455902
322,323,4.451965,0.380473
323,324,4.465748,0.548487
324,325,4.479531,0.444686
325,326,4.493314,0.496290
326,327,4.507097,0.447290
327,328,4.520880,0.480154
328,329,4.534664,0.519188
329,330,4.548447,0.455910
330,331,4.562230,0.474981
331,332,4.576013,0.357294
332,333,4.589796,0.422533
333,334,4.603580,0.400589
334,335,4.617363,0.397222
335,336,4.631146,0.418509
336,337,4.644929,0.487896
337,338,4.658712,0.447129
338,339,4.672495,0.486321
339,340,4.686279,0.471334
340,341,4.700062,0.364743
341,342,4.713845,0.386203
342,343,4.727628,0.489004
343,344,4.741411,0.469596
344,345,4.755194,0.454680
345,346,4.768978,0.461852
346,347,4.782761,0.431267
347,348,4.796544,0.380892
348,349,4.810327,0.446999
349,350,4.824110,0.437502
350,351,4.837893,0.379849
351,352,4.851677,0.442982
352,353,4.865460,0.467981
353,354,4.879243,0.399442
354,355,4.893026,0.483008
355,356,4.906809,0.429529
356,357,4.920592,0.448264
357,358,4.934376,0.436564
358,359,4.948159,0.394098
359,360,4.961942,0.453132
360,361,4.975725,0.394616
361,362,4.989508,0.420235
362,363,5.003292,0.460739
363,364,5.017075,0.413470
364,365,5.030858,0.452530
365,366,5.044641,0.415463
366,367,5.058424,0.416543
367,368,5.072207,0.432527
368,369,5.085991,0.397071
369,370,5.099774,0.408689
370,371,5.113557,0.493425
371,372,5.127340,0.413679
372,373,5.141123,0.480111
373,374,5.154906,0.461678
374,375,5.168690,0.384055
375,376,5.182473,0.407883
376,377,5.196256,0.488749
377,378,5.210039,0.407481
378,379,5.223822,0.377702
379,380,5.237605,0.394298
380,381,5.251389,0.383622
381,382,5.265172,0.450972
382,383,5.278955,0.450325
383,384,5.292738,0.379643
384,385,5.306521,0.417543
385,386,5.320304,0.436198
386,387,5.334088,0.393957
387,388,5.347871,0.493310
388,389,5.361654,0.485705
389,390,5.375437,0.425419
390,391,5.389220,0.430100
391,392,5.403003,0.414866
392,393,5.416787,0.458829
393,394,5.430570,0.504729
394,395,5.444353,0.499662
395,396,5.458136,0.531759
396,397,5.471919,0.539046
397,398,5.485703,0.412813
398,399,5.499486,0.424049
399,400,5.513269,0.395833
400,401,5.527052,0.424170
401,402,5.540835,0.395007
402,403,5.554618,0.439275
403,404,5.568402,0.409731
404,405,5.582185,0.459506
405,406,5.595968,0.447186
406,407,5.609751,0.421532
407,408,5.623534,0.431579
408,409,5.637317,0.499721
409,410,5.651101,0.462249
410,411,5.664884,0.427050
411,412,5.678667,0.440713
412,413,5.692450,0.422336
413,414,5.706233,0.455674
414,415,5.720016,0.388861
415,416,5.733800,0.467100
416,417,5.747583,0.493288
417,418,5.761366,0.439113
418,419,5.775149,0.404123
419,420,5.788932,0.491663
420,421,5.802715,0.442793
421,422,5.816499,0.471759
422,423,5.830282,0.516622
423,424,5.844065,0.409852
424,425,5.857848,0.410588
425,426,5.871631,0.430774
426,427,5.885415,0.371029
427,428,5.899198,0.409141
428,429,5.912981,0.399764
429,430,5.926764,0.423077
430,431,5.940547,0.450658
431,432,5.954330,0.476444
432,433,5.968114,0.456361
433,434,5.981897,0.408673
434,435,5.995680,0.486405
435,436,6.009463,0.411530
436,437,6.023246,0.444237
437,438,6.037029,0.489046
438,439,6.050813,0.388837
439,440,6.064596,0.416086
440,441,6.078379,0.374397
441,442,6.092162,0.432517
442,443,6.105945,0.397750
443,444,6.119728,0.347095
444,445,6.133512,0.433388
445,446,6.147295,0.377665
446,447,6.161078,0.436752
447,448,6.174861,0.460685
448,449,6.188644,0.485212
449,450,6.202427,0.521135
450,451,6.216211,0.403281
451,452,6.229994,0.443524
452,453,6.243777,0.414894
453,454,6.257560,0.477072
454,455,6.271343,0.501404
455,456,6.285127,0.487708
456,457,6.298910,0.434573
457,458,6.312693,0.436927
458,459,6.326476,0.455926
459,460,6.340259,0.467432
460,461,6.354042,0.420168
461,462,6.367826,0.436058
462,463,6.381609,0.441231
463,464,6.395392,0.398301
464,465,6.409175,0.527117
465,466,6.422958,0.460321
466,467,6.436741,0.446420
467,468,6.450525,0.412840
468,469,6.464308,0.388269
469,470,6.478091,0.405437
470,471,6.491874,0.505457
471,472,6.505657,0.395292
472,473,6.519440,0.510257
473,474,6.533224,0.439025
474,475,6.547007,0.432860
475,476,6.560790,0.443405
476,477,6.574573,0.488559
477,478,6.588356,0.412384
478,479,6.602139,0.495854
479,480,6.615923,0.480335
480,481,6.629706,0.479419
481,482,6.643489,0.386866
482,483,6.657272,0.391759
483,484,6.671055,0.452521
484,485,6.684839,0.460158
485,486,6.698622,0.474572
486,487,6.712405,0.503705
487,488,6.726188,0.400514
488,489,6.739971,0.425201
489,490,6.753754,0.510712
490,491,6.767538,0.441905
491,492,6.781321,0.385595
492,493,6.795104,0.398189
493,494,6.808887,0.412275
494,495,6.822670,0.388611
495,496,6.836453,0.492914
496,497,6.850237,0.476928
497,498,6.864020,0.410042
498,499,6.877803,0.495926
499,500,6.891586,0.465999
500,501,6.905369,0.406523
501,502,6.919152,0.449329
502,503,6.932936,0.447621
503,504,6.946719,0.431530
504,505,6.960502,0.476988
505,506,6.974285,0.477224
506,507,6.988068,0.489060
507,508,7.001851,0.384043
508,509,7.015635,0.415398
509,510,7.029418,0.401156
510,511,7.043201,0.446450
511,512,7.056984,0.470495
512,513,7.070767,0.505811
513,514,7.084551,0.517310
514,515,7.098334,0.458421
515,516,7.112117,0.467797
516,517,7.125900,0.403747
517,518,7.139683,0.369374
518,519,7.153466,0.409080
519,520,7.167250,0.456221
520,521,7.181033,0.422699
521,522,7.194816,0.397434
522,523,7.208599,0.495576
523,524,7.222382,0.385364
524,525,7.236165,0.472573
525,526,7.249949,0.482788
526,527,7.263732,0.395947
527,528,7.277515,0.427886
528,529,7.291298,0.379730
529,530,7.305081,0.441795
530,531,7.318864,0.444382
531,532,7.332648,0.512686
532,533,7.346431,0.474932
533,534,7.360214,0.433512
534,535,7.373997,0.401883
535,536,7.387780,0.450294
536,537,7.401563,0.455258
537,538,7.415347,0.388759
538,539,7.429130,0.464857
539,540,7.442913,0.414061
540,541,7.456696,0.444250
541,542,7.470479,0.459809
542,543,7.484262,0.399798
543,544,7.498046,0.485627
544,545,7.511829,0.418394
545,546,7.525612,0.497844
546,547,7.539395,0.416244
547,548,7.553178,0.539841
548,549,7.566962,0.428450
549,550,7.580745,0.452945
550,551,7.594528,0.442150
551,552,7.608311,0.412995
552,553,7.622094,0.461079
553,554,7.635877,0.451280
554,555,7.649661,0.410285
555,556,7.663444,0.459105
556,557,7.677227,0.418322
557,558,7.691010,0.474072
558,559,7.704793,0.438585
559,560,7.718576,0.408483
560,561,7.732360,0.482420
561,562,7.746143,0.448834
562,563,7.759926,0.479310
563,564,7.773709,0.390649
564,565,7.787492,0.436156
565,566,7.801275,0.449667
566,567,7.815059,0.397914
567,568,7.828842,0.353905
568,569,7.842625,0.370853
569,570,7.856408,0.415902
570,571,7.870191,0.399934
571,572,7.883974,0.489173
572,573,7.897758,0.452593
573,574,7.911541,0.396832
574,575,7.925324,0.458057
575,576,7.939107,0.463619
576,577,7.952890,0.417912
577,578,7.966674,0.404468
578,579,7.980457,0.412662
579,580,7.994240,0.451744
580,581,8.008023,0.379186
581,582,8.021806,0.423442
582,583,8.035589,0.471465
583,584,8.049373,0.473892
584,585,8.063156,0.389652
585,586,8.076939,0.422436
586,587,8.090722,0.504703
587,588,8.104505,0.442884
588,589,8.118288,0.475429
589,590,8.132072,0.475773
590,591,8.145855,0.434902
591,592,8.159638,0.434460
592,593,8.173421,0.381043
593,594,8.187204,0.406172
594,595,8.200987,0.405845
595,596,8.214771,0.460852
596,597,8.228554,0.519068
597,598,8.242337,0.471242
598,599,8.256120,0.418081
599,600,8.269903,0.428444
600,601,8.283686,0.413568
601,602,8.297470,0.392689
602,603,8.311253,0.453050
603,604,8.325036,0.461368
604,605,8.338819,0.396640
605,606,8.352602,0.483896
606,607,8.366386,0.513670
607,608,8.380169,0.388776
608,609,8.393952,0.479016
609,610,8.407735,0.434823
610,611,8.421518,0.408194
611,612,8.435301,0.469942
612,613,8.449085,0.480276
613,614,8.462868,0.475500
614,615,8.476651,0.367397
615,616,8.490434,0.391848
616,617,8.504217,0.411954
617,618,8.518000,0.492340
618,619,8.531784,0.372754
619,620,8.545567,0.394298
620,621,8.559350,0.411743
621,622,8.573133,0.446794
622,623,8.586916,0.342224
623,624,8.600699,0.424132
624,625,8.614483,0.379676
625,626,8.628266,0.410066
626,627,8.642049,0.496515
627,628,8.655832,0.419770
628,629,8.669615,0.389426
629,630,8.683398,0.500221
630,631,8.697182,0.449575
631,632,8.710965,0.463476
632,633,8.724748,0.427531
633,634,8.738531,0.464566
634,635,8.752314,0.491724
635,636,8.766098,0.377372
636,637,8.779881,0.456965
637,638,8.793664,0.385808
638,639,8.807447,0.450888
639,640,8.821230,0.483825
640,641,8.835013,0.422301
641,642,8.848797,0.492032
642,643,8.862580,0.469142
643,644,8.876363,0.512440
644,645,8.890146,0.433775
645,646,8.903929,0.412330
646,647,8.917712,0.411984
647,648,8.931496,0.417496
648,649,8.945279,0.456524
649,650,8.959062,0.454928
650,651,8.972845,0.434520
651,652,8.986628,0.458191
652,653,9.000411,0.483203
653,654,9.014195,0.429180
654,655,9.027978,0.396322
655,656,9.041761,0.402542
656,657,9.055544,0.417239
657,658,9.069327,0.413941
658,659,9.083110,0.432183
659,660,9.096894,0.440376
660,661,9.110677,0.472999
661,662,9.124460,0.425023
662,663,9.138243,0.548907
663,664,9.152026,0.481489
664,665,9.165810,0.402560
665,666,9.179593,0.441656
666,667,9.193376,0.404455
667,668,9.207159,0.372717
668,669,9.220942,0.409387
669,670,9.234725,0.424970
670,671,9.248509,0.454523
671,672,9.262292,0.433536
672,673,9.276075,0.493694
673,674,9.289858,0.452978
674,675,9.303641,0.492857
675,676,9.317424,0.410300
676,677,9.331208,0.459778
677,678,9.344991,0.525527
678,679,9.358774,0.393123
679,680,9.372557,0.460715
680,681,9.386340,0.477561
681,682,9.400123,0.386564
682,683,9.413907,0.456677
683,684,9.427690,0.402053
684,685,9.441473,0.456781
685,686,9.455256,0.479476
686,687,9.469039,0.424542
687,688,9.482822,0.466006
688,689,9.496606,0.481888
689,690,9.510389,0.473482
690,691,9.524172,0.369061
691,692,9.537955,0.440658
692,693,9.551738,0.493679
693,694,9.565521,0.394851
694,695,9.579305,0.417850
695,696,9.593088,0.453426
696,697,9.606871,0.492542
697,698,9.620654,0.449727
698,699,9.634437,0.451015
699,700,9.648221,0.409336
700,701,9.662004,0.453999
701,702,9.675787,0.416984
702,703,9.689570,0.388232
703,704,9.703353,0.451948
704,705,9.717136,0.431434
705,706,9.730920,0.476064
706,707,9.744703,0.407937
707,708,9.758486,0.437899
708,709,9.772269,0.352076
709,710,9.786052,0.492923
710,711,9.799835,0.426185
711,712,9.813619,0.420344
712,713,9.827402,0.499128
713,714,9.841185,0.418187
714,715,9.854968,0.422980
715,716,9.868751,0.343772
716,717,9.882534,0.430687
717,718,9.896318,0.489263
718,719,9.910101,0.382119
719,720,9.923884,0.421303
720,721,9.937667,0.453766
721,722,9.951450,0.411028
722,723,9.965233,0.444811
723,724,9.979017,0.390898
724,725,9.992800,0.461172
725,726,10.006583,0.397878
726,727,10.020366,0.458804
727,728,10.034149,0.518473
728,729,10.047933,0.408547
729,730,10.061716,0.532249
730,731,10.075499,0.451226
731,732,10.089282,0.495893
732,733,10.103065,0.495903
733,734,10.116848,0.457211
734,735,10.130632,0.425824
735,736,10.144415,0.400932
736,737,10.158198,0.457501
737,738,10.171981,0.480284
738,739,10.185764,0.395198
739,740,10.199547,0.539014
740,741,10.213331,0.425340
741,742,10.227114,0.453235
742,743,10.240897,0.410901
743,744,10.254680,0.495330
744,745,10.268463,0.370645
745,746,10.282246,0.505946
746,747,10.296030,0.461385
747,748,10.309813,0.412083
748,749,10.323596,0.351081
749,750,10.337379,0.430701
750,751,10.351162,0.484646
751,752,10.364945,0.401819
752,753,10.378729,0.478160
753,754,10.392512,0.455276
754,755,10.406295,0.503234
755,756,10.420078,0.463045
756,757,10.433861,0.439411
757,758,10.447645,0.447010
758,759,10.461428,0.430502
759,760,10.475211,0.436347
760,761,10.488994,0.444930
761,762,10.502777,0.428891
762,763,10.516560,0.514593
763,764,10.530344,0.459250
764,765,10.544127,0.417809
765,766,10.557910,0.496189
766,767,10.571693,0.484800
767,768,10.585476,0.384892
768,769,10.599259,0.384189
769,770,10.613043,0.418763
770,771,10.626826,0.443494
771,772,10.640609,0.449058
772,773,10.654392,0.435165
773,774,10.668175,0.424918
774,775,10.681958,0.430831
775,776,10.695742,0.388993
776,777,10.709525,0.472523
777,778,10.723308,0.422257
778,779,10.737091,0.416614
779,780,10.750874,0.400069
780,781,10.764657,0.491402
781,782,10.778441,0.356922
782,783,10.792224,0.478466
783,784,10.806007,0.459457
784,785,10.819790,0.450186
785,786,10.833573,0.372410
786,787,10.847357,0.439958
787,788,10.861140,0.446941
788,789,10.874923,0.436756
789,790,10.888706,0.428226
790,791,10.902489,0.481610
791,792,10.916272,0.429270
792,793,10.930056,0.455623
793,794,10.943839,0.465379
794,795,10.957622,0.476496
795,796,10.971405,0.486301
796,797,10.985188,0.457113
797,798,10.998971,0.481346
798,799,11.012755,0.410685
799,800,11.026538,0.479634
800,801,11.040321,0.454197
801,802,11.054104,0.479829
802,803,11.067887,0.430480
803,804,11.081670,0.404796
804,805,11.095454,0.498930
805,806,11.109237,0.433094
806,807,11.123020,0.496303
807,808,11.136803,0.388376
808,809,11.150586,0.390316
809,810,11.164369,0.410901
810,811,11.178153,0.503301
811,812,11.191936,0.404188
812,813,11.205719,0.416527
813,814,11.219502,0.434484
814,815,11.233285,0.482901
815,816,11.247069,0.470308
816,817,11.260852,0.485708
817,818,11.274635,0.437693
818,819,11.288418,0.404024
819,820,11.302201,0.474813
820,821,11.315984,0.423659
821,822,11.329768,0.396096
822,823,11.343551,0.434427
823,824,11.357334,0.529141
824,825,11.371117,0.473981
825,826,11.384900,0.483418
826,827,11.398683,0.472859
827,828,11.412467,0.477831
828,829,11.426250,0.376353
829,830,11.440033,0.476376
830,831,11.453816,0.375631
831,832,11.467599,0.392016
832,833,11.481382,0.445362
833,834,11.495166,0.445693
834,835,11.508949,0.407268
835,836,11.522732,0.437212
836,837,11.536515,0.419942
837,838,11.550298,0.443486
838,839,11.564081,0.467820
839,840,11.577865,0.397435
840,841,11.591648,0.423401
841,842,11.605431,0.505161
842,843,11.619214,0.508860
843,844,11.632997,0.457145
844,845,11.646780,0.484398
845,846,11.660564,0.429440
846,847,11.674347,0.434406
847,848,11.688130,0.466350
848,849,11.701913,0.419104
849,850,11.715696,0.471286
850,851,11.729480,0.439029
851,852,11.743263,0.507817
852,853,11.757046,0.453226
853,854,11.770829,0.444104
854,855,11.784612,0.505742
855,856,11.798395,0.494732
856,857,11.812179,0.457700
857,858,11.825962,0.480855
858,859,11.839745,0.414281
859,860,11.853528,0.482630
860,861,11.867311,0.479786
861,862,11.881094,0.420681
862,863,11.894878,0.409066
863,864,11.908661,0.426602
864,865,11.922444,0.434360
865,866,11.936227,0.451187
866,867,11.950010,0.427072
867,868,11.963793,0.371203
868,869,11.977577,0.474519
869,870,11.991360,0.411022
870,871,12.005143,0.475317
871,872,12.018926,0.460713
872,873,12.032709,0.498729
873,874,12.046492,0.370273
874,875,12.060276,0.420361
875,876,12.074059,0.467470
876,877,12.087842,0.425370
877,878,12.101625,0.420034
878,879,12.115408,0.411254
879,880,12.129192,0.400756
880,881,12.142975,0.455105
881,882,12.156758,0.438184
882,883,12.170541,0.357531
883,884,12.184324,0.453111
884,885,12.198107,0.469810
885,886,12.211891,0.437632
886,887,12.225674,0.440594
887,888,12.239457,0.463328
888,889,12.253240,0.444484
889,890,12.267023,0.465428
890,891,12.280806,0.423325
891,892,12.294590,0.434794
892,893,12.308373,0.409980
893,894,12.322156,0.466953
894,895,12.335939,0.418337
895,896,12.349722,0.465565
896,897,12.363505,0.472499
897,898,12.377289,0.504930
898,899,12.391072,0.427330
899,900,12.404855,0.402604
900,901,12.418638,0.390257
901,902,12.432421,0.397513
902,903,12.446204,0.433912
903,904,12.459988,0.482890
904,905,12.473771,0.400798
905,906,12.487554,0.434838
906,907,12.501337,0.430460
907,908,12.515120,0.434574
908,909,12.528904,0.464673
909,910,12.542687,0.465316
910,911,12.556470,0.305695
911,912,12.570253,0.475555
912,913,12.584036,0.538986
913,914,12.597819,0.402393
914,915,12.611603,0.437391
915,916,12.625386,0.409032
916,917,12.639169,0.435538
917,918,12.652952,0.390824
918,919,12.666735,0.448897
919,920,12.680518,0.418582
920,921,12.694302,0.484567
921,922,12.708085,0.383160
922,923,12.721868,0.470515
923,924,12.735651,0.476954
924,925,12.749434,0.516677
925,926,12.763217,0.451294
926,927,12.777001,0.398844
927,928,12.790784,0.402839
928,929,12.804567,0.471844
929,930,12.818350,0.371322
930,931,12.832133,0.449229
931,932,12.845916,0.417596
932,933,12.859700,0.521298
933,934,12.873483,0.422208
934,935,12.887266,0.436751
935,936,12.901049,0.495545
936,937,12.914832,0.404504
937,938,12.928616,0.444328
938,939,12.942399,0.425886
939,940,12.956182,0.427101
940,941,12.969965,0.375702
941,942,12.983748,0.517783
942,943,12.997531,0.453562
943,944,13.011315,0.395437
944,945,13.025098,0.445043
945,946,13.038881,0.446608
946,947,13.052664,0.407082
947,948,13.066447,0.428266
948,949,13.080230,0.366764
949,950,13.094014,0.457176
950,951,13.107797,0.470297
951,952,13.121580,0.405172
952,953,13.135363,0.517262
953,954,13.149146,0.422933
954,955,13.162929,0.460413
955,956,13.176713,0.554479
956,957,13.190496,0.465371
957,958,13.204279,0.401746
958,959,13.218062,0.464972
959,960,13.231845,0.461783
960,961,13.245628,0.400816
961,962,13.259412,0.456358
962,963,13.273195,0.482146
963,964,13.286978,0.444676
964,965,13.300761,0.450985
965,966,13.314544,0.451010
966,967,13.328328,0.423830
967,968,13.342111,0.431549
968,969,13.355894,0.394982
969,970,13.369677,0.377592
970,971,13.383460,0.363001
971,972,13.397243,0.442551
972,973,13.411027,0.434479
973,974,13.424810,0.475436
974,975,13.438593,0.454266
975,976,13.452376,0.422792
976,977,13.466159,0.428554
977,978,13.479942,0.485024
978,979,13.493726,0.501536
979,980,13.507509,0.442740
980,981,13.521292,0.419841
981,982,13.535075,0.483708
982,983,13.548858,0.447051
983,984,13.562641,0.312905
984,985,13.576425,0.509552
985,986,13.590208,0.403408
986,987,13.603991,0.508456
987,988,13.617774,0.373982
988,989,13.631557,0.457109
989,990,13.645340,0.435527
990,991,13.659124,0.427332
991,992,13.672907,0.415317
992,993,13.686690,0.415033
993,994,13.700473,0.526272
994,995,13.714256,0.487153
995,996,13.728039,0.485403
996,997,13.741823,0.432777
997,998,13.755606,0.373321
998,999,13.769389,0.404022
999,1000,13.783172,0.454409
1000,1001,13.796955,0.443946
1001,1002,13.810739,0.370895
1002,1003,13.824522,0.432221
1003,1004,13.838305,0.413763
1004,1005,13.852088,0.423872
1005,1006,13.865871,0.386560
1006,1007,13.879654,0.403504
1007,1008,13.893438,0.484494
1008,1009,13.907221,0.447781
1009,1010,13.921004,0.497675
1010,1011,13.934787,0.459689
1011,1012,13.948570,0.378954
1012,1013,13.962353,0.476388
1013,1014,13.976137,0.470413
1014,1015,13.989920,0.481048
1015,1016,14.003703,0.403726
1016,1017,14.017486,0.512622
1017,1018,14.031269,0.499741
1018,1019,14.045052,0.469375
1019,1020,14.058836,0.447449
1020,1021,14.072619,0.392615
1021,1022,14.086402,0.473023
1022,1023,14.100185,0.491689
1023,1024,14.113968,0.402375
1024,1025,14.127751,0.410199
1025,1026,14.141535,0.485867
1026,1027,14.155318,0.370577
1027,1028,14.169101,0.415394
1028,1029,14.182884,0.410490
1029,1030,14.196667,0.380074
1030,1031,14.210451,0.462380
1031,1032,14.224234,0.400970
1032,1033,14.238017,0.389356
1033,1034,14.251800,0.496671
1034,1035,14.265583,0.437757
1035,1036,14.279366,0.464575
1036,1037,14.293150,0.442192
1037,1038,14.306933,0.372075
1038,1039,14.320716,0.395306
1039,1040,14.334499,0.411925
1040,1041,14.348282,0.353927
1041,1042,14.362065,0.451478
1042,1043,14.375849,0.501210
1043,1044,14.389632,0.442117
1044,1045,14.403415,0.471344
1045,1046,14.417198,0.421067
1046,1047,14.430981,0.359954
1047,1048,14.444764,0.371144
1048,1049,14.458548,0.382317
1049,1050,14.472331,0.417247
1050,1051,14.486114,0.364288
1051,1052,14.499897,0.410494
1052,1053,14.513680,0.421837
1053,1054,14.527463,0.392726
1054,1055,14.541247,0.437198
1055,1056,14.555030,0.470762
1056,1057,14.568813,0.442419
1057,1058,14.582596,0.411823
1058,1059,14.596379,0.520231
1059,1060,14.610163,0.558428
1060,1061,14.623946,0.507900
1061,1062,14.637729,0.406032
1062,1063,14.651512,0.412229
1063,1064,14.665295,0.380742
1064,1065,14.679078,0.459254
1065,1066,14.692862,0.432364
1066,1067,14.706645,0.453222
1067,1068,14.720428,0.524980
1068,1069,14.734211,0.460628
1069,1070,14.747994,0.488262
1070,1071,14.761777,0.396115
1071,1072,14.775561,0.357813
1072,1073,14.789344,0.388209
1073,1074,14.803127,0.514273
1074,1075,14.816910,0.433993
1075,1076,14.830693,0.466952
1076,1077,14.844476,0.377477
1077,1078,14.858260,0.453793
1078,1079,14.872043,0.399267
1079,1080,14.885826,0.501765
1080,1081,14.899609,0.424409
1081,1082,14.913392,0.433109
1082,1083,14.927175,0.440028
1083,1084,14.940959,0.428289
1084,1085,14.954742,0.430099
1085,1086,14.968525,0.393571
1086,1087,14.982308,0.440685
1087,1088,14.996091,0.385463
1088,1089,15.009875,0.441989
1089,1090,15.023658,0.491360
1090,1091,15.037441,0.403072
1091,1092,15.051224,0.448294
1092,1093,15.065007,0.437217
1093,1094,15.078790,0.483376
1094,1095,15.092574,0.459972
1095,1096,15.106357,0.460077
1096,1097,15.120140,0.389866
1097,1098,15.133923,0.485934
1098,1099,15.147706,0.510543
1099,1100,15.161489,0.458200
1100,1101,15.175273,0.454165
1101,1102,15.189056,0.433202
1102,1103,15.202839,0.433304
1103,1104,15.216622,0.412513
1104,1105,15.230405,0.458731
1105,1106,15.244188,0.407325
1106,1107,15.257972,0.390995
1107,1108,15.271755,0.442077
1108,1109,15.285538,0.420699
1109,1110,15.299321,0.478215
1110,1111,15.313104,0.431031
1111,1112,15.326887,0.477527
1112,1113,15.340671,0.490832
1113,1114,15.354454,0.434238
1114,1115,15.368237,0.499973
1115,1116,15.382020,0.365777
1116,1117,15.395803,0.410661
1117,1118,15.409587,0.516836
1118,1119,15.423370,0.428628
1119,1120,15.437153,0.389711
1120,1121,15.450936,0.403242
1121,1122,15.464719,0.457368
1122,1123,15.478502,0.433916
1123,1124,15.492286,0.548766
1124,1125,15.506069,0.446741
1125,1126,15.519852,0.442092
1126,1127,15.533635,0.421444
1127,1128,15.547418,0.391510
1128,1129,15.561201,0.400635
1129,1130,15.574985,0.455997
1130,1131,15.588768,0.467159
1131,1132,15.602551,0.399659
1132,1133,15.616334,0.455744
1133,1134,15.630117,0.458985
1134,1135,15.643900,0.422375
1135,1136,15.657684,0.431044
1136,1137,15.671467,0.460067
1137,1138,15.685250,0.432923
1138,1139,15.699033,0.378258
1139,1140,15.712816,0.419697
1140,1141,15.726599,0.380784
1141,1142,15.740383,0.439712
1142,1143,15.754166,0.417536
1143,1144,15.767949,0.400561
1144,1145,15.781732,0.448976
1145,1146,15.795515,0.447061
1146,1147,15.809298,0.454145
1147,1148,15.823082,0.369983
1148,1149,15.836865,0.440322
1149,1150,15.850648,0.544261
1150,1151,15.864431,0.504952
1151,1152,15.878214,0.435530
1152,1153,15.891998,0.410970
1153,1154,15.905781,0.477898
1154,1155,15.919564,0.472337
1155,1156,15.933347,0.393091
1156,1157,15.947130,0.458070
1157,1158,15.960913,0.398229
1158,1159,15.974697,0.405187
1159,1160,15.988480,0.446381
1160,1161,16.002263,0.440204
1161,1162,16.016046,0.460058
1162,1163,16.029829,0.364364
1163,1164,16.043612,0.471135
1164,1165,16.057396,0.445646
1165,1166,16.071179,0.509128
1166,1167,16.084962,0.451805
1167,1168,16.098745,0.434442
1168,1169,16.112528,0.474949
1169,1170,16.126311,0.450523
1170,1171,16.140095,0.372142
1171,1172,16.153878,0.403067
1172,1173,16.167661,0.436016
1173,1174,16.181444,0.467450
1174,1175,16.195227,0.457115
1175,1176,16.209010,0.531614
1176,1177,16.222794,0.483362
1177,1178,16.236577,0.384380
1178,1179,16.250360,0.455879
1179,1180,16.264143,0.438120
1180,1181,16.277926,0.375624
1181,1182,16.291710,0.497206
1182,1183,16.305493,0.453238
1183,1184,16.319276,0.455232
1184,1185,16.333059,0.403065
1185,1186,16.346842,0.463290
1186,1187,16.360625,0.428105
1187,1188,16.374409,0.409909
1188,1189,16.388192,0.407864
1189,1190,16.401975,0.391033
1190,1191,16.415758,0.467099
1191,1192,16.429541,0.436825
1192,1193,16.443324,0.518283
1193,1194,16.457108,0.447462
1194,1195,16.470891,0.404938
1195,1196,16.484674,0.428148
1196,1197,16.498457,0.407388
1197,1198,16.512240,0.365295
1198,1199,16.526023,0.409306
1199,1200,16.539807,0.467256
1200,1201,16.553590,0.402149
1201,1202,16.567373,0.415609
1202,1203,16.581156,0.380256
1203,1204,16.594939,0.434788
1204,1205,16.608722,0.473746
1205,1206,16.622506,0.403922
1206,1207,16.636289,0.425673
1207,1208,16.650072,0.406657
1208,1209,16.663855,0.425818
1209,1210,16.677638,0.432096
1210,1211,16.691422,0.412074
1211,1212,16.705205,0.457865
1212,1213,16.718988,0.463770
1213,1214,16.732771,0.451274
1214,1215,16.746554,0.508435
1215,1216,16.760337,0.444509
1216,1217,16.774121,0.444825
1217,1218,16.787904,0.390690
1218,1219,16.801687,0.440176
1219,1220,16.815470,0.395790
1220,1221,16.829253,0.487308
1221,1222,16.843036,0.410218
1222,1223,16.856820,0.480540
1223,1224,16.870603,0.388834
1224,1225,16.884386,0.433062
1225,1226,16.898169,0.480110
1226,1227,16.911952,0.406292
1227,1228,16.925735,0.441419
1228,1229,16.939519,0.410033
1229,1230,16.953302,0.424886
1230,1231,16.967085,0.496683
1231,1232,16.980868,0.441777
1232,1233,16.994651,0.445856
1233,1234,17.008434,0.411480
1234,1235,17.022218,0.417454
1235,1236,17.036001,0.418086
1236,1237,17.049784,0.463596
1237,1238,17.063567,0.474335
1238,1239,17.077350,0.374603
1239,1240,17.091134,0.454875
1240,1241,17.104917,0.422742
1241,1242,17.118700,0.401674
1242,1243,17.132483,0.501481
1243,1244,17.146266,0.367895
1244,1245,17.160049,0.497169
1245,1246,17.173833,0.395957
1246,1247,17.187616,0.420458
1247,1248,17.201399,0.423666
1248,1249,17.215182,0.466595
1249,1250,17.228965,0.449650
1250,1251,17.242748,0.458520
1251,1252,17.256532,0.477953
1252,1253,17.270315,0.436723
1253,1254,17.284098,0.434796
1254,1255,17.297881,0.501143
1255,1256,17.311664,0.437775
1256,1257,17.325447,0.384815
1257,1258,17.339231,0.463209
1258,1259,17.353014,0.454397
1259,1260,17.366797,0.449834
1260,1261,17.380580,0.426047
1261,1262,17.394363,0.397417
1262,1263,17.408146,0.461247
1263,1264,17.421930,0.462904
1264,1265,17.435713,0.415265
1265,1266,17.449496,0.498119
1266,1267,17.463279,0.377861
1267,1268,17.477062,0.423577
1268,1269,17.490846,0.396900
1269,1270,17.504629,0.446291
1270,1271,17.518412,0.443614
1271,1272,17.532195,0.440072
1272,1273,17.545978,0.322790
1273,1274,17.559761,0.453847
1274,1275,17.573545,0.510270
1275,1276,17.587328,0.376737
1276,1277,17.601111,0.437775
1277,1278,17.614894,0.450604
1278,1279,17.628677,0.415026
1279,1280,17.642460,0.458479
1280,1281,17.656244,0.431261
1281,1282,17.670027,0.478753
1282,1283,17.683810,0.450074
1283,1284,17.697593,0.465839
1284,1285,17.711376,0.447953
1285,1286,17.725159,0.400435
1286,1287,17.738943,0.430947
1287,1288,17.752726,0.385211
1288,1289,17.766509,0.428588
1289,1290,17.780292,0.397110
1290,1291,17.794075,0.444270
1291,1292,17.807858,0.415235
1292,1293,17.821642,0.397870
1293,1294,17.835425,0.410159
1294,1295,17.849208,0.430607
1295,1296,17.862991,0.509477
1296,1297,17.876774,0.500055
1297,1298,17.890557,0.466734
1298,1299,17.904341,0.439836
1299,1300,17.918124,0.482596
1300,1301,17.931907,0.357173
1301,1302,17.945690,0.429295
1302,1303,17.959473,0.429686
1303,1304,17.973257,0.448838
1304,1305,17.987040,0.418315
1305,1306,18.000823,0.412452
1306,1307,18.014606,0.485805
1307,1308,18.028389,0.404179
1308,1309,18.042172,0.464302
1309,1310,18.055956,0.452553
1310,1311,18.069739,0.434648
1311,1312,18.083522,0.376602
1312,1313,18.097305,0.452601
1313,1314,18.111088,0.417666
1314,1315,18.124871,0.397187
1315,1316,18.138655,0.444813
1316,1317,18.152438,0.475438
1317,1318,18.166221,0.440100
1318,1319,18.180004,0.469777
1319,1320,18.193787,0.416630
1320,1321,18.207570,0.430911
1321,1322,18.221354,0.457175
1322,1323,18.235137,0.500067
1323,1324,18.248920,0.421180
1324,1325,18.262703,0.430395
1325,1326,18.276486,0.436749
1326,1327,18.290269,0.434637
1327,1328,18.304053,0.465614
1328,1329,18.317836,0.441989
1329,1330,18.331619,0.451728
1330,1331,18.345402,0.465034
1331,1332,18.359185,0.475911
1332,1333,18.372969,0.439186
1333,1334,18.386752,0.525711
1334,1335,18.400535,0.385361
1335,1336,18.414318,0.395293
1336,1337,18.428101,0.438950
1337,1338,18.441884,0.467169
1338,1339,18.455668,0.474704
1339,1340,18.469451,0.433011
1340,1341,18.483234,0.449774
1341,1342,18.497017,0.449238
1342,1343,18.510800,0.401120
1343,1344,18.524583,0.504653
1344,1345,18.538367,0.401646
1345,1346,18.552150,0.475520
1346,1347,18.565933,0.423032
1347,1348,18.579716,0.465030
1348,1349,18.593499,0.422098
1349,1350,18.607282,0.445538
1350,1351,18.621066,0.377075
1351,1352,18.634849,0.383752
1352,1353,18.648632,0.379363
1353,1354,18.662415,0.537045
1354,1355,18.676198,0.396203
1355,1356,18.689981,0.384352
1356,1357,18.703765,0.484017
1357,1358,18.717548,0.475183
1358,1359,18.731331,0.441576
1359,1360,18.745114,0.499709
1360,1361,18.758897,0.358290
1361,1362,18.772681,0.401170
1362,1363,18.786464,0.415532
1363,1364,18.800247,0.426469
1364,1365,18.814030,0.477775
1365,1366,18.827813,0.415602
1366,1367,18.841596,0.358316
1367,1368,18.855380,0.424408
1368,1369,18.869163,0.394984
1369,1370,18.882946,0.457785
1370,1371,18.896729,0.462897
1371,1372,18.910512,0.497114
1372,1373,18.924295,0.508125
1373,1374,18.938079,0.380548
1374,1375,18.951862,0.529941
1375,1376,18.965645,0.369607
1376,1377,18.979428,0.413172
1377,1378,18.993211,0.394846
1378,1379,19.006994,0.427624
1379,1380,19.020778,0.463583
1380,1381,19.034561,0.492566
1381,1382,19.048344,0.423470
1382,1383,19.062127,0.424922
1383,1384,19.075910,0.397382
1384,1385,19.089693,0.352183
1385,1386,19.103477,0.345614
1386,1387,19.117260,0.494113
1387,1388,19.131043,0.381483
1388,1389,19.144826,0.410098
1389,1390,19.158609,0.433857
1390,1391,19.172393,0.414305
1391,1392,19.186176,0.429454
1392,1393,19.199959,0.473931
1393,1394,19.213742,0.399177
1394,1395,19.227525,0.446243
1395,1396,19.241308,0.437334
1396,1397,19.255092,0.458683
1397,1398,19.268875,0.393817
1398,1399,19.282658,0.446271
1399,1400,19.296441,0.410050
1400,1401,19.310224,0.393134
1401,1402,19.324007,0.491228
1402,1403,19.337791,0.385192
1403,1404,19.351574,0.389363
1404,1405,19.365357,0.476281
1405,1406,19.379140,0.470162
1406,1407,19.392923,0.406474
1407,1408,19.406706,0.426053
1408,1409,19.420490,0.437989
1409,1410,19.434273,0.431742
1410,1411,19.448056,0.524448
1411,1412,19.461839,0.369238
1412,1413,19.475622,0.406998
1413,1414,19.489405,0.379244
1414,1415,19.503189,0.470305
1415,1416,19.516972,0.444183
1416,1417,19.530755,0.397834
1417,1418,19.544538,0.461861
1418,1419,19.558321,0.447986
1419,1420,19.572105,0.458361
1420,1421,19.585888,0.423605
1421,1422,19.599671,0.445299
1422,1423,19.613454,0.452963
1423,1424,19.627237,0.443882
1424,1425,19.641020,0.426897
1425,1426,19.654804,0.426651
1426,1427,19.668587,0.437784
1427,1428,19.682370,0.440005
1428,1429,19.696153,0.422699
1429,1430,19.709936,0.408638
1430,1431,19.723719,0.413463
1431,1432,19.737503,0.423257
1432,1433,19.751286,0.384187
1433,1434,19.765069,0.403409
1434,1435,19.778852,0.424039
1435,1436,19.792635,0.378424
1436,1437,19.806418,0.397281
1437,1438,19.820202,0.381288
1438,1439,19.833985,0.442688
1439,1440,19.847768,0.437246
1440,1441,19.861551,0.446116
1441,1442,19.875334,0.441716
1442,1443,19.889117,0.430980
1443,1444,19.902901,0.478567
1444,1445,19.916684,0.425597
1445,1446,19.930467,0.403877
1446,1447,19.944250,0.427732
1447,1448,19.958033,0.464946
1448,1449,19.971816,0.426377
1449,1450,19.985600,0.387290
1450,1451,19.999383,0.405548
1451,1452,20.013166,0.352105
1452,1453,20.026949,0.454794
1453,1454,20.040732,0.375891
1454,1455,20.054516,0.383098
1455,1456,20.068299,0.435315
1456,1457,20.082082,0.420079
1457,1458,20.095865,0.344917
1458,1459,20.109648,0.448403
1459,1460,20.123431,0.472312
1460,1461,20.137215,0.359514
1461,1462,20.150998,0.406512
1462,1463,20.164781,0.398470
1463,1464,20.178564,0.444331
1464,1465,20.192347,0.443273
1465,1466,20.206130,0.419575
1466,1467,20.219914,0.467167
1467,1468,20.233697,0.441822
1468,1469,20.247480,0.443292
1469,1470,20.261263,0.406389
1470,1471,20.275046,0.428237
1471,1472,20.288829,0.395338
1472,1473,20.302613,0.428520
1473,1474,20.316396,0.414752
1474,1475,20.330179,0.470407
1475,1476,20.343962,0.485080
1476,1477,20.357745,0.378860
1477,1478,20.371528,0.453613
1478,1479,20.385312,0.404602
1479,1480,20.399095,0.425651
1480,1481,20.412878,0.447862
1481,1482,20.426661,0.438699
1482,1483,20.440444,0.443946
1483,1484,20.454228,0.411646
1484,1485,20.468011,0.490454
1485,1486,20.481794,0.426744
1486,1487,20.495577,0.452503
1487,1488,20.509360,0.473544
1488,1489,20.523143,0.480105
1489,1490,20.536927,0.432943
1490,1491,20.550710,0.388205
1491,1492,20.564493,0.465378
1492,1493,20.578276,0.451202
1493,1494,20.592059,0.414297
1494,1495,20.605842,0.464544
1495,1496,20.619626,0.457365
1496,1497,20.633409,0.433300
1497,1498,20.647192,0.422436
1498,1499,20.660975,0.467594
1499,1500,20.674758,0.438962
1500,1501,20.688541,0.420164
1501,1502,20.702325,0.450596
1502,1503,20.716108,0.459678
1503,1504,20.729891,0.430017
1504,1505,20.743674,0.467423
1505,1506,20.757457,0.393748
1506,1507,20.771240,0.452187
1507,1508,20.785024,0.408301
1508,1509,20.798807,0.469615
1509,1510,20.812590,0.431963
1510,1511,20.826373,0.405252
1511,1512,20.840156,0.455898
1512,1513,20.853940,0.487155
1513,1514,20.867723,0.443688
1514,1515,20.881506,0.428533
1515,1516,20.895289,0.403123
1516,1517,20.909072,0.525171
1517,1518,20.922855,0.440910
1518,1519,20.936639,0.502890
1519,1520,20.950422,0.408919
1520,1521,20.964205,0.401602
1521,1522,20.977988,0.403371
1522,1523,20.991771,0.474939
1523,1524,21.005554,0.383729
1524,1525,21.019338,0.345600
1525,1526,21.033121,0.470814
1526,1527,21.046904,0.414469
1527,1528,21.060687,0.481909
1528,1529,21.074470,0.435365
1529,1530,21.088253,0.543443
1530,1531,21.102037,0.395817
1531,1532,21.115820,0.509015
1532,1533,21.129603,0.410734
1533,1534,21.143386,0.433584
1534,1535,21.157169,0.398173
1535,1536,21.170952,0.425355
1536,1537,21.184736,0.446616
1537,1538,21.198519,0.419732
1538,1539,21.212302,0.396076
1539,1540,21.226085,0.484218
1540,1541,21.239868,0.368862
1541,1542,21.253652,0.449543
1542,1543,21.267435,0.439248
1543,1544,21.281218,0.419564
1544,1545,21.295001,0.403473
1545,1546,21.308784,0.381258
1546,1547,21.322567,0.415155
1547,1548,21.336351,0.418247
1548,1549,21.350134,0.418728
1549,1550,21.363917,0.488559
1550,1551,21.377700,0.383373
1551,1552,21.391483,0.478025
1552,1553,21.405266,0.388537
1553,1554,21.419050,0.452879
1554,1555,21.432833,0.409441
1555,1556,21.446616,0.394164
1556,1557,21.460399,0.414874
1557,1558,21.474182,0.426415
1558,1559,21.487965,0.422595
1559,1560,21.501749,0.418338
1560,1561,21.515532,0.430824
1561,1562,21.529315,0.493220
1562,1563,21.543098,0.430549
1563,1564,21.556881,0.464661
1564,1565,21.570664,0.449764
1565,1566,21.584448,0.428092
1566,1567,21.598231,0.436308
1567,1568,21.612014,0.427426
1568,1569,21.625797,0.393706
1569,1570,21.639580,0.411937
1570,1571,21.653364,0.408847
1571,1572,21.667147,0.391779
1572,1573,21.680930,0.438170
1573,1574,21.694713,0.454164
1574,1575,21.708496,0.438729
1575,1576,21.722279,0.427728
1576,1577,21.736063,0.392009
1577,1578,21.749846,0.394798
1578,1579,21.763629,0.439598
1579,1580,21.777412,0.432446
1580,1581,21.791195,0.440623
1581,1582,21.804978,0.345789
1582,1583,21.818762,0.422252
1583,1584,21.832545,0.435189
1584,1585,21.846328,0.369560
1585,1586,21.860111,0.399498
1586,1587,21.873894,0.452098
1587,1588,21.887677,0.387560
1588,1589,21.901461,0.479101
1589,1590,21.915244,0.378707
1590,1591,21.929027,0.362245
1591,1592,21.942810,0.477764
1592,1593,21.956593,0.447069
1593,1594,21.970376,0.443416
1594,1595,21.984160,0.371097
1595,1596,21.997943,0.365916
1596,1597,22.011726,0.450823
1597,1598,22.025509,0.477166
1598,1599,22.039292,0.395404
1599,1600,22.053075,0.442821
1600,1601,22.066859,0.453438
1601,1602,22.080642,0.455600
1602,1603,22.094425,0.443660
1603,1604,22.108208,0.533137
1604,1605,22.121991,0.428699
1605,1606,22.135775,0.452781
1606,1607,22.149558,0.475648
1607,1608,22.163341,0.420839
1608,1609,22.177124,0.485488
1609,1610,22.190907,0.466796
1610,1611,22.204690,0.385622
1611,1612,22.218474,0.506170
1612,1613,22.232257,0.502025
1613,1614,22.246040,0.437525
1614,1615,22.259823,0.414745
1615,1616,22.273606,0.458284
1616,1617,22.287389,0.375916
1617,1618,22.301173,0.465180
1618,1619,22.314956,0.453325
1619,1620,22.328739,0.426637
1620,1621,22.342522,0.416150
1621,1622,22.356305,0.383728
1622,1623,22.370088,0.482774
1623,1624,22.383872,0.463946
1624,1625,22.397655,0.430755
1625,1626,22.411438,0.372852
1626,1627,22.425221,0.479463
1627,1628,22.439004,0.372274
1628,1629,22.452787,0.404995
1629,1630,22.466571,0.447037
1630,1631,22.480354,0.486770
1631,1632,22.494137,0.416191
1632,1633,22.507920,0.467979
1633,1634,22.521703,0.479651
1634,1635,22.535487,0.426103
1635,1636,22.549270,0.467718
1636,1637,22.563053,0.427611
1637,1638,22.576836,0.451626
1638,1639,22.590619,0.466114
1639,1640,22.604402,0.461688
1640,1641,22.618186,0.411890
1641,1642,22.631969,0.400725
1642,1643,22.645752,0.398777
1643,1644,22.659535,0.431533
1644,1645,22.673318,0.419237
1645,1646,22.687101,0.420898
1646,1647,22.700885,0.430632
1647,1648,22.714668,0.436620
1648,1649,22.728451,0.466104
1649,1650,22.742234,0.502032
1650,1651,22.756017,0.362250
1651,1652,22.769800,0.455502
1652,1653,22.783584,0.459636
1653,1654,22.797367,0.473668
1654,1655,22.811150,0.399402
1655,1656,22.824933,0.491892
1656,1657,22.838716,0.451402
1657,1658,22.852499,0.470831
1658,1659,22.866283,0.425562
1659,1660,22.880066,0.410591
1660,1661,22.893849,0.387686
1661,1662,22.907632,0.492060
1662,1663,22.921415,0.456964
1663,1664,22.935199,0.512414
1664,1665,22.948982,0.413777
1665,1666,22.962765,0.466485
1666,1667,22.976548,0.455159
1667,1668,22.990331,0.421875
1668,1669,23.004114,0.426779
1669,1670,23.017898,0.417227
1670,1671,23.031681,0.390541
1671,1672,23.045464,0.385945
1672,1673,23.059247,0.472720
1673,1674,23.073030,0.485629
1674,1675,23.086813,0.454814
1675,1676,23.100597,0.450248
1676,1677,23.114380,0.492135
1677,1678,23.128163,0.408203
1678,1679,23.141946,0.463440
1679,1680,23.155729,0.428257
1680,1681,23.169512,0.494653
1681,1682,23.183296,0.474042
1682,1683,23.197079,0.452440
1683,1684,23.210862,0.442614
1684,1685,23.224645,0.405461
1685,1686,23.238428,0.506582
1686,1687,23.252211,0.470878
1687,1688,23.265995,0.345174
1688,1689,23.279778,0.406044
1689,1690,23.293561,0.496230
1690,1691,23.307344,0.353253
1691,1692,23.321127,0.448965
1692,1693,23.334911,0.460461
1693,1694,23.348694,0.430605
1694,1695,23.362477,0.432419
1695,1696,23.376260,0.454405
1696,1697,23.390043,0.416995
1697,1698,23.403826,0.419403
1698,1699,23.417610,0.510970
1699,1700,23.431393,0.437764
1700,1701,23.445176,0.415093
1701,1702,23.458959,0.432496
1702,1703,23.472742,0.398368
1703,1704,23.486525,0.446880
1704,1705,23.500309,0.441129
1705,1706,23.514092,0.382912
1706,1707,23.527875,0.438239
1707,1708,23.541658,0.459127
1708,1709,23.555441,0.405110
1709,1710,23.569224,0.467123
1710,1711,23.583008,0.455109
1711,1712,23.596791,0.414396
1712,1713,23.610574,0.477539
1713,1714,23.624357,0.475411
1714,1715,23.638140,0.486832
1715,1716,23.651923,0.445970
1716,1717,23.665707,0.489705
1717,1718,23.679490,0.427779
1718,1719,23.693273,0.434774
1719,1720,23.707056,0.432298
1720,1721,23.720839,0.527449
1721,1722,23.734623,0.457145
1722,1723,23.748406,0.381439
1723,1724,23.762189,0.456076
1724,1725,23.775972,0.436780
1725,1726,23.789755,0.447078
1726,1727,23.803538,0.410283
1727,1728,23.817322,0.453378
1728,1729,23.831105,0.515026
1729,1730,23.844888,0.434622
1730,1731,23.858671,0.447277
1731,1732,23.872454,0.388322
1732,1733,23.886237,0.507108
1733,1734,23.900021,0.501202
1734,1735,23.913804,0.377972
1735,1736,23.927587,0.368775
1736,1737,23.941370,0.415016
1737,1738,23.955153,0.437921
1738,1739,23.968936,0.425276
1739,1740,23.982720,0.442934
1740,1741,23.996503,0.447358
1741,1742,24.010286,0.473895
1742,1743,24.024069,0.454954
1743,1744,24.037852,0.437122
1744,1745,24.051635,0.465205
1745,1746,24.065419,0.426040
1746,1747,24.079202,0.434346
1747,1748,24.092985,0.365387
1748,1749,24.106768,0.427155
1749,1750,24.120551,0.413855
1750,1751,24.134334,0.386267
1751,1752,24.148118,0.455288
1752,1753,24.161901,0.408317
1753,1754,24.175684,0.366858
1754,1755,24.189467,0.464856
1755,1756,24.203250,0.504609
1756,1757,24.217034,0.422745
1757,1758,24.230817,0.408707
1758,1759,24.244600,0.408165
1759,1760,24.258383,0.400973
1760,1761,24.272166,0.449747
1761,1762,24.285949,0.425035
1762,1763,24.299733,0.424832
1763,1764,24.313516,0.484516
1764,1765,24.327299,0.385853
1765,1766,24.341082,0.434248
1766,1767,24.354865,0.372688
1767,1768,24.368648,0.420922
1768,1769,24.382432,0.402510
1769,1770,24.396215,0.475705
1770,1771,24.409998,0.454710
1771,1772,24.423781,0.429352
1772,1773,24.437564,0.484952
1773,1774,24.451347,0.423924
1774,1775,24.465131,0.423876
1775,1776,24.478914,0.441555
1776,1777,24.492697,0.449671
1777,1778,24.506480,0.461809
1778,1779,24.520263,0.408971
1779,1780,24.534046,0.384428
1780,1781,24.547830,0.430262
1781,1782,24.561613,0.479632
1782,1783,24.575396,0.409721
1783,1784,24.589179,0.439709
1784,1785,24.602962,0.420821
1785,1786,24.616746,0.425884
1786,1787,24.630529,0.412018
1787,1788,24.644312,0.411056
1788,1789,24.658095,0.492341
1789,1790,24.671878,0.439164
1790,1791,24.685661,0.443219
1791,1792,24.699445,0.444122
1792,1793,24.713228,0.446417
1793,1794,24.727011,0.433373
1794,1795,24.740794,0.419667
1795,1796,24.754577,0.478592
1796,1797,24.768360,0.380340
1797,1798,24.782144,0.410852
1798,1799,24.795927,0.382163
1799,1800,24.809710,0.458051
1800,1801,24.823493,0.459921
1801,1802,24.837276,0.441227
1802,1803,24.851059,0.396815
1803,1804,24.864843,0.420740
1804,1805,24.878626,0.428669
1805,1806,24.892409,0.410726
1806,1807,24.906192,0.467685
1807,1808,24.919975,0.454565
1808,1809,24.933758,0.431451
1809,1810,24.947542,0.393830
1810,1811,24.961325,0.462098
1811,1812,24.975108,0.499631
1812,1813,24.988891,0.558243
1813,1814,25.002674,0.401756
1814,1815,25.016458,0.513687
1815,1816,25.030241,0.391977
1816,1817,25.044024,0.458193
1817,1818,25.057807,0.405437
1818,1819,25.071590,0.415614
1819,1820,25.085373,0.449661
1820,1821,25.099157,0.460150
1821,1822,25.112940,0.366273
1822,1823,25.126723,0.386588
1823,1824,25.140506,0.424598
1824,1825,25.154289,0.463569
1825,1826,25.168072,0.431824
1826,1827,25.181856,0.396858
1827,1828,25.195639,0.450931
1828,1829,25.209422,0.438124
1829,1830,25.223205,0.386924
1830,1831,25.236988,0.386968
1831,1832,25.250771,0.490199
1832,1833,25.264555,0.435540
1833,1834,25.278338,0.469056
1834,1835,25.292121,0.435191
1835,1836,25.305904,0.429432
1836,1837,25.319687,0.445948
1837,1838,25.333470,0.494199
1838,1839,25.347254,0.496806
1839,1840,25.361037,0.474482
1840,1841,25.374820,0.441771
1841,1842,25.388603,0.385724
1842,1843,25.402386,0.518989
1843,1844,25.416170,0.449766
1844,1845,25.429953,0.550989
1845,1846,25.443736,0.466415
1846,1847,25.457519,0.443264
1847,1848,25.471302,0.454955
1848,1849,25.485085,0.388058
1849,1850,25.498869,0.421291
1850,1851,25.512652,0.390860
1851,1852,25.526435,0.446246
1852,1853,25.540218,0.389498
1853,1854,25.554001,0.411532
1854,1855,25.567784,0.435567
1855,1856,25.581568,0.476557
1856,1857,25.595351,0.555276
1857,1858,25.609134,0.511154
1858,1859,25.622917,0.363711
1859,1860,25.636700,0.340353
1860,1861,25.650483,0.481910
1861,1862,25.664267,0.446753
1862,1863,25.678050,0.462328
1863,1864,25.691833,0.398901
1864,1865,25.705616,0.398166
1865,1866,25.719399,0.466177
1866,1867,25.733182,0.482674
1867,1868,25.746966,0.482619
1868,1869,25.760749,0.439882
1869,1870,25.774532,0.448572
1870,1871,25.788315,0.413547
1871,1872,25.802098,0.408480
1872,1873,25.815882,0.409106
1873,1874,25.829665,0.444192
1874,1875,25.843448,0.508083
1875,1876,25.857231,0.540905
1876,1877,25.871014,0.441102
1877,1878,25.884797,0.454068
1878,1879,25.898581,0.363540
1879,1880,25.912364,0.430927
1880,1881,25.926147,0.466902
1881,1882,25.939930,0.417946
1882,1883,25.953713,0.473142
1883,1884,25.967496,0.416961
1884,1885,25.981280,0.434240
1885,1886,25.995063,0.425477
1886,1887,26.008846,0.463153
1887,1888,26.022629,0.381637
1888,1889,26.036412,0.470707
1889,1890,26.050195,0.509301
1890,1891,26.063979,0.431626
1891,1892,26.077762,0.360637
1892,1893,26.091545,0.443087
1893,1894,26.105328,0.435125
1894,1895,26.119111,0.428154
1895,1896,26.132894,0.425862
1896,1897,26.146678,0.494380
1897,1898,26.160461,0.418435
1898,1899,26.174244,0.442472
1899,1900,26.188027,0.406854
1900,1901,26.201810,0.411778
1901,1902,26.215593,0.451117
1902,1903,26.229377,0.441953
1903,1904,26.243160,0.423915
1904,1905,26.256943,0.422635
1905,1906,26.270726,0.475493
1906,1907,26.284509,0.407567
1907,1908,26.298293,0.394617
1908,1909,26.312076,0.420632
1909,1910,26.325859,0.428785
1910,1911,26.339642,0.488604
1911,1912,26.353425,0.540093
1912,1913,26.367208,0.451991
1913,1914,26.380992,0.456428
1914,1915,26.394775,0.370824
1915,1916,26.408558,0.515001
1916,1917,26.422341,0.424735
1917,1918,26.436124,0.481543
1918,1919,26.449907,0.428165
1919,1920,26.463691,0.412742
1920,1921,26.477474,0.421742
1921,1922,26.491257,0.411365
1922,1923,26.505040,0.456169
1923,1924,26.518823,0.430493
1924,1925,26.532606,0.485645
1925,1926,26.546390,0.447751
1926,1927,26.560173,0.420301
1927,1928,26.573956,0.425339
1928,1929,26.587739,0.447371
1929,1930,26.601522,0.372002
1930,1931,26.615305,0.481906
1931,1932,26.629089,0.407373
1932,1933,26.642872,0.372072
1933,1934,26.656655,0.439408
1934,1935,26.670438,0.443167
1935,1936,26.684221,0.362213
1936,1937,26.698005,0.444932
1937,1938,26.711788,0.491605
1938,1939,26.725571,0.353400
1939,1940,26.739354,0.446328
1940,1941,26.753137,0.406127
1941,1942,26.766920,0.392481
1942,1943,26.780704,0.473158
1943,1944,26.794487,0.448861
1944,1945,26.808270,0.436676
1945,1946,26.822053,0.449147
1946,1947,26.835836,0.470355
1947,1948,26.849619,0.484974
1948,1949,26.863403,0.407977
1949,1950,26.877186,0.517576
1950,1951,26.890969,0.480088
1951,1952,26.904752,0.412220
1952,1953,26.918535,0.432086
1953,1954,26.932318,0.469570
1954,1955,26.946102,0.369640
1955,1956,26.959885,0.373391
1956,1957,26.973668,0.394112
1957,1958,26.987451,0.410394
1958,1959,27.001234,0.480110
1959,1960,27.015017,0.469922
1960,1961,27.028801,0.381676
1961,1962,27.042584,0.409921
1962,1963,27.056367,0.400107
1963,1964,27.070150,0.467853
1964,1965,27.083933,0.402796
1965,1966,27.097717,0.445866
1966,1967,27.111500,0.435892
1967,1968,27.125283,0.409838
1968,1969,27.139066,0.410464
1969,1970,27.152849,0.450332
1970,1971,27.166632,0.445003
1971,1972,27.180416,0.443987
1972,1973,27.194199,0.423278
1973,1974,27.207982,0.392748
1974,1975,27.221765,0.400687
1975,1976,27.235548,0.396197
1976,1977,27.249331,0.449774
1977,1978,27.263115,0.472813
1978,1979,27.276898,0.451339
1979,1980,27.290681,0.452728
1980,1981,27.304464,0.354873
1981,1982,27.318247,0.426134
1982,1983,27.332030,0.402768
1983,1984,27.345814,0.410789
1984,1985,27.359597,0.550679
1985,1986,27.373380,0.479287
1986,1987,27.387163,0.421975
1987,1988,27.400946,0.399295
1988,1989,27.414729,0.443740
1989,1990,27.428513,0.418943
1990,1991,27.442296,0.408856
1991,1992,27.456079,0.384195
1992,1993,27.469862,0.502655
1993,1994,27.483645,0.500662
1994,1995,27.497429,0.508422
1995,1996,27.511212,0.440077
1996,1997,27.524995,0.515597
1997,1998,27.538778,0.494027
1998,1999,27.552561,0.338997
1999,2000,27.566344,0.393398
2000,2001,27.580128,0.426265
2001,2002,27.593911,0.485844
2002,2003,27.607694,0.420793
2003,2004,27.621477,0.410506
2004,2005,27.635260,0.431092
2005,2006,27.649043,0.440741
2006,2007,27.662827,0.405542
2007,2008,27.676610,0.497659
2008,2009,27.690393,0.379188
2009,2010,27.704176,0.413116
2010,2011,27.717959,0.420838
2011,2012,27.731742,0.515408
2012,2013,27.745526,0.410793
2013,2014,27.759309,0.421500
2014,2015,27.773092,0.430900
2015,2016,27.786875,0.493439
2016,2017,27.800658,0.488654
2017,2018,27.814441,0.455326
2018,2019,27.828225,0.351582
2019,2020,27.842008,0.442577
2020,2021,27.855791,0.434834
2021,2022,27.869574,0.430508
2022,2023,27.883357,0.416399
2023,2024,27.897141,0.533086
2024,2025,27.910924,0.438320
2025,2026,27.924707,0.420706
2026,2027,27.938490,0.434964
2027,2028,27.952273,0.424679
2028,2029,27.966056,0.465638
2029,2030,27.979840,0.463267
2030,2031,27.993623,0.444812
2031,2032,28.007406,0.457157
2032,2033,28.021189,0.454970
2033,2034,28.034972,0.443659
2034,2035,28.048755,0.457244
2035,2036,28.062539,0.480392
2036,2037,28.076322,0.430712
2037,2038,28.090105,0.436251
2038,2039,28.103888,0.478223
2039,2040,28.117671,0.448630
2040,2041,28.131454,0.458963
2041,2042,28.145238,0.440339
2042,2043,28.159021,0.439742
2043,2044,28.172804,0.440844
2044,2045,28.186587,0.437087
2045,2046,28.200370,0.442587
2046,2047,28.214153,0.341943
2047,2048,28.227937,0.505763
2048,2049,28.241720,0.426797
2049,2050,28.255503,0.422751
2050,2051,28.269286,0.504891
2051,2052,28.283069,0.429931
2052,2053,28.296852,0.455751
2053,2054,28.310636,0.375369
2054,2055,28.324419,0.467575
2055,2056,28.338202,0.444639
2056,2057,28.351985,0.482858
2057,2058,28.365768,0.492817
2058,2059,28.379552,0.401773
2059,2060,28.393335,0.436149
2060,2061,28.407118,0.465933
2061,2062,28.420901,0.389767
2062,2063,28.434684,0.483141
2063,2064,28.448467,0.543484
2064,2065,28.462251,0.408095
2065,2066,28.476034,0.422600
2066,2067,28.489817,0.445977
2067,2068,28.503600,0.438374
2068,2069,28.517383,0.400025
2069,2070,28.531166,0.479405
2070,2071,28.544950,0.371049
2071,2072,28.558733,0.493996
2072,2073,28.572516,0.449017
2073,2074,28.586299,0.403952
2074,2075,28.600082,0.402284
2075,2076,28.613865,0.392456
2076,2077,28.627649,0.392287
2077,2078,28.641432,0.429060
2078,2079,28.655215,0.450236
2079,2080,28.668998,0.387785
2080,2081,28.682781,0.422741
2081,2082,28.696564,0.423230
2082,2083,28.710348,0.455589
2083,2084,28.724131,0.375520
2084,2085,28.737914,0.419170
2085,2086,28.751697,0.408618
2086,2087,28.765480,0.439166
2087,2088,28.779264,0.402192
2088,2089,28.793047,0.340296
2089,2090,28.806830,0.432660
2090,2091,28.820613,0.461512
2091,2092,28.834396,0.439856
2092,2093,28.848179,0.481243
2093,2094,28.861963,0.390534
2094,2095,28.875746,0.394326
2095,2096,28.889529,0.498012
2096,2097,28.903312,0.443087
2097,2098,28.917095,0.470502
2098,2099,28.930878,0.402084
2099,2100,28.944662,0.396782
2100,2101,28.958445,0.429422
2101,2102,28.972228,0.391296
2102,2103,28.986011,0.435509
2103,2104,28.999794,0.405823
2104,2105,29.013577,0.477636
2105,2106,29.027361,0.482890
2106,2107,29.041144,0.471868
2107,2108,29.054927,0.466346
2108,2109,29.068710,0.452328
2109,2110,29.082493,0.458679
2110,2111,29.096276,0.463433
2111,2112,29.110060,0.410094
2112,2113,29.123843,0.441759
2113,2114,29.137626,0.408396
2114,2115,29.151409,0.512493
2115,2116,29.165192,0.422244
2116,2117,29.178976,0.406535
2117,2118,29.192759,0.400234
2118,2119,29.206542,0.419335
2119,2120,29.220325,0.411316
2120,2121,29.234108,0.445490
2121,2122,29.247891,0.477485
2122,2123,29.261675,0.502734
2123,2124,29.275458,0.423515
2124,2125,29.289241,0.436758
2125,2126,29.303024,0.466512
2126,2127,29.316807,0.470945
2127,2128,29.330590,0.510437
2128,2129,29.344374,0.421768
2129,2130,29.358157,0.437228
2130,2131,29.371940,0.453207
2131,2132,29.385723,0.477935
2132,2133,29.399506,0.405960
2133,2134,29.413289,0.395426
2134,2135,29.427073,0.518437
2135,2136,29.440856,0.484201
2136,2137,29.454639,0.468061
2137,2138,29.468422,0.407137
2138,2139,29.482205,0.488009
2139,2140,29.495988,0.408780
2140,2141,29.509772,0.464968
2141,2142,29.523555,0.462749
2142,2143,29.537338,0.434374
2143,2144,29.551121,0.433195
2144,2145,29.564904,0.443650
2145,2146,29.578688,0.418080
2146,2147,29.592471,0.427499
2147,2148,29.606254,0.418976
2148,2149,29.620037,0.440595
2149,2150,29.633820,0.454056
2150,2151,29.647603,0.389777
2151,2152,29.661387,0.455743
2152,2153,29.675170,0.453584
2153,2154,29.688953,0.393945
2154,2155,29.702736,0.442271
2155,2156,29.716519,0.444177
2156,2157,29.730302,0.434855
2157,2158,29.744086,0.433430
2158,2159,29.757869,0.420556
2159,2160,29.771652,0.383839
2160,2161,29.785435,0.411659
2161,2162,29.799218,0.444502
2162,2163,29.813001,0.433829
2163,2164,29.826785,0.474398
2164,2165,29.840568,0.423788
2165,2166,29.854351,0.438974
2166,2167,29.868134,0.427987
2167,2168,29.881917,0.445982
2168,2169,29.895700,0.481902
2169,2170,29.909484,0.433477
2170,2171,29.923267,0.460328
2171,2172,29.937050,0.493924
2172,2173,29.950833,0.329256
2173,2174,29.964616,0.448646
2174,2175,29.978400,0.375857
2175,2176,29.992183,0.431770
2176,2177,30.005966,0.381365
2177,2178,30.019749,0.436698
2178,2179,30.033532,0.460006
2179,2180,30.047315,0.391520
2180,2181,30.061099,0.464231
2181,2182,30.074882,0.380589
2182,2183,30.088665,0.442203
2183,2184,30.102448,0.386429
2184,2185,30.116231,0.489312
2185,2186,30.130014,0.489551
2186,2187,30.143798,0.444950
2187,2188,30.157581,0.489916
2188,2189,30.171364,0.477246
2189,2190,30.185147,0.470976
2190,2191,30.198930,0.388751
2191,2192,30.212713,0.479180
2192,2193,30.226497,0.419293
2193,2194,30.240280,0.386821
2194,2195,30.254063,0.461577
2195,2196,30.267846,0.452360
2196,2197,30.281629,0.491934
2197,2198,30.295412,0.483049
2198,2199,30.309196,0.459585
2199,2200,30.322979,0.430835
2200,2201,30.336762,0.363674
2201,2202,30.350545,0.504201
2202,2203,30.364328,0.438908
2203,2204,30.378111,0.488038
2204,2205,30.391895,0.466824
2205,2206,30.405678,0.482451
2206,2207,30.419461,0.398986
2207,2208,30.433244,0.476846
2208,2209,30.447027,0.449412
2209,2210,30.460811,0.443161
2210,2211,30.474594,0.407254
2211,2212,30.488377,0.416111
2212,2213,30.502160,0.417355
2213,2214,30.515943,0.385941
2214,2215,30.529726,0.456313
2215,2216,30.543510,0.428995
2216,2217,30.557293,0.458019
2217,2218,30.571076,0.422115
2218,2219,30.584859,0.480019
2219,2220,30.598642,0.429855
2220,2221,30.612425,0.475644
2221,2222,30.626209,0.384269
2222,2223,30.639992,0.398652
2223,2224,30.653775,0.402504
2224,2225,30.667558,0.418863
2225,2226,30.681341,0.357778
2226,2227,30.695124,0.504033
2227,2228,30.708908,0.490697
2228,2229,30.722691,0.465209
2229,2230,30.736474,0.451278
2230,2231,30.750257,0.539077
2231,2232,30.764040,0.431121
2232,2233,30.777823,0.349562
2233,2234,30.791607,0.420842
2234,2235,30.805390,0.499477
2235,2236,30.819173,0.419986
2236,2237,30.832956,0.525652
2237,2238,30.846739,0.452407
2238,2239,30.860523,0.418018
2239,2240,30.874306,0.481858
2240,2241,30.888089,0.453476
2241,2242,30.901872,0.428928
2242,2243,30.915655,0.465710
2243,2244,30.929438,0.399338
2244,2245,30.943222,0.410861
2245,2246,30.957005,0.415320
2246,2247,30.970788,0.443071
2247,2248,30.984571,0.397578
2248,2249,30.998354,0.482209
2249,2250,31.012137,0.437927
2250,2251,31.025921,0.463734
2251,2252,31.039704,0.446454
2252,2253,31.053487,0.416245
2253,2254,31.067270,0.440892
2254,2255,31.081053,0.429377
2255,2256,31.094836,0.383594
2256,2257,31.108620,0.448997
2257,2258,31.122403,0.473919
2258,2259,31.136186,0.481618
2259,2260,31.149969,0.400913
2260,2261,31.163752,0.412934
2261,2262,31.177535,0.489240
2262,2263,31.191319,0.473416
2263,2264,31.205102,0.507685
2264,2265,31.218885,0.419597
2265,2266,31.232668,0.468857
2266,2267,31.246451,0.406547
2267,2268,31.260235,0.392808
2268,2269,31.274018,0.445097
2269,2270,31.287801,0.441554
2270,2271,31.301584,0.432826
2271,2272,31.315367,0.449020
2272,2273,31.329150,0.470151
2273,2274,31.342934,0.403814
2274,2275,31.356717,0.413577
2275,2276,31.370500,0.448236
2276,2277,31.384283,0.413035
2277,2278,31.398066,0.377521
2278,2279,31.411849,0.467933
2279,2280,31.425633,0.491010
2280,2281,31.439416,0.508822
2281,2282,31.453199,0.477118
2282,2283,31.466982,0.387881
2283,2284,31.480765,0.399100
2284,2285,31.494548,0.408712
2285,2286,31.508332,0.485708
2286,2287,31.522115,0.386132
2287,2288,31.535898,0.509531
2288,2289,31.549681,0.426681
2289,2290,31.563464,0.395621
2290,2291,31.577247,0.360719
2291,2292,31.591031,0.435576
2292,2293,31.604814,0.400677
2293,2294,31.618597,0.397375
2294,2295,31.632380,0.371987
2295,2296,31.646163,0.382585
2296,2297,31.659947,0.426698
2297,2298,31.673730,0.525488
2298,2299,31.687513,0.422797
2299,2300,31.701296,0.443823
2300,2301,31.715079,0.476879
2301,2302,31.728862,0.428210
2302,2303,31.742646,0.443674
2303,2304,31.756429,0.416713
2304,2305,31.770212,0.383546
2305,2306,31.783995,0.439228
2306,2307,31.797778,0.370108
2307,2308,31.811561,0.455436
2308,2309,31.825345,0.492442
2309,2310,31.839128,0.467022
2310,2311,31.852911,0.473860
2311,2312,31.866694,0.450364
2312,2313,31.880477,0.399111
2313,2314,31.894260,0.478540
2314,2315,31.908044,0.462801
2315,2316,31.921827,0.502299
2316,2317,31.935610,0.375280
2317,2318,31.949393,0.436228
2318,2319,31.963176,0.495643
2319,2320,31.976959,0.472037
2320,2321,31.990743,0.384160
2321,2322,32.004526,0.465667
2322,2323,32.018309,0.397468
2323,2324,32.032092,0.451857
2324,2325,32.045875,0.473272
2325,2326,32.059659,0.431106
2326,2327,32.073442,0.419840
2327,2328,32.087225,0.500688
2328,2329,32.101008,0.512411
2329,2330,32.114791,0.391885
2330,2331,32.128574,0.420092
2331,2332,32.142358,0.395383
2332,2333,32.156141,0.462942
2333,2334,32.169924,0.441581
2334,2335,32.183707,0.368825
2335,2336,32.197490,0.424393
2336,2337,32.211273,0.411460
2337,2338,32.225057,0.356029
2338,2339,32.238840,0.424635
2339,2340,32.252623,0.492746
2340,2341,32.266406,0.491855
2341,2342,32.280189,0.482955
2342,2343,32.293972,0.427086
2343,2344,32.307756,0.409792
2344,2345,32.321539,0.555982
2345,2346,32.335322,0.386535
2346,2347,32.349105,0.524911
2347,2348,32.362888,0.405864
2348,2349,32.376671,0.474966
2349,2350,32.390455,0.466436
2350,2351,32.404238,0.444856
2351,2352,32.418021,0.411991
2352,2353,32.431804,0.495306
2353,2354,32.445587,0.518475
2354,2355,32.459370,0.444951
2355,2356,32.473154,0.451995
2356,2357,32.486937,0.377695
2357,2358,32.500720,0.420030
2358,2359,32.514503,0.465321
2359,2360,32.528286,0.423699
2360,2361,32.542070,0.447382
2361,2362,32.555853,0.340487
2362,2363,32.569636,0.398610
2363,2364,32.583419,0.431739
2364,2365,32.597202,0.470798
2365,2366,32.610985,0.438659
2366,2367,32.624769,0.457274
2367,2368,32.638552,0.389405
2368,2369,32.652335,0.367608
2369,2370,32.666118,0.404972
2370,2371,32.679901,0.443927
2371,2372,32.693684,0.371764
2372,2373,32.707468,0.435558
2373,2374,32.721251,0.450139
2374,2375,32.735034,0.402786
2375,2376,32.748817,0.415915
2376,2377,32.762600,0.350160
2377,2378,32.776383,0.357981
2378,2379,32.790167,0.369993
2379,2380,32.803950,0.390114
2380,2381,32.817733,0.412717
2381,2382,32.831516,0.470195
2382,2383,32.845299,0.415662
2383,2384,32.859082,0.514028
2384,2385,32.872866,0.429665
2385,2386,32.886649,0.470264
2386,2387,32.900432,0.429987
2387,2388,32.914215,0.497255
2388,2389,32.927998,0.509071
2389,2390,32.941782,0.373610
2390,2391,32.955565,0.448076
2391,2392,32.969348,0.436946
2392,2393,32.983131,0.394704
2393,2394,32.996914,0.473365
2394,2395,33.010697,0.446244
2395,2396,33.024481,0.380581
2396,2397,33.038264,0.463970
2397,2398,33.052047,0.487827
2398,2399,33.065830,0.398040
2399,2400,33.079613,0.486405
2400,2401,33.093396,0.480043
2401,2402,33.107180,0.399050
2402,2403,33.120963,0.434822
2403,2404,33.134746,0.427420
2404,2405,33.148529,0.454047
2405,2406,33.162312,0.426943
2406,2407,33.176095,0.464339
2407,2408,33.189879,0.448031
2408,2409,33.203662,0.442471
2409,2410,33.217445,0.372001
2410,2411,33.231228,0.451429
2411,2412,33.245011,0.547658
2412,2413,33.258794,0.436569
2413,2414,33.272578,0.458563
2414,2415,33.286361,0.428434
2415,2416,33.300144,0.360909
2416,2417,33.313927,0.474934
2417,2418,33.327710,0.361413
2418,2419,33.341494,0.387775
2419,2420,33.355277,0.420115
2420,2421,33.369060,0.306820
2421,2422,33.382843,0.427009
2422,2423,33.396626,0.407598
2423,2424,33.410409,0.408922
2424,2425,33.424193,0.449118
2425,2426,33.437976,0.451057
2426,2427,33.451759,0.393962
2427,2428,33.465542,0.488639
2428,2429,33.479325,0.456208
2429,2430,33.493108,0.492041
2430,2431,33.506892,0.459912
2431,2432,33.520675,0.430359
2432,2433,33.534458,0.394774
2433,2434,33.548241,0.469028
2434,2435,33.562024,0.459894
2435,2436,33.575807,0.412867
2436,2437,33.589591,0.494485
2437,2438,33.603374,0.530595
2438,2439,33.617157,0.450857
2439,2440,33.630940,0.392974
2440,2441,33.644723,0.516200
2441,2442,33.658506,0.443610
2442,2443,33.672290,0.404847
2443,2444,33.686073,0.471105
2444,2445,33.699856,0.504539
2445,2446,33.713639,0.416272
2446,2447,33.727422,0.392726
2447,2448,33.741206,0.419224
2448,2449,33.754989,0.460341
2449,2450,33.768772,0.357010
2450,2451,33.782555,0.457104
2451,2452,33.796338,0.452242
2452,2453,33.810121,0.498324
2453,2454,33.823905,0.401637
2454,2455,33.837688,0.501135
2455,2456,33.851471,0.450571
2456,2457,33.865254,0.459363
2457,2458,33.879037,0.395936
2458,2459,33.892820,0.467375
2459,2460,33.906604,0.464332
2460,2461,33.920387,0.354623
2461,2462,33.934170,0.455600
2462,2463,33.947953,0.469102
2463,2464,33.961736,0.462157
2464,2465,33.975519,0.434333
2465,2466,33.989303,0.389969
2466,2467,34.003086,0.391080
2467,2468,34.016869,0.393592
2468,2469,34.030652,0.502179
2469,2470,34.044435,0.476394
2470,2471,34.058218,0.445402
2471,2472,34.072002,0.412830
2472,2473,34.085785,0.413906
2473,2474,34.099568,0.509291
2474,2475,34.113351,0.372876
2475,2476,34.127134,0.414175
2476,2477,34.140918,0.401915
2477,2478,34.154701,0.504801
2478,2479,34.168484,0.407604
2479,2480,34.182267,0.431953
2480,2481,34.196050,0.432237
2481,2482,34.209833,0.409236
2482,2483,34.223617,0.505225
2483,2484,34.237400,0.434351
2484,2485,34.251183,0.464844
2485,2486,34.264966,0.441146
2486,2487,34.278749,0.423552
2487,2488,34.292532,0.366379
2488,2489,34.306316,0.363667
2489,2490,34.320099,0.370833
2490,2491,34.333882,0.402592
2491,2492,34.347665,0.467519
2492,2493,34.361448,0.431958
2493,2494,34.375231,0.461288
2494,2495,34.389015,0.480826
2495,2496,34.402798,0.345343
2496,2497,34.416581,0.394735
2497,2498,34.430364,0.395992
2498,2499,34.444147,0.452058
2499,2500,34.457930,0.499439
2500,2501,34.471714,0.418096
2501,2502,34.485497,0.440044
2502,2503,34.499280,0.469495
2503,2504,34.513063,0.403058
2504,2505,34.526846,0.497590
2505,2506,34.540630,0.374502
2506,2507,34.554413,0.480544
2507,2508,34.568196,0.414020
2508,2509,34.581979,0.380780
2509,2510,34.595762,0.369523
2510,2511,34.609545,0.411358
2511,2512,34.623329,0.404878
2512,2513,34.637112,0.389668
2513,2514,34.650895,0.445516
2514,2515,34.664678,0.379682
2515,2516,34.678461,0.394774
2516,2517,34.692244,0.511010
2517,2518,34.706028,0.478944
2518,2519,34.719811,0.475019
2519,2520,34.733594,0.421795
2520,2521,34.747377,0.443938
2521,2522,34.761160,0.446088
2522,2523,34.774943,0.423130
2523,2524,34.788727,0.486120
2524,2525,34.802510,0.478558
2525,2526,34.816293,0.384940
2526,2527,34.830076,0.428959
2527,2528,34.843859,0.436202
2528,2529,34.857642,0.494202
2529,2530,34.871426,0.460273
2530,2531,34.885209,0.449484
2531,2532,34.898992,0.440717
2532,2533,34.912775,0.438295
2533,2534,34.926558,0.469518
2534,2535,34.940341,0.435881
2535,2536,34.954125,0.397280
2536,2537,34.967908,0.445575
2537,2538,34.981691,0.518103
2538,2539,34.995474,0.427005
2539,2540,35.009257,0.478623
2540,2541,35.023041,0.365160
2541,2542,35.036824,0.368770
2542,2543,35.050607,0.478074
2543,2544,35.064390,0.417901
2544,2545,35.078173,0.444888
2545,2546,35.091956,0.455187
2546,2547,35.105740,0.449362
2547,2548,35.119523,0.407276
2548,2549,35.133306,0.416503
2549,2550,35.147089,0.415322
2550,2551,35.160872,0.500233
2551,2552,35.174655,0.429067
2552,2553,35.188439,0.485934
2553,2554,35.202222,0.430238
2554,2555,35.216005,0.469944
2555,2556,35.229788,0.412076
2556,2557,35.243571,0.485561
2557,2558,35.257354,0.427510
2558,2559,35.271138,0.403840
2559,2560,35.284921,0.399782
2560,2561,35.298704,0.404519
2561,2562,35.312487,0.493980
2562,2563,35.326270,0.460197
2563,2564,35.340053,0.418692
2564,2565,35.353837,0.416208
2565,2566,35.367620,0.497023
2566,2567,35.381403,0.402574
2567,2568,35.395186,0.420144
2568,2569,35.408969,0.431204
2569,2570,35.422753,0.399677
2570,2571,35.436536,0.487856
2571,2572,35.450319,0.398145
2572,2573,35.464102,0.468532
2573,2574,35.477885,0.429995
2574,2575,35.491668,0.431757
2575,2576,35.505452,0.563337
2576,2577,35.519235,0.517300
2577,2578,35.533018,0.426126
2578,2579,35.546801,0.518227
2579,2580,35.560584,0.406425
2580,2581,35.574367,0.377332
2581,2582,35.588151,0.525696
2582,2583,35.601934,0.365362
2583,2584,35.615717,0.382556
2584,2585,35.629500,0.440634
2585,2586,35.643283,0.397378
2586,2587,35.657066,0.371168
2587,2588,35.670850,0.443767
2588,2589,35.684633,0.378062
2589,2590,35.698416,0.491423
2590,2591,35.712199,0.486879
2591,2592,35.725982,0.443926
2592,2593,35.739765,0.415384
2593,2594,35.753549,0.403847
2594,2595,35.767332,0.407949
2595,2596,35.781115,0.441618
2596,2597,35.794898,0.470206
2597,2598,35.808681,0.394387
2598,2599,35.822465,0.417306
2599,2600,35.836248,0.376384
2600,2601,35.850031,0.382449
2601,2602,35.863814,0.484479
2602,2603,35.877597,0.498403
2603,2604,35.891380,0.418279
2604,2605,35.905164,0.450500
2605,2606,35.918947,0.436472
2606,2607,35.932730,0.398235
2607,2608,35.946513,0.467887
2608,2609,35.960296,0.448954
2609,2610,35.974079,0.450198
2610,2611,35.987863,0.400861
2611,2612,36.001646,0.396237
2612,2613,36.015429,0.438503
2613,2614,36.029212,0.397058
2614,2615,36.042995,0.478437
2615,2616,36.056778,0.448479
2616,2617,36.070562,0.487121
2617,2618,36.084345,0.559931
2618,2619,36.098128,0.477046
2619,2620,36.111911,0.475664
2620,2621,36.125694,0.424378
2621,2622,36.139477,0.388581
2622,2623,36.153261,0.379548
2623,2624,36.167044,0.411543
2624,2625,36.180827,0.429210
2625,2626,36.194610,0.440601
2626,2627,36.208393,0.402723
2627,2628,36.222177,0.453460
2628,2629,36.235960,0.442943
2629,2630,36.249743,0.437179
2630,2631,36.263526,0.384097
2631,2632,36.277309,0.505738
2632,2633,36.291092,0.399882
2633,2634,36.304876,0.435961
2634,2635,36.318659,0.399759
2635,2636,36.332442,0.520960
2636,2637,36.346225,0.411935
2637,2638,36.360008,0.444599
2638,2639,36.373791,0.457029
2639,2640,36.387575,0.388478
2640,2641,36.401358,0.328313
2641,2642,36.415141,0.448986
2642,2643,36.428924,0.367141
2643,2644,36.442707,0.399716
2644,2645,36.456490,0.447605
2645,2646,36.470274,0.474461
2646,2647,36.484057,0.479981
2647,2648,36.497840,0.516959
2648,2649,36.511623,0.376435
2649,2650,36.525406,0.479900
2650,2651,36.539189,0.397065
2651,2652,36.552973,0.369448
2652,2653,36.566756,0.476484
2653,2654,36.580539,0.427571
2654,2655,36.594322,0.411975
2655,2656,36.608105,0.407359
2656,2657,36.621889,0.384191
2657,2658,36.635672,0.454595
2658,2659,36.649455,0.436992
2659,2660,36.663238,0.481867
2660,2661,36.677021,0.461693
2661,2662,36.690804,0.434562
2662,2663,36.704588,0.421025
2663,2664,36.718371,0.378687
2664,2665,36.732154,0.413654
2665,2666,36.745937,0.515313
2666,2667,36.759720,0.484566
2667,2668,36.773503,0.437421
2668,2669,36.787287,0.380984
2669,2670,36.801070,0.473084
2670,2671,36.814853,0.437171
2671,2672,36.828636,0.424655
2672,2673,36.842419,0.447464
2673,2674,36.856202,0.426081
2674,2675,36.869986,0.389438
2675,2676,36.883769,0.467514
2676,2677,36.897552,0.488034
2677,2678,36.911335,0.404660
2678,2679,36.925118,0.355599
2679,2680,36.938901,0.438948
2680,2681,36.952685,0.409679
2681,2682,36.966468,0.392635
2682,2683,36.980251,0.480333
2683,2684,36.994034,0.444639
2684,2685,37.007817,0.364029
2685,2686,37.021600,0.397857
2686,2687,37.035384,0.480200
2687,2688,37.049167,0.409700
2688,2689,37.062950,0.385865
2689,2690,37.076733,0.458226
2690,2691,37.090516,0.410610
2691,2692,37.104300,0.435698
2692,2693,37.118083,0.423804
2693,2694,37.131866,0.438693
2694,2695,37.145649,0.449944
2695,2696,37.159432,0.501180
2696,2697,37.173215,0.463976
2697,2698,37.186999,0.357958
2698,2699,37.200782,0.391709
2699,2700,37.214565,0.454710
2700,2701,37.228348,0.410317
2701,2702,37.242131,0.380839
2702,2703,37.255914,0.495602
2703,2704,37.269698,0.491183
2704,2705,37.283481,0.426872
2705,2706,37.297264,0.449104
2706,2707,37.311047,0.450464
2707,2708,37.324830,0.446917
2708,2709,37.338613,0.443459
2709,2710,37.352397,0.442739
2710,2711,37.366180,0.421456
2711,2712,37.379963,0.431701
2712,2713,37.393746,0.396582
2713,2714,37.407529,0.458093
2714,2715,37.421312,0.349696
2715,2716,37.435096,0.384518
2716,2717,37.448879,0.441577
2717,2718,37.462662,0.371855
2718,2719,37.476445,0.467782
2719,2720,37.490228,0.411456
2720,2721,37.504012,0.474399
2721,2722,37.517795,0.467984
2722,2723,37.531578,0.429953
2723,2724,37.545361,0.400240
2724,2725,37.559144,0.482143
2725,2726,37.572927,0.437685
2726,2727,37.586711,0.444057
2727,2728,37.600494,0.459067
2728,2729,37.614277,0.470298
2729,2730,37.628060,0.426670
2730,2731,37.641843,0.452848
2731,2732,37.655626,0.378015
2732,2733,37.669410,0.426930
2733,2734,37.683193,0.384771
2734,2735,37.696976,0.432704
2735,2736,37.710759,0.445731
2736,2737,37.724542,0.406937
2737,2738,37.738325,0.399828
2738,2739,37.752109,0.487935
2739,2740,37.765892,0.451363
2740,2741,37.779675,0.432147
2741,2742,37.793458,0.392681
2742,2743,37.807241,0.407484
2743,2744,37.821024,0.528225
2744,2745,37.834808,0.469047
2745,2746,37.848591,0.441921
2746,2747,37.862374,0.400190
2747,2748,37.876157,0.373914
2748,2749,37.889940,0.528804
2749,2750,37.903724,0.377645
2750,2751,37.917507,0.491994
2751,2752,37.931290,0.398423
2752,2753,37.945073,0.441470
2753,2754,37.958856,0.373575
2754,2755,37.972639,0.463930
2755,2756,37.986423,0.362893
2756,2757,38.000206,0.412336
2757,2758,38.013989,0.437906
2758,2759,38.027772,0.339849
2759,2760,38.041555,0.449254
2760,2761,38.055338,0.417054
2761,2762,38.069122,0.455177
2762,2763,38.082905,0.469668
2763,2764,38.096688,0.506799
2764,2765,38.110471,0.402257
2765,2766,38.124254,0.441998
2766,2767,38.138037,0.425332
2767,2768,38.151821,0.378481
2768,2769,38.165604,0.518260
2769,2770,38.179387,0.404186
2770,2771,38.193170,0.462085
2771,2772,38.206953,0.429149
2772,2773,38.220736,0.412574
2773,2774,38.234520,0.465974
2774,2775,38.248303,0.415961
2775,2776,38.262086,0.459244
2776,2777,38.275869,0.420136
2777,2778,38.289652,0.433715
2778,2779,38.303436,0.434819
2779,2780,38.317219,0.463806
2780,2781,38.331002,0.478839
2781,2782,38.344785,0.472732
2782,2783,38.358568,0.389286
2783,2784,38.372351,0.416378
2784,2785,38.386135,0.521359
2785,2786,38.399918,0.427132
2786,2787,38.413701,0.443343
2787,2788,38.427484,0.479866
2788,2789,38.441267,0.534102
2789,2790,38.455050,0.462627
2790,2791,38.468834,0.508066
2791,2792,38.482617,0.492905
2792,2793,38.496400,0.398294
2793,2794,38.510183,0.446303
2794,2795,38.523966,0.500437
2795,2796,38.537749,0.460624
2796,2797,38.551533,0.415152
2797,2798,38.565316,0.433854
2798,2799,38.579099,0.444392
2799,2800,38.592882,0.454731
2800,2801,38.606665,0.429685
2801,2802,38.620448,0.388008
2802,2803,38.634232,0.479735
2803,2804,38.648015,0.490775
2804,2805,38.661798,0.444763
2805,2806,38.675581,0.413570
2806,2807,38.689364,0.464641
2807,2808,38.703148,0.440784
2808,2809,38.716931,0.489239
2809,2810,38.730714,0.492743
2810,2811,38.744497,0.425364
2811,2812,38.758280,0.495403
2812,2813,38.772063,0.422394
2813,2814,38.785847,0.379585
2814,2815,38.799630,0.381470
2815,2816,38.813413,0.379689
2816,2817,38.827196,0.465124
2817,2818,38.840979,0.475235
2818,2819,38.854762,0.425800
2819,2820,38.868546,0.412485
2820,2821,38.882329,0.437344
2821,2822,38.896112,0.499707
2822,2823,38.909895,0.504481
2823,2824,38.923678,0.408778
2824,2825,38.937461,0.458615
2825,2826,38.951245,0.419403
2826,2827,38.965028,0.500259
2827,2828,38.978811,0.420805
2828,2829,38.992594,0.421474
2829,2830,39.006377,0.477352
2830,2831,39.020160,0.477825
2831,2832,39.033944,0.386993
2832,2833,39.047727,0.438863
2833,2834,39.061510,0.417553
2834,2835,39.075293,0.390524
2835,2836,39.089076,0.460243
2836,2837,39.102859,0.403072
2837,2838,39.116643,0.387924
2838,2839,39.130426,0.376771
2839,2840,39.144209,0.455680
2840,2841,39.157992,0.472101
2841,2842,39.171775,0.420629
2842,2843,39.185559,0.471909
2843,2844,39.199342,0.487789
2844,2845,39.213125,0.424533
2845,2846,39.226908,0.391964
2846,2847,39.240691,0.409387
2847,2848,39.254474,0.504459
2848,2849,39.268258,0.444849
2849,2850,39.282041,0.388199
2850,2851,39.295824,0.523106
2851,2852,39.309607,0.449019
2852,2853,39.323390,0.377442
2853,2854,39.337173,0.510225
2854,2855,39.350957,0.458375
2855,2856,39.364740,0.415009
2856,2857,39.378523,0.448288
2857,2858,39.392306,0.471896
2858,2859,39.406089,0.396176
2859,2860,39.419872,0.395055
2860,2861,39.433656,0.428102
2861,2862,39.447439,0.463222
2862,2863,39.461222,0.376717
2863,2864,39.475005,0.446547
2864,2865,39.488788,0.493490
2865,2866,39.502571,0.361074
2866,2867,39.516355,0.429844
2867,2868,39.530138,0.467701
2868,2869,39.543921,0.426663
2869,2870,39.557704,0.382944
2870,2871,39.571487,0.337672
2871,2872,39.585271,0.456191
2872,2873,39.599054,0.442029
2873,2874,39.612837,0.460517
2874,2875,39.626620,0.401404
2875,2876,39.640403,0.424472
2876,2877,39.654186,0.421282
2877,2878,39.667970,0.450013
2878,2879,39.681753,0.383476
2879,2880,39.695536,0.520430
2880,2881,39.709319,0.442261
2881,2882,39.723102,0.468094
2882,2883,39.736885,0.342422
2883,2884,39.750669,0.397254
2884,2885,39.764452,0.419163
2885,2886,39.778235,0.469594
2886,2887,39.792018,0.448726
2887,2888,39.805801,0.508252
2888,2889,39.819584,0.407611
2889,2890,39.833368,0.419221
2890,2891,39.847151,0.392832
2891,2892,39.860934,0.454359
2892,2893,39.874717,0.430223
2893,2894,39.888500,0.403085
2894,2895,39.902283,0.493822
2895,2896,39.916067,0.397716
2896,2897,39.929850,0.439479
2897,2898,39.943633,0.466879
2898,2899,39.957416,0.459972
2899,2900,39.971199,0.409772
2900,2901,39.984983,0.474051
2901,2902,39.998766,0.473094
2902,2903,40.012549,0.456524
2903,2904,40.026332,0.447941
2904,2905,40.040115,0.415617
2905,2906,40.053898,0.488741
2906,2907,40.067682,0.471833
2907,2908,40.081465,0.461672
2908,2909,40.095248,0.448985
2909,2910,40.109031,0.389823
2910,2911,40.122814,0.451548
2911,2912,40.136597,0.437471
2912,2913,40.150381,0.447709
2913,2914,40.164164,0.444783
2914,2915,40.177947,0.459317
2915,2916,40.191730,0.436374
2916,2917,40.205513,0.415474
2917,2918,40.219296,0.429091
2918,2919,40.233080,0.406197
2919,2920,40.246863,0.444657
2920,2921,40.260646,0.458536
2921,2922,40.274429,0.390825
2922,2923,40.288212,0.474567
2923,2924,40.301995,0.411644
2924,2925,40.315779,0.433818
2925,2926,40.329562,0.558808
2926,2927,40.343345,0.478299
2927,2928,40.357128,0.469707
2928,2929,40.370911,0.456831
2929,2930,40.384695,0.421611
2930,2931,40.398478,0.472797
2931,2932,40.412261,0.476400
2932,2933,40.426044,0.360311
2933,2934,40.439827,0.452179
2934,2935,40.453610,0.522500
2935,2936,40.467394,0.384835
2936,2937,40.481177,0.456206
2937,2938,40.494960,0.413465
2938,2939,40.508743,0.436481
2939,2940,40.522526,0.413155
2940,2941,40.536309,0.438989
2941,2942,40.550093,0.469979
2942,2943,40.563876,0.452710
2943,2944,40.577659,0.401043
2944,2945,40.591442,0.412794
2945,2946,40.605225,0.365012
2946,2947,40.619008,0.496901
2947,2948,40.632792,0.422535
2948,2949,40.646575,0.390358
2949,2950,40.660358,0.414338
2950,2951,40.674141,0.456658
2951,2952,40.687924,0.427409
2952,2953,40.701707,0.438083
2953,2954,40.715491,0.505709
2954,2955,40.729274,0.434316
2955,2956,40.743057,0.413472
2956,2957,40.756840,0.399932
2957,2958,40.770623,0.427239
2958,2959,40.784407,0.448211
2959,2960,40.798190,0.399311
2960,2961,40.811973,0.396141
2961,2962,40.825756,0.413688
2962,2963,40.839539,0.453168
2963,2964,40.853322,0.460693
2964,2965,40.867106,0.439441
2965,2966,40.880889,0.350929
2966,2967,40.894672,0.515750
2967,2968,40.908455,0.457341
2968,2969,40.922238,0.453598
2969,2970,40.936021,0.371035
2970,2971,40.949805,0.471837
2971,2972,40.963588,0.444551
2972,2973,40.977371,0.480909
2973,2974,40.991154,0.449780
2974,2975,41.004937,0.410897
2975,2976,41.018720,0.488722
2976,2977,41.032504,0.476310
2977,2978,41.046287,0.423856
2978,2979,41.060070,0.510018
2979,2980,41.073853,0.489380
2980,2981,41.087636,0.412882
2981,2982,41.101419,0.460260
2982,2983,41.115203,0.428138
2983,2984,41.128986,0.371083
2984,2985,41.142769,0.444659
2985,2986,41.156552,0.512628
2986,2987,41.170335,0.505526
2987,2988,41.184118,0.495443
2988,2989,41.197902,0.426652
2989,2990,41.211685,0.467704
2990,2991,41.225468,0.529587
2991,2992,41.239251,0.439061
2992,2993,41.253034,0.364275
2993,2994,41.266818,0.386589
2994,2995,41.280601,0.480354
2995,2996,41.294384,0.401722
2996,2997,41.308167,0.441514
2997,2998,41.321950,0.464507
2998,2999,41.335733,0.473042
2999,3000,41.349517,0.470736
3000,3001,41.363300,0.462863
3001,3002,41.377083,0.386599
3002,3003,41.390866,0.443423
3003,3004,41.404649,0.382169
3004,3005,41.418432,0.480953
3005,3006,41.432216,0.477368
3006,3007,41.445999,0.403528
3007,3008,41.459782,0.393185
3008,3009,41.473565,0.431303
3009,3010,41.487348,0.419748
3010,3011,41.501131,0.468178
3011,3012,41.514915,0.373453
3012,3013,41.528698,0.442688
3013,3014,41.542481,0.458942
3014,3015,41.556264,0.455486
3015,3016,41.570047,0.372532
3016,3017,41.583830,0.483598
3017,3018,41.597614,0.488844
3018,3019,41.611397,0.441532
3019,3020,41.625180,0.382589
3020,3021,41.638963,0.402494
3021,3022,41.652746,0.458734
3022,3023,41.666530,0.435206
3023,3024,41.680313,0.452310
3024,3025,41.694096,0.387466
3025,3026,41.707879,0.416989
3026,3027,41.721662,0.459562
3027,3028,41.735445,0.501937
3028,3029,41.749229,0.428349
3029,3030,41.763012,0.438550
3030,3031,41.776795,0.352226
3031,3032,41.790578,0.411434
3032,3033,41.804361,0.459515
3033,3034,41.818144,0.494196
3034,3035,41.831928,0.416530
3035,3036,41.845711,0.407560
3036,3037,41.859494,0.506892
3037,3038,41.873277,0.426317
3038,3039,41.887060,0.425267
3039,3040,41.900843,0.422625
3040,3041,41.914627,0.445494
3041,3042,41.928410,0.388735
3042,3043,41.942193,0.443132
3043,3044,41.955976,0.413833
3044,3045,41.969759,0.390005
3045,3046,41.983542,0.409274
3046,3047,41.997326,0.386539
3047,3048,42.011109,0.362667
3048,3049,42.024892,0.444203
3049,3050,42.038675,0.400368
3050,3051,42.052458,0.541208
3051,3052,42.066242,0.454321
3052,3053,42.080025,0.464025
3053,3054,42.093808,0.316769
3054,3055,42.107591,0.488998
3055,3056,42.121374,0.408166
3056,3057,42.135157,0.382042
3057,3058,42.148941,0.448452
3058,3059,42.162724,0.477301
3059,3060,42.176507,0.446636
3060,3061,42.190290,0.402805
3061,3062,42.204073,0.437667
3062,3063,42.217856,0.412960
3063,3064,42.231640,0.443909
3064,3065,42.245423,0.420354
3065,3066,42.259206,0.433801
3066,3067,42.272989,0.434802
3067,3068,42.286772,0.481227
3068,3069,42.300555,0.489513
3069,3070,42.314339,0.354642
3070,3071,42.328122,0.408690
3071,3072,42.341905,0.400978
3072,3073,42.355688,0.404524
3073,3074,42.369471,0.466745
3074,3075,42.383254,0.440209
3075,3076,42.397038,0.459079
3076,3077,42.410821,0.426889
3077,3078,42.424604,0.370555
3078,3079,42.438387,0.499718
3079,3080,42.452170,0.435530
3080,3081,42.465954,0.455818
3081,3082,42.479737,0.429213
3082,3083,42.493520,0.447385
3083,3084,42.507303,0.474224
3084,3085,42.521086,0.438570
3085,3086,42.534869,0.477640
3086,3087,42.548653,0.442696
3087,3088,42.562436,0.402704
3088,3089,42.576219,0.425888
3089,3090,42.590002,0.445752
3090,3091,42.603785,0.439575
3091,3092,42.617568,0.378730
3092,3093,42.631352,0.425636
3093,3094,42.645135,0.494582
3094,3095,42.658918,0.438697
3095,3096,42.672701,0.474913
3096,3097,42.686484,0.454959
3097,3098,42.700267,0.468863
3098,3099,42.714051,0.462715
3099,3100,42.727834,0.404618
3100,3101,42.741617,0.390523
3101,3102,42.755400,0.394148
3102,3103,42.769183,0.429280
3103,3104,42.782966,0.401943
3104,3105,42.796750,0.352371
3105,3106,42.810533,0.381228
3106,3107,42.824316,0.482258
3107,3108,42.838099,0.494497
3108,3109,42.851882,0.519603
3109,3110,42.865666,0.457825
3110,3111,42.879449,0.447885
3111,3112,42.893232,0.422275
3112,3113,42.907015,0.482580
3113,3114,42.920798,0.420640
3114,3115,42.934581,0.470410
3115,3116,42.948365,0.431179
3116,3117,42.962148,0.427689
3117,3118,42.975931,0.394718
3118,3119,42.989714,0.463117
3119,3120,43.003497,0.446836
3120,3121,43.017280,0.455026
3121,3122,43.031064,0.417453
3122,3123,43.044847,0.370412
3123,3124,43.058630,0.485164
3124,3125,43.072413,0.476540
3125,3126,43.086196,0.369028
3126,3127,43.099979,0.455759
3127,3128,43.113763,0.445444
3128,3129,43.127546,0.401223
3129,3130,43.141329,0.423405
3130,3131,43.155112,0.446130
3131,3132,43.168895,0.397945
3132,3133,43.182678,0.429021
3133,3134,43.196462,0.462418
3134,3135,43.210245,0.378935
3135,3136,43.224028,0.466594
3136,3137,43.237811,0.405038
3137,3138,43.251594,0.458848
3138,3139,43.265377,0.382621
3139,3140,43.279161,0.403049
3140,3141,43.292944,0.413549
3141,3142,43.306727,0.358459
3142,3143,43.320510,0.408257
3143,3144,43.334293,0.499989
3144,3145,43.348077,0.510302
3145,3146,43.361860,0.413806
3146,3147,43.375643,0.409152
3147,3148,43.389426,0.423852
3148,3149,43.403209,0.410889
3149,3150,43.416992,0.394231
3150,3151,43.430776,0.507783
3151,3152,43.444559,0.502751
3152,3153,43.458342,0.455717
3153,3154,43.472125,0.473544
3154,3155,43.485908,0.409407
3155,3156,43.499691,0.391310
3156,3157,43.513475,0.483910
3157,3158,43.527258,0.464950
3158,3159,43.541041,0.449725
3159,3160,43.554824,0.495185
3160,3161,43.568607,0.436094
3161,3162,43.582390,0.424544
3162,3163,43.596174,0.491346
3163,3164,43.609957,0.506517
3164,3165,43.623740,0.415616
3165,3166,43.637523,0.448876
3166,3167,43.651306,0.468711
3167,3168,43.665089,0.420187
3168,3169,43.678873,0.402637
3169,3170,43.692656,0.425868
3170,3171,43.706439,0.413411
3171,3172,43.720222,0.457739
3172,3173,43.734005,0.467337
3173,3174,43.747789,0.412564
3174,3175,43.761572,0.367336
3175,3176,43.775355,0.472505
3176,3177,43.789138,0.385727
3177,3178,43.802921,0.403929
3178,3179,43.816704,0.411157
3179,3180,43.830488,0.465922
3180,3181,43.844271,0.396506
3181,3182,43.858054,0.388561
3182,3183,43.871837,0.396783
3183,3184,43.885620,0.468999
3184,3185,43.899403,0.496357
3185,3186,43.913187,0.370745
3186,3187,43.926970,0.403751
3187,3188,43.940753,0.436448
3188,3189,43.954536,0.406448
3189,3190,43.968319,0.391442
3190,3191,43.982102,0.406295
3191,3192,43.995886,0.408502
3192,3193,44.009669,0.456983
3193,3194,44.023452,0.471221
3194,3195,44.037235,0.350316
3195,3196,44.051018,0.385709
3196,3197,44.064801,0.440788
3197,3198,44.078585,0.444424
3198,3199,44.092368,0.494936
3199,3200,44.106151,0.441466
3200,3201,44.119934,0.477266
3201,3202,44.133717,0.398387
3202,3203,44.147501,0.446402
3203,3204,44.161284,0.398936
3204,3205,44.175067,0.373756
3205,3206,44.188850,0.430664
3206,3207,44.202633,0.522503
3207,3208,44.216416,0.495540
3208,3209,44.230200,0.421038
3209,3210,44.243983,0.494398
3210,3211,44.257766,0.462774
3211,3212,44.271549,0.369836
3212,3213,44.285332,0.476647
3213,3214,44.299115,0.372171
3214,3215,44.312899,0.391208
3215,3216,44.326682,0.445362
3216,3217,44.340465,0.471674
3217,3218,44.354248,0.420456
3218,3219,44.368031,0.511743
3219,3220,44.381814,0.420522
3220,3221,44.395598,0.447117
3221,3222,44.409381,0.375553
3222,3223,44.423164,0.374194
3223,3224,44.436947,0.427284
3224,3225,44.450730,0.495708
3225,3226,44.464513,0.441835
3226,3227,44.478297,0.432075
3227,3228,44.492080,0.442842
3228,3229,44.505863,0.349777
3229,3230,44.519646,0.376130
3230,3231,44.533429,0.351344
3231,3232,44.547213,0.442877
3232,3233,44.560996,0.416612
3233,3234,44.574779,0.481181
3234,3235,44.588562,0.408206
3235,3236,44.602345,0.385421
3236,3237,44.616128,0.449657
3237,3238,44.629912,0.456984
3238,3239,44.643695,0.380080
3239,3240,44.657478,0.418786
3240,3241,44.671261,0.520922
3241,3242,44.685044,0.465020
3242,3243,44.698827,0.440409
3243,3244,44.712611,0.503402
3244,3245,44.726394,0.456763
3245,3246,44.740177,0.449999
3246,3247,44.753960,0.392732
3247,3248,44.767743,0.341801
3248,3249,44.781526,0.433179
3249,3250,44.795310,0.429228
3250,3251,44.809093,0.445305
3251,3252,44.822876,0.386377
3252,3253,44.836659,0.399413
3253,3254,44.850442,0.396988
3254,3255,44.864225,0.429081
3255,3256,44.878009,0.419588
3256,3257,44.891792,0.452963
3257,3258,44.905575,0.381983
3258,3259,44.919358,0.439731
3259,3260,44.933141,0.416558
3260,3261,44.946925,0.439717
3261,3262,44.960708,0.476393
3262,3263,44.974491,0.414547
3263,3264,44.988274,0.342770
3264,3265,45.002057,0.423186
3265,3266,45.015840,0.422553
3266,3267,45.029624,0.442259
3267,3268,45.043407,0.420292
3268,3269,45.057190,0.450568
3269,3270,45.070973,0.455018
3270,3271,45.084756,0.369880
3271,3272,45.098539,0.479365
3272,3273,45.112323,0.411579
3273,3274,45.126106,0.420568
3274,3275,45.139889,0.464587
3275,3276,45.153672,0.439605
3276,3277,45.167455,0.408601
3277,3278,45.181238,0.422070
3278,3279,45.195022,0.369531
3279,3280,45.208805,0.378723
3280,3281,45.222588,0.428597
3281,3282,45.236371,0.510936
3282,3283,45.250154,0.427551
3283,3284,45.263937,0.429728
3284,3285,45.277721,0.382660
3285,3286,45.291504,0.396702
3286,3287,45.305287,0.460741
3287,3288,45.319070,0.437270
3288,3289,45.332853,0.475696
3289,3290,45.346636,0.418142
3290,3291,45.360420,0.447736
3291,3292,45.374203,0.426306
3292,3293,45.387986,0.506316
3293,3294,45.401769,0.473613
3294,3295,45.415552,0.476315
3295,3296,45.429336,0.501294
3296,3297,45.443119,0.404773
3297,3298,45.456902,0.467976
3298,3299,45.470685,0.351888
3299,3300,45.484468,0.522003
3300,3301,45.498251,0.450030
3301,3302,45.512035,0.434253
3302,3303,45.525818,0.493430
3303,3304,45.539601,0.452605
3304,3305,45.553384,0.490754
3305,3306,45.567167,0.423304
3306,3307,45.580950,0.490994
3307,3308,45.594734,0.427892
3308,3309,45.608517,0.444955
3309,3310,45.622300,0.404898
3310,3311,45.636083,0.451196
3311,3312,45.649866,0.393413
3312,3313,45.663649,0.509792
3313,3314,45.677433,0.466908
3314,3315,45.691216,0.411874
3315,3316,45.704999,0.512832
3316,3317,45.718782,0.371926
3317,3318,45.732565,0.507084
3318,3319,45.746348,0.417007
3319,3320,45.760132,0.417696
3320,3321,45.773915,0.462883
3321,3322,45.787698,0.463678
3322,3323,45.801481,0.385257
3323,3324,45.815264,0.418684
3324,3325,45.829048,0.573104
3325,3326,45.842831,0.422311
3326,3327,45.856614,0.427191
3327,3328,45.870397,0.469223
3328,3329,45.884180,0.442774
3329,3330,45.897963,0.497686
3330,3331,45.911747,0.424380
3331,3332,45.925530,0.448155
3332,3333,45.939313,0.431409
3333,3334,45.953096,0.368517
3334,3335,45.966879,0.399692
3335,3336,45.980662,0.424421
3336,3337,45.994446,0.415593
3337,3338,46.008229,0.466675
3338,3339,46.022012,0.499164
3339,3340,46.035795,0.443013
3340,3341,46.049578,0.461133
3341,3342,46.063361,0.391932
3342,3343,46.077145,0.379499
3343,3344,46.090928,0.450775
3344,3345,46.104711,0.439404
3345,3346,46.118494,0.407344
3346,3347,46.132277,0.503110
3347,3348,46.146060,0.454378
3348,3349,46.159844,0.448707
3349,3350,46.173627,0.377872
3350,3351,46.187410,0.445991
3351,3352,46.201193,0.453772
3352,3353,46.214976,0.456045
3353,3354,46.228760,0.419289
3354,3355,46.242543,0.466608
3355,3356,46.256326,0.479127
3356,3357,46.270109,0.474368
3357,3358,46.283892,0.489332
3358,3359,46.297675,0.529880
3359,3360,46.311459,0.391305
3360,3361,46.325242,0.462425
3361,3362,46.339025,0.441311
3362,3363,46.352808,0.450250
3363,3364,46.366591,0.423360
3364,3365,46.380374,0.481348
3365,3366,46.394158,0.472410
3366,3367,46.407941,0.427425
3367,3368,46.421724,0.469752
3368,3369,46.435507,0.496305
3369,3370,46.449290,0.445167
3370,3371,46.463073,0.491714
3371,3372,46.476857,0.407229
3372,3373,46.490640,0.552074
3373,3374,46.504423,0.359541
3374,3375,46.518206,0.485861
3375,3376,46.531989,0.413302
3376,3377,46.545772,0.409662
3377,3378,46.559556,0.455760
3378,3379,46.573339,0.455811
3379,3380,46.587122,0.482623
3380,3381,46.600905,0.421832
3381,3382,46.614688,0.426641
3382,3383,46.628472,0.459124
3383,3384,46.642255,0.472825
3384,3385,46.656038,0.399908
3385,3386,46.669821,0.452400
3386,3387,46.683604,0.384902
3387,3388,46.697387,0.513069
3388,3389,46.711171,0.415901
3389,3390,46.724954,0.407386
3390,3391,46.738737,0.422486
3391,3392,46.752520,0.454753
3392,3393,46.766303,0.550417
3393,3394,46.780086,0.388871
3394,3395,46.793870,0.473580
3395,3396,46.807653,0.422430
3396,3397,46.821436,0.414879
3397,3398,46.835219,0.362667
3398,3399,46.849002,0.423236
3399,3400,46.862785,0.439915
3400,3401,46.876569,0.406595
3401,3402,46.890352,0.474827
3402,3403,46.904135,0.528491
3403,3404,46.917918,0.414784
3404,3405,46.931701,0.481774
3405,3406,46.945484,0.433043
3406,3407,46.959268,0.383493
3407,3408,46.973051,0.431544
3408,3409,46.986834,0.410884
3409,3410,47.000617,0.389653
3410,3411,47.014400,0.443774
3411,3412,47.028184,0.373389
3412,3413,47.041967,0.423887
3413,3414,47.055750,0.342445
3414,3415,47.069533,0.416999
3415,3416,47.083316,0.440630
3416,3417,47.097099,0.452658
3417,3418,47.110883,0.456708
3418,3419,47.124666,0.500899
3419,3420,47.138449,0.392102
3420,3421,47.152232,0.415325
3421,3422,47.166015,0.440807
3422,3423,47.179798,0.401900
3423,3424,47.193582,0.486652
3424,3425,47.207365,0.491925
3425,3426,47.221148,0.482063
3426,3427,47.234931,0.418344
3427,3428,47.248714,0.448410
3428,3429,47.262497,0.431441
3429,3430,47.276281,0.433764
3430,3431,47.290064,0.388875
3431,3432,47.303847,0.428257
3432,3433,47.317630,0.450394
3433,3434,47.331413,0.458304
3434,3435,47.345196,0.462568
3435,3436,47.358980,0.426965
3436,3437,47.372763,0.423725
3437,3438,47.386546,0.437764
3438,3439,47.400329,0.438136
3439,3440,47.414112,0.412023
3440,3441,47.427895,0.409076
3441,3442,47.441679,0.429518
3442,3443,47.455462,0.469978
3443,3444,47.469245,0.433820
3444,3445,47.483028,0.430881
3445,3446,47.496811,0.419620
3446,3447,47.510595,0.426566
3447,3448,47.524378,0.373854
3448,3449,47.538161,0.483675
3449,3450,47.551944,0.378930
3450,3451,47.565727,0.400966
3451,3452,47.579510,0.420439
3452,3453,47.593294,0.408295
3453,3454,47.607077,0.442781
3454,3455,47.620860,0.426987
3455,3456,47.634643,0.417888
3456,3457,47.648426,0.456277
3457,3458,47.662209,0.433708
3458,3459,47.675993,0.439171
3459,3460,47.689776,0.347893
3460,3461,47.703559,0.422624
3461,3462,47.717342,0.444064
3462,3463,47.731125,0.524361
3463,3464,47.744908,0.470758
3464,3465,47.758692,0.409977
3465,3466,47.772475,0.418549
3466,3467,47.786258,0.414950
3467,3468,47.800041,0.401317
3468,3469,47.813824,0.457509
3469,3470,47.827607,0.397798
3470,3471,47.841391,0.395407
3471,3472,47.855174,0.492144
3472,3473,47.868957,0.479406
3473,3474,47.882740,0.455785
3474,3475,47.896523,0.448857
3475,3476,47.910307,0.396666
3476,3477,47.924090,0.430939
3477,3478,47.937873,0.481339
3478,3479,47.951656,0.424127
3479,3480,47.965439,0.461161
3480,3481,47.979222,0.353803
3481,3482,47.993006,0.412438
3482,3483,48.006789,0.420262
3483,3484,48.020572,0.443017
3484,3485,48.034355,0.376338
3485,3486,48.048138,0.446189
3486,3487,48.061921,0.375103
3487,3488,48.075705,0.511993
3488,3489,48.089488,0.396009
3489,3490,48.103271,0.454070
3490,3491,48.117054,0.363936
3491,3492,48.130837,0.463032
3492,3493,48.144620,0.428902
3493,3494,48.158404,0.403008
3494,3495,48.172187,0.445004
3495,3496,48.185970,0.447716
3496,3497,48.199753,0.500944
3497,3498,48.213536,0.435237
3498,3499,48.227319,0.407764
3499,3500,48.241103,0.385024
3500,3501,48.254886,0.384278
3501,3502,48.268669,0.429121
3502,3503,48.282452,0.469337
3503,3504,48.296235,0.464206
3504,3505,48.310019,0.449131
3505,3506,48.323802,0.382822
3506,3507,48.337585,0.384452
3507,3508,48.351368,0.434491
3508,3509,48.365151,0.436446
3509,3510,48.378934,0.463620
3510,3511,48.392718,0.532582
3511,3512,48.406501,0.399137
3512,3513,48.420284,0.384941
3513,3514,48.434067,0.496801
3514,3515,48.447850,0.493519
3515,3516,48.461633,0.408158
3516,3517,48.475417,0.467145
3517,3518,48.489200,0.481226
3518,3519,48.502983,0.425835
3519,3520,48.516766,0.469621
3520,3521,48.530549,0.452438
3521,3522,48.544332,0.421535
3522,3523,48.558116,0.429580
3523,3524,48.571899,0.357694
3524,3525,48.585682,0.394284
3525,3526,48.599465,0.464381
3526,3527,48.613248,0.462646
3527,3528,48.627031,0.414159
3528,3529,48.640815,0.441101
3529,3530,48.654598,0.408494
3530,3531,48.668381,0.469874
3531,3532,48.682164,0.474935
3532,3533,48.695947,0.439151
3533,3534,48.709731,0.388419
3534,3535,48.723514,0.466933
3535,3536,48.737297,0.475271
3536,3537,48.751080,0.405476
3537,3538,48.764863,0.364455
3538,3539,48.778646,0.389957
3539,3540,48.792430,0.437270
3540,3541,48.806213,0.407092
3541,3542,48.819996,0.449353
3542,3543,48.833779,0.462753
3543,3544,48.847562,0.480180
3544,3545,48.861345,0.379594
3545,3546,48.875129,0.393401
3546,3547,48.888912,0.447218
3547,3548,48.902695,0.488560
3548,3549,48.916478,0.387313
3549,3550,48.930261,0.487754
3550,3551,48.944044,0.442436
3551,3552,48.957828,0.439345
3552,3553,48.971611,0.478677
3553,3554,48.985394,0.422130
3554,3555,48.999177,0.391389
3555,3556,49.012960,0.411358
3556,3557,49.026743,0.569241
3557,3558,49.040527,0.487057
3558,3559,49.054310,0.424170
3559,3560,49.068093,0.453007
3560,3561,49.081876,0.395047
3561,3562,49.095659,0.405251
3562,3563,49.109443,0.459158
3563,3564,49.123226,0.438752
3564,3565,49.137009,0.492013
3565,3566,49.150792,0.418594
3566,3567,49.164575,0.485786
3567,3568,49.178358,0.424788
3568,3569,49.192142,0.411106
3569,3570,49.205925,0.423364
3570,3571,49.219708,0.430610
3571,3572,49.233491,0.484520
3572,3573,49.247274,0.368268
3573,3574,49.261057,0.431084
3574,3575,49.274841,0.480712
3575,3576,49.288624,0.494654
3576,3577,49.302407,0.386154
3577,3578,49.316190,0.360945
3578,3579,49.329973,0.473389
3579,3580,49.343756,0.435740
3580,3581,49.357540,0.467878
3581,3582,49.371323,0.356652
3582,3583,49.385106,0.452055
3583,3584,49.398889,0.446220
3584,3585,49.412672,0.372395
3585,3586,49.426455,0.413677
3586,3587,49.440239,0.448989
3587,3588,49.454022,0.413326
3588,3589,49.467805,0.458193
3589,3590,49.481588,0.384745
3590,3591,49.495371,0.348657
3591,3592,49.509154,0.421889
3592,3593,49.522938,0.450617
3593,3594,49.536721,0.416330
3594,3595,49.550504,0.476257
3595,3596,49.564287,0.405124
3596,3597,49.578070,0.466144
3597,3598,49.591854,0.473513
3598,3599,49.605637,0.399769
3599,3600,49.619420,0.442208
3600,3601,49.633203,0.475313
3601,3602,49.646986,0.398108
3602,3603,49.660769,0.502759
3603,3604,49.674553,0.456582
3604,3605,49.688336,0.457784
3605,3606,49.702119,0.445391
3606,3607,49.715902,0.415946
3607,3608,49.729685,0.454240
3608,3609,49.743468,0.433772
3609,3610,49.757252,0.451926
3610,3611,49.771035,0.471964
3611,3612,49.784818,0.434624
3612,3613,49.798601,0.399171
3613,3614,49.812384,0.511984
3614,3615,49.826167,0.472633
3615,3616,49.839951,0.517700
3616,3617,49.853734,0.500359
3617,3618,49.867517,0.467830
3618,3619,49.881300,0.431298
3619,3620,49.895083,0.437985
3620,3621,49.908866,0.389078
3621,3622,49.922650,0.427330
3622,3623,49.936433,0.349894
3623,3624,49.950216,0.335463
3624,3625,49.963999,0.515395
3625,3626,49.977782,0.476237
3626,3627,49.991566,0.412738
3627,3628,50.005349,0.404387
3628,3629,50.019132,0.425867
3629,3630,50.032915,0.446988
3630,3631,50.046698,0.497380
3631,3632,50.060481,0.403124
3632,3633,50.074265,0.399179
3633,3634,50.088048,0.451650
3634,3635,50.101831,0.507173
3635,3636,50.115614,0.393584
3636,3637,50.129397,0.482354
3637,3638,50.143180,0.455763
3638,3639,50.156964,0.406091
3639,3640,50.170747,0.478122
3640,3641,50.184530,0.470701
3641,3642,50.198313,0.473548
3642,3643,50.212096,0.504999
3643,3644,50.225879,0.348997
3644,3645,50.239663,0.430729
3645,3646,50.253446,0.474409
3646,3647,50.267229,0.479394
3647,3648,50.281012,0.430583
3648,3649,50.294795,0.391806
3649,3650,50.308578,0.453369
3650,3651,50.322362,0.431692
3651,3652,50.336145,0.444151
3652,3653,50.349928,0.506729
3653,3654,50.363711,0.447500
3654,3655,50.377494,0.473897
3655,3656,50.391278,0.442125
3656,3657,50.405061,0.479826
3657,3658,50.418844,0.429215
3658,3659,50.432627,0.433133
3659,3660,50.446410,0.435813
3660,3661,50.460193,0.556672
3661,3662,50.473977,0.425100
3662,3663,50.487760,0.417418
3663,3664,50.501543,0.386153
3664,3665,50.515326,0.396483
3665,3666,50.529109,0.433994
3666,3667,50.542892,0.433305
3667,3668,50.556676,0.470246
3668,3669,50.570459,0.453534
3669,3670,50.584242,0.434255
3670,3671,50.598025,0.458244
3671,3672,50.611808,0.479127
3672,3673,50.625591,0.443789
3673,3674,50.639375,0.456866
3674,3675,50.653158,0.386615
3675,3676,50.666941,0.397907
3676,3677,50.680724,0.379049
3677,3678,50.694507,0.474966
3678,3679,50.708290,0.448480
3679,3680,50.722074,0.503865
3680,3681,50.735857,0.404298
3681,3682,50.749640,0.389984
3682,3683,50.763423,0.368480
3683,3684,50.777206,0.399153
3684,3685,50.790990,0.496921
3685,3686,50.804773,0.487662
3686,3687,50.818556,0.418895
3687,3688,50.832339,0.476134
3688,3689,50.846122,0.404496
3689,3690,50.859905,0.452281
3690,3691,50.873689,0.400112
3691,3692,50.887472,0.416792
3692,3693,50.901255,0.413688
3693,3694,50.915038,0.369603
3694,3695,50.928821,0.439446
3695,3696,50.942604,0.434008
3696,3697,50.956388,0.387380
3697,3698,50.970171,0.468091
3698,3699,50.983954,0.462991
3699,3700,50.997737,0.481293
3700,3701,51.011520,0.433386
3701,3702,51.025303,0.456287
3702,3703,51.039087,0.393917
3703,3704,51.052870,0.428790
3704,3705,51.066653,0.413880
3705,3706,51.080436,0.423744
3706,3707,51.094219,0.468490
3707,3708,51.108002,0.389652
3708,3709,51.121786,0.461510
3709,3710,51.135569,0.463597
3710,3711,51.149352,0.342916
3711,3712,51.163135,0.458063
3712,3713,51.176918,0.421237
3713,3714,51.190702,0.421044
3714,3715,51.204485,0.412262
3715,3716,51.218268,0.409073
3716,3717,51.232051,0.507600
3717,3718,51.245834,0.433760
3718,3719,51.259617,0.496051
3719,3720,51.273401,0.402877
3720,3721,51.287184,0.460535
3721,3722,51.300967,0.433317
3722,3723,51.314750,0.433443
3723,3724,51.328533,0.485569
3724,3725,51.342316,0.463626
3725,3726,51.356100,0.414768
3726,3727,51.369883,0.530359
3727,3728,51.383666,0.334782
3728,3729,51.397449,0.418000
3729,3730,51.411232,0.408673
3730,3731,51.425015,0.477397
3731,3732,51.438799,0.507046
3732,3733,51.452582,0.436280
3733,3734,51.466365,0.421107
3734,3735,51.480148,0.459848
3735,3736,51.493931,0.520303
3736,3737,51.507714,0.438902
3737,3738,51.521498,0.407651
3738,3739,51.535281,0.526939
3739,3740,51.549064,0.412842
3740,3741,51.562847,0.429929
3741,3742,51.576630,0.553508
3742,3743,51.590413,0.580216
3743,3744,51.604197,0.449988
3744,3745,51.617980,0.482917
3745,3746,51.631763,0.442137
3746,3747,51.645546,0.490161
3747,3748,51.659329,0.387539
3748,3749,51.673113,0.487319
3749,3750,51.686896,0.370165
3750,3751,51.700679,0.455346
3751,3752,51.714462,0.560821
3752,3753,51.728245,0.465281
3753,3754,51.742028,0.346947
3754,3755,51.755812,0.442458
3755,3756,51.769595,0.483696
3756,3757,51.783378,0.470589
3757,3758,51.797161,0.467575
3758,3759,51.810944,0.457680
3759,3760,51.824727,0.418601
3760,3761,51.838511,0.437827
3761,3762,51.852294,0.393845
3762,3763,51.866077,0.453683
3763,3764,51.879860,0.398965
3764,3765,51.893643,0.419071
3765,3766,51.907426,0.459477
3766,3767,51.921210,0.450637
3767,3768,51.934993,0.395964
3768,3769,51.948776,0.422982
3769,3770,51.962559,0.435222
3770,3771,51.976342,0.506223
3771,3772,51.990125,0.433579
3772,3773,52.003909,0.424582
3773,3774,52.017692,0.485630
3774,3775,52.031475,0.429655
3775,3776,52.045258,0.452279
3776,3777,52.059041,0.415572
3777,3778,52.072825,0.415026
3778,3779,52.086608,0.345635
3779,3780,52.100391,0.481528
3780,3781,52.114174,0.493706
3781,3782,52.127957,0.442772
3782,3783,52.141740,0.420136
3783,3784,52.155524,0.497747
3784,3785,52.169307,0.364962
3785,3786,52.183090,0.411135
3786,3787,52.196873,0.439145
3787,3788,52.210656,0.447687
3788,3789,52.224439,0.431994
3789,3790,52.238223,0.435671
3790,3791,52.252006,0.486886
3791,3792,52.265789,0.452889
3792,3793,52.279572,0.444749
3793,3794,52.293355,0.496595
3794,3795,52.307138,0.480584
3795,3796,52.320922,0.429780
3796,3797,52.334705,0.386994
3797,3798,52.348488,0.469136
3798,3799,52.362271,0.419022
3799,3800,52.376054,0.485620
3800,3801,52.389837,0.476961
3801,3802,52.403621,0.491367
3802,3803,52.417404,0.486958
3803,3804,52.431187,0.435020
3804,3805,52.444970,0.417286
3805,3806,52.458753,0.468139
3806,3807,52.472537,0.472518
3807,3808,52.486320,0.495155
3808,3809,52.500103,0.448669
3809,3810,52.513886,0.434933
3810,3811,52.527669,0.457445
3811,3812,52.541452,0.427062
3812,3813,52.555236,0.531046
3813,3814,52.569019,0.416797
3814,3815,52.582802,0.373706
3815,3816,52.596585,0.403856
3816,3817,52.610368,0.411956
3817,3818,52.624151,0.448351
3818,3819,52.637935,0.405933
3819,3820,52.651718,0.469339
3820,3821,52.665501,0.404594
3821,3822,52.679284,0.360803
3822,3823,52.693067,0.457513
3823,3824,52.706850,0.412652
3824,3825,52.720634,0.375229
3825,3826,52.734417,0.404082
3826,3827,52.748200,0.419614
3827,3828,52.761983,0.420512
3828,3829,52.775766,0.362241
3829,3830,52.789549,0.466033
3830,3831,52.803333,0.369674
3831,3832,52.817116,0.413612
3832,3833,52.830899,0.456399
3833,3834,52.844682,0.436511
3834,3835,52.858465,0.481416
3835,3836,52.872249,0.458752
3836,3837,52.886032,0.452899
3837,3838,52.899815,0.357034
3838,3839,52.913598,0.445751
3839,3840,52.927381,0.374406
3840,3841,52.941164,0.417585
3841,3842,52.954948,0.433380
3842,3843,52.968731,0.494262
3843,3844,52.982514,0.489588
3844,3845,52.996297,0.339405
3845,3846,53.010080,0.399963
3846,3847,53.023863,0.374894
3847,3848,53.037647,0.446690
3848,3849,53.051430,0.465566
3849,3850,53.065213,0.386860
3850,3851,53.078996,0.396601
3851,3852,53.092779,0.422845
3852,3853,53.106562,0.421116
3853,3854,53.120346,0.461171
3854,3855,53.134129,0.404722
3855,3856,53.147912,0.414111
3856,3857,53.161695,0.429569
3857,3858,53.175478,0.397334
3858,3859,53.189261,0.475645
3859,3860,53.203045,0.412712
3860,3861,53.216828,0.417913
3861,3862,53.230611,0.430831
3862,3863,53.244394,0.471916
3863,3864,53.258177,0.472404
3864,3865,53.271961,0.390340
3865,3866,53.285744,0.439031
3866,3867,53.299527,0.487674
3867,3868,53.313310,0.402079
3868,3869,53.327093,0.474474
3869,3870,53.340876,0.442255
3870,3871,53.354660,0.453864
3871,3872,53.368443,0.473259
3872,3873,53.382226,0.470022
3873,3874,53.396009,0.449368
3874,3875,53.409792,0.477834
3875,3876,53.423575,0.376808
3876,3877,53.437359,0.499104
3877,3878,53.451142,0.397910
3878,3879,53.464925,0.426213
3879,3880,53.478708,0.452754
3880,3881,53.492491,0.448724
3881,3882,53.506274,0.457840
3882,3883,53.520058,0.375263
3883,3884,53.533841,0.497956
3884,3885,53.547624,0.410221
3885,3886,53.561407,0.398463
3886,3887,53.575190,0.409086
3887,3888,53.588973,0.461484
3888,3889,53.602757,0.432371
3889,3890,53.616540,0.412644
3890,3891,53.630323,0.440533
3891,3892,53.644106,0.485799
3892,3893,53.657889,0.412727
3893,3894,53.671672,0.458989
3894,3895,53.685456,0.405801
3895,3896,53.699239,0.425657
3896,3897,53.713022,0.443216
3897,3898,53.726805,0.454997
3898,3899,53.740588,0.410612
3899,3900,53.754372,0.456888
3900,3901,53.768155,0.368659
3901,3902,53.781938,0.462497
3902,3903,53.795721,0.434155
3903,3904,53.809504,0.371359
3904,3905,53.823287,0.382019
3905,3906,53.837071,0.413649
3906,3907,53.850854,0.455382
3907,3908,53.864637,0.421127
3908,3909,53.878420,0.402767
3909,3910,53.892203,0.402830
3910,3911,53.905986,0.452293
3911,3912,53.919770,0.464504
3912,3913,53.933553,0.529230
3913,3914,53.947336,0.444955
3914,3915,53.961119,0.437451
3915,3916,53.974902,0.501278
3916,3917,53.988685,0.481344
3917,3918,54.002469,0.419001
3918,3919,54.016252,0.378732
3919,3920,54.030035,0.486737
3920,3921,54.043818,0.486487
3921,3922,54.057601,0.458601
3922,3923,54.071384,0.447335
3923,3924,54.085168,0.433341
3924,3925,54.098951,0.458411
3925,3926,54.112734,0.448549
3926,3927,54.126517,0.462221
3927,3928,54.140300,0.358657
3928,3929,54.154084,0.362612
3929,3930,54.167867,0.394354
3930,3931,54.181650,0.358375
3931,3932,54.195433,0.439880
3932,3933,54.209216,0.432149
3933,3934,54.222999,0.495322
3934,3935,54.236783,0.406552
3935,3936,54.250566,0.423911
3936,3937,54.264349,0.413768
3937,3938,54.278132,0.416126
3938,3939,54.291915,0.470070
3939,3940,54.305698,0.435840
3940,3941,54.319482,0.428649
3941,3942,54.333265,0.485615
3942,3943,54.347048,0.463161
3943,3944,54.360831,0.410121
3944,3945,54.374614,0.482930
3945,3946,54.388397,0.437217
3946,3947,54.402181,0.428324
3947,3948,54.415964,0.474009
3948,3949,54.429747,0.421066
3949,3950,54.443530,0.428515
3950,3951,54.457313,0.433944
3951,3952,54.471096,0.413575
3952,3953,54.484880,0.478936
3953,3954,54.498663,0.461635
3954,3955,54.512446,0.442680
3955,3956,54.526229,0.427474
3956,3957,54.540012,0.452605
3957,3958,54.553796,0.445429
3958,3959,54.567579,0.426227
3959,3960,54.581362,0.461621
3960,3961,54.595145,0.436722
3961,3962,54.608928,0.517595
3962,3963,54.622711,0.446632
3963,3964,54.636495,0.429530
3964,3965,54.650278,0.425951
3965,3966,54.664061,0.449402
3966,3967,54.677844,0.416253
3967,3968,54.691627,0.444873
3968,3969,54.705410,0.517384
3969,3970,54.719194,0.413371
3970,3971,54.732977,0.453147
3971,3972,54.746760,0.493426
3972,3973,54.760543,0.445870
3973,3974,54.774326,0.463775
3974,3975,54.788109,0.361803
3975,3976,54.801893,0.445906
3976,3977,54.815676,0.471262
3977,3978,54.829459,0.428977
3978,3979,54.843242,0.454376
3979,3980,54.857025,0.427725
3980,3981,54.870808,0.423079
3981,3982,54.884592,0.429632
3982,3983,54.898375,0.518148
3983,3984,54.912158,0.435701
3984,3985,54.925941,0.439978
3985,3986,54.939724,0.416463
3986,3987,54.953508,0.394683
3987,3988,54.967291,0.421789
3988,3989,54.981074,0.484071
3989,3990,54.994857,0.447059
3990,3991,55.008640,0.437864
3991,3992,55.022423,0.360496
3992,3993,55.036207,0.398722
3993,3994,55.049990,0.401864
3994,3995,55.063773,0.401815
3995,3996,55.077556,0.339337
3996,3997,55.091339,0.460157
3997,3998,55.105122,0.393163
3998,3999,55.118906,0.383017
3999,4000,55.132689,0.407963
4000,4001,55.146472,0.473511
4001,4002,55.160255,0.406693
4002,4003,55.174038,0.397801
4003,4004,55.187821,0.466717
4004,4005,55.201605,0.449100
4005,4006,55.215388,0.421471
4006,4007,55.229171,0.478611
4007,4008,55.242954,0.420154
4008,4009,55.256737,0.444128
4009,4010,55.270520,0.457211
4010,4011,55.284304,0.433056
4011,4012,55.298087,0.405692
4012,4013,55.311870,0.465784
4013,4014,55.325653,0.339921
4014,4015,55.339436,0.478416
4015,4016,55.353220,0.431530
4016,4017,55.367003,0.475569
4017,4018,55.380786,0.410474
4018,4019,55.394569,0.421647
4019,4020,55.408352,0.398531
4020,4021,55.422135,0.472408
4021,4022,55.435919,0.394354
4022,4023,55.449702,0.441946
4023,4024,55.463485,0.424438
4024,4025,55.477268,0.418466
4025,4026,55.491051,0.466457
4026,4027,55.504834,0.451730
4027,4028,55.518618,0.483336
4028,4029,55.532401,0.444863
4029,4030,55.546184,0.508422
4030,4031,55.559967,0.450227
4031,4032,55.573750,0.417380
4032,4033,55.587533,0.453961
4033,4034,55.601317,0.388523
4034,4035,55.615100,0.423364
4035,4036,55.628883,0.430950
4036,4037,55.642666,0.424265
4037,4038,55.656449,0.483896
4038,4039,55.670232,0.405907
4039,4040,55.684016,0.404071
4040,4041,55.697799,0.389277
4041,4042,55.711582,0.418661
4042,4043,55.725365,0.463871
4043,4044,55.739148,0.512331
4044,4045,55.752931,0.392521
4045,4046,55.766715,0.462911
4046,4047,55.780498,0.399634
4047,4048,55.794281,0.433359
4048,4049,55.808064,0.392052
4049,4050,55.821847,0.436649
4050,4051,55.835631,0.380841
4051,4052,55.849414,0.503866
4052,4053,55.863197,0.454327
4053,4054,55.876980,0.506618
4054,4055,55.890763,0.468114
4055,4056,55.904546,0.401810
4056,4057,55.918330,0.403383
4057,4058,55.932113,0.447543
4058,4059,55.945896,0.369706
4059,4060,55.959679,0.509870
4060,4061,55.973462,0.488770
4061,4062,55.987245,0.458205
4062,4063,56.001029,0.436045
4063,4064,56.014812,0.525758
4064,4065,56.028595,0.413478
4065,4066,56.042378,0.489610
4066,4067,56.056161,0.459300
4067,4068,56.069944,0.421133
4068,4069,56.083728,0.440867
4069,4070,56.097511,0.402645
4070,4071,56.111294,0.467517
4071,4072,56.125077,0.442694
4072,4073,56.138860,0.446136
4073,4074,56.152643,0.397766
4074,4075,56.166427,0.417223
4075,4076,56.180210,0.416147
4076,4077,56.193993,0.517471
4077,4078,56.207776,0.398204
4078,4079,56.221559,0.464748
4079,4080,56.235343,0.440584
4080,4081,56.249126,0.398920
4081,4082,56.262909,0.419773
4082,4083,56.276692,0.438739
4083,4084,56.290475,0.387703
4084,4085,56.304258,0.435779
4085,4086,56.318042,0.447336
4086,4087,56.331825,0.425939
4087,4088,56.345608,0.476267
4088,4089,56.359391,0.383777
4089,4090,56.373174,0.493801
4090,4091,56.386957,0.473585
4091,4092,56.400741,0.395059
4092,4093,56.414524,0.501639
4093,4094,56.428307,0.330177
4094,4095,56.442090,0.424997
4095,4096,56.455873,0.423186
4096,4097,56.469656,0.447306
4097,4098,56.483440,0.452058
4098,4099,56.497223,0.510993
4099,4100,56.511006,0.416610
4100,4101,56.524789,0.408713
4101,4102,56.538572,0.396926
4102,4103,56.552355,0.422685
4103,4104,56.566139,0.402303
4104,4105,56.579922,0.435313
4105,4106,56.593705,0.479802
4106,4107,56.607488,0.436701
4107,4108,56.621271,0.430746
4108,4109,56.635055,0.424004
4109,4110,56.648838,0.403794
4110,4111,56.662621,0.424039
4111,4112,56.676404,0.430823
4112,4113,56.690187,0.418487
4113,4114,56.703970,0.439115
4114,4115,56.717754,0.461097
4115,4116,56.731537,0.433546
4116,4117,56.745320,0.445384
4117,4118,56.759103,0.396928
4118,4119,56.772886,0.418472
4119,4120,56.786669,0.400336
4120,4121,56.800453,0.374478
4121,4122,56.814236,0.459057
4122,4123,56.828019,0.430434
4123,4124,56.841802,0.420767
4124,4125,56.855585,0.426873
4125,4126,56.869368,0.459903
4126,4127,56.883152,0.395301
4127,4128,56.896935,0.442638
4128,4129,56.910718,0.395576
4129,4130,56.924501,0.440930
4130,4131,56.938284,0.430613
4131,4132,56.952067,0.404654
4132,4133,56.965851,0.495713
4133,4134,56.979634,0.408088
4134,4135,56.993417,0.463643
4135,4136,57.007200,0.428730
4136,4137,57.020983,0.456981
4137,4138,57.034767,0.426143
4138,4139,57.048550,0.439058
4139,4140,57.062333,0.468603
4140,4141,57.076116,0.392847
4141,4142,57.089899,0.428188
4142,4143,57.103682,0.400032
4143,4144,57.117466,0.453423
4144,4145,57.131249,0.436243
4145,4146,57.145032,0.366532
4146,4147,57.158815,0.421400
4147,4148,57.172598,0.410190
4148,4149,57.186381,0.416005
4149,4150,57.200165,0.427054
4150,4151,57.213948,0.502580
4151,4152,57.227731,0.537148
4152,4153,57.241514,0.405219
4153,4154,57.255297,0.388731
4154,4155,57.269080,0.456691
4155,4156,57.282864,0.489606
4156,4157,57.296647,0.379290
4157,4158,57.310430,0.442765
4158,4159,57.324213,0.359310
4159,4160,57.337996,0.517424
4160,4161,57.351779,0.435732
4161,4162,57.365563,0.431469
4162,4163,57.379346,0.422252
4163,4164,57.393129,0.537780
4164,4165,57.406912,0.457082
4165,4166,57.420695,0.506842
4166,4167,57.434479,0.468274
4167,4168,57.448262,0.405361
4168,4169,57.462045,0.448502
4169,4170,57.475828,0.437496
4170,4171,57.489611,0.452599
4171,4172,57.503394,0.441842
4172,4173,57.517178,0.538009
4173,4174,57.530961,0.390194
4174,4175,57.544744,0.395322
4175,4176,57.558527,0.438107
4176,4177,57.572310,0.509744
4177,4178,57.586093,0.376568
4178,4179,57.599877,0.427490
4179,4180,57.613660,0.469503
4180,4181,57.627443,0.393987
4181,4182,57.641226,0.464336
4182,4183,57.655009,0.408701
4183,4184,57.668792,0.508374
4184,4185,57.682576,0.480638
4185,4186,57.696359,0.410752
4186,4187,57.710142,0.445462
4187,4188,57.723925,0.472667
4188,4189,57.737708,0.474659
4189,4190,57.751491,0.422804
4190,4191,57.765275,0.435238
4191,4192,57.779058,0.520453
4192,4193,57.792841,0.495042
4193,4194,57.806624,0.427545
4194,4195,57.820407,0.405034
4195,4196,57.834190,0.417345
4196,4197,57.847974,0.451659
4197,4198,57.861757,0.514131
4198,4199,57.875540,0.441499
4199,4200,57.889323,0.371603
4200,4201,57.903106,0.425812
4201,4202,57.916890,0.464751
4202,4203,57.930673,0.419210
4203,4204,57.944456,0.453280
4204,4205,57.958239,0.477347
4205,4206,57.972022,0.414850
4206,4207,57.985805,0.354887
4207,4208,57.999589,0.442246
4208,4209,58.013372,0.401152
4209,4210,58.027155,0.398407
4210,4211,58.040938,0.476482
4211,4212,58.054721,0.407211
4212,4213,58.068504,0.350307
4213,4214,58.082288,0.389158
4214,4215,58.096071,0.475528
4215,4216,58.109854,0.462796
4216,4217,58.123637,0.454185
4217,4218,58.137420,0.447174
4218,4219,58.151203,0.482720
4219,4220,58.164987,0.447017
4220,4221,58.178770,0.388892
4221,4222,58.192553,0.502703
4222,4223,58.206336,0.424945
4223,4224,58.220119,0.427010
4224,4225,58.233902,0.414328
4225,4226,58.247686,0.413374
4226,4227,58.261469,0.512371
4227,4228,58.275252,0.461626
4228,4229,58.289035,0.371165
4229,4230,58.302818,0.423939
4230,4231,58.316602,0.454939
4231,4232,58.330385,0.480520
4232,4233,58.344168,0.458881
4233,4234,58.357951,0.369708
4234,4235,58.371734,0.398952
4235,4236,58.385517,0.407239
4236,4237,58.399301,0.410106
4237,4238,58.413084,0.490180
4238,4239,58.426867,0.488872
4239,4240,58.440650,0.446442
4240,4241,58.454433,0.399181
4241,4242,58.468216,0.408260
4242,4243,58.482000,0.424065
4243,4244,58.495783,0.414331
4244,4245,58.509566,0.427322
4245,4246,58.523349,0.419126
4246,4247,58.537132,0.403968
4247,4248,58.550915,0.401696
4248,4249,58.564699,0.433897
4249,4250,58.578482,0.522609
4250,4251,58.592265,0.427186
4251,4252,58.606048,0.411288
4252,4253,58.619831,0.467115
4253,4254,58.633614,0.481674
4254,4255,58.647398,0.471044
4255,4256,58.661181,0.464027
4256,4257,58.674964,0.413129
4257,4258,58.688747,0.489311
4258,4259,58.702530,0.421475
4259,4260,58.716314,0.508435
4260,4261,58.730097,0.387170
4261,4262,58.743880,0.421800
4262,4263,58.757663,0.482179
4263,4264,58.771446,0.408073
4264,4265,58.785229,0.367434
4265,4266,58.799013,0.426234
4266,4267,58.812796,0.450930
4267,4268,58.826579,0.389698
4268,4269,58.840362,0.491207
4269,4270,58.854145,0.387252
4270,4271,58.867928,0.447341
4271,4272,58.881712,0.429979
4272,4273,58.895495,0.363594
4273,4274,58.909278,0.448598
4274,4275,58.923061,0.401344
4275,4276,58.936844,0.464534
4276,4277,58.950627,0.473009
4277,4278,58.964411,0.424698
4278,4279,58.978194,0.454505
4279,4280,58.991977,0.437539
4280,4281,59.005760,0.468441
4281,4282,59.019543,0.397177
4282,4283,59.033326,0.521910
4283,4284,59.047110,0.431144
4284,4285,59.060893,0.448891
4285,4286,59.074676,0.402157
4286,4287,59.088459,0.416615
4287,4288,59.102242,0.378441
4288,4289,59.116026,0.396890
4289,4290,59.129809,0.441865
4290,4291,59.143592,0.506446
4291,4292,59.157375,0.445443
4292,4293,59.171158,0.524110
4293,4294,59.184941,0.448868
4294,4295,59.198725,0.411878
4295,4296,59.212508,0.425341
4296,4297,59.226291,0.486903
4297,4298,59.240074,0.430235
4298,4299,59.253857,0.435580
4299,4300,59.267640,0.412323
4300,4301,59.281424,0.363969
4301,4302,59.295207,0.491247
4302,4303,59.308990,0.451413
4303,4304,59.322773,0.409806
4304,4305,59.336556,0.464619
4305,4306,59.350339,0.437248
4306,4307,59.364123,0.367487
4307,4308,59.377906,0.416306
4308,4309,59.391689,0.487105
4309,4310,59.405472,0.395332
4310,4311,59.419255,0.534128
4311,4312,59.433038,0.468027
4312,4313,59.446822,0.398540
4313,4314,59.460605,0.503341
4314,4315,59.474388,0.481248
4315,4316,59.488171,0.447184
4316,4317,59.501954,0.446249
4317,4318,59.515738,0.481836
4318,4319,59.529521,0.421111
4319,4320,59.543304,0.401588
4320,4321,59.557087,0.413873
4321,4322,59.570870,0.412484
4322,4323,59.584653,0.390963
4323,4324,59.598437,0.431015
4324,4325,59.612220,0.518972
4325,4326,59.626003,0.519494
4326,4327,59.639786,0.482097
4327,4328,59.653569,0.407885
4328,4329,59.667352,0.470723
4329,4330,59.681136,0.437598
4330,4331,59.694919,0.441749
4331,4332,59.708702,0.428884
4332,4333,59.722485,0.474271
4333,4334,59.736268,0.429286
4334,4335,59.750051,0.465499
4335,4336,59.763835,0.457291
4336,4337,59.777618,0.405176
4337,4338,59.791401,0.470057
4338,4339,59.805184,0.469764
4339,4340,59.818967,0.417060
4340,4341,59.832750,0.402191
4341,4342,59.846534,0.481248
4342,4343,59.860317,0.380101
4343,4344,59.874100,0.484603
4344,4345,59.887883,0.545474
4345,4346,59.901666,0.446129
4346,4347,59.915449,0.468399
4347,4348,59.929233,0.435881
4348,4349,59.943016,0.411118
4349,4350,59.956799,0.454757
4350,4351,59.970582,0.379154
4351,4352,59.984365,0.445558
4352,4353,59.998149,0.503889
4353,4354,60.011932,0.444590
4354,4355,60.025715,0.522401
4355,4356,60.039498,0.442655
4356,4357,60.053281,0.446004
4357,4358,60.067064,0.410166
4358,4359,60.080848,0.455247
4359,4360,60.094631,0.407355
4360,4361,60.108414,0.423823
4361,4362,60.122197,0.428254
4362,4363,60.135980,0.495567
4363,4364,60.149763,0.460873
4364,4365,60.163547,0.374275
4365,4366,60.177330,0.448887
4366,4367,60.191113,0.321301
4367,4368,60.204896,0.424464
4368,4369,60.218679,0.513296
4369,4370,60.232462,0.461268
4370,4371,60.246246,0.398645
4371,4372,60.260029,0.410085
4372,4373,60.273812,0.445653
4373,4374,60.287595,0.450233
4374,4375,60.301378,0.505484
4375,4376,60.315161,0.493895
4376,4377,60.328945,0.494416
4377,4378,60.342728,0.420808
4378,4379,60.356511,0.543483
4379,4380,60.370294,0.346417
4380,4381,60.384077,0.447675
4381,4382,60.397861,0.472474
4382,4383,60.411644,0.373766
4383,4384,60.425427,0.531901
4384,4385,60.439210,0.460623
4385,4386,60.452993,0.430035
4386,4387,60.466776,0.446749
4387,4388,60.480560,0.396356
4388,4389,60.494343,0.455575
4389,4390,60.508126,0.484424
4390,4391,60.521909,0.462733
4391,4392,60.535692,0.382194
4392,4393,60.549475,0.496511
4393,4394,60.563259,0.402846
4394,4395,60.577042,0.397638
4395,4396,60.590825,0.410119
4396,4397,60.604608,0.394655
4397,4398,60.618391,0.506811
4398,4399,60.632174,0.469607
4399,4400,60.645958,0.453414
4400,4401,60.659741,0.355844
4401,4402,60.673524,0.413347
4402,4403,60.687307,0.450541
4403,4404,60.701090,0.424884
4404,4405,60.714873,0.525993
4405,4406,60.728657,0.420721
4406,4407,60.742440,0.404054
4407,4408,60.756223,0.394375
4408,4409,60.770006,0.482327
4409,4410,60.783789,0.498013
4410,4411,60.797573,0.415711
4411,4412,60.811356,0.388643
4412,4413,60.825139,0.370727
4413,4414,60.838922,0.465571
4414,4415,60.852705,0.414036
4415,4416,60.866488,0.460613
4416,4417,60.880272,0.441691
4417,4418,60.894055,0.502900
4418,4419,60.907838,0.397250
4419,4420,60.921621,0.437677
4420,4421,60.935404,0.472953
4421,4422,60.949187,0.496061
4422,4423,60.962971,0.458348
4423,4424,60.976754,0.442416
4424,4425,60.990537,0.475399
4425,4426,61.004320,0.427437
4426,4427,61.018103,0.455977
4427,4428,61.031886,0.458226
4428,4429,61.045670,0.423390
4429,4430,61.059453,0.432093
4430,4431,61.073236,0.346013
4431,4432,61.087019,0.471611
4432,4433,61.100802,0.389918
4433,4434,61.114585,0.447990
4434,4435,61.128369,0.426762
4435,4436,61.142152,0.417194
4436,4437,61.155935,0.453960
4437,4438,61.169718,0.440200
4438,4439,61.183501,0.465885
4439,4440,61.197285,0.378742
4440,4441,61.211068,0.461710
4441,4442,61.224851,0.415547
4442,4443,61.238634,0.388886
4443,4444,61.252417,0.500889
4444,4445,61.266200,0.473791
4445,4446,61.279984,0.465079
4446,4447,61.293767,0.393739
4447,4448,61.307550,0.426287
4448,4449,61.321333,0.450732
4449,4450,61.335116,0.519800
4450,4451,61.348899,0.412557
4451,4452,61.362683,0.494045
4452,4453,61.376466,0.405107
4453,4454,61.390249,0.431797
4454,4455,61.404032,0.522118
4455,4456,61.417815,0.449715
4456,4457,61.431598,0.377691
4457,4458,61.445382,0.388932
4458,4459,61.459165,0.473061
4459,4460,61.472948,0.483838
4460,4461,61.486731,0.568091
4461,4462,61.500514,0.493127
4462,4463,61.514297,0.460716
4463,4464,61.528081,0.412400
4464,4465,61.541864,0.503829
4465,4466,61.555647,0.420007
4466,4467,61.569430,0.414409
4467,4468,61.583213,0.428601
4468,4469,61.596997,0.447266
4469,4470,61.610780,0.439549
4470,4471,61.624563,0.460126
4471,4472,61.638346,0.444442
4472,4473,61.652129,0.430970
4473,4474,61.665912,0.436538
4474,4475,61.679696,0.411181
4475,4476,61.693479,0.426350
4476,4477,61.707262,0.438844
4477,4478,61.721045,0.337610
4478,4479,61.734828,0.443773
4479,4480,61.748611,0.398091
4480,4481,61.762395,0.416585
4481,4482,61.776178,0.420476
4482,4483,61.789961,0.422434
4483,4484,61.803744,0.385825
4484,4485,61.817527,0.413972
4485,4486,61.831310,0.459614
4486,4487,61.845094,0.459968
4487,4488,61.858877,0.435687
4488,4489,61.872660,0.440027
4489,4490,61.886443,0.466769
4490,4491,61.900226,0.493313
4491,4492,61.914009,0.472769
4492,4493,61.927793,0.505398
4493,4494,61.941576,0.406236
4494,4495,61.955359,0.418175
4495,4496,61.969142,0.450388
4496,4497,61.982925,0.405901
4497,4498,61.996708,0.515527
4498,4499,62.010492,0.407069
4499,4500,62.024275,0.460945
4500,4501,62.038058,0.391193
4501,4502,62.051841,0.358099
4502,4503,62.065624,0.442779
4503,4504,62.079408,0.441979
4504,4505,62.093191,0.426662
4505,4506,62.106974,0.468887
4506,4507,62.120757,0.408309
4507,4508,62.134540,0.472850
4508,4509,62.148323,0.457837
4509,4510,62.162107,0.418905
4510,4511,62.175890,0.484336
4511,4512,62.189673,0.440708
4512,4513,62.203456,0.373849
4513,4514,62.217239,0.437118
4514,4515,62.231022,0.428350
4515,4516,62.244806,0.424082
4516,4517,62.258589,0.463890
4517,4518,62.272372,0.423247
4518,4519,62.286155,0.475263
4519,4520,62.299938,0.375438
4520,4521,62.313721,0.381924
4521,4522,62.327505,0.380714
4522,4523,62.341288,0.510157
4523,4524,62.355071,0.466751
4524,4525,62.368854,0.428485
4525,4526,62.382637,0.381202
4526,4527,62.396420,0.495832
4527,4528,62.410204,0.488312
4528,4529,62.423987,0.453481
4529,4530,62.437770,0.453688
4530,4531,62.451553,0.492029
4531,4532,62.465336,0.440930
4532,4533,62.479120,0.443035
4533,4534,62.492903,0.421603
4534,4535,62.506686,0.482711
4535,4536,62.520469,0.495066
4536,4537,62.534252,0.435154
4537,4538,62.548035,0.434257
4538,4539,62.561819,0.484836
4539,4540,62.575602,0.466249
4540,4541,62.589385,0.442129
4541,4542,62.603168,0.427221
4542,4543,62.616951,0.453665
4543,4544,62.630734,0.432926
4544,4545,62.644518,0.486731
4545,4546,62.658301,0.530441
4546,4547,62.672084,0.438951
4547,4548,62.685867,0.463454
4548,4549,62.699650,0.452747
4549,4550,62.713433,0.389360
4550,4551,62.727217,0.393947
4551,4552,62.741000,0.468882
4552,4553,62.754783,0.442272
4553,4554,62.768566,0.434404
4554,4555,62.782349,0.349554
4555,4556,62.796132,0.425240
4556,4557,62.809916,0.430293
4557,4558,62.823699,0.454108
4558,4559,62.837482,0.418302
4559,4560,62.851265,0.395573
4560,4561,62.865048,0.412776
4561,4562,62.878832,0.467120
4562,4563,62.892615,0.434462
4563,4564,62.906398,0.428289
4564,4565,62.920181,0.387955
4565,4566,62.933964,0.393100
4566,4567,62.947747,0.439811
4567,4568,62.961531,0.422084
4568,4569,62.975314,0.443548
4569,4570,62.989097,0.462657
4570,4571,63.002880,0.479996
4571,4572,63.016663,0.435018
4572,4573,63.030446,0.477119
4573,4574,63.044230,0.429580
4574,4575,63.058013,0.461512
4575,4576,63.071796,0.468765
4576,4577,63.085579,0.504561
4577,4578,63.099362,0.454536
4578,4579,63.113145,0.490620
4579,4580,63.126929,0.415290
4580,4581,63.140712,0.476878
4581,4582,63.154495,0.392968
4582,4583,63.168278,0.387486
4583,4584,63.182061,0.404473
4584,4585,63.195844,0.472987
4585,4586,63.209628,0.478684
4586,4587,63.223411,0.457857
4587,4588,63.237194,0.484436
4588,4589,63.250977,0.380313
4589,4590,63.264760,0.469587
4590,4591,63.278544,0.410203
4591,4592,63.292327,0.445092
4592,4593,63.306110,0.378100
4593,4594,63.319893,0.440196
4594,4595,63.333676,0.477356
4595,4596,63.347459,0.430060
4596,4597,63.361243,0.456045
4597,4598,63.375026,0.438019
4598,4599,63.388809,0.448136
4599,4600,63.402592,0.415164
4600,4601,63.416375,0.419979
4601,4602,63.430158,0.391779
4602,4603,63.443942,0.478619
4603,4604,63.457725,0.451271
4604,4605,63.471508,0.483191
4605,4606,63.485291,0.393228
4606,4607,63.499074,0.441447
4607,4608,63.512857,0.481475
4608,4609,63.526641,0.403895
4609,4610,63.540424,0.339753
4610,4611,63.554207,0.433471
4611,4612,63.567990,0.368654
4612,4613,63.581773,0.444606
4613,4614,63.595556,0.390281
4614,4615,63.609340,0.427516
4615,4616,63.623123,0.436387
4616,4617,63.636906,0.411483
4617,4618,63.650689,0.408970
4618,4619,63.664472,0.422040
4619,4620,63.678256,0.456939
4620,4621,63.692039,0.450758
4621,4622,63.705822,0.396786
4622,4623,63.719605,0.422886
4623,4624,63.733388,0.424327
4624,4625,63.747171,0.407261
4625,4626,63.760955,0.470385
4626,4627,63.774738,0.395906
4627,4628,63.788521,0.452164
4628,4629,63.802304,0.452980
4629,4630,63.816087,0.446506
4630,4631,63.829870,0.407786
4631,4632,63.843654,0.421919
4632,4633,63.857437,0.423417
4633,4634,63.871220,0.477688
4634,4635,63.885003,0.402775
4635,4636,63.898786,0.474938
4636,4637,63.912569,0.451354
4637,4638,63.926353,0.454028
4638,4639,63.940136,0.390644
4639,4640,63.953919,0.371374
4640,4641,63.967702,0.421698
4641,4642,63.981485,0.349103
4642,4643,63.995268,0.441537
4643,4644,64.009052,0.414369
4644,4645,64.022835,0.433406
4645,4646,64.036618,0.384581
4646,4647,64.050401,0.485372
4647,4648,64.064184,0.463926
4648,4649,64.077967,0.451363
4649,4650,64.091751,0.402208
4650,4651,64.105534,0.446897
4651,4652,64.119317,0.502201
4652,4653,64.133100,0.448805
4653,4654,64.146883,0.394726
4654,4655,64.160667,0.473692
4655,4656,64.174450,0.404096
4656,4657,64.188233,0.408295
4657,4658,64.202016,0.448106
4658,4659,64.215799,0.468340
4659,4660,64.229582,0.387287
4660,4661,64.243366,0.444231
4661,4662,64.257149,0.411404
4662,4663,64.270932,0.352620
4663,4664,64.284715,0.424520
4664,4665,64.298498,0.481091
4665,4666,64.312281,0.427142
4666,4667,64.326065,0.397068
4667,4668,64.339848,0.484282
4668,4669,64.353631,0.454849
4669,4670,64.367414,0.370417
4670,4671,64.381197,0.480010
4671,4672,64.394980,0.417374
4672,4673,64.408764,0.456205
4673,4674,64.422547,0.523435
4674,4675,64.436330,0.415655
4675,4676,64.450113,0.390571
4676,4677,64.463896,0.411052
4677,4678,64.477679,0.433475
4678,4679,64.491463,0.421321
4679,4680,64.505246,0.426739
4680,4681,64.519029,0.410579
4681,4682,64.532812,0.434906
4682,4683,64.546595,0.447241
4683,4684,64.560379,0.474364
4684,4685,64.574162,0.368947
4685,4686,64.587945,0.450230
4686,4687,64.601728,0.461796
4687,4688,64.615511,0.439437
4688,4689,64.629294,0.401874
4689,4690,64.643078,0.435592
4690,4691,64.656861,0.500747
4691,4692,64.670644,0.488986
4692,4693,64.684427,0.481298
4693,4694,64.698210,0.432210
4694,4695,64.711993,0.452340
4695,4696,64.725777,0.398531
4696,4697,64.739560,0.417572
4697,4698,64.753343,0.408869
4698,4699,64.767126,0.463227
4699,4700,64.780909,0.345899
4700,4701,64.794692,0.353884
4701,4702,64.808476,0.365924
4702,4703,64.822259,0.433284
4703,4704,64.836042,0.443947
4704,4705,64.849825,0.412973
4705,4706,64.863608,0.389394
4706,4707,64.877391,0.406816
4707,4708,64.891175,0.402769
4708,4709,64.904958,0.448918
4709,4710,64.918741,0.424249
4710,4711,64.932524,0.536189
4711,4712,64.946307,0.407076
4712,4713,64.960091,0.434473
4713,4714,64.973874,0.501027
4714,4715,64.987657,0.472823
4715,4716,65.001440,0.498729
4716,4717,65.015223,0.492248
4717,4718,65.029006,0.396287
4718,4719,65.042790,0.427641
4719,4720,65.056573,0.393088
4720,4721,65.070356,0.444987
4721,4722,65.084139,0.426764
4722,4723,65.097922,0.448098
4723,4724,65.111705,0.382589
4724,4725,65.125489,0.441016
4725,4726,65.139272,0.470132
4726,4727,65.153055,0.420659
4727,4728,65.166838,0.452346
4728,4729,65.180621,0.395852
4729,4730,65.194404,0.444107
4730,4731,65.208188,0.432522
4731,4732,65.221971,0.436629
4732,4733,65.235754,0.436787
4733,4734,65.249537,0.381548
4734,4735,65.263320,0.431658
4735,4736,65.277103,0.384235
4736,4737,65.290887,0.404751
4737,4738,65.304670,0.387402
4738,4739,65.318453,0.458418
4739,4740,65.332236,0.412096
4740,4741,65.346019,0.429240
4741,4742,65.359803,0.391461
4742,4743,65.373586,0.532426
4743,4744,65.387369,0.427050
4744,4745,65.401152,0.420624
4745,4746,65.414935,0.460508
4746,4747,65.428718,0.421949
4747,4748,65.442502,0.373506
4748,4749,65.456285,0.429861
4749,4750,65.470068,0.399201
4750,4751,65.483851,0.392048
4751,4752,65.497634,0.497180
4752,4753,65.511417,0.459153
4753,4754,65.525201,0.480872
4754,4755,65.538984,0.372082
4755,4756,65.552767,0.367604
4756,4757,65.566550,0.448648
4757,4758,65.580333,0.430684
4758,4759,65.594116,0.411080
4759,4760,65.607900,0.467080
4760,4761,65.621683,0.499928
4761,4762,65.635466,0.502263
4762,4763,65.649249,0.510780
4763,4764,65.663032,0.424893
4764,4765,65.676815,0.422808
4765,4766,65.690599,0.417127
4766,4767,65.704382,0.407160
4767,4768,65.718165,0.476468
4768,4769,65.731948,0.435244
4769,4770,65.745731,0.449078
4770,4771,65.759515,0.460262
4771,4772,65.773298,0.443152
4772,4773,65.787081,0.437149
4773,4774,65.800864,0.473866
4774,4775,65.814647,0.453969
4775,4776,65.828430,0.496456
4776,4777,65.842214,0.461229
4777,4778,65.855997,0.405076
4778,4779,65.869780,0.477975
4779,4780,65.883563,0.474991
4780,4781,65.897346,0.410823
4781,4782,65.911129,0.396229
4782,4783,65.924913,0.460067
4783,4784,65.938696,0.411035
4784,4785,65.952479,0.459935
4785,4786,65.966262,0.440533
4786,4787,65.980045,0.487219
4787,4788,65.993828,0.427857
4788,4789,66.007612,0.467970
4789,4790,66.021395,0.382374
4790,4791,66.035178,0.433115
4791,4792,66.048961,0.440187
4792,4793,66.062744,0.408317
4793,4794,66.076527,0.439513
4794,4795,66.090311,0.542376
4795,4796,66.104094,0.417878
4796,4797,66.117877,0.390917
4797,4798,66.131660,0.414024
4798,4799,66.145443,0.456149
4799,4800,66.159226,0.509042
4800,4801,66.173010,0.500062
4801,4802,66.186793,0.401716
4802,4803,66.200576,0.405795
4803,4804,66.214359,0.404759
4804,4805,66.228142,0.420215
4805,4806,66.241926,0.436620
4806,4807,66.255709,0.416718
4807,4808,66.269492,0.434568
4808,4809,66.283275,0.527730
4809,4810,66.297058,0.414792
4810,4811,66.310841,0.361709
4811,4812,66.324625,0.405200
4812,4813,66.338408,0.418983
4813,4814,66.352191,0.411819
4814,4815,66.365974,0.351274
4815,4816,66.379757,0.401650
4816,4817,66.393540,0.398283
4817,4818,66.407324,0.459050
4818,4819,66.421107,0.401589
4819,4820,66.434890,0.485618
4820,4821,66.448673,0.445522
4821,4822,66.462456,0.405260
4822,4823,66.476239,0.423121
4823,4824,66.490023,0.447757
4824,4825,66.503806,0.499768
4825,4826,66.517589,0.407692
4826,4827,66.531372,0.426994
4827,4828,66.545155,0.446217
4828,4829,66.558938,0.369478
4829,4830,66.572722,0.415538
4830,4831,66.586505,0.388780
4831,4832,66.600288,0.410658
4832,4833,66.614071,0.487647
4833,4834,66.627854,0.469785
4834,4835,66.641638,0.472877
4835,4836,66.655421,0.492744
4836,4837,66.669204,0.513899
4837,4838,66.682987,0.491424
4838,4839,66.696770,0.450892
4839,4840,66.710553,0.449189
4840,4841,66.724337,0.378905
4841,4842,66.738120,0.498793
4842,4843,66.751903,0.493895
4843,4844,66.765686,0.461277
4844,4845,66.779469,0.360828
4845,4846,66.793252,0.412054
4846,4847,66.807036,0.432525
4847,4848,66.820819,0.461529
4848,4849,66.834602,0.483010
4849,4850,66.848385,0.471119
4850,4851,66.862168,0.430882
4851,4852,66.875951,0.409039
4852,4853,66.889735,0.464684
4853,4854,66.903518,0.443514
4854,4855,66.917301,0.409472
4855,4856,66.931084,0.454014
4856,4857,66.944867,0.478202
4857,4858,66.958650,0.494687
4858,4859,66.972434,0.479786
4859,4860,66.986217,0.412433
4860,4861,67.000000,0.379180
4861,4862,67.013783,0.373523
4862,4863,67.027566,0.469176
4863,4864,67.041350,0.436262
4864,4865,67.055133,0.429011
4865,4866,67.068916,0.424145
4866,4867,67.082699,0.483969
4867,4868,67.096482,0.393903
4868,4869,67.110265,0.552615
4869,4870,67.124049,0.511976
4870,4871,67.137832,0.461564
4871,4872,67.151615,0.424086
4872,4873,67.165398,0.507998
4873,4874,67.179181,0.443104
4874,4875,67.192964,0.406174
4875,4876,67.206748,0.442630
4876,4877,67.220531,0.443314
4877,4878,67.234314,0.489558
4878,4879,67.248097,0.414605
4879,4880,67.261880,0.517792
4880,4881,67.275663,0.421874
4881,4882,67.289447,0.365759
4882,4883,67.303230,0.507771
4883,4884,67.317013,0.472147
4884,4885,67.330796,0.486223
4885,4886,67.344579,0.479311
4886,4887,67.358362,0.396352
4887,4888,67.372146,0.512091
4888,4889,67.385929,0.459542
4889,4890,67.399712,0.416576
4890,4891,67.413495,0.449944
4891,4892,67.427278,0.412777
4892,4893,67.441062,0.419832
4893,4894,67.454845,0.425762
4894,4895,67.468628,0.449116
4895,4896,67.482411,0.365094
4896,4897,67.496194,0.403667
4897,4898,67.509977,0.459345
4898,4899,67.523761,0.420747
4899,4900,67.537544,0.475504
4900,4901,67.551327,0.417948
4901,4902,67.565110,0.448849
4902,4903,67.578893,0.403379
4903,4904,67.592676,0.391383
4904,4905,67.606460,0.425621
4905,4906,67.620243,0.424571
4906,4907,67.634026,0.407482
4907,4908,67.647809,0.395974
4908,4909,67.661592,0.422822
4909,4910,67.675375,0.397864
4910,4911,67.689159,0.459136
4911,4912,67.702942,0.472289
4912,4913,67.716725,0.490491
4913,4914,67.730508,0.422656
4914,4915,67.744291,0.441073
4915,4916,67.758074,0.442908
4916,4917,67.771858,0.407604
4917,4918,67.785641,0.433306
4918,4919,67.799424,0.461482
4919,4920,67.813207,0.418259
4920,4921,67.826990,0.424682
4921,4922,67.840774,0.499125
4922,4923,67.854557,0.512476
4923,4924,67.868340,0.380329
4924,4925,67.882123,0.471557
4925,4926,67.895906,0.438796
4926,4927,67.909689,0.510667
4927,4928,67.923473,0.443730
4928,4929,67.937256,0.402273
4929,4930,67.951039,0.482286
4930,4931,67.964822,0.355881
4931,4932,67.978605,0.464449
4932,4933,67.992388,0.421063
4933,4934,68.006172,0.451583
4934,4935,68.019955,0.440968
4935,4936,68.033738,0.469729
4936,4937,68.047521,0.501135
4937,4938,68.061304,0.422776
4938,4939,68.075087,0.418701
4939,4940,68.088871,0.439781
4940,4941,68.102654,0.481257
4941,4942,68.116437,0.391867
4942,4943,68.130220,0.468957
4943,4944,68.144003,0.460653
4944,4945,68.157786,0.392906
4945,4946,68.171570,0.432260
4946,4947,68.185353,0.468757
4947,4948,68.199136,0.505108
4948,4949,68.212919,0.481876
4949,4950,68.226702,0.482820
4950,4951,68.240485,0.482647
4951,4952,68.254269,0.413053
4952,4953,68.268052,0.451638
4953,4954,68.281835,0.449905
4954,4955,68.295618,0.469334
4955,4956,68.309401,0.411783
4956,4957,68.323185,0.410240
4957,4958,68.336968,0.468011
4958,4959,68.350751,0.465564
4959,4960,68.364534,0.502208
4960,4961,68.378317,0.383130
4961,4962,68.392100,0.438890
4962,4963,68.405884,0.371978
4963,4964,68.419667,0.390348
4964,4965,68.433450,0.443477
4965,4966,68.447233,0.450305
4966,4967,68.461016,0.448161
4967,4968,68.474799,0.411579
4968,4969,68.488583,0.427206
4969,4970,68.502366,0.394374
4970,4971,68.516149,0.393572
4971,4972,68.529932,0.425587
4972,4973,68.543715,0.420322
4973,4974,68.557498,0.431308
4974,4975,68.571282,0.447410
4975,4976,68.585065,0.490666
4976,4977,68.598848,0.448835
4977,4978,68.612631,0.363057
4978,4979,68.626414,0.431287
4979,4980,68.640197,0.421192
4980,4981,68.653981,0.480472
4981,4982,68.667764,0.501198
4982,4983,68.681547,0.434809
4983,4984,68.695330,0.456629
4984,4985,68.709113,0.467668
4985,4986,68.722897,0.470849
4986,4987,68.736680,0.484843
4987,4988,68.750463,0.413965
4988,4989,68.764246,0.412858
4989,4990,68.778029,0.427772
4990,4991,68.791812,0.435345
4991,4992,68.805596,0.421122
4992,4993,68.819379,0.319201
4993,4994,68.833162,0.500340
4994,4995,68.846945,0.393473
4995,4996,68.860728,0.415642
4996,4997,68.874511,0.449672
4997,4998,68.888295,0.484835
4998,4999,68.902078,0.425493
4999,5000,68.915861,0.480690
5000,5001,68.929644,0.422942
5001,5002,68.943427,0.446862
5002,5003,68.957210,0.392280
5003,5004,68.970994,0.463181
5004,5005,68.984777,0.487070
5005,5006,68.998560,0.466505
5006,5007,69.012343,0.410223
5007,5008,69.026126,0.368301
5008,5009,69.039909,0.448381
5009,5010,69.053693,0.515959
5010,5011,69.067476,0.411292
5011,5012,69.081259,0.441764
5012,5013,69.095042,0.381351
5013,5014,69.108825,0.494793
5014,5015,69.122609,0.409574
5015,5016,69.136392,0.510680
5016,5017,69.150175,0.383052
5017,5018,69.163958,0.474011
5018,5019,69.177741,0.457328
5019,5020,69.191524,0.424433
5020,5021,69.205308,0.457001
5021,5022,69.219091,0.436743
5022,5023,69.232874,0.406878
5023,5024,69.246657,0.467930
5024,5025,69.260440,0.509516
5025,5026,69.274223,0.381001
5026,5027,69.288007,0.438987
5027,5028,69.301790,0.479917
5028,5029,69.315573,0.468779
5029,5030,69.329356,0.468565
5030,5031,69.343139,0.352028
5031,5032,69.356922,0.384722
5032,5033,69.370706,0.436617
5033,5034,69.384489,0.452983
5034,5035,69.398272,0.418115
5035,5036,69.412055,0.387923
5036,5037,69.425838,0.361090
5037,5038,69.439621,0.434318
5038,5039,69.453405,0.409747
5039,5040,69.467188,0.461309
5040,5041,69.480971,0.478424
5041,5042,69.494754,0.428242
5042,5043,69.508537,0.422037
5043,5044,69.522321,0.493377
5044,5045,69.536104,0.338631
5045,5046,69.549887,0.422247
5046,5047,69.563670,0.463330
5047,5048,69.577453,0.484998
5048,5049,69.591236,0.385005
5049,5050,69.605020,0.445619
5050,5051,69.618803,0.465173
5051,5052,69.632586,0.336323
5052,5053,69.646369,0.395658
5053,5054,69.660152,0.408072
5054,5055,69.673935,0.399502
5055,5056,69.687719,0.456604
5056,5057,69.701502,0.479845
5057,5058,69.715285,0.487711
5058,5059,69.729068,0.444112
5059,5060,69.742851,0.428593
5060,5061,69.756634,0.406568
5061,5062,69.770418,0.391467
5062,5063,69.784201,0.512708
5063,5064,69.797984,0.416454
5064,5065,69.811767,0.450248
5065,5066,69.825550,0.447480
5066,5067,69.839333,0.436880
5067,5068,69.853117,0.365967
5068,5069,69.866900,0.408888
5069,5070,69.880683,0.461024
5070,5071,69.894466,0.371269
5071,5072,69.908249,0.413708
5072,5073,69.922033,0.432184
5073,5074,69.935816,0.471876
5074,5075,69.949599,0.424986
5075,5076,69.963382,0.455212
5076,5077,69.977165,0.432290
5077,5078,69.990948,0.479745
5078,5079,70.004732,0.430368
5079,5080,70.018515,0.476397
5080,5081,70.032298,0.373143
5081,5082,70.046081,0.419845
5082,5083,70.059864,0.488801
5083,5084,70.073647,0.443602
5084,5085,70.087431,0.493101
5085,5086,70.101214,0.442765
5086,5087,70.114997,0.437829
5087,5088,70.128780,0.436878
5088,5089,70.142563,0.504090
5089,5090,70.156346,0.444105
5090,5091,70.170130,0.491382
5091,5092,70.183913,0.464504
5092,5093,70.197696,0.420663
5093,5094,70.211479,0.409067
5094,5095,70.225262,0.495833
5095,5096,70.239045,0.482573
5096,5097,70.252829,0.420984
5097,5098,70.266612,0.404368
5098,5099,70.280395,0.482656
5099,5100,70.294178,0.466447
5100,5101,70.307961,0.470586
5101,5102,70.321744,0.493656
5102,5103,70.335528,0.437851
5103,5104,70.349311,0.502573
5104,5105,70.363094,0.435259
5105,5106,70.376877,0.494785
5106,5107,70.390660,0.500836
5107,5108,70.404444,0.480352
5108,5109,70.418227,0.405966
5109,5110,70.432010,0.458825
5110,5111,70.445793,0.417467
5111,5112,70.459576,0.492993
5112,5113,70.473359,0.483570
5113,5114,70.487143,0.422119
5114,5115,70.500926,0.405438
5115,5116,70.514709,0.412368
5116,5117,70.528492,0.457163
5117,5118,70.542275,0.455295
5118,5119,70.556058,0.455023
5119,5120,70.569842,0.465789
5120,5121,70.583625,0.477362
5121,5122,70.597408,0.511778
5122,5123,70.611191,0.434521
5123,5124,70.624974,0.467728
5124,5125,70.638757,0.482477
5125,5126,70.652541,0.373881
5126,5127,70.666324,0.401779
5127,5128,70.680107,0.438198
5128,5129,70.693890,0.445212
5129,5130,70.707673,0.519709
5130,5131,70.721456,0.456223
5131,5132,70.735240,0.468240
5132,5133,70.749023,0.443363
5133,5134,70.762806,0.531206
5134,5135,70.776589,0.408596
5135,5136,70.790372,0.415196
5136,5137,70.804156,0.438408
5137,5138,70.817939,0.395071
5138,5139,70.831722,0.433580
5139,5140,70.845505,0.391889
5140,5141,70.859288,0.385234
5141,5142,70.873071,0.428279
5142,5143,70.886855,0.401413
5143,5144,70.900638,0.476272
5144,5145,70.914421,0.380011
5145,5146,70.928204,0.467655
5146,5147,70.941987,0.441884
5147,5148,70.955770,0.454985
5148,5149,70.969554,0.454816
5149,5150,70.983337,0.503850
5150,5151,70.997120,0.455071
5151,5152,71.010903,0.400045
5152,5153,71.024686,0.477481
5153,5154,71.038469,0.396839
5154,5155,71.052253,0.401108
5155,5156,71.066036,0.473100
5156,5157,71.079819,0.444260
5157,5158,71.093602,0.414359
5158,5159,71.107385,0.466724
5159,5160,71.121168,0.371693
5160,5161,71.134952,0.401023
5161,5162,71.148735,0.470654
5162,5163,71.162518,0.445088
5163,5164,71.176301,0.409343
5164,5165,71.190084,0.459829
5165,5166,71.203868,0.442213
5166,5167,71.217651,0.446628
5167,5168,71.231434,0.412545
5168,5169,71.245217,0.434390
5169,5170,71.259000,0.499049
5170,5171,71.272783,0.500390
5171,5172,71.286567,0.400580
5172,5173,71.300350,0.388400
5173,5174,71.314133,0.441972
5174,5175,71.327916,0.422707
5175,5176,71.341699,0.448679
5176,5177,71.355482,0.470649
5177,5178,71.369266,0.444627
5178,5179,71.383049,0.507825
5179,5180,71.396832,0.501302
5180,5181,71.410615,0.411625
5181,5182,71.424398,0.349394
5182,5183,71.438181,0.385799
5183,5184,71.451965,0.446224
5184,5185,71.465748,0.471500
5185,5186,71.479531,0.433687
5186,5187,71.493314,0.504609
5187,5188,71.507097,0.498561
5188,5189,71.520880,0.465430
5189,5190,71.534664,0.369807
5190,5191,71.548447,0.439458
5191,5192,71.562230,0.419122
5192,5193,71.576013,0.427663
5193,5194,71.589796,0.423678
5194,5195,71.603580,0.466843
5195,5196,71.617363,0.459880
5196,5197,71.631146,0.326745
5197,5198,71.644929,0.480327
5198,5199,71.658712,0.483163
5199,5200,71.672495,0.455618
5200,5201,71.686279,0.352073
5201,5202,71.700062,0.403666
5202,5203,71.713845,0.418723
5203,5204,71.727628,0.412719
5204,5205,71.741411,0.455702
5205,5206,71.755194,0.388658
5206,5207,71.768978,0.422865
5207,5208,71.782761,0.423992
5208,5209,71.796544,0.431064
5209,5210,71.810327,0.421641
5210,5211,71.824110,0.418275
5211,5212,71.837893,0.448720
5212,5213,71.851677,0.367430
5213,5214,71.865460,0.454745
5214,5215,71.879243,0.457849
5215,5216,71.893026,0.471362
5216,5217,71.906809,0.496860
5217,5218,71.920592,0.434595
5218,5219,71.934376,0.445530
5219,5220,71.948159,0.418944
5220,5221,71.961942,0.417884
5221,5222,71.975725,0.391884
5222,5223,71.989508,0.458335
5223,5224,72.003292,0.421297
5224,5225,72.017075,0.405123
5225,5226,72.030858,0.448891
5226,5227,72.044641,0.406327
5227,5228,72.058424,0.452211
5228,5229,72.072207,0.508324
5229,5230,72.085991,0.514511
5230,5231,72.099774,0.445769
5231,5232,72.113557,0.500242
5232,5233,72.127340,0.505327
5233,5234,72.141123,0.416963
5234,5235,72.154906,0.466792
5235,5236,72.168690,0.419266
5236,5237,72.182473,0.523982
5237,5238,72.196256,0.473769
5238,5239,72.210039,0.436980
5239,5240,72.223822,0.424900
5240,5241,72.237605,0.369382
5241,5242,72.251389,0.434209
5242,5243,72.265172,0.460814
5243,5244,72.278955,0.457137
5244,5245,72.292738,0.425942
5245,5246,72.306521,0.444319
5246,5247,72.320304,0.402241
5247,5248,72.334088,0.373244
5248,5249,72.347871,0.489933
5249,5250,72.361654,0.423550
5250,5251,72.375437,0.500093
5251,5252,72.389220,0.434383
5252,5253,72.403003,0.434380
5253,5254,72.416787,0.342992
5254,5255,72.430570,0.487427
5255,5256,72.444353,0.409100
5256,5257,72.458136,0.413175
5257,5258,72.471919,0.502291
5258,5259,72.485703,0.474674
5259,5260,72.499486,0.376326
5260,5261,72.513269,0.429794
5261,5262,72.527052,0.465545
5262,5263,72.540835,0.382726
5263,5264,72.554618,0.442741
5264,5265,72.568402,0.435272
5265,5266,72.582185,0.405638
5266,5267,72.595968,0.423060
5267,5268,72.609751,0.400078
5268,5269,72.623534,0.445118
5269,5270,72.637317,0.436571
5270,5271,72.651101,0.437352
5271,5272,72.664884,0.422160
5272,5273,72.678667,0.432779
5273,5274,72.692450,0.402186
5274,5275,72.706233,0.430108
5275,5276,72.720016,0.449281
5276,5277,72.733800,0.439525
5277,5278,72.747583,0.501570
5278,5279,72.761366,0.373956
5279,5280,72.775149,0.414130
5280,5281,72.788932,0.399771
5281,5282,72.802715,0.413156
5282,5283,72.816499,0.543706
5283,5284,72.830282,0.407914
5284,5285,72.844065,0.423330
5285,5286,72.857848,0.498492
5286,5287,72.871631,0.413810
5287,5288,72.885415,0.432675
5288,5289,72.899198,0.386262
5289,5290,72.912981,0.394023
5290,5291,72.926764,0.523689
5291,5292,72.940547,0.425974
5292,5293,72.954330,0.458989
5293,5294,72.968114,0.445463
5294,5295,72.981897,0.431145
5295,5296,72.995680,0.455090
5296,5297,73.009463,0.494595
5297,5298,73.023246,0.369036
5298,5299,73.037029,0.426042
5299,5300,73.050813,0.428762
5300,5301,73.064596,0.395971
5301,5302,73.078379,0.460467
5302,5303,73.092162,0.433185
5303,5304,73.105945,0.417676
5304,5305,73.119728,0.453498
5305,5306,73.133512,0.409391
5306,5307,73.147295,0.419690
5307,5308,73.161078,0.429255
5308,5309,73.174861,0.470373
5309,5310,73.188644,0.433830
5310,5311,73.202427,0.416787
5311,5312,73.216211,0.473203
5312,5313,73.229994,0.424519
5313,5314,73.243777,0.430780
5314,5315,73.257560,0.471383
5315,5316,73.271343,0.470583
5316,5317,73.285127,0.462294
5317,5318,73.298910,0.402592
5318,5319,73.312693,0.474487
5319,5320,73.326476,0.429176
5320,5321,73.340259,0.387807
5321,5322,73.354042,0.498097
5322,5323,73.367826,0.485391
5323,5324,73.381609,0.457058
5324,5325,73.395392,0.457585
5325,5326,73.409175,0.452714
5326,5327,73.422958,0.473829
5327,5328,73.436741,0.482175
5328,5329,73.450525,0.449267
5329,5330,73.464308,0.429832
5330,5331,73.478091,0.500244
5331,5332,73.491874,0.431627
5332,5333,73.505657,0.405340
5333,5334,73.519440,0.424314
5334,5335,73.533224,0.420116
5335,5336,73.547007,0.461179
5336,5337,73.560790,0.418788
5337,5338,73.574573,0.472632
5338,5339,73.588356,0.485019
5339,5340,73.602139,0.408253
5340,5341,73.615923,0.439320
5341,5342,73.629706,0.433970
5342,5343,73.643489,0.494746
5343,5344,73.657272,0.441932
5344,5345,73.671055,0.489216
5345,5346,73.684839,0.443511
5346,5347,73.698622,0.399083
5347,5348,73.712405,0.474515
5348,5349,73.726188,0.420231
5349,5350,73.739971,0.444590
5350,5351,73.753754,0.413108
5351,5352,73.767538,0.389136
5352,5353,73.781321,0.513154
5353,5354,73.795104,0.480208
5354,5355,73.808887,0.440744
5355,5356,73.822670,0.480528
5356,5357,73.836453,0.474215
5357,5358,73.850237,0.439067
5358,5359,73.864020,0.501907
5359,5360,73.877803,0.472986
5360,5361,73.891586,0.458463
5361,5362,73.905369,0.414062
5362,5363,73.919152,0.446738
5363,5364,73.932936,0.473699
5364,5365,73.946719,0.442239
5365,5366,73.960502,0.451255
5366,5367,73.974285,0.405210
5367,5368,73.988068,0.390024
5368,5369,74.001851,0.487774
5369,5370,74.015635,0.457783
5370,5371,74.029418,0.440396
5371,5372,74.043201,0.433292
5372,5373,74.056984,0.394406
5373,5374,74.070767,0.457920
5374,5375,74.084551,0.460115
5375,5376,74.098334,0.415116
5376,5377,74.112117,0.408027
5377,5378,74.125900,0.505593
5378,5379,74.139683,0.428660
5379,5380,74.153466,0.425585
5380,5381,74.167250,0.425120
5381,5382,74.181033,0.466026
5382,5383,74.194816,0.475831
5383,5384,74.208599,0.497320
5384,5385,74.222382,0.465296
5385,5386,74.236165,0.438807
5386,5387,74.249949,0.513430
5387,5388,74.263732,0.394044
5388,5389,74.277515,0.472703
5389,5390,74.291298,0.410456
5390,5391,74.305081,0.452761
5391,5392,74.318864,0.430133
5392,5393,74.332648,0.438953
5393,5394,74.346431,0.395706
5394,5395,74.360214,0.432929
5395,5396,74.373997,0.496483
5396,5397,74.387780,0.495466
5397,5398,74.401563,0.419662
5398,5399,74.415347,0.525494
5399,5400,74.429130,0.450902
5400,5401,74.442913,0.371288
5401,5402,74.456696,0.436526
5402,5403,74.470479,0.459589
5403,5404,74.484262,0.424012
5404,5405,74.498046,0.447144
5405,5406,74.511829,0.461189
5406,5407,74.525612,0.471394
5407,5408,74.539395,0.454697
5408,5409,74.553178,0.414333
5409,5410,74.566962,0.447512
5410,5411,74.580745,0.462368
5411,5412,74.594528,0.483929
5412,5413,74.608311,0.448554
5413,5414,74.622094,0.380335
5414,5415,74.635877,0.465210
5415,5416,74.649661,0.443104
5416,5417,74.663444,0.401353
5417,5418,74.677227,0.440049
5418,5419,74.691010,0.501447
5419,5420,74.704793,0.503476
5420,5421,74.718576,0.398699
5421,5422,74.732360,0.461345
5422,5423,74.746143,0.420785
5423,5424,74.759926,0.358241
5424,5425,74.773709,0.468543
5425,5426,74.787492,0.461567
5426,5427,74.801275,0.448534
5427,5428,74.815059,0.378743
5428,5429,74.828842,0.477444
5429,5430,74.842625,0.340480
5430,5431,74.856408,0.451647
5431,5432,74.870191,0.389147
5432,5433,74.883974,0.476512
5433,5434,74.897758,0.449352
5434,5435,74.911541,0.453473
5435,5436,74.925324,0.388931
5436,5437,74.939107,0.455879
5437,5438,74.952890,0.408790
5438,5439,74.966674,0.456592
5439,5440,74.980457,0.347876
5440,5441,74.994240,0.455120
5441,5442,75.008023,0.509517
5442,5443,75.021806,0.362563
5443,5444,75.035589,0.392461
5444,5445,75.049373,0.481971
5445,5446,75.063156,0.373573
5446,5447,75.076939,0.377584
5447,5448,75.090722,0.456225
5448,5449,75.104505,0.567553
5449,5450,75.118288,0.386568
5450,5451,75.132072,0.399771
5451,5452,75.145855,0.460313
5452,5453,75.159638,0.443150
5453,5454,75.173421,0.396763
5454,5455,75.187204,0.428822
5455,5456,75.200987,0.532328
5456,5457,75.214771,0.464881
5457,5458,75.228554,0.444817
5458,5459,75.242337,0.446013
5459,5460,75.256120,0.382535
5460,5461,75.269903,0.455025
5461,5462,75.283686,0.364368
5462,5463,75.297470,0.463721
5463,5464,75.311253,0.426613
5464,5465,75.325036,0.383846
5465,5466,75.338819,0.484437
5466,5467,75.352602,0.456990
5467,5468,75.366386,0.455524
5468,5469,75.380169,0.478576
5469,5470,75.393952,0.428684
5470,5471,75.407735,0.425441
5471,5472,75.421518,0.426994
5472,5473,75.435301,0.466638
5473,5474,75.449085,0.423363
5474,5475,75.462868,0.435353
5475,5476,75.476651,0.423800
5476,5477,75.490434,0.464070
5477,5478,75.504217,0.427605
5478,5479,75.518000,0.426045
5479,5480,75.531784,0.431800
5480,5481,75.545567,0.498988
5481,5482,75.559350,0.419222
5482,5483,75.573133,0.409922
5483,5484,75.586916,0.499431
5484,5485,75.600699,0.439448
5485,5486,75.614483,0.355908
5486,5487,75.628266,0.536034
5487,5488,75.642049,0.450558
5488,5489,75.655832,0.439129
5489,5490,75.669615,0.378801
5490,5491,75.683398,0.385847
5491,5492,75.697182,0.444944
5492,5493,75.710965,0.454011
5493,5494,75.724748,0.453917
5494,5495,75.738531,0.425233
5495,5496,75.752314,0.401770
5496,5497,75.766098,0.446123
5497,5498,75.779881,0.440609
5498,5499,75.793664,0.474857
5499,5500,75.807447,0.389503
5500,5501,75.821230,0.437265
5501,5502,75.835013,0.425759
5502,5503,75.848797,0.464108
5503,5504,75.862580,0.387728
5504,5505,75.876363,0.371334
5505,5506,75.890146,0.407216
5506,5507,75.903929,0.490953
5507,5508,75.917712,0.409583
5508,5509,75.931496,0.456544
5509,5510,75.945279,0.522156
5510,5511,75.959062,0.509122
5511,5512,75.972845,0.404800
5512,5513,75.986628,0.416932
5513,5514,76.000411,0.431377
5514,5515,76.014195,0.469132
5515,5516,76.027978,0.406651
5516,5517,76.041761,0.414337
5517,5518,76.055544,0.436524
5518,5519,76.069327,0.461826
5519,5520,76.083110,0.430145
5520,5521,76.096894,0.464997
5521,5522,76.110677,0.374655
5522,5523,76.124460,0.439927
5523,5524,76.138243,0.413622
5524,5525,76.152026,0.482408
5525,5526,76.165810,0.456194
5526,5527,76.179593,0.460728
5527,5528,76.193376,0.470326
5528,5529,76.207159,0.452814
5529,5530,76.220942,0.467472
5530,5531,76.234725,0.444100
5531,5532,76.248509,0.461000
5532,5533,76.262292,0.471280
5533,5534,76.276075,0.439206
5534,5535,76.289858,0.453935
5535,5536,76.303641,0.420320
5536,5537,76.317424,0.510174
5537,5538,76.331208,0.395538
5538,5539,76.344991,0.383491
5539,5540,76.358774,0.425879
5540,5541,76.372557,0.455041
5541,5542,76.386340,0.489280
5542,5543,76.400123,0.468524
5543,5544,76.413907,0.430359
5544,5545,76.427690,0.428513
5545,5546,76.441473,0.432514
5546,5547,76.455256,0.527277
5547,5548,76.469039,0.494587
5548,5549,76.482822,0.400107
5549,5550,76.496606,0.460098
5550,5551,76.510389,0.474626
5551,5552,76.524172,0.482791
5552,5553,76.537955,0.472463
5553,5554,76.551738,0.513636
5554,5555,76.565521,0.403660
5555,5556,76.579305,0.366995
5556,5557,76.593088,0.447393
5557,5558,76.606871,0.415480
5558,5559,76.620654,0.483598
5559,5560,76.634437,0.427286
5560,5561,76.648221,0.490222
5561,5562,76.662004,0.458039
5562,5563,76.675787,0.426023
5563,5564,76.689570,0.473620
5564,5565,76.703353,0.422140
5565,5566,76.717136,0.431429
5566,5567,76.730920,0.460427
5567,5568,76.744703,0.461379
5568,5569,76.758486,0.438869
5569,5570,76.772269,0.455155
5570,5571,76.786052,0.455719
5571,5572,76.799835,0.480820
5572,5573,76.813619,0.494379
5573,5574,76.827402,0.481026
5574,5575,76.841185,0.395942
5575,5576,76.854968,0.487515
5576,5577,76.868751,0.406865
5577,5578,76.882534,0.344802
5578,5579,76.896318,0.368350
5579,5580,76.910101,0.461562
5580,5581,76.923884,0.442817
5581,5582,76.937667,0.414557
5582,5583,76.951450,0.455801
5583,5584,76.965233,0.413206
5584,5585,76.979017,0.461060
5585,5586,76.992800,0.418821
5586,5587,77.006583,0.439248
5587,5588,77.020366,0.486415
5588,5589,77.034149,0.440017
5589,5590,77.047933,0.435869
5590,5591,77.061716,0.434807
5591,5592,77.075499,0.419328
5592,5593,77.089282,0.425801
5593,5594,77.103065,0.504924
5594,5595,77.116848,0.395947
5595,5596,77.130632,0.424117
5596,5597,77.144415,0.440526
5597,5598,77.158198,0.362746
5598,5599,77.171981,0.413095
5599,5600,77.185764,0.465281
5600,5601,77.199547,0.473300
5601,5602,77.213331,0.535981
5602,5603,77.227114,0.470367
5603,5604,77.240897,0.432612
5604,5605,77.254680,0.455089
5605,5606,77.268463,0.497075
5606,5607,77.282246,0.523020
5607,5608,77.296030,0.468516
5608,5609,77.309813,0.451694
5609,5610,77.323596,0.402711
5610,5611,77.337379,0.392553
5611,5612,77.351162,0.425143
5612,5613,77.364945,0.438812
5613,5614,77.378729,0.572212
5614,5615,77.392512,0.384717
5615,5616,77.406295,0.394680
5616,5617,77.420078,0.337855
5617,5618,77.433861,0.402497
5618,5619,77.447645,0.382611
5619,5620,77.461428,0.428412
5620,5621,77.475211,0.406710
5621,5622,77.488994,0.490615
5622,5623,77.502777,0.558127
5623,5624,77.516560,0.438226
5624,5625,77.530344,0.384040
5625,5626,77.544127,0.450618
5626,5627,77.557910,0.445948
5627,5628,77.571693,0.405101
5628,5629,77.585476,0.465241
5629,5630,77.599259,0.473568
5630,5631,77.613043,0.443123
5631,5632,77.626826,0.398456
5632,5633,77.640609,0.488728
5633,5634,77.654392,0.469977
5634,5635,77.668175,0.407628
5635,5636,77.681958,0.459963
5636,5637,77.695742,0.490635
5637,5638,77.709525,0.427601
5638,5639,77.723308,0.438332
5639,5640,77.737091,0.499645
5640,5641,77.750874,0.437420
5641,5642,77.764657,0.409498
5642,5643,77.778441,0.480266
5643,5644,77.792224,0.495223
5644,5645,77.806007,0.504008
5645,5646,77.819790,0.348227
5646,5647,77.833573,0.406919
5647,5648,77.847357,0.456678
5648,5649,77.861140,0.472308
5649,5650,77.874923,0.466916
5650,5651,77.888706,0.404606
5651,5652,77.902489,0.482584
5652,5653,77.916272,0.430026
5653,5654,77.930056,0.427942
5654,5655,77.943839,0.483815
5655,5656,77.957622,0.412785
5656,5657,77.971405,0.470777
5657,5658,77.985188,0.463855
5658,5659,77.998971,0.490331
5659,5660,78.012755,0.478198
5660,5661,78.026538,0.464251
5661,5662,78.040321,0.424108
5662,5663,78.054104,0.421294
5663,5664,78.067887,0.425075
5664,5665,78.081670,0.336865
5665,5666,78.095454,0.396660
5666,5667,78.109237,0.420110
5667,5668,78.123020,0.376156
5668,5669,78.136803,0.410774
5669,5670,78.150586,0.475917
5670,5671,78.164369,0.399271
5671,5672,78.178153,0.482202
5672,5673,78.191936,0.432921
5673,5674,78.205719,0.438822
5674,5675,78.219502,0.426832
5675,5676,78.233285,0.424036
5676,5677,78.247069,0.437292
5677,5678,78.260852,0.394153
5678,5679,78.274635,0.406586
5679,5680,78.288418,0.408316
5680,5681,78.302201,0.377234
5681,5682,78.315984,0.395364
5682,5683,78.329768,0.474780
5683,5684,78.343551,0.359410
5684,5685,78.357334,0.450676
5685,5686,78.371117,0.433903
5686,5687,78.384900,0.456098
5687,5688,78.398683,0.472873
5688,5689,78.412467,0.447881
5689,5690,78.426250,0.364338
5690,5691,78.440033,0.502059
5691,5692,78.453816,0.402593
5692,5693,78.467599,0.351127
5693,5694,78.481382,0.442538
5694,5695,78.495166,0.437458
5695,5696,78.508949,0.417755
5696,5697,78.522732,0.419263
5697,5698,78.536515,0.467512
5698,5699,78.550298,0.370588
5699,5700,78.564081,0.401285
5700,5701,78.577865,0.457155
5701,5702,78.591648,0.462597
5702,5703,78.605431,0.431937
5703,5704,78.619214,0.439291
5704,5705,78.632997,0.448437
5705,5706,78.646780,0.490560
5706,5707,78.660564,0.471783
5707,5708,78.674347,0.321438
5708,5709,78.688130,0.459848
5709,5710,78.701913,0.388252
5710,5711,78.715696,0.496303
5711,5712,78.729480,0.384762
5712,5713,78.743263,0.424650
5713,5714,78.757046,0.354910
5714,5715,78.770829,0.459246
5715,5716,78.784612,0.441225
5716,5717,78.798395,0.459750
5717,5718,78.812179,0.475212
5718,5719,78.825962,0.423090
5719,5720,78.839745,0.395794
5720,5721,78.853528,0.418774
5721,5722,78.867311,0.463735
5722,5723,78.881094,0.456393
5723,5724,78.894878,0.417436
5724,5725,78.908661,0.487924
5725,5726,78.922444,0.434351
5726,5727,78.936227,0.421798
5727,5728,78.950010,0.538616
5728,5729,78.963793,0.394284
5729,5730,78.977577,0.454876
5730,5731,78.991360,0.490647
5731,5732,79.005143,0.439654
5732,5733,79.018926,0.478785
5733,5734,79.032709,0.423874
5734,5735,79.046492,0.417121
5735,5736,79.060276,0.425285
5736,5737,79.074059,0.546150
5737,5738,79.087842,0.432221
5738,5739,79.101625,0.504047
5739,5740,79.115408,0.386923
5740,5741,79.129192,0.436019
5741,5742,79.142975,0.511573
5742,5743,79.156758,0.406979
5743,5744,79.170541,0.382977
5744,5745,79.184324,0.418026
5745,5746,79.198107,0.453977
5746,5747,79.211891,0.536840
5747,5748,79.225674,0.442977
5748,5749,79.239457,0.450788
5749,5750,79.253240,0.376960
5750,5751,79.267023,0.473236
5751,5752,79.280806,0.457444
5752,5753,79.294590,0.412103
5753,5754,79.308373,0.402503
5754,5755,79.322156,0.471085
5755,5756,79.335939,0.481321
5756,5757,79.349722,0.471120
5757,5758,79.363505,0.410326
5758,5759,79.377289,0.390882
5759,5760,79.391072,0.398896
5760,5761,79.404855,0.485595
5761,5762,79.418638,0.476965
5762,5763,79.432421,0.421581
5763,5764,79.446204,0.381357
5764,5765,79.459988,0.430256
5765,5766,79.473771,0.411438
5766,5767,79.487554,0.545584
5767,5768,79.501337,0.511648
5768,5769,79.515120,0.432694
5769,5770,79.528904,0.476574
5770,5771,79.542687,0.452653
5771,5772,79.556470,0.456977
5772,5773,79.570253,0.393817
5773,5774,79.584036,0.401182
5774,5775,79.597819,0.440140
5775,5776,79.611603,0.440724
5776,5777,79.625386,0.454472
5777,5778,79.639169,0.505938
5778,5779,79.652952,0.417144
5779,5780,79.666735,0.457739
5780,5781,79.680518,0.415724
5781,5782,79.694302,0.351202
5782,5783,79.708085,0.480632
5783,5784,79.721868,0.472252
5784,5785,79.735651,0.355898
5785,5786,79.749434,0.443587
5786,5787,79.763217,0.418528
5787,5788,79.777001,0.429176
5788,5789,79.790784,0.419059
5789,5790,79.804567,0.477300
5790,5791,79.818350,0.402733
5791,5792,79.832133,0.444233
5792,5793,79.845916,0.431657
5793,5794,79.859700,0.393803
5794,5795,79.873483,0.417075
5795,5796,79.887266,0.372816
5796,5797,79.901049,0.405770
5797,5798,79.914832,0.487272
5798,5799,79.928616,0.415298
5799,5800,79.942399,0.482421
5800,5801,79.956182,0.404473
5801,5802,79.969965,0.476458
5802,5803,79.983748,0.421195
5803,5804,79.997531,0.419599
5804,5805,80.011315,0.469964
5805,5806,80.025098,0.443568
5806,5807,80.038881,0.471846
5807,5808,80.052664,0.473368
5808,5809,80.066447,0.439054
5809,5810,80.080230,0.425930
5810,5811,80.094014,0.438201
5811,5812,80.107797,0.456594
5812,5813,80.121580,0.423143
5813,5814,80.135363,0.451915
5814,5815,80.149146,0.373553
5815,5816,80.162929,0.402072
5816,5817,80.176713,0.420239
5817,5818,80.190496,0.444838
5818,5819,80.204279,0.427369
5819,5820,80.218062,0.365126
5820,5821,80.231845,0.466331
5821,5822,80.245628,0.445670
5822,5823,80.259412,0.404596
5823,5824,80.273195,0.447715
5824,5825,80.286978,0.531257
5825,5826,80.300761,0.482709
5826,5827,80.314544,0.448410
5827,5828,80.328328,0.364007
5828,5829,80.342111,0.455198
5829,5830,80.355894,0.415976
5830,5831,80.369677,0.439477
5831,5832,80.383460,0.449795
5832,5833,80.397243,0.413934
5833,5834,80.411027,0.423441
5834,5835,80.424810,0.552798
5835,5836,80.438593,0.393233
5836,5837,80.452376,0.432093
5837,5838,80.466159,0.445552
5838,5839,80.479942,0.475706
5839,5840,80.493726,0.413872
5840,5841,80.507509,0.480613
5841,5842,80.521292,0.411025
5842,5843,80.535075,0.382244
5843,5844,80.548858,0.462374
5844,5845,80.562641,0.474481
5845,5846,80.576425,0.415031
5846,5847,80.590208,0.417158
5847,5848,80.603991,0.422181
5848,5849,80.617774,0.376905
5849,5850,80.631557,0.446608
5850,5851,80.645340,0.431832
5851,5852,80.659124,0.400957
5852,5853,80.672907,0.436677
5853,5854,80.686690,0.406269
5854,5855,80.700473,0.382859
5855,5856,80.714256,0.391211
5856,5857,80.728039,0.448208
5857,5858,80.741823,0.411266
5858,5859,80.755606,0.496513
5859,5860,80.769389,0.449545
5860,5861,80.783172,0.461894
5861,5862,80.796955,0.407847
5862,5863,80.810739,0.560121
5863,5864,80.824522,0.414533
5864,5865,80.838305,0.423927
5865,5866,80.852088,0.476066
5866,5867,80.865871,0.403321
5867,5868,80.879654,0.405938
5868,5869,80.893438,0.492530
5869,5870,80.907221,0.520888
5870,5871,80.921004,0.460855
5871,5872,80.934787,0.379752
5872,5873,80.948570,0.431033
5873,5874,80.962353,0.336884
5874,5875,80.976137,0.397585
5875,5876,80.989920,0.432649
5876,5877,81.003703,0.383712
5877,5878,81.017486,0.453392
5878,5879,81.031269,0.422530
5879,5880,81.045052,0.492876
5880,5881,81.058836,0.422577
5881,5882,81.072619,0.462818
5882,5883,81.086402,0.422756
5883,5884,81.100185,0.446157
5884,5885,81.113968,0.434499
5885,5886,81.127751,0.408100
5886,5887,81.141535,0.403052
5887,5888,81.155318,0.484846
5888,5889,81.169101,0.492395
5889,5890,81.182884,0.411811
5890,5891,81.196667,0.434823
5891,5892,81.210451,0.347869
5892,5893,81.224234,0.424164
5893,5894,81.238017,0.489324
5894,5895,81.251800,0.456044
5895,5896,81.265583,0.427848
5896,5897,81.279366,0.410298
5897,5898,81.293150,0.451764
5898,5899,81.306933,0.407040
5899,5900,81.320716,0.436400
5900,5901,81.334499,0.426224
5901,5902,81.348282,0.407277
5902,5903,81.362065,0.468385
5903,5904,81.375849,0.467451
5904,5905,81.389632,0.400701
5905,5906,81.403415,0.536482
5906,5907,81.417198,0.488276
5907,5908,81.430981,0.405487
5908,5909,81.444764,0.500347
5909,5910,81.458548,0.445075
5910,5911,81.472331,0.381081
5911,5912,81.486114,0.433770
5912,5913,81.499897,0.441646
5913,5914,81.513680,0.498962
5914,5915,81.527463,0.497054
5915,5916,81.541247,0.470122
5916,5917,81.555030,0.406488
5917,5918,81.568813,0.440805
5918,5919,81.582596,0.429162
5919,5920,81.596379,0.461415
5920,5921,81.610163,0.421839
5921,5922,81.623946,0.442716
5922,5923,81.637729,0.436535
5923,5924,81.651512,0.459918
5924,5925,81.665295,0.447369
5925,5926,81.679078,0.421196
5926,5927,81.692862,0.351851
5927,5928,81.706645,0.349413
5928,5929,81.720428,0.313891
5929,5930,81.734211,0.458623
5930,5931,81.747994,0.402243
5931,5932,81.761777,0.495768
5932,5933,81.775561,0.410511
5933,5934,81.789344,0.370773
5934,5935,81.803127,0.412908
5935,5936,81.816910,0.417536
5936,5937,81.830693,0.398768
5937,5938,81.844476,0.495015
5938,5939,81.858260,0.460662
5939,5940,81.872043,0.416871
5940,5941,81.885826,0.391533
5941,5942,81.899609,0.383025
5942,5943,81.913392,0.423027
5943,5944,81.927175,0.430345
5944,5945,81.940959,0.409288
5945,5946,81.954742,0.347333
5946,5947,81.968525,0.438712
5947,5948,81.982308,0.466078
5948,5949,81.996091,0.424513
5949,5950,82.009875,0.439853
5950,5951,82.023658,0.447735
5951,5952,82.037441,0.461758
5952,5953,82.051224,0.470579
5953,5954,82.065007,0.437944
5954,5955,82.078790,0.479677
5955,5956,82.092574,0.446437
5956,5957,82.106357,0.495239
5957,5958,82.120140,0.427784
5958,5959,82.133923,0.429716
5959,5960,82.147706,0.489237
5960,5961,82.161489,0.467741
5961,5962,82.175273,0.378094
5962,5963,82.189056,0.432299
5963,5964,82.202839,0.388837
5964,5965,82.216622,0.513869
5965,5966,82.230405,0.405201
5966,5967,82.244188,0.449899
5967,5968,82.257972,0.387637
5968,5969,82.271755,0.481769
5969,5970,82.285538,0.440290
5970,5971,82.299321,0.488156
5971,5972,82.313104,0.394746
5972,5973,82.326887,0.407037
5973,5974,82.340671,0.486763
5974,5975,82.354454,0.403157
5975,5976,82.368237,0.398814
5976,5977,82.382020,0.453674
5977,5978,82.395803,0.417977
5978,5979,82.409587,0.461148
5979,5980,82.423370,0.474462
5980,5981,82.437153,0.402738
5981,5982,82.450936,0.418631
5982,5983,82.464719,0.371638
5983,5984,82.478502,0.442313
5984,5985,82.492286,0.452935
5985,5986,82.506069,0.430356
5986,5987,82.519852,0.522175
5987,5988,82.533635,0.467579
5988,5989,82.547418,0.430268
5989,5990,82.561201,0.397561
5990,5991,82.574985,0.487785
5991,5992,82.588768,0.456172
5992,5993,82.602551,0.430125
5993,5994,82.616334,0.470840
5994,5995,82.630117,0.408053
5995,5996,82.643900,0.434615
5996,5997,82.657684,0.396736
5997,5998,82.671467,0.385050
5998,5999,82.685250,0.482905
5999,6000,82.699033,0.490908
6000,6001,82.712816,0.398960
6001,6002,82.726599,0.393626
6002,6003,82.740383,0.413804
6003,6004,82.754166,0.424957
6004,6005,82.767949,0.431689
6005,6006,82.781732,0.440408
6006,6007,82.795515,0.436522
6007,6008,82.809298,0.415042
6008,6009,82.823082,0.434319
6009,6010,82.836865,0.426801
6010,6011,82.850648,0.420186
6011,6012,82.864431,0.397426
6012,6013,82.878214,0.378926
6013,6014,82.891998,0.421345
6014,6015,82.905781,0.458451
6015,6016,82.919564,0.489595
6016,6017,82.933347,0.347613
6017,6018,82.947130,0.474232
6018,6019,82.960913,0.419430
6019,6020,82.974697,0.476787
6020,6021,82.988480,0.401826
6021,6022,83.002263,0.410574
6022,6023,83.016046,0.404605
6023,6024,83.029829,0.478681
6024,6025,83.043612,0.453513
6025,6026,83.057396,0.441379
6026,6027,83.071179,0.479567
6027,6028,83.084962,0.390349
6028,6029,83.098745,0.396383
6029,6030,83.112528,0.443429
6030,6031,83.126311,0.395618
6031,6032,83.140095,0.357023
6032,6033,83.153878,0.486038
6033,6034,83.167661,0.415571
6034,6035,83.181444,0.438658
6035,6036,83.195227,0.443532
6036,6037,83.209010,0.453287
6037,6038,83.222794,0.446917
6038,6039,83.236577,0.514841
6039,6040,83.250360,0.447563
6040,6041,83.264143,0.486584
6041,6042,83.277926,0.495318
6042,6043,83.291710,0.480956
6043,6044,83.305493,0.463263
6044,6045,83.319276,0.446644
6045,6046,83.333059,0.350587
6046,6047,83.346842,0.493358
6047,6048,83.360625,0.387328
6048,6049,83.374409,0.467166
6049,6050,83.388192,0.371741
6050,6051,83.401975,0.374991
6051,6052,83.415758,0.392853
6052,6053,83.429541,0.399009
6053,6054,83.443324,0.436610
6054,6055,83.457108,0.372698
6055,6056,83.470891,0.361951
6056,6057,83.484674,0.446451
6057,6058,83.498457,0.496251
6058,6059,83.512240,0.395017
6059,6060,83.526023,0.378230
6060,6061,83.539807,0.469302
6061,6062,83.553590,0.441907
6062,6063,83.567373,0.435875
6063,6064,83.581156,0.477419
6064,6065,83.594939,0.431712
6065,6066,83.608722,0.415201
6066,6067,83.622506,0.419160
6067,6068,83.636289,0.476860
6068,6069,83.650072,0.474334
6069,6070,83.663855,0.419166
6070,6071,83.677638,0.493624
6071,6072,83.691422,0.505059
6072,6073,83.705205,0.394709
6073,6074,83.718988,0.449449
6074,6075,83.732771,0.401913
6075,6076,83.746554,0.387574
6076,6077,83.760337,0.434548
6077,6078,83.774121,0.450011
6078,6079,83.787904,0.507811
6079,6080,83.801687,0.516322
6080,6081,83.815470,0.477674
6081,6082,83.829253,0.479363
6082,6083,83.843036,0.387113
6083,6084,83.856820,0.433571
6084,6085,83.870603,0.427734
6085,6086,83.884386,0.419121
6086,6087,83.898169,0.442819
6087,6088,83.911952,0.379234
6088,6089,83.925735,0.423918
6089,6090,83.939519,0.403994
6090,6091,83.953302,0.485787
6091,6092,83.967085,0.482172
6092,6093,83.980868,0.444998
6093,6094,83.994651,0.493620
6094,6095,84.008434,0.455565
6095,6096,84.022218,0.455214
6096,6097,84.036001,0.417296
6097,6098,84.049784,0.438786
6098,6099,84.063567,0.430735
6099,6100,84.077350,0.454991
6100,6101,84.091134,0.430397
6101,6102,84.104917,0.425568
6102,6103,84.118700,0.413052
6103,6104,84.132483,0.408529
6104,6105,84.146266,0.473671
6105,6106,84.160049,0.447236
6106,6107,84.173833,0.429289
6107,6108,84.187616,0.338120
6108,6109,84.201399,0.438746
6109,6110,84.215182,0.435372
6110,6111,84.228965,0.440838
6111,6112,84.242748,0.470131
6112,6113,84.256532,0.443848
6113,6114,84.270315,0.410524
6114,6115,84.284098,0.409142
6115,6116,84.297881,0.418528
6116,6117,84.311664,0.538737
6117,6118,84.325447,0.471925
6118,6119,84.339231,0.432337
6119,6120,84.353014,0.440093
6120,6121,84.366797,0.419443
6121,6122,84.380580,0.422552
6122,6123,84.394363,0.459974
6123,6124,84.408146,0.426776
6124,6125,84.421930,0.442410
6125,6126,84.435713,0.441158
6126,6127,84.449496,0.380452
6127,6128,84.463279,0.436224
6128,6129,84.477062,0.460070
6129,6130,84.490846,0.370456
6130,6131,84.504629,0.415978
6131,6132,84.518412,0.498123
6132,6133,84.532195,0.484486
6133,6134,84.545978,0.385215
6134,6135,84.559761,0.462169
6135,6136,84.573545,0.471931
6136,6137,84.587328,0.354517
6137,6138,84.601111,0.469926
6138,6139,84.614894,0.467475
6139,6140,84.628677,0.439315
6140,6141,84.642460,0.430811
6141,6142,84.656244,0.407302
6142,6143,84.670027,0.440768
6143,6144,84.683810,0.374594
6144,6145,84.697593,0.427483
6145,6146,84.711376,0.373008
6146,6147,84.725159,0.429616
6147,6148,84.738943,0.470590
6148,6149,84.752726,0.352403
6149,6150,84.766509,0.445768
6150,6151,84.780292,0.414344
6151,6152,84.794075,0.468863
6152,6153,84.807858,0.379154
6153,6154,84.821642,0.444140
6154,6155,84.835425,0.491122
6155,6156,84.849208,0.438280
6156,6157,84.862991,0.465690
6157,6158,84.876774,0.492853
6158,6159,84.890557,0.454528
6159,6160,84.904341,0.460083
6160,6161,84.918124,0.449368
6161,6162,84.931907,0.434773
6162,6163,84.945690,0.403775
6163,6164,84.959473,0.512228
6164,6165,84.973257,0.449126
6165,6166,84.987040,0.422039
6166,6167,85.000823,0.468397
6167,6168,85.014606,0.399866
6168,6169,85.028389,0.460916
6169,6170,85.042172,0.354694
6170,6171,85.055956,0.548874
6171,6172,85.069739,0.364327
6172,6173,85.083522,0.407640
6173,6174,85.097305,0.436249
6174,6175,85.111088,0.424630
6175,6176,85.124871,0.428282
6176,6177,85.138655,0.442167
6177,6178,85.152438,0.419553
6178,6179,85.166221,0.404105
6179,6180,85.180004,0.417932
6180,6181,85.193787,0.459581
6181,6182,85.207570,0.476750
6182,6183,85.221354,0.494209
6183,6184,85.235137,0.468961
6184,6185,85.248920,0.521819
6185,6186,85.262703,0.415901
6186,6187,85.276486,0.456128
6187,6188,85.290269,0.453519
6188,6189,85.304053,0.459882
6189,6190,85.317836,0.406524
6190,6191,85.331619,0.458778
6191,6192,85.345402,0.426753
6192,6193,85.359185,0.506126
6193,6194,85.372969,0.475356
6194,6195,85.386752,0.441581
6195,6196,85.400535,0.374001
6196,6197,85.414318,0.409159
6197,6198,85.428101,0.481503
6198,6199,85.441884,0.443026
6199,6200,85.455668,0.448843
6200,6201,85.469451,0.471443
6201,6202,85.483234,0.385295
6202,6203,85.497017,0.419850
6203,6204,85.510800,0.388777
6204,6205,85.524583,0.368991
6205,6206,85.538367,0.410611
6206,6207,85.552150,0.496903
6207,6208,85.565933,0.495179
6208,6209,85.579716,0.424811
6209,6210,85.593499,0.542044
6210,6211,85.607282,0.439113
6211,6212,85.621066,0.406840
6212,6213,85.634849,0.438731
6213,6214,85.648632,0.495765
6214,6215,85.662415,0.436232
6215,6216,85.676198,0.403668
6216,6217,85.689981,0.454200
6217,6218,85.703765,0.433029
6218,6219,85.717548,0.528408
6219,6220,85.731331,0.454967
6220,6221,85.745114,0.420814
6221,6222,85.758897,0.466998
6222,6223,85.772681,0.435538
6223,6224,85.786464,0.462989
6224,6225,85.800247,0.507465
6225,6226,85.814030,0.460339
6226,6227,85.827813,0.445834
6227,6228,85.841596,0.418511
6228,6229,85.855380,0.331854
6229,6230,85.869163,0.459782
6230,6231,85.882946,0.436956
6231,6232,85.896729,0.405030
6232,6233,85.910512,0.482788
6233,6234,85.924295,0.498916
6234,6235,85.938079,0.475498
6235,6236,85.951862,0.462812
6236,6237,85.965645,0.428255
6237,6238,85.979428,0.417657
6238,6239,85.993211,0.405350
6239,6240,86.006994,0.390706
6240,6241,86.020778,0.446444
6241,6242,86.034561,0.475591
6242,6243,86.048344,0.488183
6243,6244,86.062127,0.398168
6244,6245,86.075910,0.499407
6245,6246,86.089693,0.446788
6246,6247,86.103477,0.504141
6247,6248,86.117260,0.461904
6248,6249,86.131043,0.437023
6249,6250,86.144826,0.443237
6250,6251,86.158609,0.417294
6251,6252,86.172393,0.483562
6252,6253,86.186176,0.474269
6253,6254,86.199959,0.397017
6254,6255,86.213742,0.398753
6255,6256,86.227525,0.390267
6256,6257,86.241308,0.464716
6257,6258,86.255092,0.386540
6258,6259,86.268875,0.403071
6259,6260,86.282658,0.460374
6260,6261,86.296441,0.414876
6261,6262,86.310224,0.438895
6262,6263,86.324007,0.428150
6263,6264,86.337791,0.490091
6264,6265,86.351574,0.406635
6265,6266,86.365357,0.397616
6266,6267,86.379140,0.556367
6267,6268,86.392923,0.402347
6268,6269,86.406706,0.478209
6269,6270,86.420490,0.432727
6270,6271,86.434273,0.469381
6271,6272,86.448056,0.440912
6272,6273,86.461839,0.449740
6273,6274,86.475622,0.436612
6274,6275,86.489405,0.455951
6275,6276,86.503189,0.489325
6276,6277,86.516972,0.454761
6277,6278,86.530755,0.443136
6278,6279,86.544538,0.484260
6279,6280,86.558321,0.351519
6280,6281,86.572105,0.477985
6281,6282,86.585888,0.467194
6282,6283,86.599671,0.447692
6283,6284,86.613454,0.409153
6284,6285,86.627237,0.459273
6285,6286,86.641020,0.435090
6286,6287,86.654804,0.443740
6287,6288,86.668587,0.551308
6288,6289,86.682370,0.444604
6289,6290,86.696153,0.432447
6290,6291,86.709936,0.431382
6291,6292,86.723719,0.465920
6292,6293,86.737503,0.420073
6293,6294,86.751286,0.440730
6294,6295,86.765069,0.361576
6295,6296,86.778852,0.447227
6296,6297,86.792635,0.438199
6297,6298,86.806418,0.503889
6298,6299,86.820202,0.428901
6299,6300,86.833985,0.424761
6300,6301,86.847768,0.431723
6301,6302,86.861551,0.476201
6302,6303,86.875334,0.494471
6303,6304,86.889117,0.432148
6304,6305,86.902901,0.485563
6305,6306,86.916684,0.426342
6306,6307,86.930467,0.389559
6307,6308,86.944250,0.413323
6308,6309,86.958033,0.379456
6309,6310,86.971816,0.512216
6310,6311,86.985600,0.427763
6311,6312,86.999383,0.450616
6312,6313,87.013166,0.394820
6313,6314,87.026949,0.457297
6314,6315,87.040732,0.421887
6315,6316,87.054516,0.436169
6316,6317,87.068299,0.422071
6317,6318,87.082082,0.473187
6318,6319,87.095865,0.418925
6319,6320,87.109648,0.435184
6320,6321,87.123431,0.371089
6321,6322,87.137215,0.426944
6322,6323,87.150998,0.410184
6323,6324,87.164781,0.438924
6324,6325,87.178564,0.386686
6325,6326,87.192347,0.424341
6326,6327,87.206130,0.437063
6327,6328,87.219914,0.501875
6328,6329,87.233697,0.426755
6329,6330,87.247480,0.421675
6330,6331,87.261263,0.496782
6331,6332,87.275046,0.490548
6332,6333,87.288829,0.473270
6333,6334,87.302613,0.432403
6334,6335,87.316396,0.513597
6335,6336,87.330179,0.456118
6336,6337,87.343962,0.460772
6337,6338,87.357745,0.498324
6338,6339,87.371528,0.394096
6339,6340,87.385312,0.414860
6340,6341,87.399095,0.397251
6341,6342,87.412878,0.587477
6342,6343,87.426661,0.451720
6343,6344,87.440444,0.410127
6344,6345,87.454228,0.389322
6345,6346,87.468011,0.427704
6346,6347,87.481794,0.485369
6347,6348,87.495577,0.499694
6348,6349,87.509360,0.477790
6349,6350,87.523143,0.425022
6350,6351,87.536927,0.500450
6351,6352,87.550710,0.441653
6352,6353,87.564493,0.479476
6353,6354,87.578276,0.465824
6354,6355,87.592059,0.440218
6355,6356,87.605842,0.386644
6356,6357,87.619626,0.474416
6357,6358,87.633409,0.480074
6358,6359,87.647192,0.381676
6359,6360,87.660975,0.465271
6360,6361,87.674758,0.399223
6361,6362,87.688541,0.436761
6362,6363,87.702325,0.385027
6363,6364,87.716108,0.473641
6364,6365,87.729891,0.437970
6365,6366,87.743674,0.430099
6366,6367,87.757457,0.428619
6367,6368,87.771240,0.423584
6368,6369,87.785024,0.475623
6369,6370,87.798807,0.510037
6370,6371,87.812590,0.446639
6371,6372,87.826373,0.474541
6372,6373,87.840156,0.434387
6373,6374,87.853940,0.384819
6374,6375,87.867723,0.365365
6375,6376,87.881506,0.467901
6376,6377,87.895289,0.435388
6377,6378,87.909072,0.448203
6378,6379,87.922855,0.454905
6379,6380,87.936639,0.480866
6380,6381,87.950422,0.409682
6381,6382,87.964205,0.402885
6382,6383,87.977988,0.455326
6383,6384,87.991771,0.454336
6384,6385,88.005554,0.494144
6385,6386,88.019338,0.493541
6386,6387,88.033121,0.454909
6387,6388,88.046904,0.442241
6388,6389,88.060687,0.388179
6389,6390,88.074470,0.389778
6390,6391,88.088253,0.470831
6391,6392,88.102037,0.454853
6392,6393,88.115820,0.396988
6393,6394,88.129603,0.422923
6394,6395,88.143386,0.473193
6395,6396,88.157169,0.429250
6396,6397,88.170952,0.423313
6397,6398,88.184736,0.390449
6398,6399,88.198519,0.498142
6399,6400,88.212302,0.406983
6400,6401,88.226085,0.418281
6401,6402,88.239868,0.348328
6402,6403,88.253652,0.483667
6403,6404,88.267435,0.412963
6404,6405,88.281218,0.409363
6405,6406,88.295001,0.407890
6406,6407,88.308784,0.486021
6407,6408,88.322567,0.484754
6408,6409,88.336351,0.407595
6409,6410,88.350134,0.436241
6410,6411,88.363917,0.480050
6411,6412,88.377700,0.477802
6412,6413,88.391483,0.359696
6413,6414,88.405266,0.496809
6414,6415,88.419050,0.384570
6415,6416,88.432833,0.400016
6416,6417,88.446616,0.496847
6417,6418,88.460399,0.451113
6418,6419,88.474182,0.380008
6419,6420,88.487965,0.496742
6420,6421,88.501749,0.407814
6421,6422,88.515532,0.441881
6422,6423,88.529315,0.451173
6423,6424,88.543098,0.473674
6424,6425,88.556881,0.445412
6425,6426,88.570664,0.387606
6426,6427,88.584448,0.386839
6427,6428,88.598231,0.450074
6428,6429,88.612014,0.410728
6429,6430,88.625797,0.456610
6430,6431,88.639580,0.477127
6431,6432,88.653364,0.541178
6432,6433,88.667147,0.444324
6433,6434,88.680930,0.419573
6434,6435,88.694713,0.449167
6435,6436,88.708496,0.422814
6436,6437,88.722279,0.436053
6437,6438,88.736063,0.450714
6438,6439,88.749846,0.345989
6439,6440,88.763629,0.447319
6440,6441,88.777412,0.422451
6441,6442,88.791195,0.397841
6442,6443,88.804978,0.426488
6443,6444,88.818762,0.372735
6444,6445,88.832545,0.412112
6445,6446,88.846328,0.442817
6446,6447,88.860111,0.414630
6447,6448,88.873894,0.453637
6448,6449,88.887677,0.415429
6449,6450,88.901461,0.419488
6450,6451,88.915244,0.376471
6451,6452,88.929027,0.439259
6452,6453,88.942810,0.422282
6453,6454,88.956593,0.464155
6454,6455,88.970376,0.510761
6455,6456,88.984160,0.436512
6456,6457,88.997943,0.473021
6457,6458,89.011726,0.371587
6458,6459,89.025509,0.414781
6459,6460,89.039292,0.404072
6460,6461,89.053075,0.457905
6461,6462,89.066859,0.436592
6462,6463,89.080642,0.378115
6463,6464,89.094425,0.456594
6464,6465,89.108208,0.450262
6465,6466,89.121991,0.394331
6466,6467,89.135775,0.452556
6467,6468,89.149558,0.428569
6468,6469,89.163341,0.468932
6469,6470,89.177124,0.416278
6470,6471,89.190907,0.447288
6471,6472,89.204690,0.448296
6472,6473,89.218474,0.416364
6473,6474,89.232257,0.489674
6474,6475,89.246040,0.521710
6475,6476,89.259823,0.466257
6476,6477,89.273606,0.491467
6477,6478,89.287389,0.442097
6478,6479,89.301173,0.335101
6479,6480,89.314956,0.393406
6480,6481,89.328739,0.438660
6481,6482,89.342522,0.423774
6482,6483,89.356305,0.406874
6483,6484,89.370088,0.456242
6484,6485,89.383872,0.512621
6485,6486,89.397655,0.487565
6486,6487,89.411438,0.466471
6487,6488,89.425221,0.419391
6488,6489,89.439004,0.455292
6489,6490,89.452787,0.445948
6490,6491,89.466571,0.421454
6491,6492,89.480354,0.441361
6492,6493,89.494137,0.442573
6493,6494,89.507920,0.503785
6494,6495,89.521703,0.456663
6495,6496,89.535487,0.428580
6496,6497,89.549270,0.435997
6497,6498,89.563053,0.387533
6498,6499,89.576836,0.472536
6499,6500,89.590619,0.505076
6500,6501,89.604402,0.473495
6501,6502,89.618186,0.432249
6502,6503,89.631969,0.479591
6503,6504,89.645752,0.411355
6504,6505,89.659535,0.399082
6505,6506,89.673318,0.424846
6506,6507,89.687101,0.395330
6507,6508,89.700885,0.397522
6508,6509,89.714668,0.403693
6509,6510,89.728451,0.408931
6510,6511,89.742234,0.428409
6511,6512,89.756017,0.394334
6512,6513,89.769800,0.400336
6513,6514,89.783584,0.430262
6514,6515,89.797367,0.457456
6515,6516,89.811150,0.458584
6516,6517,89.824933,0.502574
6517,6518,89.838716,0.437336
6518,6519,89.852499,0.390539
6519,6520,89.866283,0.445440
6520,6521,89.880066,0.385862
6521,6522,89.893849,0.431067
6522,6523,89.907632,0.399469
6523,6524,89.921415,0.426615
6524,6525,89.935199,0.448349
6525,6526,89.948982,0.463327
6526,6527,89.962765,0.426408
6527,6528,89.976548,0.431442
6528,6529,89.990331,0.394867
6529,6530,90.004114,0.428119
6530,6531,90.017898,0.433593
6531,6532,90.031681,0.418321
6532,6533,90.045464,0.459744
6533,6534,90.059247,0.455248
6534,6535,90.073030,0.406358
6535,6536,90.086813,0.469180
6536,6537,90.100597,0.435379
6537,6538,90.114380,0.487571
6538,6539,90.128163,0.352361
6539,6540,90.141946,0.476430
6540,6541,90.155729,0.458850
6541,6542,90.169512,0.407854
6542,6543,90.183296,0.470698
6543,6544,90.197079,0.474048
6544,6545,90.210862,0.466243
6545,6546,90.224645,0.449442
6546,6547,90.238428,0.447611
6547,6548,90.252211,0.442007
6548,6549,90.265995,0.493832
6549,6550,90.279778,0.415503
6550,6551,90.293561,0.424403
6551,6552,90.307344,0.435123
6552,6553,90.321127,0.479152
6553,6554,90.334911,0.381042
6554,6555,90.348694,0.364611
6555,6556,90.362477,0.478877
6556,6557,90.376260,0.435580
6557,6558,90.390043,0.397875
6558,6559,90.403826,0.452510
6559,6560,90.417610,0.463756
6560,6561,90.431393,0.425117
6561,6562,90.445176,0.441285
6562,6563,90.458959,0.409128
6563,6564,90.472742,0.407102
6564,6565,90.486525,0.365755
6565,6566,90.500309,0.387427
6566,6567,90.514092,0.393325
6567,6568,90.527875,0.452413
6568,6569,90.541658,0.465055
6569,6570,90.555441,0.480368
6570,6571,90.569224,0.442072
6571,6572,90.583008,0.427367
6572,6573,90.596791,0.445528
6573,6574,90.610574,0.466852
6574,6575,90.624357,0.432433
6575,6576,90.638140,0.471271
6576,6577,90.651923,0.416360
6577,6578,90.665707,0.413101
6578,6579,90.679490,0.438297
6579,6580,90.693273,0.442359
6580,6581,90.707056,0.378206
6581,6582,90.720839,0.400591
6582,6583,90.734623,0.461697
6583,6584,90.748406,0.425140
6584,6585,90.762189,0.461964
6585,6586,90.775972,0.404697
6586,6587,90.789755,0.462906
6587,6588,90.803538,0.425222
6588,6589,90.817322,0.477197
6589,6590,90.831105,0.421641
6590,6591,90.844888,0.446148
6591,6592,90.858671,0.449504
6592,6593,90.872454,0.376376
6593,6594,90.886237,0.507535
6594,6595,90.900021,0.498177
6595,6596,90.913804,0.510673
6596,6597,90.927587,0.399380
6597,6598,90.941370,0.415211
6598,6599,90.955153,0.424899
6599,6600,90.968936,0.418565
6600,6601,90.982720,0.439699
6601,6602,90.996503,0.471433
6602,6603,91.010286,0.432107
6603,6604,91.024069,0.484921
6604,6605,91.037852,0.445037
6605,6606,91.051635,0.509122
6606,6607,91.065419,0.497729
6607,6608,91.079202,0.398622
6608,6609,91.092985,0.504209
6609,6610,91.106768,0.415198
6610,6611,91.120551,0.432706
6611,6612,91.134334,0.394461
6612,6613,91.148118,0.464832
6613,6614,91.161901,0.364168
6614,6615,91.175684,0.443357
6615,6616,91.189467,0.393009
6616,6617,91.203250,0.466430
6617,6618,91.217034,0.347357
6618,6619,91.230817,0.458831
6619,6620,91.244600,0.450486
6620,6621,91.258383,0.390760
6621,6622,91.272166,0.479449
6622,6623,91.285949,0.391778
6623,6624,91.299733,0.391634
6624,6625,91.313516,0.460629
6625,6626,91.327299,0.499205
6626,6627,91.341082,0.456881
6627,6628,91.354865,0.384408
6628,6629,91.368648,0.444185
6629,6630,91.382432,0.452866
6630,6631,91.396215,0.493731
6631,6632,91.409998,0.453909
6632,6633,91.423781,0.499518
6633,6634,91.437564,0.364646
6634,6635,91.451347,0.456210
6635,6636,91.465131,0.452445
6636,6637,91.478914,0.423652
6637,6638,91.492697,0.375444
6638,6639,91.506480,0.421271
6639,6640,91.520263,0.480371
6640,6641,91.534046,0.456797
6641,6642,91.547830,0.463465
6642,6643,91.561613,0.316938
6643,6644,91.575396,0.393796
6644,6645,91.589179,0.461867
6645,6646,91.602962,0.445119
6646,6647,91.616746,0.358538
6647,6648,91.630529,0.373229
6648,6649,91.644312,0.430691
6649,6650,91.658095,0.416848
6650,6651,91.671878,0.364625
6651,6652,91.685661,0.415813
6652,6653,91.699445,0.466860
6653,6654,91.713228,0.344924
6654,6655,91.727011,0.411367
6655,6656,91.740794,0.471217
6656,6657,91.754577,0.454442
6657,6658,91.768360,0.394225
6658,6659,91.782144,0.426578
6659,6660,91.795927,0.378456
6660,6661,91.809710,0.410208
6661,6662,91.823493,0.394075
6662,6663,91.837276,0.398069
6663,6664,91.851059,0.436044
6664,6665,91.864843,0.380118
6665,6666,91.878626,0.415149
6666,6667,91.892409,0.396932
6667,6668,91.906192,0.471710
6668,6669,91.919975,0.434492
6669,6670,91.933758,0.458632
6670,6671,91.947542,0.485591
6671,6672,91.961325,0.471511
6672,6673,91.975108,0.473939
6673,6674,91.988891,0.480818
6674,6675,92.002674,0.429807
6675,6676,92.016458,0.462469
6676,6677,92.030241,0.395061
6677,6678,92.044024,0.338984
6678,6679,92.057807,0.478546
6679,6680,92.071590,0.439662
6680,6681,92.085373,0.472377
6681,6682,92.099157,0.527740
6682,6683,92.112940,0.413504
6683,6684,92.126723,0.440534
6684,6685,92.140506,0.470943
6685,6686,92.154289,0.379317
6686,6687,92.168072,0.378643
6687,6688,92.181856,0.342580
6688,6689,92.195639,0.509830
6689,6690,92.209422,0.436868
6690,6691,92.223205,0.425060
6691,6692,92.236988,0.432215
6692,6693,92.250771,0.461717
6693,6694,92.264555,0.381903
6694,6695,92.278338,0.393364
6695,6696,92.292121,0.420385
6696,6697,92.305904,0.452600
6697,6698,92.319687,0.480334
6698,6699,92.333470,0.484758
6699,6700,92.347254,0.422073
6700,6701,92.361037,0.454212
6701,6702,92.374820,0.353150
6702,6703,92.388603,0.360422
6703,6704,92.402386,0.535833
6704,6705,92.416170,0.404802
6705,6706,92.429953,0.426912
6706,6707,92.443736,0.464197
6707,6708,92.457519,0.355254
6708,6709,92.471302,0.392208
6709,6710,92.485085,0.589473
6710,6711,92.498869,0.401744
6711,6712,92.512652,0.426665
6712,6713,92.526435,0.479242
6713,6714,92.540218,0.410836
6714,6715,92.554001,0.419045
6715,6716,92.567784,0.520426
6716,6717,92.581568,0.486980
6717,6718,92.595351,0.425542
6718,6719,92.609134,0.432660
6719,6720,92.622917,0.400063
6720,6721,92.636700,0.479127
6721,6722,92.650483,0.473041
6722,6723,92.664267,0.355194
6723,6724,92.678050,0.444281
6724,6725,92.691833,0.459652
6725,6726,92.705616,0.416584
6726,6727,92.719399,0.346384
6727,6728,92.733182,0.447357
6728,6729,92.746966,0.430275
6729,6730,92.760749,0.513923
6730,6731,92.774532,0.408530
6731,6732,92.788315,0.407191
6732,6733,92.802098,0.462915
6733,6734,92.815882,0.446048
6734,6735,92.829665,0.495925
6735,6736,92.843448,0.398942
6736,6737,92.857231,0.428240
6737,6738,92.871014,0.455653
6738,6739,92.884797,0.466789
6739,6740,92.898581,0.396607
6740,6741,92.912364,0.387245
6741,6742,92.926147,0.448430
6742,6743,92.939930,0.435596
6743,6744,92.953713,0.415202
6744,6745,92.967496,0.337600
6745,6746,92.981280,0.430698
6746,6747,92.995063,0.411734
6747,6748,93.008846,0.445805
6748,6749,93.022629,0.377126
6749,6750,93.036412,0.426628
6750,6751,93.050195,0.369213
6751,6752,93.063979,0.395490
6752,6753,93.077762,0.457543
6753,6754,93.091545,0.442662
6754,6755,93.105328,0.418048
6755,6756,93.119111,0.453719
6756,6757,93.132894,0.409589
6757,6758,93.146678,0.470338
6758,6759,93.160461,0.461763
6759,6760,93.174244,0.465220
6760,6761,93.188027,0.417790
6761,6762,93.201810,0.389924
6762,6763,93.215593,0.406155
6763,6764,93.229377,0.450473
6764,6765,93.243160,0.445478
6765,6766,93.256943,0.456808
6766,6767,93.270726,0.460991
6767,6768,93.284509,0.505132
6768,6769,93.298293,0.385890
6769,6770,93.312076,0.491558
6770,6771,93.325859,0.550498
6771,6772,93.339642,0.375554
6772,6773,93.353425,0.476108
6773,6774,93.367208,0.386601
6774,6775,93.380992,0.440754
6775,6776,93.394775,0.439998
6776,6777,93.408558,0.416786
6777,6778,93.422341,0.422247
6778,6779,93.436124,0.352913
6779,6780,93.449907,0.402931
6780,6781,93.463691,0.458216
6781,6782,93.477474,0.411606
6782,6783,93.491257,0.438486
6783,6784,93.505040,0.392731
6784,6785,93.518823,0.416653
6785,6786,93.532606,0.392328
6786,6787,93.546390,0.454616
6787,6788,93.560173,0.481509
6788,6789,93.573956,0.433509
6789,6790,93.587739,0.379610
6790,6791,93.601522,0.438730
6791,6792,93.615305,0.386101
6792,6793,93.629089,0.400763
6793,6794,93.642872,0.428027
6794,6795,93.656655,0.475536
6795,6796,93.670438,0.453022
6796,6797,93.684221,0.439127
6797,6798,93.698005,0.490204
6798,6799,93.711788,0.431750
6799,6800,93.725571,0.407390
6800,6801,93.739354,0.409778
6801,6802,93.753137,0.425424
6802,6803,93.766920,0.423800
6803,6804,93.780704,0.442204
6804,6805,93.794487,0.454031
6805,6806,93.808270,0.467472
6806,6807,93.822053,0.370825
6807,6808,93.835836,0.454034
6808,6809,93.849619,0.441065
6809,6810,93.863403,0.452758
6810,6811,93.877186,0.456151
6811,6812,93.890969,0.381969
6812,6813,93.904752,0.383322
6813,6814,93.918535,0.489118
6814,6815,93.932318,0.402907
6815,6816,93.946102,0.417550
6816,6817,93.959885,0.348886
6817,6818,93.973668,0.417609
6818,6819,93.987451,0.408085
6819,6820,94.001234,0.393481
6820,6821,94.015017,0.391917
6821,6822,94.028801,0.502157
6822,6823,94.042584,0.362114
6823,6824,94.056367,0.448943
6824,6825,94.070150,0.467905
6825,6826,94.083933,0.454952
6826,6827,94.097717,0.503602
6827,6828,94.111500,0.464063
6828,6829,94.125283,0.411364
6829,6830,94.139066,0.455609
6830,6831,94.152849,0.460954
6831,6832,94.166632,0.446996
6832,6833,94.180416,0.406882
6833,6834,94.194199,0.437148
6834,6835,94.207982,0.445847
6835,6836,94.221765,0.376468
6836,6837,94.235548,0.427694
6837,6838,94.249331,0.490261
6838,6839,94.263115,0.522577
6839,6840,94.276898,0.462170
6840,6841,94.290681,0.447205
6841,6842,94.304464,0.446291
6842,6843,94.318247,0.491927
6843,6844,94.332030,0.490980
6844,6845,94.345814,0.415023
6845,6846,94.359597,0.517157
6846,6847,94.373380,0.450958
6847,6848,94.387163,0.450585
6848,6849,94.400946,0.450743
6849,6850,94.414729,0.512288
6850,6851,94.428513,0.489192
6851,6852,94.442296,0.475263
6852,6853,94.456079,0.457221
6853,6854,94.469862,0.410160
6854,6855,94.483645,0.419270
6855,6856,94.497429,0.482861
6856,6857,94.511212,0.402174
6857,6858,94.524995,0.394945
6858,6859,94.538778,0.465228
6859,6860,94.552561,0.439813
6860,6861,94.566344,0.422760
6861,6862,94.580128,0.464420
6862,6863,94.593911,0.421282
6863,6864,94.607694,0.403678
6864,6865,94.621477,0.431568
6865,6866,94.635260,0.364308
6866,6867,94.649043,0.383284
6867,6868,94.662827,0.427571
6868,6869,94.676610,0.387919
6869,6870,94.690393,0.425699
6870,6871,94.704176,0.404553
6871,6872,94.717959,0.457096
6872,6873,94.731742,0.432389
6873,6874,94.745526,0.459503
6874,6875,94.759309,0.422006
6875,6876,94.773092,0.459595
6876,6877,94.786875,0.423342
6877,6878,94.800658,0.452001
6878,6879,94.814441,0.446052
6879,6880,94.828225,0.403258
6880,6881,94.842008,0.420817
6881,6882,94.855791,0.486796
6882,6883,94.869574,0.462935
6883,6884,94.883357,0.500539
6884,6885,94.897141,0.442386
6885,6886,94.910924,0.427227
6886,6887,94.924707,0.451302
6887,6888,94.938490,0.360340
6888,6889,94.952273,0.450208
6889,6890,94.966056,0.424360
6890,6891,94.979840,0.400933
6891,6892,94.993623,0.471950
6892,6893,95.007406,0.426455
6893,6894,95.021189,0.479616
6894,6895,95.034972,0.397617
6895,6896,95.048755,0.383529
6896,6897,95.062539,0.457058
6897,6898,95.076322,0.426329
6898,6899,95.090105,0.512768
6899,6900,95.103888,0.369006
6900,6901,95.117671,0.426114
6901,6902,95.131454,0.448653
6902,6903,95.145238,0.422153
6903,6904,95.159021,0.438248
6904,6905,95.172804,0.383298
6905,6906,95.186587,0.522431
6906,6907,95.200370,0.402237
6907,6908,95.214153,0.388920
6908,6909,95.227937,0.479503
6909,6910,95.241720,0.404213
6910,6911,95.255503,0.434040
6911,6912,95.269286,0.392075
6912,6913,95.283069,0.407137
6913,6914,95.296852,0.427233
6914,6915,95.310636,0.400496
6915,6916,95.324419,0.497324
6916,6917,95.338202,0.488834
6917,6918,95.351985,0.479906
6918,6919,95.365768,0.423047
6919,6920,95.379552,0.448286
6920,6921,95.393335,0.470980
6921,6922,95.407118,0.429819
6922,6923,95.420901,0.401541
6923,6924,95.434684,0.366418
6924,6925,95.448467,0.401010
6925,6926,95.462251,0.464118
6926,6927,95.476034,0.454244
6927,6928,95.489817,0.435037
6928,6929,95.503600,0.445397
6929,6930,95.517383,0.396366
6930,6931,95.531166,0.477539
6931,6932,95.544950,0.467308
6932,6933,95.558733,0.374897
6933,6934,95.572516,0.488345
6934,6935,95.586299,0.432531
6935,6936,95.600082,0.449102
6936,6937,95.613865,0.443221
6937,6938,95.627649,0.424104
6938,6939,95.641432,0.375097
6939,6940,95.655215,0.419456
6940,6941,95.668998,0.416871
6941,6942,95.682781,0.418374
6942,6943,95.696564,0.540311
6943,6944,95.710348,0.380963
6944,6945,95.724131,0.379750
6945,6946,95.737914,0.469535
6946,6947,95.751697,0.461301
6947,6948,95.765480,0.470673
6948,6949,95.779264,0.447567
6949,6950,95.793047,0.391543
6950,6951,95.806830,0.442127
6951,6952,95.820613,0.497473
6952,6953,95.834396,0.387521
6953,6954,95.848179,0.382810
6954,6955,95.861963,0.412917
6955,6956,95.875746,0.482006
6956,6957,95.889529,0.473294
6957,6958,95.903312,0.414980
6958,6959,95.917095,0.422234
6959,6960,95.930878,0.420808
6960,6961,95.944662,0.448812
6961,6962,95.958445,0.390987
6962,6963,95.972228,0.411994
6963,6964,95.986011,0.441624
6964,6965,95.999794,0.498057
6965,6966,96.013577,0.426401
6966,6967,96.027361,0.434770
6967,6968,96.041144,0.449575
6968,6969,96.054927,0.436402
6969,6970,96.068710,0.322964
6970,6971,96.082493,0.485760
6971,6972,96.096276,0.436618
6972,6973,96.110060,0.426450
6973,6974,96.123843,0.510970
6974,6975,96.137626,0.384362
6975,6976,96.151409,0.461214
6976,6977,96.165192,0.416063
6977,6978,96.178976,0.491993
6978,6979,96.192759,0.415925
6979,6980,96.206542,0.433430
6980,6981,96.220325,0.396498
6981,6982,96.234108,0.473078
6982,6983,96.247891,0.462165
6983,6984,96.261675,0.385006
6984,6985,96.275458,0.351404
6985,6986,96.289241,0.357081
6986,6987,96.303024,0.473529
6987,6988,96.316807,0.456861
6988,6989,96.330590,0.458458
6989,6990,96.344374,0.431418
6990,6991,96.358157,0.363843
6991,6992,96.371940,0.495043
6992,6993,96.385723,0.489049
6993,6994,96.399506,0.477953
6994,6995,96.413289,0.581656
6995,6996,96.427073,0.466176
6996,6997,96.440856,0.447354
6997,6998,96.454639,0.402008
6998,6999,96.468422,0.443856
6999,7000,96.482205,0.441106
7000,7001,96.495988,0.384716
7001,7002,96.509772,0.471037
7002,7003,96.523555,0.478472
7003,7004,96.537338,0.476060
7004,7005,96.551121,0.482032
7005,7006,96.564904,0.418607
7006,7007,96.578688,0.426170
7007,7008,96.592471,0.444656
7008,7009,96.606254,0.538587
7009,7010,96.620037,0.404595
7010,7011,96.633820,0.376585
7011,7012,96.647603,0.408480
7012,7013,96.661387,0.477775
7013,7014,96.675170,0.481211
7014,7015,96.688953,0.412843
7015,7016,96.702736,0.415637
7016,7017,96.716519,0.413660
7017,7018,96.730302,0.545097
7018,7019,96.744086,0.491911
7019,7020,96.757869,0.421713
7020,7021,96.771652,0.449487
7021,7022,96.785435,0.441700
7022,7023,96.799218,0.464972
7023,7024,96.813001,0.528872
7024,7025,96.826785,0.405899
7025,7026,96.840568,0.384339
7026,7027,96.854351,0.486419
7027,7028,96.868134,0.463295
7028,7029,96.881917,0.462109
7029,7030,96.895700,0.433571
7030,7031,96.909484,0.450756
7031,7032,96.923267,0.385105
7032,7033,96.937050,0.418389
7033,7034,96.950833,0.417140
7034,7035,96.964616,0.481855
7035,7036,96.978400,0.387613
7036,7037,96.992183,0.386037
7037,7038,97.005966,0.517989
7038,7039,97.019749,0.481840
7039,7040,97.033532,0.451315
7040,7041,97.047315,0.486581
7041,7042,97.061099,0.477389
7042,7043,97.074882,0.468947
7043,7044,97.088665,0.456591
7044,7045,97.102448,0.414753
7045,7046,97.116231,0.488585
7046,7047,97.130014,0.393930
7047,7048,97.143798,0.420620
7048,7049,97.157581,0.426657
7049,7050,97.171364,0.453293
7050,7051,97.185147,0.383973
7051,7052,97.198930,0.430774
7052,7053,97.212713,0.423695
7053,7054,97.226497,0.412119
7054,7055,97.240280,0.437026
7055,7056,97.254063,0.452076
7056,7057,97.267846,0.507668
7057,7058,97.281629,0.497000
7058,7059,97.295412,0.536053
7059,7060,97.309196,0.416149
7060,7061,97.322979,0.483864
7061,7062,97.336762,0.455304
7062,7063,97.350545,0.452678
7063,7064,97.364328,0.408541
7064,7065,97.378111,0.473348
7065,7066,97.391895,0.485384
7066,7067,97.405678,0.417296
7067,7068,97.419461,0.446630
7068,7069,97.433244,0.394205
7069,7070,97.447027,0.470170
7070,7071,97.460811,0.492623
7071,7072,97.474594,0.413070
7072,7073,97.488377,0.483384
7073,7074,97.502160,0.514003
7074,7075,97.515943,0.388427
7075,7076,97.529726,0.454174
7076,7077,97.543510,0.453445
7077,7078,97.557293,0.416259
7078,7079,97.571076,0.487173
7079,7080,97.584859,0.393626
7080,7081,97.598642,0.518199
7081,7082,97.612425,0.526186
7082,7083,97.626209,0.443152
7083,7084,97.639992,0.481679
7084,7085,97.653775,0.444852
7085,7086,97.667558,0.457425
7086,7087,97.681341,0.439346
7087,7088,97.695124,0.527789
7088,7089,97.708908,0.511699
7089,7090,97.722691,0.449121
7090,7091,97.736474,0.392549
7091,7092,97.750257,0.445168
7092,7093,97.764040,0.504501
7093,7094,97.777823,0.397341
7094,7095,97.791607,0.476414
7095,7096,97.805390,0.399619
7096,7097,97.819173,0.445648
7097,7098,97.832956,0.433280
7098,7099,97.846739,0.393985
7099,7100,97.860523,0.507333
7100,7101,97.874306,0.411335
7101,7102,97.888089,0.420070
7102,7103,97.901872,0.488123
7103,7104,97.915655,0.370225
7104,7105,97.929438,0.371659
7105,7106,97.943222,0.381436
7106,7107,97.957005,0.505659
7107,7108,97.970788,0.453583
7108,7109,97.984571,0.396548
7109,7110,97.998354,0.505207
7110,7111,98.012137,0.461344
7111,7112,98.025921,0.506520
7112,7113,98.039704,0.426401
7113,7114,98.053487,0.510866
7114,7115,98.067270,0.435899
7115,7116,98.081053,0.417808
7116,7117,98.094836,0.379640
7117,7118,98.108620,0.456508
7118,7119,98.122403,0.421204
7119,7120,98.136186,0.423376
7120,7121,98.149969,0.364173
7121,7122,98.163752,0.349153
7122,7123,98.177535,0.455374
7123,7124,98.191319,0.378324
7124,7125,98.205102,0.459600
7125,7126,98.218885,0.424343
7126,7127,98.232668,0.443521
7127,7128,98.246451,0.475853
7128,7129,98.260235,0.496406
7129,7130,98.274018,0.402697
7130,7131,98.287801,0.472857
7131,7132,98.301584,0.477290
7132,7133,98.315367,0.474966
7133,7134,98.329150,0.380207
7134,7135,98.342934,0.444360
7135,7136,98.356717,0.459171
7136,7137,98.370500,0.430130
7137,7138,98.384283,0.405935
7138,7139,98.398066,0.370471
7139,7140,98.411849,0.426238
7140,7141,98.425633,0.458606
7141,7142,98.439416,0.408405
7142,7143,98.453199,0.409146
7143,7144,98.466982,0.421539
7144,7145,98.480765,0.351119
7145,7146,98.494548,0.424308
7146,7147,98.508332,0.469007
7147,7148,98.522115,0.449013
7148,7149,98.535898,0.432235
7149,7150,98.549681,0.343054
7150,7151,98.563464,0.429808
7151,7152,98.577247,0.405828
7152,7153,98.591031,0.410148
7153,7154,98.604814,0.446785
7154,7155,98.618597,0.401561
7155,7156,98.632380,0.397976
7156,7157,98.646163,0.483827
7157,7158,98.659947,0.465405
7158,7159,98.673730,0.414156
7159,7160,98.687513,0.429533
7160,7161,98.701296,0.406277
7161,7162,98.715079,0.421532
7162,7163,98.728862,0.451292
7163,7164,98.742646,0.423163
7164,7165,98.756429,0.414386
7165,7166,98.770212,0.437711
7166,7167,98.783995,0.345438
7167,7168,98.797778,0.359350
7168,7169,98.811561,0.460646
7169,7170,98.825345,0.373142
7170,7171,98.839128,0.447848
7171,7172,98.852911,0.410918
7172,7173,98.866694,0.377783
7173,7174,98.880477,0.458327
7174,7175,98.894260,0.411779
7175,7176,98.908044,0.441728
7176,7177,98.921827,0.364681
7177,7178,98.935610,0.486820
7178,7179,98.949393,0.404520
7179,7180,98.963176,0.446063
7180,7181,98.976959,0.430068
7181,7182,98.990743,0.429755
7182,7183,99.004526,0.413434
7183,7184,99.018309,0.385160
7184,7185,99.032092,0.463537
7185,7186,99.045875,0.525932
7186,7187,99.059659,0.391452
7187,7188,99.073442,0.398455
7188,7189,99.087225,0.415290
7189,7190,99.101008,0.502245
7190,7191,99.114791,0.389517
7191,7192,99.128574,0.391846
7192,7193,99.142358,0.501440
7193,7194,99.156141,0.466529
7194,7195,99.169924,0.379866
7195,7196,99.183707,0.506873
7196,7197,99.197490,0.430267
7197,7198,99.211273,0.486734
7198,7199,99.225057,0.429921
7199,7200,99.238840,0.444934
7200,7201,99.252623,0.449078
7201,7202,99.266406,0.437377
7202,7203,99.280189,0.437660
7203,7204,99.293972,0.473248
7204,7205,99.307756,0.383010
7205,7206,99.321539,0.413302
7206,7207,99.335322,0.442453
7207,7208,99.349105,0.469446
7208,7209,99.362888,0.493383
7209,7210,99.376671,0.426997
7210,7211,99.390455,0.435826
7211,7212,99.404238,0.458552
7212,7213,99.418021,0.447452
7213,7214,99.431804,0.512733
7214,7215,99.445587,0.375823
7215,7216,99.459370,0.401505
7216,7217,99.473154,0.456647
7217,7218,99.486937,0.407602
7218,7219,99.500720,0.460885
7219,7220,99.514503,0.416632
7220,7221,99.528286,0.435547
7221,7222,99.542070,0.432439
7222,7223,99.555853,0.442375
7223,7224,99.569636,0.391245
7224,7225,99.583419,0.402141
7225,7226,99.597202,0.494821
7226,7227,99.610985,0.378225
7227,7228,99.624769,0.451534
7228,7229,99.638552,0.386691
7229,7230,99.652335,0.469046
7230,7231,99.666118,0.399531
7231,7232,99.679901,0.433697
7232,7233,99.693684,0.363846
7233,7234,99.707468,0.383908
7234,7235,99.721251,0.482199
7235,7236,99.735034,0.404242
7236,7237,99.748817,0.428491
7237,7238,99.762600,0.368702
7238,7239,99.776383,0.484829
7239,7240,99.790167,0.438232
7240,7241,99.803950,0.518978
7241,7242,99.817733,0.452087
7242,7243,99.831516,0.458030
7243,7244,99.845299,0.320148
7244,7245,99.859082,0.444623
7245,7246,99.872866,0.411596
7246,7247,99.886649,0.460340
7247,7248,99.900432,0.459741
7248,7249,99.914215,0.443324
7249,7250,99.927998,0.447562
7250,7251,99.941782,0.404250
7251,7252,99.955565,0.371520
7252,7253,99.969348,0.398075
7253,7254,99.983131,0.450788
7254,7255,99.996914,0.500197
7255,7256,100.010697,0.441800
7256,7257,100.024481,0.454998
7257,7258,100.038264,0.440228
7258,7259,100.052047,0.381311
7259,7260,100.065830,0.369377
7260,7261,100.079613,0.422749
7261,7262,100.093396,0.464828
7262,7263,100.107180,0.441399
7263,7264,100.120963,0.460163
7264,7265,100.134746,0.429613
7265,7266,100.148529,0.384823
7266,7267,100.162312,0.435386
7267,7268,100.176095,0.454269
7268,7269,100.189879,0.364086
7269,7270,100.203662,0.391571
7270,7271,100.217445,0.455254
7271,7272,100.231228,0.426149
7272,7273,100.245011,0.431945
7273,7274,100.258794,0.370329
7274,7275,100.272578,0.464972
7275,7276,100.286361,0.434870
7276,7277,100.300144,0.368740
7277,7278,100.313927,0.430720
7278,7279,100.327710,0.447589
7279,7280,100.341494,0.466803
7280,7281,100.355277,0.405225
7281,7282,100.369060,0.463505
7282,7283,100.382843,0.479220
7283,7284,100.396626,0.438897
7284,7285,100.410409,0.473362
7285,7286,100.424193,0.450109
7286,7287,100.437976,0.506111
7287,7288,100.451759,0.401273
7288,7289,100.465542,0.455788
7289,7290,100.479325,0.413740
7290,7291,100.493108,0.423620
7291,7292,100.506892,0.502786
7292,7293,100.520675,0.385668
7293,7294,100.534458,0.441844
7294,7295,100.548241,0.463904
7295,7296,100.562024,0.411630
7296,7297,100.575807,0.418180
7297,7298,100.589591,0.392499
7298,7299,100.603374,0.564186
7299,7300,100.617157,0.456334
7300,7301,100.630940,0.410297
7301,7302,100.644723,0.379025
7302,7303,100.658506,0.456914
7303,7304,100.672290,0.498597
7304,7305,100.686073,0.483743
7305,7306,100.699856,0.449568
7306,7307,100.713639,0.454839
7307,7308,100.727422,0.512904
7308,7309,100.741206,0.438632
7309,7310,100.754989,0.545333
7310,7311,100.768772,0.415534
7311,7312,100.782555,0.495358
7312,7313,100.796338,0.483504
7313,7314,100.810121,0.506310
7314,7315,100.823905,0.498454
7315,7316,100.837688,0.479167
7316,7317,100.851471,0.428280
7317,7318,100.865254,0.445180
7318,7319,100.879037,0.432727
7319,7320,100.892820,0.463585
7320,7321,100.906604,0.409702
7321,7322,100.920387,0.492129
7322,7323,100.934170,0.471362
7323,7324,100.947953,0.455030
7324,7325,100.961736,0.448991
7325,7326,100.975519,0.437766
7326,7327,100.989303,0.410792
7327,7328,101.003086,0.475658
7328,7329,101.016869,0.402691
7329,7330,101.030652,0.417330
7330,7331,101.044435,0.351921
7331,7332,101.058218,0.395504
7332,7333,101.072002,0.471836
7333,7334,101.085785,0.399764
7334,7335,101.099568,0.461157
7335,7336,101.113351,0.440903
7336,7337,101.127134,0.467807
7337,7338,101.140918,0.433779
7338,7339,101.154701,0.515907
7339,7340,101.168484,0.417105
7340,7341,101.182267,0.442369
7341,7342,101.196050,0.429559
7342,7343,101.209833,0.431306
7343,7344,101.223617,0.471398
7344,7345,101.237400,0.409490
7345,7346,101.251183,0.469900
7346,7347,101.264966,0.368973
7347,7348,101.278749,0.445114
7348,7349,101.292532,0.452710
7349,7350,101.306316,0.395714
7350,7351,101.320099,0.424173
7351,7352,101.333882,0.350604
7352,7353,101.347665,0.488562
7353,7354,101.361448,0.422493
7354,7355,101.375231,0.407604
7355,7356,101.389015,0.462551
7356,7357,101.402798,0.420323
7357,7358,101.416581,0.438672
7358,7359,101.430364,0.442942
7359,7360,101.444147,0.436706
7360,7361,101.457930,0.415355
7361,7362,101.471714,0.450769
7362,7363,101.485497,0.402430
7363,7364,101.499280,0.414464
7364,7365,101.513063,0.476193
7365,7366,101.526846,0.475329
7366,7367,101.540630,0.461379
7367,7368,101.554413,0.336216
7368,7369,101.568196,0.417933
7369,7370,101.581979,0.488193
7370,7371,101.595762,0.455686
7371,7372,101.609545,0.440945
7372,7373,101.623329,0.403776
7373,7374,101.637112,0.438256
7374,7375,101.650895,0.464640
7375,7376,101.664678,0.382067
7376,7377,101.678461,0.399764
7377,7378,101.692244,0.486742
7378,7379,101.706028,0.431774
7379,7380,101.719811,0.463419
7380,7381,101.733594,0.461852
7381,7382,101.747377,0.392766
7382,7383,101.761160,0.395511
7383,7384,101.774943,0.443307
7384,7385,101.788727,0.420740
7385,7386,101.802510,0.426700
7386,7387,101.816293,0.434177
7387,7388,101.830076,0.398415
7388,7389,101.843859,0.478303
7389,7390,101.857642,0.468179
7390,7391,101.871426,0.456243
7391,7392,101.885209,0.413287
7392,7393,101.898992,0.448428
7393,7394,101.912775,0.470055
7394,7395,101.926558,0.440332
7395,7396,101.940341,0.438812
7396,7397,101.954125,0.420871
7397,7398,101.967908,0.495365
7398,7399,101.981691,0.411257
7399,7400,101.995474,0.384821
7400,7401,102.009257,0.404403
7401,7402,102.023041,0.444322
7402,7403,102.036824,0.366809
7403,7404,102.050607,0.432682
7404,7405,102.064390,0.456588
7405,7406,102.078173,0.410347
7406,7407,102.091956,0.488464
7407,7408,102.105740,0.390372
7408,7409,102.119523,0.449415
7409,7410,102.133306,0.449785
7410,7411,102.147089,0.446043
7411,7412,102.160872,0.431039
7412,7413,102.174655,0.468070
7413,7414,102.188439,0.494240
7414,7415,102.202222,0.423346
7415,7416,102.216005,0.449895
7416,7417,102.229788,0.433325
7417,7418,102.243571,0.372921
7418,7419,102.257354,0.430212
7419,7420,102.271138,0.415744
7420,7421,102.284921,0.394989
7421,7422,102.298704,0.482217
7422,7423,102.312487,0.390540
7423,7424,102.326270,0.460176
7424,7425,102.340053,0.436277
7425,7426,102.353837,0.427791
7426,7427,102.367620,0.353892
7427,7428,102.381403,0.476081
7428,7429,102.395186,0.437147
7429,7430,102.408969,0.444886
7430,7431,102.422753,0.449341
7431,7432,102.436536,0.412332
7432,7433,102.450319,0.449338
7433,7434,102.464102,0.419129
7434,7435,102.477885,0.464577
7435,7436,102.491668,0.453688
7436,7437,102.505452,0.430356
7437,7438,102.519235,0.410871
7438,7439,102.533018,0.421467
7439,7440,102.546801,0.470066
7440,7441,102.560584,0.454530
7441,7442,102.574367,0.458725
7442,7443,102.588151,0.564682
7443,7444,102.601934,0.428239
7444,7445,102.615717,0.483505
7445,7446,102.629500,0.468788
7446,7447,102.643283,0.459789
7447,7448,102.657066,0.405917
7448,7449,102.670850,0.434458
7449,7450,102.684633,0.414542
7450,7451,102.698416,0.482003
7451,7452,102.712199,0.457598
7452,7453,102.725982,0.403339
7453,7454,102.739765,0.481446
7454,7455,102.753549,0.361146
7455,7456,102.767332,0.476304
7456,7457,102.781115,0.446858
7457,7458,102.794898,0.400532
7458,7459,102.808681,0.495977
7459,7460,102.822465,0.422859
7460,7461,102.836248,0.467528
7461,7462,102.850031,0.451449
7462,7463,102.863814,0.384394
7463,7464,102.877597,0.431333
7464,7465,102.891380,0.346235
7465,7466,102.905164,0.486287
7466,7467,102.918947,0.446613
7467,7468,102.932730,0.430194
7468,7469,102.946513,0.429629
7469,7470,102.960296,0.462065
7470,7471,102.974079,0.438047
7471,7472,102.987863,0.360232
7472,7473,103.001646,0.449110
7473,7474,103.015429,0.438342
7474,7475,103.029212,0.414443
7475,7476,103.042995,0.453930
7476,7477,103.056778,0.398852
7477,7478,103.070562,0.414105
7478,7479,103.084345,0.459739
7479,7480,103.098128,0.412164
7480,7481,103.111911,0.441837
7481,7482,103.125694,0.428465
7482,7483,103.139477,0.389211
7483,7484,103.153261,0.402972
7484,7485,103.167044,0.454953
7485,7486,103.180827,0.414151
7486,7487,103.194610,0.452131
7487,7488,103.208393,0.440792
7488,7489,103.222177,0.386844
7489,7490,103.235960,0.404822
7490,7491,103.249743,0.500161
7491,7492,103.263526,0.479885
7492,7493,103.277309,0.446163
7493,7494,103.291092,0.426777
7494,7495,103.304876,0.453249
7495,7496,103.318659,0.444914
7496,7497,103.332442,0.446801
7497,7498,103.346225,0.477169
7498,7499,103.360008,0.504117
7499,7500,103.373791,0.443749
7500,7501,103.387575,0.438281
7501,7502,103.401358,0.443145
7502,7503,103.415141,0.491431
7503,7504,103.428924,0.434398
7504,7505,103.442707,0.385679
7505,7506,103.456490,0.390541
7506,7507,103.470274,0.481761
7507,7508,103.484057,0.468526
7508,7509,103.497840,0.429295
7509,7510,103.511623,0.419129
7510,7511,103.525406,0.467738
7511,7512,103.539189,0.385487
7512,7513,103.552973,0.447243
7513,7514,103.566756,0.426033
7514,7515,103.580539,0.389466
7515,7516,103.594322,0.503067
7516,7517,103.608105,0.517279
7517,7518,103.621889,0.474790
7518,7519,103.635672,0.475487
7519,7520,103.649455,0.411427
7520,7521,103.663238,0.462796
7521,7522,103.677021,0.457272
7522,7523,103.690804,0.460114
7523,7524,103.704588,0.400957
7524,7525,103.718371,0.442949
7525,7526,103.732154,0.453354
7526,7527,103.745937,0.412127
7527,7528,103.759720,0.381728
7528,7529,103.773503,0.441626
7529,7530,103.787287,0.428189
7530,7531,103.801070,0.416907
7531,7532,103.814853,0.467214
7532,7533,103.828636,0.403065
7533,7534,103.842419,0.484335
7534,7535,103.856202,0.412291
7535,7536,103.869986,0.452201
7536,7537,103.883769,0.432124
7537,7538,103.897552,0.426166
7538,7539,103.911335,0.407556
7539,7540,103.925118,0.416893
7540,7541,103.938901,0.432496
7541,7542,103.952685,0.481309
7542,7543,103.966468,0.459365
7543,7544,103.980251,0.440017
7544,7545,103.994034,0.463850
7545,7546,104.007817,0.396922
7546,7547,104.021600,0.487812
7547,7548,104.035384,0.448162
7548,7549,104.049167,0.463651
7549,7550,104.062950,0.474994
7550,7551,104.076733,0.392556
7551,7552,104.090516,0.457501
7552,7553,104.104300,0.465010
7553,7554,104.118083,0.409185
7554,7555,104.131866,0.517565
7555,7556,104.145649,0.424961
7556,7557,104.159432,0.444860
7557,7558,104.173215,0.444195
7558,7559,104.186999,0.440453
7559,7560,104.200782,0.462344
7560,7561,104.214565,0.506916
7561,7562,104.228348,0.479520
7562,7563,104.242131,0.383861
7563,7564,104.255914,0.434522
7564,7565,104.269698,0.468802
7565,7566,104.283481,0.454407
7566,7567,104.297264,0.489155
7567,7568,104.311047,0.441119
7568,7569,104.324830,0.441302
7569,7570,104.338613,0.473252
7570,7571,104.352397,0.442557
7571,7572,104.366180,0.390742
7572,7573,104.379963,0.424081
7573,7574,104.393746,0.436135
7574,7575,104.407529,0.448808
7575,7576,104.421312,0.400958
7576,7577,104.435096,0.396940
7577,7578,104.448879,0.404844
7578,7579,104.462662,0.410710
7579,7580,104.476445,0.461838
7580,7581,104.490228,0.488975
7581,7582,104.504012,0.449381
7582,7583,104.517795,0.438006
7583,7584,104.531578,0.475841
7584,7585,104.545361,0.404085
7585,7586,104.559144,0.440979
7586,7587,104.572927,0.342893
7587,7588,104.586711,0.491911
7588,7589,104.600494,0.462480
7589,7590,104.614277,0.388402
7590,7591,104.628060,0.415191
7591,7592,104.641843,0.476326
7592,7593,104.655626,0.473966
7593,7594,104.669410,0.467479
7594,7595,104.683193,0.452434
7595,7596,104.696976,0.407912
7596,7597,104.710759,0.407811
7597,7598,104.724542,0.417587
7598,7599,104.738325,0.443020
7599,7600,104.752109,0.443049
7600,7601,104.765892,0.468994
7601,7602,104.779675,0.422433
7602,7603,104.793458,0.470968
7603,7604,104.807241,0.460946
7604,7605,104.821024,0.485956
7605,7606,104.834808,0.450631
7606,7607,104.848591,0.537740
7607,7608,104.862374,0.461131
7608,7609,104.876157,0.487397
7609,7610,104.889940,0.459192
7610,7611,104.903724,0.388389
7611,7612,104.917507,0.387722
7612,7613,104.931290,0.429995
7613,7614,104.945073,0.458745
7614,7615,104.958856,0.371096
7615,7616,104.972639,0.417355
7616,7617,104.986423,0.390910
7617,7618,105.000206,0.396827
7618,7619,105.013989,0.486348
7619,7620,105.027772,0.431065
7620,7621,105.041555,0.402650
7621,7622,105.055338,0.478870
7622,7623,105.069122,0.391372
7623,7624,105.082905,0.386374
7624,7625,105.096688,0.453030
7625,7626,105.110471,0.461430
7626,7627,105.124254,0.480720
7627,7628,105.138037,0.482935
7628,7629,105.151821,0.451857
7629,7630,105.165604,0.471300
7630,7631,105.179387,0.421216
7631,7632,105.193170,0.495795
7632,7633,105.206953,0.454674
7633,7634,105.220736,0.434663
7634,7635,105.234520,0.428547
7635,7636,105.248303,0.492075
7636,7637,105.262086,0.420943
7637,7638,105.275869,0.384052
7638,7639,105.289652,0.499472
7639,7640,105.303436,0.429824
7640,7641,105.317219,0.401764
7641,7642,105.331002,0.434893
7642,7643,105.344785,0.494265
7643,7644,105.358568,0.386184
7644,7645,105.372351,0.457435
7645,7646,105.386135,0.431017
7646,7647,105.399918,0.475776
7647,7648,105.413701,0.432944
7648,7649,105.427484,0.479088
7649,7650,105.441267,0.431734
7650,7651,105.455050,0.452343
7651,7652,105.468834,0.487788
7652,7653,105.482617,0.395299
7653,7654,105.496400,0.444148
7654,7655,105.510183,0.443538
7655,7656,105.523966,0.444964
7656,7657,105.537749,0.444311
7657,7658,105.551533,0.424583
7658,7659,105.565316,0.394816
7659,7660,105.579099,0.388099
7660,7661,105.592882,0.391794
7661,7662,105.606665,0.395555
7662,7663,105.620448,0.391589
7663,7664,105.634232,0.461204
7664,7665,105.648015,0.418983
7665,7666,105.661798,0.410990
7666,7667,105.675581,0.484290
7667,7668,105.689364,0.408390
7668,7669,105.703148,0.433055
7669,7670,105.716931,0.446990
7670,7671,105.730714,0.372812
7671,7672,105.744497,0.434778
7672,7673,105.758280,0.540633
7673,7674,105.772063,0.379539
7674,7675,105.785847,0.481572
7675,7676,105.799630,0.395984
7676,7677,105.813413,0.453683
7677,7678,105.827196,0.384977
7678,7679,105.840979,0.423866
7679,7680,105.854762,0.414367
7680,7681,105.868546,0.417576
7681,7682,105.882329,0.390969
7682,7683,105.896112,0.410523
7683,7684,105.909895,0.398927
7684,7685,105.923678,0.470297
7685,7686,105.937461,0.327830
7686,7687,105.951245,0.442997
7687,7688,105.965028,0.414335
7688,7689,105.978811,0.472454
7689,7690,105.992594,0.469691
7690,7691,106.006377,0.417447
7691,7692,106.020160,0.376932
7692,7693,106.033944,0.499686
7693,7694,106.047727,0.521020
7694,7695,106.061510,0.428997
7695,7696,106.075293,0.476640
7696,7697,106.089076,0.505331
7697,7698,106.102859,0.512490
7698,7699,106.116643,0.430736
7699,7700,106.130426,0.472411
7700,7701,106.144209,0.445714
7701,7702,106.157992,0.430591
7702,7703,106.171775,0.382273
7703,7704,106.185559,0.403907
7704,7705,106.199342,0.430042
7705,7706,106.213125,0.415476
7706,7707,106.226908,0.480329
7707,7708,106.240691,0.388894
7708,7709,106.254474,0.491003
7709,7710,106.268258,0.440489
7710,7711,106.282041,0.484587
7711,7712,106.295824,0.509654
7712,7713,106.309607,0.378869
7713,7714,106.323390,0.446408
7714,7715,106.337173,0.507071
7715,7716,106.350957,0.371064
7716,7717,106.364740,0.460192
7717,7718,106.378523,0.420716
7718,7719,106.392306,0.489455
7719,7720,106.406089,0.378607
7720,7721,106.419872,0.462879
7721,7722,106.433656,0.398290
7722,7723,106.447439,0.465100
7723,7724,106.461222,0.380621
7724,7725,106.475005,0.459435
7725,7726,106.488788,0.398944
7726,7727,106.502571,0.405730
7727,7728,106.516355,0.497966
