frame_index,frame_number_1based,integrated_time_s,raw_std
0,1,0.013783,0.405380
1,2,0.027566,0.373299
2,3,0.041350,0.429649
3,4,0.055133,0.369986
4,5,0.068916,0.475745
5,6,0.082699,0.501147
6,7,0.096482,0.397743
7,8,0.110265,0.455650
8,9,0.124049,0.485089
9,10,0.137832,0.413139
10,11,0.151615,0.383861
11,12,0.165398,0.440086
12,13,0.179181,0.416360
13,14,0.192964,0.428146
14,15,0.206748,0.409103
15,16,0.220531,0.507599
16,17,0.234314,0.407873
17,18,0.248097,0.406796
18,19,0.261880,0.383009
19,20,0.275663,0.445376
20,21,0.289447,0.432558
21,22,0.303230,0.414753
22,23,0.317013,0.427468
23,24,0.330796,0.415954
24,25,0.344579,0.395461
25,26,0.358362,0.418942
26,27,0.372146,0.448247
27,28,0.385929,0.378843
28,29,0.399712,0.401373
29,30,0.413495,0.442688
30,31,0.427278,0.436822
31,32,0.441062,0.415160
32,33,0.454845,0.414525
33,34,0.468628,0.357207
34,35,0.482411,0.396132
35,36,0.496194,0.454614
36,37,0.509977,0.468125
37,38,0.523761,0.339760
38,39,0.537544,0.435623
39,40,0.551327,0.427411
40,41,0.565110,0.370600
41,42,0.578893,0.402159
42,43,0.592676,0.500898
43,44,0.606460,0.418624
44,45,0.620243,0.403530
45,46,0.634026,0.454923
46,47,0.647809,0.428171
47,48,0.661592,0.461687
48,49,0.675375,0.414131
49,50,0.689159,0.466611
50,51,0.702942,0.520357
51,52,0.716725,0.417247
52,53,0.730508,0.467604
53,54,0.744291,0.476673
54,55,0.758074,0.399015
55,56,0.771858,0.396057
56,57,0.785641,0.454457
57,58,0.799424,0.384840
58,59,0.813207,0.350722
59,60,0.826990,0.438723
60,61,0.840774,0.450861
61,62,0.854557,0.406336
62,63,0.868340,0.354126
63,64,0.882123,0.408894
64,65,0.895906,0.392598
65,66,0.909689,0.416627
66,67,0.923473,0.461307
67,68,0.937256,0.436813
68,69,0.951039,0.440646
69,70,0.964822,0.360520
70,71,0.978605,0.442710
71,72,0.992388,0.472484
72,73,1.006172,0.397109
73,74,1.019955,0.453380
74,75,1.033738,0.457722
75,76,1.047521,0.365296
76,77,1.061304,0.430023
77,78,1.075087,0.439274
78,79,1.088871,0.371547
79,80,1.102654,0.463776
80,81,1.116437,0.455737
81,82,1.130220,0.497059
82,83,1.144003,0.485906
83,84,1.157786,0.444704
84,85,1.171570,0.428705
85,86,1.185353,0.367692
86,87,1.199136,0.437904
87,88,1.212919,0.482393
88,89,1.226702,0.442959
89,90,1.240485,0.416446
90,91,1.254269,0.453097
91,92,1.268052,0.401148
92,93,1.281835,0.415480
93,94,1.295618,0.381136
94,95,1.309401,0.412368
95,96,1.323185,0.401788
96,97,1.336968,0.441607
97,98,1.350751,0.376943
98,99,1.364534,0.418633
99,100,1.378317,0.444380
100,101,1.392100,0.429755
101,102,1.405884,0.413405
102,103,1.419667,0.485382
103,104,1.433450,0.451869
104,105,1.447233,0.415871
105,106,1.461016,0.404012
106,107,1.474799,0.423175
107,108,1.488583,0.414340
108,109,1.502366,0.398267
109,110,1.516149,0.429745
110,111,1.529932,0.381090
111,112,1.543715,0.523379
112,113,1.557498,0.440256
113,114,1.571282,0.468699
114,115,1.585065,0.528881
115,116,1.598848,0.380288
116,117,1.612631,0.393345
117,118,1.626414,0.395930
118,119,1.640197,0.413914
119,120,1.653981,0.395595
120,121,1.667764,0.399420
121,122,1.681547,0.361861
122,123,1.695330,0.408751
123,124,1.709113,0.486182
124,125,1.722897,0.380018
125,126,1.736680,0.380288
126,127,1.750463,0.454218
127,128,1.764246,0.404097
128,129,1.778029,0.502841
129,130,1.791812,0.429886
130,131,1.805596,0.376058
131,132,1.819379,0.416912
132,133,1.833162,0.412839
133,134,1.846945,0.338406
134,135,1.860728,0.447780
135,136,1.874511,0.483034
136,137,1.888295,0.395580
137,138,1.902078,0.396092
138,139,1.915861,0.458167
139,140,1.929644,0.428705
140,141,1.943427,0.411983
141,142,1.957210,0.358636
142,143,1.970994,0.464477
143,144,1.984777,0.502637
144,145,1.998560,0.430497
145,146,2.012343,0.409282
146,147,2.026126,0.428407
147,148,2.039909,0.429717
148,149,2.053693,0.475323
149,150,2.067476,0.389434
150,151,2.081259,0.427700
151,152,2.095042,0.405961
152,153,2.108825,0.354104
153,154,2.122609,0.427146
154,155,2.136392,0.375561
155,156,2.150175,0.412969
156,157,2.163958,0.418322
157,158,2.177741,0.379482
158,159,2.191524,0.456234
159,160,2.205308,0.329729
160,161,2.219091,0.381808
161,162,2.232874,0.405392
162,163,2.246657,0.429115
163,164,2.260440,0.417560
164,165,2.274223,0.445884
165,166,2.288007,0.436866
166,167,2.301790,0.498091
167,168,2.315573,0.426519
168,169,2.329356,0.413091
169,170,2.343139,0.503079
170,171,2.356922,0.415061
171,172,2.370706,0.426624
172,173,2.384489,0.446033
173,174,2.398272,0.383128
174,175,2.412055,0.394971
175,176,2.425838,0.420573
176,177,2.439621,0.429729
177,178,2.453405,0.380891
178,179,2.467188,0.396831
179,180,2.480971,0.418780
180,181,2.494754,0.399968
181,182,2.508537,0.395074
182,183,2.522321,0.414223
183,184,2.536104,0.424694
184,185,2.549887,0.431516
185,186,2.563670,0.399401
186,187,2.577453,0.453076
187,188,2.591236,0.454975
188,189,2.605020,0.389351
189,190,2.618803,0.404661
190,191,2.632586,0.424504
191,192,2.646369,0.452482
192,193,2.660152,0.386995
193,194,2.673935,0.384890
194,195,2.687719,0.395334
195,196,2.701502,0.382829
196,197,2.715285,0.416356
197,198,2.729068,0.336762
198,199,2.742851,0.412998
199,200,2.756634,0.361844
200,201,2.770418,0.439919
201,202,2.784201,0.391335
202,203,2.797984,0.415678
203,204,2.811767,0.361753
204,205,2.825550,0.442551
205,206,2.839333,0.443294
206,207,2.853117,0.470520
207,208,2.866900,0.444299
208,209,2.880683,0.420207
209,210,2.894466,0.407967
210,211,2.908249,0.448821
211,212,2.922033,0.333155
212,213,2.935816,0.379014
213,214,2.949599,0.411169
214,215,2.963382,0.487772
215,216,2.977165,0.457594
216,217,2.990948,0.489988
217,218,3.004732,0.412807
218,219,3.018515,0.466866
219,220,3.032298,0.444219
220,221,3.046081,0.477400
221,222,3.059864,0.373448
222,223,3.073647,0.394757
223,224,3.087431,0.400797
224,225,3.101214,0.493945
225,226,3.114997,0.377845
226,227,3.128780,0.418249
227,228,3.142563,0.408616
228,229,3.156346,0.387943
229,230,3.170130,0.361518
230,231,3.183913,0.456170
231,232,3.197696,0.460176
232,233,3.211479,0.416258
233,234,3.225262,0.438810
234,235,3.239045,0.404416
235,236,3.252829,0.386169
236,237,3.266612,0.458234
237,238,3.280395,0.416704
238,239,3.294178,0.374528
239,240,3.307961,0.416792
240,241,3.321744,0.447271
241,242,3.335528,0.388044
242,243,3.349311,0.455145
243,244,3.363094,0.431689
244,245,3.376877,0.412318
245,246,3.390660,0.344089
246,247,3.404444,0.493328
247,248,3.418227,0.349706
248,249,3.432010,0.377614
249,250,3.445793,0.410289
250,251,3.459576,0.416921
251,252,3.473359,0.483823
252,253,3.487143,0.500197
253,254,3.500926,0.454356
254,255,3.514709,0.433491
255,256,3.528492,0.500270
256,257,3.542275,0.434506
257,258,3.556058,0.428737
258,259,3.569842,0.510967
259,260,3.583625,0.479621
260,261,3.597408,0.344599
261,262,3.611191,0.445870
262,263,3.624974,0.518345
263,264,3.638757,0.414232
264,265,3.652541,0.370245
265,266,3.666324,0.517217
266,267,3.680107,0.376675
267,268,3.693890,0.467008
268,269,3.707673,0.444817
269,270,3.721456,0.455413
270,271,3.735240,0.449736
271,272,3.749023,0.510041
272,273,3.762806,0.445830
273,274,3.776589,0.504536
274,275,3.790372,0.421524
275,276,3.804156,0.443092
276,277,3.817939,0.395224
277,278,3.831722,0.365224
278,279,3.845505,0.457947
279,280,3.859288,0.358120
280,281,3.873071,0.442024
281,282,3.886855,0.361213
282,283,3.900638,0.398410
283,284,3.914421,0.446328
284,285,3.928204,0.447041
285,286,3.941987,0.387997
286,287,3.955770,0.378524
287,288,3.969554,0.396418
288,289,3.983337,0.365674
289,290,3.997120,0.419680
290,291,4.010903,0.502207
291,292,4.024686,0.475906
292,293,4.038469,0.376919
293,294,4.052253,0.405013
294,295,4.066036,0.462179
295,296,4.079819,0.381905
296,297,4.093602,0.440963
297,298,4.107385,0.430042
298,299,4.121168,0.453841
299,300,4.134952,0.437214
300,301,4.148735,0.404434
301,302,4.162518,0.389568
302,303,4.176301,0.430860
303,304,4.190084,0.395260
304,305,4.203868,0.422581
305,306,4.217651,0.489330
306,307,4.231434,0.372988
307,308,4.245217,0.420476
308,309,4.259000,0.314796
309,310,4.272783,0.405769
310,311,4.286567,0.461583
311,312,4.300350,0.414074
312,313,4.314133,0.454553
313,314,4.327916,0.412022
314,315,4.341699,0.412004
315,316,4.355482,0.419373
316,317,4.369266,0.346545
317,318,4.383049,0.426819
318,319,4.396832,0.442188
319,320,4.410615,0.380102
320,321,4.424398,0.465319
321,322,4.438181,0.414335
322,323,4.451965,0.414950
323,324,4.465748,0.457496
324,325,4.479531,0.373535
325,326,4.493314,0.455003
326,327,4.507097,0.442066
327,328,4.520880,0.428786
328,329,4.534664,0.386088
329,330,4.548447,0.400983
330,331,4.562230,0.412378
331,332,4.576013,0.460872
332,333,4.589796,0.438256
333,334,4.603580,0.383333
334,335,4.617363,0.449484
335,336,4.631146,0.530718
336,337,4.644929,0.440361
337,338,4.658712,0.418937
338,339,4.672495,0.404304
339,340,4.686279,0.410066
340,341,4.700062,0.397295
341,342,4.713845,0.415303
342,343,4.727628,0.479081
343,344,4.741411,0.482765
344,345,4.755194,0.385779
345,346,4.768978,0.505190
346,347,4.782761,0.500740
347,348,4.796544,0.431996
348,349,4.810327,0.367626
349,350,4.824110,0.389408
350,351,4.837893,0.383876
351,352,4.851677,0.469200
352,353,4.865460,0.427942
353,354,4.879243,0.380132
354,355,4.893026,0.448139
355,356,4.906809,0.455276
356,357,4.920592,0.425333
357,358,4.934376,0.445561
358,359,4.948159,0.365162
359,360,4.961942,0.469952
360,361,4.975725,0.456959
361,362,4.989508,0.438132
362,363,5.003292,0.336057
363,364,5.017075,0.392003
364,365,5.030858,0.465355
365,366,5.044641,0.400581
366,367,5.058424,0.424052
367,368,5.072207,0.448842
368,369,5.085991,0.406407
369,370,5.099774,0.401299
370,371,5.113557,0.387670
371,372,5.127340,0.457550
372,373,5.141123,0.390161
373,374,5.154906,0.387726
374,375,5.168690,0.407602
375,376,5.182473,0.470897
376,377,5.196256,0.394201
377,378,5.210039,0.382709
378,379,5.223822,0.375254
379,380,5.237605,0.428350
380,381,5.251389,0.362481
381,382,5.265172,0.385183
382,383,5.278955,0.396516
383,384,5.292738,0.449417
384,385,5.306521,0.348655
385,386,5.320304,0.384680
386,387,5.334088,0.419852
387,388,5.347871,0.427519
388,389,5.361654,0.442100
389,390,5.375437,0.413322
390,391,5.389220,0.397985
391,392,5.403003,0.387253
392,393,5.416787,0.469162
393,394,5.430570,0.446033
394,395,5.444353,0.486046
395,396,5.458136,0.392185
396,397,5.471919,0.340052
397,398,5.485703,0.362065
398,399,5.499486,0.438564
399,400,5.513269,0.484160
400,401,5.527052,0.472939
401,402,5.540835,0.354860
402,403,5.554618,0.396797
403,404,5.568402,0.491715
404,405,5.582185,0.553005
405,406,5.595968,0.371633
406,407,5.609751,0.439404
407,408,5.623534,0.435299
408,409,5.637317,0.457132
409,410,5.651101,0.427702
410,411,5.664884,0.447136
411,412,5.678667,0.409863
412,413,5.692450,0.417132
413,414,5.706233,0.436252
414,415,5.720016,0.417361
415,416,5.733800,0.422016
416,417,5.747583,0.455373
417,418,5.761366,0.406674
418,419,5.775149,0.516678
419,420,5.788932,0.372492
420,421,5.802715,0.391686
421,422,5.816499,0.443091
422,423,5.830282,0.395259
423,424,5.844065,0.441860
424,425,5.857848,0.461888
425,426,5.871631,0.493114
426,427,5.885415,0.386516
427,428,5.899198,0.458660
428,429,5.912981,0.449931
429,430,5.926764,0.442641
430,431,5.940547,0.479626
431,432,5.954330,0.493232
432,433,5.968114,0.439881
433,434,5.981897,0.454464
434,435,5.995680,0.442799
435,436,6.009463,0.393455
436,437,6.023246,0.427822
437,438,6.037029,0.408750
438,439,6.050813,0.360572
439,440,6.064596,0.422254
440,441,6.078379,0.420483
441,442,6.092162,0.451829
442,443,6.105945,0.373110
443,444,6.119728,0.426418
444,445,6.133512,0.452279
445,446,6.147295,0.471857
446,447,6.161078,0.490971
447,448,6.174861,0.457245
448,449,6.188644,0.384678
449,450,6.202427,0.382981
450,451,6.216211,0.431912
451,452,6.229994,0.440230
452,453,6.243777,0.469471
453,454,6.257560,0.468095
454,455,6.271343,0.427994
455,456,6.285127,0.421489
456,457,6.298910,0.430369
457,458,6.312693,0.404439
458,459,6.326476,0.383175
459,460,6.340259,0.375713
460,461,6.354042,0.448368
461,462,6.367826,0.517714
462,463,6.381609,0.425339
463,464,6.395392,0.405183
464,465,6.409175,0.401789
465,466,6.422958,0.451724
466,467,6.436741,0.423284
467,468,6.450525,0.354983
468,469,6.464308,0.460705
469,470,6.478091,0.379937
470,471,6.491874,0.372311
471,472,6.505657,0.492381
472,473,6.519440,0.502081
473,474,6.533224,0.453250
474,475,6.547007,0.425447
475,476,6.560790,0.446933
476,477,6.574573,0.442131
477,478,6.588356,0.408856
478,479,6.602139,0.415338
479,480,6.615923,0.448179
480,481,6.629706,0.452641
481,482,6.643489,0.413633
482,483,6.657272,0.442003
483,484,6.671055,0.485951
484,485,6.684839,0.404713
485,486,6.698622,0.497422
486,487,6.712405,0.483148
487,488,6.726188,0.417571
488,489,6.739971,0.466870
489,490,6.753754,0.459866
490,491,6.767538,0.519931
491,492,6.781321,0.438034
492,493,6.795104,0.427392
493,494,6.808887,0.440813
494,495,6.822670,0.472770
495,496,6.836453,0.481026
496,497,6.850237,0.512427
497,498,6.864020,0.396029
498,499,6.877803,0.482687
499,500,6.891586,0.466359
500,501,6.905369,0.464452
501,502,6.919152,0.480183
502,503,6.932936,0.424668
503,504,6.946719,0.510637
504,505,6.960502,0.407853
505,506,6.974285,0.402042
506,507,6.988068,0.499862
507,508,7.001851,0.445319
508,509,7.015635,0.321039
509,510,7.029418,0.408375
510,511,7.043201,0.391225
511,512,7.056984,0.414907
512,513,7.070767,0.392407
513,514,7.084551,0.446462
514,515,7.098334,0.460050
515,516,7.112117,0.403704
516,517,7.125900,0.366542
517,518,7.139683,0.454227
518,519,7.153466,0.409922
519,520,7.167250,0.503477
520,521,7.181033,0.420982
521,522,7.194816,0.456821
522,523,7.208599,0.442300
523,524,7.222382,0.437203
524,525,7.236165,0.489888
525,526,7.249949,0.422623
526,527,7.263732,0.382317
527,528,7.277515,0.454793
528,529,7.291298,0.378445
529,530,7.305081,0.426155
530,531,7.318864,0.426483
531,532,7.332648,0.400332
532,533,7.346431,0.365793
533,534,7.360214,0.457674
534,535,7.373997,0.461722
535,536,7.387780,0.492466
536,537,7.401563,0.391847
537,538,7.415347,0.480575
538,539,7.429130,0.394539
539,540,7.442913,0.400645
540,541,7.456696,0.417834
541,542,7.470479,0.393089
542,543,7.484262,0.418099
543,544,7.498046,0.420024
544,545,7.511829,0.440584
545,546,7.525612,0.465230
546,547,7.539395,0.364780
547,548,7.553178,0.410047
548,549,7.566962,0.419069
549,550,7.580745,0.381415
550,551,7.594528,0.472675
551,552,7.608311,0.463105
552,553,7.622094,0.430442
553,554,7.635877,0.404795
554,555,7.649661,0.422957
555,556,7.663444,0.506651
556,557,7.677227,0.437706
557,558,7.691010,0.410521
558,559,7.704793,0.361299
559,560,7.718576,0.402196
560,561,7.732360,0.420104
561,562,7.746143,0.478205
562,563,7.759926,0.498216
563,564,7.773709,0.468560
564,565,7.787492,0.360897
565,566,7.801275,0.419895
566,567,7.815059,0.385141
567,568,7.828842,0.355357
568,569,7.842625,0.454356
569,570,7.856408,0.435303
570,571,7.870191,0.431393
571,572,7.883974,0.364056
572,573,7.897758,0.358174
573,574,7.911541,0.431507
574,575,7.925324,0.398437
575,576,7.939107,0.418925
576,577,7.952890,0.383948
577,578,7.966674,0.438316
578,579,7.980457,0.397302
579,580,7.994240,0.486795
580,581,8.008023,0.469631
581,582,8.021806,0.379197
582,583,8.035589,0.362720
583,584,8.049373,0.436359
584,585,8.063156,0.415905
585,586,8.076939,0.435076
586,587,8.090722,0.416017
587,588,8.104505,0.369363
588,589,8.118288,0.498195
589,590,8.132072,0.492966
590,591,8.145855,0.443471
591,592,8.159638,0.459703
592,593,8.173421,0.408994
593,594,8.187204,0.367960
594,595,8.200987,0.478205
595,596,8.214771,0.351434
596,597,8.228554,0.441699
597,598,8.242337,0.347621
598,599,8.256120,0.433975
599,600,8.269903,0.466446
600,601,8.283686,0.468932
601,602,8.297470,0.444078
602,603,8.311253,0.478239
603,604,8.325036,0.368595
604,605,8.338819,0.369922
605,606,8.352602,0.453147
606,607,8.366386,0.404119
607,608,8.380169,0.461810
608,609,8.393952,0.384420
609,610,8.407735,0.392702
610,611,8.421518,0.478603
611,612,8.435301,0.330552
612,613,8.449085,0.476453
613,614,8.462868,0.389758
614,615,8.476651,0.401925
615,616,8.490434,0.491494
616,617,8.504217,0.447149
617,618,8.518000,0.406306
618,619,8.531784,0.371169
619,620,8.545567,0.413643
620,621,8.559350,0.370083
621,622,8.573133,0.384780
622,623,8.586916,0.398584
623,624,8.600699,0.436322
624,625,8.614483,0.395836
625,626,8.628266,0.448203
626,627,8.642049,0.384376
627,628,8.655832,0.434729
628,629,8.669615,0.424413
629,630,8.683398,0.409410
630,631,8.697182,0.430065
631,632,8.710965,0.420724
632,633,8.724748,0.482165
633,634,8.738531,0.491877
634,635,8.752314,0.455843
635,636,8.766098,0.462017
636,637,8.779881,0.430484
637,638,8.793664,0.384557
638,639,8.807447,0.431318
639,640,8.821230,0.431163
640,641,8.835013,0.398254
641,642,8.848797,0.479329
642,643,8.862580,0.442750
643,644,8.876363,0.404758
644,645,8.890146,0.459164
645,646,8.903929,0.453417
646,647,8.917712,0.452938
647,648,8.931496,0.413777
648,649,8.945279,0.425005
649,650,8.959062,0.494770
650,651,8.972845,0.387219
651,652,8.986628,0.459050
652,653,9.000411,0.485587
653,654,9.014195,0.381271
654,655,9.027978,0.462193
655,656,9.041761,0.406329
656,657,9.055544,0.357977
657,658,9.069327,0.488626
658,659,9.083110,0.432481
659,660,9.096894,0.424397
660,661,9.110677,0.384649
661,662,9.124460,0.442777
662,663,9.138243,0.394581
663,664,9.152026,0.483310
664,665,9.165810,0.433906
665,666,9.179593,0.357884
666,667,9.193376,0.441138
667,668,9.207159,0.438877
668,669,9.220942,0.443820
669,670,9.234725,0.405154
670,671,9.248509,0.505374
671,672,9.262292,0.468551
672,673,9.276075,0.538563
673,674,9.289858,0.381130
674,675,9.303641,0.481265
675,676,9.317424,0.431715
676,677,9.331208,0.422424
677,678,9.344991,0.412101
678,679,9.358774,0.437011
679,680,9.372557,0.472649
680,681,9.386340,0.392618
681,682,9.400123,0.435349
682,683,9.413907,0.401553
683,684,9.427690,0.499593
684,685,9.441473,0.451602
685,686,9.455256,0.440380
686,687,9.469039,0.426152
687,688,9.482822,0.432051
688,689,9.496606,0.461881
689,690,9.510389,0.536020
690,691,9.524172,0.438398
691,692,9.537955,0.453394
692,693,9.551738,0.395836
693,694,9.565521,0.389000
694,695,9.579305,0.477893
695,696,9.593088,0.405675
696,697,9.606871,0.496940
697,698,9.620654,0.464263
698,699,9.634437,0.472295
699,700,9.648221,0.437157
700,701,9.662004,0.457741
701,702,9.675787,0.434195
702,703,9.689570,0.445689
703,704,9.703353,0.367646
704,705,9.717136,0.387352
705,706,9.730920,0.424477
706,707,9.744703,0.417334
707,708,9.758486,0.370129
708,709,9.772269,0.411157
709,710,9.786052,0.406341
710,711,9.799835,0.386690
711,712,9.813619,0.396574
712,713,9.827402,0.386635
713,714,9.841185,0.508328
714,715,9.854968,0.434974
715,716,9.868751,0.463790
716,717,9.882534,0.439743
717,718,9.896318,0.457958
718,719,9.910101,0.465076
719,720,9.923884,0.454749
720,721,9.937667,0.442075
721,722,9.951450,0.398789
722,723,9.965233,0.466292
723,724,9.979017,0.473898
724,725,9.992800,0.445986
725,726,10.006583,0.421140
726,727,10.020366,0.433705
727,728,10.034149,0.487518
728,729,10.047933,0.359736
729,730,10.061716,0.410841
730,731,10.075499,0.494474
731,732,10.089282,0.393204
732,733,10.103065,0.385291
733,734,10.116848,0.398666
734,735,10.130632,0.439360
735,736,10.144415,0.486702
736,737,10.158198,0.431326
737,738,10.171981,0.499979
738,739,10.185764,0.484846
739,740,10.199547,0.467813
740,741,10.213331,0.385463
741,742,10.227114,0.422786
742,743,10.240897,0.464745
743,744,10.254680,0.445916
744,745,10.268463,0.373913
745,746,10.282246,0.451735
746,747,10.296030,0.519744
747,748,10.309813,0.400315
748,749,10.323596,0.403014
749,750,10.337379,0.474485
750,751,10.351162,0.461677
751,752,10.364945,0.479545
752,753,10.378729,0.461659
753,754,10.392512,0.445250
754,755,10.406295,0.437656
755,756,10.420078,0.462944
756,757,10.433861,0.382984
757,758,10.447645,0.480696
758,759,10.461428,0.442051
759,760,10.475211,0.449453
760,761,10.488994,0.458307
761,762,10.502777,0.546651
762,763,10.516560,0.395180
763,764,10.530344,0.435423
764,765,10.544127,0.388958
765,766,10.557910,0.453624
766,767,10.571693,0.464480
767,768,10.585476,0.445637
768,769,10.599259,0.461718
769,770,10.613043,0.438732
770,771,10.626826,0.466391
771,772,10.640609,0.437111
772,773,10.654392,0.459547
773,774,10.668175,0.418084
774,775,10.681958,0.523957
775,776,10.695742,0.442100
776,777,10.709525,0.344610
777,778,10.723308,0.459999
778,779,10.737091,0.463770
779,780,10.750874,0.389107
780,781,10.764657,0.339970
781,782,10.778441,0.525949
782,783,10.792224,0.425145
783,784,10.806007,0.389500
784,785,10.819790,0.457562
785,786,10.833573,0.473514
786,787,10.847357,0.401487
787,788,10.861140,0.395412
788,789,10.874923,0.401365
789,790,10.888706,0.440189
790,791,10.902489,0.439286
791,792,10.916272,0.437990
792,793,10.930056,0.452722
793,794,10.943839,0.496630
794,795,10.957622,0.368214
795,796,10.971405,0.452778
796,797,10.985188,0.451894
797,798,10.998971,0.383121
798,799,11.012755,0.492228
799,800,11.026538,0.461096
800,801,11.040321,0.433670
801,802,11.054104,0.396280
802,803,11.067887,0.415250
803,804,11.081670,0.401755
804,805,11.095454,0.518764
805,806,11.109237,0.430083
806,807,11.123020,0.483003
807,808,11.136803,0.486785
808,809,11.150586,0.402044
809,810,11.164369,0.418804
810,811,11.178153,0.403742
811,812,11.191936,0.401460
812,813,11.205719,0.355923
813,814,11.219502,0.357254
814,815,11.233285,0.445931
815,816,11.247069,0.504048
816,817,11.260852,0.400811
817,818,11.274635,0.453533
818,819,11.288418,0.457611
819,820,11.302201,0.433032
820,821,11.315984,0.430509
821,822,11.329768,0.482029
822,823,11.343551,0.443973
823,824,11.357334,0.379401
824,825,11.371117,0.536094
825,826,11.384900,0.434121
826,827,11.398683,0.455724
827,828,11.412467,0.401862
828,829,11.426250,0.427766
829,830,11.440033,0.382652
830,831,11.453816,0.399539
831,832,11.467599,0.396510
832,833,11.481382,0.423764
833,834,11.495166,0.364993
834,835,11.508949,0.493087
835,836,11.522732,0.465135
836,837,11.536515,0.367257
837,838,11.550298,0.431841
838,839,11.564081,0.475285
839,840,11.577865,0.435942
840,841,11.591648,0.385581
841,842,11.605431,0.437662
842,843,11.619214,0.474269
843,844,11.632997,0.390475
844,845,11.646780,0.389518
845,846,11.660564,0.417135
846,847,11.674347,0.417153
847,848,11.688130,0.440459
848,849,11.701913,0.440983
849,850,11.715696,0.491802
850,851,11.729480,0.405816
851,852,11.743263,0.404538
852,853,11.757046,0.448404
853,854,11.770829,0.415936
854,855,11.784612,0.465095
855,856,11.798395,0.411581
856,857,11.812179,0.380308
857,858,11.825962,0.422063
858,859,11.839745,0.487619
859,860,11.853528,0.407265
860,861,11.867311,0.434164
861,862,11.881094,0.327435
862,863,11.894878,0.425675
863,864,11.908661,0.478863
864,865,11.922444,0.452166
865,866,11.936227,0.458894
866,867,11.950010,0.441793
867,868,11.963793,0.439803
868,869,11.977577,0.421478
869,870,11.991360,0.459048
870,871,12.005143,0.403847
871,872,12.018926,0.462140
872,873,12.032709,0.386490
873,874,12.046492,0.475246
874,875,12.060276,0.396856
875,876,12.074059,0.380276
876,877,12.087842,0.404110
877,878,12.101625,0.411706
878,879,12.115408,0.407351
879,880,12.129192,0.348465
880,881,12.142975,0.407551
881,882,12.156758,0.381185
882,883,12.170541,0.415184
883,884,12.184324,0.469001
884,885,12.198107,0.401002
885,886,12.211891,0.448423
886,887,12.225674,0.401829
887,888,12.239457,0.426007
888,889,12.253240,0.496390
889,890,12.267023,0.390522
890,891,12.280806,0.425004
891,892,12.294590,0.381618
892,893,12.308373,0.450957
893,894,12.322156,0.416267
894,895,12.335939,0.439131
895,896,12.349722,0.442069
896,897,12.363505,0.450159
897,898,12.377289,0.443115
898,899,12.391072,0.419073
899,900,12.404855,0.347819
900,901,12.418638,0.472938
901,902,12.432421,0.417131
902,903,12.446204,0.427453
903,904,12.459988,0.400348
904,905,12.473771,0.398285
905,906,12.487554,0.427021
906,907,12.501337,0.451660
907,908,12.515120,0.467373
908,909,12.528904,0.388630
909,910,12.542687,0.469845
910,911,12.556470,0.363843
911,912,12.570253,0.432728
912,913,12.584036,0.497346
913,914,12.597819,0.463863
914,915,12.611603,0.441805
915,916,12.625386,0.486478
916,917,12.639169,0.390817
917,918,12.652952,0.449981
918,919,12.666735,0.501552
919,920,12.680518,0.393316
920,921,12.694302,0.418708
921,922,12.708085,0.508709
922,923,12.721868,0.462481
923,924,12.735651,0.337071
924,925,12.749434,0.368620
925,926,12.763217,0.434075
926,927,12.777001,0.451844
927,928,12.790784,0.429572
928,929,12.804567,0.392587
929,930,12.818350,0.426486
930,931,12.832133,0.487955
931,932,12.845916,0.461947
932,933,12.859700,0.421892
933,934,12.873483,0.435259
934,935,12.887266,0.461121
935,936,12.901049,0.463783
936,937,12.914832,0.411443
937,938,12.928616,0.439914
938,939,12.942399,0.355263
939,940,12.956182,0.395376
940,941,12.969965,0.411549
941,942,12.983748,0.520856
942,943,12.997531,0.380415
943,944,13.011315,0.399156
944,945,13.025098,0.387611
945,946,13.038881,0.437540
946,947,13.052664,0.413674
947,948,13.066447,0.459240
948,949,13.080230,0.477707
949,950,13.094014,0.449166
950,951,13.107797,0.435816
951,952,13.121580,0.538373
952,953,13.135363,0.443720
953,954,13.149146,0.390416
954,955,13.162929,0.430116
955,956,13.176713,0.369516
956,957,13.190496,0.412867
957,958,13.204279,0.457830
958,959,13.218062,0.480114
959,960,13.231845,0.438367
960,961,13.245628,0.383988
961,962,13.259412,0.365975
962,963,13.273195,0.464882
963,964,13.286978,0.359417
964,965,13.300761,0.415974
965,966,13.314544,0.448958
966,967,13.328328,0.451539
967,968,13.342111,0.417886
968,969,13.355894,0.395551
969,970,13.369677,0.442007
970,971,13.383460,0.447004
971,972,13.397243,0.396597
972,973,13.411027,0.483134
973,974,13.424810,0.372315
974,975,13.438593,0.397044
975,976,13.452376,0.505191
976,977,13.466159,0.402377
977,978,13.479942,0.415093
978,979,13.493726,0.393158
979,980,13.507509,0.421565
980,981,13.521292,0.462174
981,982,13.535075,0.407007
982,983,13.548858,0.428248
983,984,13.562641,0.410644
984,985,13.576425,0.427091
985,986,13.590208,0.422671
986,987,13.603991,0.447830
987,988,13.617774,0.467578
988,989,13.631557,0.429602
989,990,13.645340,0.450026
990,991,13.659124,0.469210
991,992,13.672907,0.433086
992,993,13.686690,0.403396
993,994,13.700473,0.483118
994,995,13.714256,0.407695
995,996,13.728039,0.345534
996,997,13.741823,0.376552
997,998,13.755606,0.487162
998,999,13.769389,0.413390
999,1000,13.783172,0.400436
1000,1001,13.796955,0.467823
1001,1002,13.810739,0.451415
1002,1003,13.824522,0.571147
1003,1004,13.838305,0.416831
1004,1005,13.852088,0.446510
1005,1006,13.865871,0.363775
1006,1007,13.879654,0.407962
1007,1008,13.893438,0.382379
1008,1009,13.907221,0.379333
1009,1010,13.921004,0.421613
1010,1011,13.934787,0.485982
1011,1012,13.948570,0.448640
1012,1013,13.962353,0.497073
1013,1014,13.976137,0.465421
1014,1015,13.989920,0.410881
1015,1016,14.003703,0.461352
1016,1017,14.017486,0.367326
1017,1018,14.031269,0.464206
1018,1019,14.045052,0.425282
1019,1020,14.058836,0.450968
1020,1021,14.072619,0.473117
1021,1022,14.086402,0.361081
1022,1023,14.100185,0.415211
1023,1024,14.113968,0.478145
1024,1025,14.127751,0.500581
1025,1026,14.141535,0.433727
1026,1027,14.155318,0.435665
1027,1028,14.169101,0.423141
1028,1029,14.182884,0.469736
1029,1030,14.196667,0.527280
1030,1031,14.210451,0.478740
1031,1032,14.224234,0.424198
1032,1033,14.238017,0.416535
1033,1034,14.251800,0.389271
1034,1035,14.265583,0.462930
1035,1036,14.279366,0.408711
1036,1037,14.293150,0.449983
1037,1038,14.306933,0.380552
1038,1039,14.320716,0.359223
1039,1040,14.334499,0.487373
1040,1041,14.348282,0.321882
1041,1042,14.362065,0.428338
1042,1043,14.375849,0.427503
1043,1044,14.389632,0.402507
1044,1045,14.403415,0.447590
1045,1046,14.417198,0.450627
1046,1047,14.430981,0.358001
1047,1048,14.444764,0.496488
1048,1049,14.458548,0.444247
1049,1050,14.472331,0.473793
1050,1051,14.486114,0.473419
1051,1052,14.499897,0.374403
1052,1053,14.513680,0.408173
1053,1054,14.527463,0.423376
1054,1055,14.541247,0.402464
1055,1056,14.555030,0.425032
1056,1057,14.568813,0.402509
1057,1058,14.582596,0.434042
1058,1059,14.596379,0.459051
1059,1060,14.610163,0.442872
1060,1061,14.623946,0.400068
1061,1062,14.637729,0.391697
1062,1063,14.651512,0.452015
1063,1064,14.665295,0.507279
1064,1065,14.679078,0.452237
1065,1066,14.692862,0.363710
1066,1067,14.706645,0.493226
1067,1068,14.720428,0.404460
1068,1069,14.734211,0.415234
1069,1070,14.747994,0.372766
1070,1071,14.761777,0.485815
1071,1072,14.775561,0.474557
1072,1073,14.789344,0.387966
1073,1074,14.803127,0.440111
1074,1075,14.816910,0.462817
1075,1076,14.830693,0.384624
1076,1077,14.844476,0.392973
1077,1078,14.858260,0.397389
1078,1079,14.872043,0.421715
1079,1080,14.885826,0.427576
1080,1081,14.899609,0.366535
1081,1082,14.913392,0.429721
1082,1083,14.927175,0.511846
1083,1084,14.940959,0.404943
1084,1085,14.954742,0.445330
1085,1086,14.968525,0.436492
1086,1087,14.982308,0.373057
1087,1088,14.996091,0.442836
1088,1089,15.009875,0.441272
1089,1090,15.023658,0.425091
1090,1091,15.037441,0.371166
1091,1092,15.051224,0.417039
1092,1093,15.065007,0.490569
1093,1094,15.078790,0.424724
1094,1095,15.092574,0.452084
1095,1096,15.106357,0.419635
1096,1097,15.120140,0.439962
1097,1098,15.133923,0.454984
1098,1099,15.147706,0.429451
1099,1100,15.161489,0.464344
1100,1101,15.175273,0.449706
1101,1102,15.189056,0.390475
1102,1103,15.202839,0.444303
1103,1104,15.216622,0.444700
1104,1105,15.230405,0.352661
1105,1106,15.244188,0.463201
1106,1107,15.257972,0.326391
1107,1108,15.271755,0.396737
1108,1109,15.285538,0.369321
1109,1110,15.299321,0.411389
1110,1111,15.313104,0.440139
1111,1112,15.326887,0.396455
1112,1113,15.340671,0.397746
1113,1114,15.354454,0.384301
1114,1115,15.368237,0.357461
1115,1116,15.382020,0.455264
1116,1117,15.395803,0.392937
1117,1118,15.409587,0.443664
1118,1119,15.423370,0.395857
1119,1120,15.437153,0.419185
1120,1121,15.450936,0.476310
1121,1122,15.464719,0.450921
1122,1123,15.478502,0.429599
1123,1124,15.492286,0.429144
1124,1125,15.506069,0.436250
1125,1126,15.519852,0.380685
1126,1127,15.533635,0.409241
1127,1128,15.547418,0.411236
1128,1129,15.561201,0.399258
1129,1130,15.574985,0.388853
1130,1131,15.588768,0.499214
1131,1132,15.602551,0.465133
1132,1133,15.616334,0.418467
1133,1134,15.630117,0.371205
1134,1135,15.643900,0.439468
1135,1136,15.657684,0.505416
1136,1137,15.671467,0.421965
1137,1138,15.685250,0.387946
1138,1139,15.699033,0.408865
1139,1140,15.712816,0.482638
1140,1141,15.726599,0.331052
1141,1142,15.740383,0.464750
1142,1143,15.754166,0.411155
1143,1144,15.767949,0.407566
1144,1145,15.781732,0.480528
1145,1146,15.795515,0.416731
1146,1147,15.809298,0.392823
1147,1148,15.823082,0.387675
1148,1149,15.836865,0.402687
1149,1150,15.850648,0.420223
1150,1151,15.864431,0.495163
1151,1152,15.878214,0.431043
1152,1153,15.891998,0.433816
1153,1154,15.905781,0.438467
1154,1155,15.919564,0.509591
1155,1156,15.933347,0.439534
1156,1157,15.947130,0.367061
1157,1158,15.960913,0.481305
1158,1159,15.974697,0.382066
1159,1160,15.988480,0.430403
1160,1161,16.002263,0.378197
1161,1162,16.016046,0.370964
1162,1163,16.029829,0.389144
1163,1164,16.043612,0.427568
1164,1165,16.057396,0.397869
1165,1166,16.071179,0.386858
1166,1167,16.084962,0.439646
1167,1168,16.098745,0.409715
1168,1169,16.112528,0.433958
1169,1170,16.126311,0.364017
1170,1171,16.140095,0.401265
1171,1172,16.153878,0.402273
1172,1173,16.167661,0.485869
1173,1174,16.181444,0.408201
1174,1175,16.195227,0.446926
1175,1176,16.209010,0.409388
1176,1177,16.222794,0.437805
1177,1178,16.236577,0.479413
1178,1179,16.250360,0.436856
1179,1180,16.264143,0.489191
1180,1181,16.277926,0.417408
1181,1182,16.291710,0.444560
1182,1183,16.305493,0.432066
1183,1184,16.319276,0.382353
1184,1185,16.333059,0.393872
1185,1186,16.346842,0.476447
1186,1187,16.360625,0.403886
1187,1188,16.374409,0.443365
1188,1189,16.388192,0.356387
1189,1190,16.401975,0.397648
1190,1191,16.415758,0.410336
1191,1192,16.429541,0.473879
1192,1193,16.443324,0.417632
1193,1194,16.457108,0.410322
1194,1195,16.470891,0.368656
1195,1196,16.484674,0.428069
1196,1197,16.498457,0.441547
1197,1198,16.512240,0.406717
1198,1199,16.526023,0.461820
1199,1200,16.539807,0.447506
1200,1201,16.553590,0.433221
1201,1202,16.567373,0.421504
1202,1203,16.581156,0.393251
1203,1204,16.594939,0.450017
1204,1205,16.608722,0.415726
1205,1206,16.622506,0.447042
1206,1207,16.636289,0.383961
1207,1208,16.650072,0.485712
1208,1209,16.663855,0.453253
1209,1210,16.677638,0.392932
1210,1211,16.691422,0.395156
1211,1212,16.705205,0.353899
1212,1213,16.718988,0.433601
1213,1214,16.732771,0.490905
1214,1215,16.746554,0.467035
1215,1216,16.760337,0.382513
1216,1217,16.774121,0.377105
1217,1218,16.787904,0.403829
1218,1219,16.801687,0.478319
1219,1220,16.815470,0.405808
1220,1221,16.829253,0.458161
1221,1222,16.843036,0.444736
1222,1223,16.856820,0.453322
1223,1224,16.870603,0.488745
1224,1225,16.884386,0.454673
1225,1226,16.898169,0.501867
1226,1227,16.911952,0.372180
1227,1228,16.925735,0.502498
1228,1229,16.939519,0.419875
1229,1230,16.953302,0.453324
1230,1231,16.967085,0.436367
1231,1232,16.980868,0.373295
1232,1233,16.994651,0.409238
1233,1234,17.008434,0.399967
1234,1235,17.022218,0.431651
1235,1236,17.036001,0.488662
1236,1237,17.049784,0.358343
1237,1238,17.063567,0.414422
1238,1239,17.077350,0.445008
1239,1240,17.091134,0.498046
1240,1241,17.104917,0.335713
1241,1242,17.118700,0.451548
1242,1243,17.132483,0.346271
1243,1244,17.146266,0.409063
1244,1245,17.160049,0.371407
1245,1246,17.173833,0.357525
1246,1247,17.187616,0.425215
1247,1248,17.201399,0.423370
1248,1249,17.215182,0.399809
1249,1250,17.228965,0.391068
1250,1251,17.242748,0.449330
1251,1252,17.256532,0.507032
1252,1253,17.270315,0.411095
1253,1254,17.284098,0.439212
1254,1255,17.297881,0.462064
1255,1256,17.311664,0.423079
1256,1257,17.325447,0.352186
1257,1258,17.339231,0.476530
1258,1259,17.353014,0.406750
1259,1260,17.366797,0.363942
1260,1261,17.380580,0.413728
1261,1262,17.394363,0.411072
1262,1263,17.408146,0.342633
1263,1264,17.421930,0.398325
1264,1265,17.435713,0.397743
1265,1266,17.449496,0.406199
1266,1267,17.463279,0.368295
1267,1268,17.477062,0.374206
1268,1269,17.490846,0.411247
1269,1270,17.504629,0.353786
1270,1271,17.518412,0.397683
1271,1272,17.532195,0.379646
1272,1273,17.545978,0.469188
1273,1274,17.559761,0.438107
1274,1275,17.573545,0.380480
1275,1276,17.587328,0.427318
1276,1277,17.601111,0.375872
1277,1278,17.614894,0.339252
1278,1279,17.628677,0.450178
1279,1280,17.642460,0.458185
1280,1281,17.656244,0.441973
1281,1282,17.670027,0.422037
1282,1283,17.683810,0.408870
1283,1284,17.697593,0.409444
1284,1285,17.711376,0.386637
1285,1286,17.725159,0.398393
1286,1287,17.738943,0.421505
1287,1288,17.752726,0.361706
1288,1289,17.766509,0.419263
1289,1290,17.780292,0.399204
1290,1291,17.794075,0.427990
1291,1292,17.807858,0.413657
1292,1293,17.821642,0.407198
1293,1294,17.835425,0.409236
1294,1295,17.849208,0.463932
1295,1296,17.862991,0.403559
1296,1297,17.876774,0.375387
1297,1298,17.890557,0.476063
1298,1299,17.904341,0.336062
1299,1300,17.918124,0.428319
1300,1301,17.931907,0.364260
1301,1302,17.945690,0.415361
1302,1303,17.959473,0.450691
1303,1304,17.973257,0.420652
1304,1305,17.987040,0.436507
1305,1306,18.000823,0.429558
1306,1307,18.014606,0.517341
1307,1308,18.028389,0.558623
1308,1309,18.042172,0.428008
1309,1310,18.055956,0.418517
1310,1311,18.069739,0.383698
1311,1312,18.083522,0.473021
1312,1313,18.097305,0.489680
1313,1314,18.111088,0.378727
1314,1315,18.124871,0.407341
1315,1316,18.138655,0.402989
1316,1317,18.152438,0.457134
1317,1318,18.166221,0.446817
1318,1319,18.180004,0.416188
1319,1320,18.193787,0.434371
1320,1321,18.207570,0.456659
1321,1322,18.221354,0.456838
1322,1323,18.235137,0.399208
1323,1324,18.248920,0.384307
1324,1325,18.262703,0.415798
1325,1326,18.276486,0.485777
1326,1327,18.290269,0.463175
1327,1328,18.304053,0.380735
1328,1329,18.317836,0.427594
1329,1330,18.331619,0.413667
1330,1331,18.345402,0.480810
1331,1332,18.359185,0.453741
1332,1333,18.372969,0.356818
1333,1334,18.386752,0.430807
1334,1335,18.400535,0.417989
1335,1336,18.414318,0.438470
1336,1337,18.428101,0.481980
1337,1338,18.441884,0.401819
1338,1339,18.455668,0.420489
1339,1340,18.469451,0.436527
1340,1341,18.483234,0.407391
1341,1342,18.497017,0.368818
1342,1343,18.510800,0.402299
1343,1344,18.524583,0.412757
1344,1345,18.538367,0.384152
1345,1346,18.552150,0.390248
1346,1347,18.565933,0.400303
1347,1348,18.579716,0.435591
1348,1349,18.593499,0.347682
1349,1350,18.607282,0.401538
1350,1351,18.621066,0.396300
1351,1352,18.634849,0.382316
1352,1353,18.648632,0.355029
1353,1354,18.662415,0.434511
1354,1355,18.676198,0.348090
1355,1356,18.689981,0.440429
1356,1357,18.703765,0.373779
1357,1358,18.717548,0.379017
1358,1359,18.731331,0.463451
1359,1360,18.745114,0.456324
1360,1361,18.758897,0.435538
1361,1362,18.772681,0.405255
1362,1363,18.786464,0.351870
1363,1364,18.800247,0.456943
1364,1365,18.814030,0.413266
1365,1366,18.827813,0.473673
1366,1367,18.841596,0.407954
1367,1368,18.855380,0.461361
1368,1369,18.869163,0.385633
1369,1370,18.882946,0.487674
1370,1371,18.896729,0.461639
1371,1372,18.910512,0.437895
1372,1373,18.924295,0.362284
1373,1374,18.938079,0.406997
1374,1375,18.951862,0.337828
1375,1376,18.965645,0.311117
1376,1377,18.979428,0.426505
1377,1378,18.993211,0.449828
1378,1379,19.006994,0.507352
1379,1380,19.020778,0.466959
1380,1381,19.034561,0.381400
1381,1382,19.048344,0.380789
1382,1383,19.062127,0.419522
1383,1384,19.075910,0.419495
1384,1385,19.089693,0.402229
1385,1386,19.103477,0.455449
1386,1387,19.117260,0.471646
1387,1388,19.131043,0.411527
1388,1389,19.144826,0.485998
1389,1390,19.158609,0.422213
1390,1391,19.172393,0.440230
1391,1392,19.186176,0.406364
1392,1393,19.199959,0.464848
1393,1394,19.213742,0.401051
1394,1395,19.227525,0.409499
1395,1396,19.241308,0.391994
1396,1397,19.255092,0.291334
1397,1398,19.268875,0.407856
1398,1399,19.282658,0.363197
1399,1400,19.296441,0.417160
1400,1401,19.310224,0.438124
1401,1402,19.324007,0.434909
1402,1403,19.337791,0.381188
1403,1404,19.351574,0.378227
1404,1405,19.365357,0.389789
1405,1406,19.379140,0.365959
1406,1407,19.392923,0.467293
1407,1408,19.406706,0.472122
1408,1409,19.420490,0.368688
1409,1410,19.434273,0.375037
1410,1411,19.448056,0.457340
1411,1412,19.461839,0.515152
1412,1413,19.475622,0.396332
1413,1414,19.489405,0.372753
1414,1415,19.503189,0.428038
1415,1416,19.516972,0.375197
1416,1417,19.530755,0.456305
1417,1418,19.544538,0.419188
1418,1419,19.558321,0.450167
1419,1420,19.572105,0.458486
1420,1421,19.585888,0.470498
1421,1422,19.599671,0.508038
1422,1423,19.613454,0.382532
1423,1424,19.627237,0.447697
1424,1425,19.641020,0.403477
1425,1426,19.654804,0.427769
1426,1427,19.668587,0.413728
1427,1428,19.682370,0.393240
1428,1429,19.696153,0.358966
1429,1430,19.709936,0.473955
1430,1431,19.723719,0.427540
1431,1432,19.737503,0.420323
1432,1433,19.751286,0.414701
1433,1434,19.765069,0.445992
1434,1435,19.778852,0.458012
1435,1436,19.792635,0.389942
1436,1437,19.806418,0.462519
1437,1438,19.820202,0.412333
1438,1439,19.833985,0.422005
1439,1440,19.847768,0.425639
1440,1441,19.861551,0.362174
1441,1442,19.875334,0.440557
1442,1443,19.889117,0.467508
1443,1444,19.902901,0.454093
1444,1445,19.916684,0.394796
1445,1446,19.930467,0.368616
1446,1447,19.944250,0.423401
1447,1448,19.958033,0.390401
1448,1449,19.971816,0.444978
1449,1450,19.985600,0.552286
1450,1451,19.999383,0.414856
1451,1452,20.013166,0.359598
1452,1453,20.026949,0.457849
1453,1454,20.040732,0.469778
1454,1455,20.054516,0.405639
1455,1456,20.068299,0.422921
1456,1457,20.082082,0.394418
1457,1458,20.095865,0.374533
1458,1459,20.109648,0.386855
1459,1460,20.123431,0.346842
1460,1461,20.137215,0.381535
1461,1462,20.150998,0.415346
1462,1463,20.164781,0.396975
1463,1464,20.178564,0.420259
1464,1465,20.192347,0.383234
1465,1466,20.206130,0.380213
1466,1467,20.219914,0.420163
1467,1468,20.233697,0.393090
1468,1469,20.247480,0.411784
1469,1470,20.261263,0.431508
1470,1471,20.275046,0.401027
1471,1472,20.288829,0.391060
1472,1473,20.302613,0.354156
1473,1474,20.316396,0.436713
1474,1475,20.330179,0.385905
1475,1476,20.343962,0.442075
1476,1477,20.357745,0.504716
1477,1478,20.371528,0.399984
1478,1479,20.385312,0.418073
1479,1480,20.399095,0.347106
1480,1481,20.412878,0.373233
1481,1482,20.426661,0.444946
1482,1483,20.440444,0.392595
1483,1484,20.454228,0.409914
1484,1485,20.468011,0.533161
1485,1486,20.481794,0.395708
1486,1487,20.495577,0.442912
1487,1488,20.509360,0.392443
1488,1489,20.523143,0.446678
1489,1490,20.536927,0.449928
1490,1491,20.550710,0.465295
1491,1492,20.564493,0.460164
1492,1493,20.578276,0.412013
1493,1494,20.592059,0.439166
1494,1495,20.605842,0.490025
1495,1496,20.619626,0.435497
1496,1497,20.633409,0.432959
1497,1498,20.647192,0.382746
1498,1499,20.660975,0.401368
1499,1500,20.674758,0.379203
1500,1501,20.688541,0.434152
1501,1502,20.702325,0.426445
1502,1503,20.716108,0.402469
1503,1504,20.729891,0.406672
1504,1505,20.743674,0.412759
1505,1506,20.757457,0.459729
1506,1507,20.771240,0.423837
1507,1508,20.785024,0.388870
1508,1509,20.798807,0.433050
1509,1510,20.812590,0.460897
1510,1511,20.826373,0.484199
1511,1512,20.840156,0.422856
1512,1513,20.853940,0.497702
1513,1514,20.867723,0.470579
1514,1515,20.881506,0.411258
1515,1516,20.895289,0.469039
1516,1517,20.909072,0.461619
1517,1518,20.922855,0.474670
1518,1519,20.936639,0.439606
1519,1520,20.950422,0.440925
1520,1521,20.964205,0.470305
1521,1522,20.977988,0.440822
1522,1523,20.991771,0.415612
1523,1524,21.005554,0.454254
1524,1525,21.019338,0.441553
1525,1526,21.033121,0.430461
1526,1527,21.046904,0.401998
1527,1528,21.060687,0.399288
1528,1529,21.074470,0.414456
1529,1530,21.088253,0.411670
1530,1531,21.102037,0.425461
1531,1532,21.115820,0.437609
1532,1533,21.129603,0.392645
1533,1534,21.143386,0.368286
1534,1535,21.157169,0.372070
1535,1536,21.170952,0.380071
1536,1537,21.184736,0.430064
1537,1538,21.198519,0.450942
1538,1539,21.212302,0.414839
1539,1540,21.226085,0.449171
1540,1541,21.239868,0.491347
1541,1542,21.253652,0.441916
1542,1543,21.267435,0.460531
1543,1544,21.281218,0.428249
1544,1545,21.295001,0.395014
1545,1546,21.308784,0.384748
1546,1547,21.322567,0.347156
1547,1548,21.336351,0.481556
1548,1549,21.350134,0.450518
1549,1550,21.363917,0.480714
1550,1551,21.377700,0.354407
1551,1552,21.391483,0.489315
1552,1553,21.405266,0.442904
1553,1554,21.419050,0.443741
1554,1555,21.432833,0.412747
1555,1556,21.446616,0.415506
1556,1557,21.460399,0.397564
1557,1558,21.474182,0.448529
1558,1559,21.487965,0.420044
1559,1560,21.501749,0.397859
1560,1561,21.515532,0.415540
1561,1562,21.529315,0.403791
1562,1563,21.543098,0.460329
1563,1564,21.556881,0.421971
1564,1565,21.570664,0.392883
1565,1566,21.584448,0.381357
1566,1567,21.598231,0.341940
1567,1568,21.612014,0.451409
1568,1569,21.625797,0.426641
1569,1570,21.639580,0.408106
1570,1571,21.653364,0.514095
1571,1572,21.667147,0.432928
1572,1573,21.680930,0.470258
1573,1574,21.694713,0.446846
1574,1575,21.708496,0.372613
1575,1576,21.722279,0.403662
1576,1577,21.736063,0.438748
1577,1578,21.749846,0.481099
1578,1579,21.763629,0.407588
1579,1580,21.777412,0.451861
1580,1581,21.791195,0.443277
1581,1582,21.804978,0.417513
1582,1583,21.818762,0.440058
1583,1584,21.832545,0.393011
1584,1585,21.846328,0.363395
1585,1586,21.860111,0.424868
1586,1587,21.873894,0.437202
1587,1588,21.887677,0.474100
1588,1589,21.901461,0.456323
1589,1590,21.915244,0.468876
1590,1591,21.929027,0.423650
1591,1592,21.942810,0.456915
1592,1593,21.956593,0.450620
1593,1594,21.970376,0.392262
1594,1595,21.984160,0.400323
1595,1596,21.997943,0.482559
1596,1597,22.011726,0.427099
1597,1598,22.025509,0.433505
1598,1599,22.039292,0.449731
1599,1600,22.053075,0.429059
1600,1601,22.066859,0.451772
1601,1602,22.080642,0.451344
1602,1603,22.094425,0.446567
1603,1604,22.108208,0.389964
1604,1605,22.121991,0.443804
1605,1606,22.135775,0.438654
1606,1607,22.149558,0.421699
1607,1608,22.163341,0.437523
1608,1609,22.177124,0.356007
1609,1610,22.190907,0.405913
1610,1611,22.204690,0.381122
1611,1612,22.218474,0.398718
1612,1613,22.232257,0.432167
1613,1614,22.246040,0.488253
1614,1615,22.259823,0.457956
1615,1616,22.273606,0.463577
1616,1617,22.287389,0.468765
1617,1618,22.301173,0.390572
1618,1619,22.314956,0.509021
1619,1620,22.328739,0.422641
1620,1621,22.342522,0.350471
1621,1622,22.356305,0.372700
1622,1623,22.370088,0.420503
1623,1624,22.383872,0.395823
1624,1625,22.397655,0.389458
1625,1626,22.411438,0.369987
1626,1627,22.425221,0.436982
1627,1628,22.439004,0.399076
1628,1629,22.452787,0.431505
1629,1630,22.466571,0.473842
1630,1631,22.480354,0.355077
1631,1632,22.494137,0.428392
1632,1633,22.507920,0.392452
1633,1634,22.521703,0.426873
1634,1635,22.535487,0.470629
1635,1636,22.549270,0.436166
1636,1637,22.563053,0.390402
1637,1638,22.576836,0.362229
1638,1639,22.590619,0.356784
1639,1640,22.604402,0.430122
1640,1641,22.618186,0.421262
1641,1642,22.631969,0.458153
1642,1643,22.645752,0.382483
1643,1644,22.659535,0.421470
1644,1645,22.673318,0.341159
1645,1646,22.687101,0.431565
1646,1647,22.700885,0.396316
1647,1648,22.714668,0.428010
1648,1649,22.728451,0.417624
1649,1650,22.742234,0.400211
1650,1651,22.756017,0.426661
1651,1652,22.769800,0.404969
1652,1653,22.783584,0.441100
1653,1654,22.797367,0.310144
1654,1655,22.811150,0.399434
1655,1656,22.824933,0.484433
1656,1657,22.838716,0.418264
1657,1658,22.852499,0.385359
1658,1659,22.866283,0.335256
1659,1660,22.880066,0.442721
1660,1661,22.893849,0.390897
1661,1662,22.907632,0.419927
1662,1663,22.921415,0.379712
1663,1664,22.935199,0.481723
1664,1665,22.948982,0.421822
1665,1666,22.962765,0.393343
1666,1667,22.976548,0.416177
1667,1668,22.990331,0.360614
1668,1669,23.004114,0.379720
1669,1670,23.017898,0.425119
1670,1671,23.031681,0.371627
1671,1672,23.045464,0.429600
1672,1673,23.059247,0.483121
1673,1674,23.073030,0.496100
1674,1675,23.086813,0.377844
1675,1676,23.100597,0.456597
1676,1677,23.114380,0.471431
1677,1678,23.128163,0.326582
1678,1679,23.141946,0.456784
1679,1680,23.155729,0.382918
1680,1681,23.169512,0.469819
1681,1682,23.183296,0.497677
1682,1683,23.197079,0.391600
1683,1684,23.210862,0.410838
1684,1685,23.224645,0.470162
1685,1686,23.238428,0.407784
1686,1687,23.252211,0.432619
1687,1688,23.265995,0.488033
1688,1689,23.279778,0.489279
1689,1690,23.293561,0.399883
1690,1691,23.307344,0.487652
1691,1692,23.321127,0.407340
1692,1693,23.334911,0.419081
1693,1694,23.348694,0.456286
1694,1695,23.362477,0.330601
1695,1696,23.376260,0.386677
1696,1697,23.390043,0.363934
1697,1698,23.403826,0.380700
1698,1699,23.417610,0.495318
1699,1700,23.431393,0.457656
1700,1701,23.445176,0.392222
1701,1702,23.458959,0.424169
1702,1703,23.472742,0.423051
1703,1704,23.486525,0.376003
1704,1705,23.500309,0.396824
1705,1706,23.514092,0.383284
1706,1707,23.527875,0.420542
1707,1708,23.541658,0.379346
1708,1709,23.555441,0.328687
1709,1710,23.569224,0.396709
1710,1711,23.583008,0.404076
1711,1712,23.596791,0.369480
1712,1713,23.610574,0.418886
1713,1714,23.624357,0.385486
1714,1715,23.638140,0.376207
1715,1716,23.651923,0.404753
1716,1717,23.665707,0.400427
1717,1718,23.679490,0.388670
1718,1719,23.693273,0.385827
1719,1720,23.707056,0.424829
1720,1721,23.720839,0.413670
1721,1722,23.734623,0.440124
1722,1723,23.748406,0.461268
1723,1724,23.762189,0.415140
1724,1725,23.775972,0.382122
1725,1726,23.789755,0.421627
1726,1727,23.803538,0.424142
1727,1728,23.817322,0.444036
1728,1729,23.831105,0.419300
1729,1730,23.844888,0.482572
1730,1731,23.858671,0.426490
1731,1732,23.872454,0.355218
1732,1733,23.886237,0.439779
1733,1734,23.900021,0.369594
1734,1735,23.913804,0.457616
1735,1736,23.927587,0.396696
1736,1737,23.941370,0.406504
1737,1738,23.955153,0.414748
1738,1739,23.968936,0.426524
1739,1740,23.982720,0.384441
1740,1741,23.996503,0.425881
1741,1742,24.010286,0.451073
1742,1743,24.024069,0.438632
1743,1744,24.037852,0.359323
1744,1745,24.051635,0.407036
1745,1746,24.065419,0.467776
1746,1747,24.079202,0.365174
1747,1748,24.092985,0.470312
1748,1749,24.106768,0.454360
1749,1750,24.120551,0.486794
1750,1751,24.134334,0.480046
1751,1752,24.148118,0.444133
1752,1753,24.161901,0.424466
1753,1754,24.175684,0.336634
1754,1755,24.189467,0.398941
1755,1756,24.203250,0.408310
1756,1757,24.217034,0.420343
1757,1758,24.230817,0.406699
1758,1759,24.244600,0.375385
1759,1760,24.258383,0.457621
1760,1761,24.272166,0.473657
1761,1762,24.285949,0.416564
1762,1763,24.299733,0.420912
1763,1764,24.313516,0.450854
1764,1765,24.327299,0.435941
1765,1766,24.341082,0.471579
1766,1767,24.354865,0.441412
1767,1768,24.368648,0.430235
1768,1769,24.382432,0.449542
1769,1770,24.396215,0.402567
1770,1771,24.409998,0.365301
1771,1772,24.423781,0.397873
1772,1773,24.437564,0.439469
1773,1774,24.451347,0.422677
1774,1775,24.465131,0.464528
1775,1776,24.478914,0.432816
1776,1777,24.492697,0.352754
1777,1778,24.506480,0.437950
1778,1779,24.520263,0.420555
1779,1780,24.534046,0.474040
1780,1781,24.547830,0.387185
1781,1782,24.561613,0.320322
1782,1783,24.575396,0.524724
1783,1784,24.589179,0.418004
1784,1785,24.602962,0.425359
1785,1786,24.616746,0.423048
1786,1787,24.630529,0.397151
1787,1788,24.644312,0.399924
1788,1789,24.658095,0.454751
1789,1790,24.671878,0.469862
1790,1791,24.685661,0.402392
1791,1792,24.699445,0.404460
1792,1793,24.713228,0.329033
1793,1794,24.727011,0.367398
1794,1795,24.740794,0.416054
1795,1796,24.754577,0.426632
1796,1797,24.768360,0.439646
1797,1798,24.782144,0.426193
1798,1799,24.795927,0.503673
1799,1800,24.809710,0.440729
1800,1801,24.823493,0.417866
1801,1802,24.837276,0.401123
1802,1803,24.851059,0.468484
1803,1804,24.864843,0.473807
1804,1805,24.878626,0.440526
1805,1806,24.892409,0.448961
1806,1807,24.906192,0.406312
1807,1808,24.919975,0.386228
1808,1809,24.933758,0.456119
1809,1810,24.947542,0.432977
1810,1811,24.961325,0.487271
1811,1812,24.975108,0.439985
1812,1813,24.988891,0.414909
1813,1814,25.002674,0.375474
1814,1815,25.016458,0.529016
1815,1816,25.030241,0.481040
1816,1817,25.044024,0.428261
1817,1818,25.057807,0.464399
1818,1819,25.071590,0.433873
1819,1820,25.085373,0.436389
1820,1821,25.099157,0.395052
1821,1822,25.112940,0.313118
1822,1823,25.126723,0.451336
1823,1824,25.140506,0.372281
1824,1825,25.154289,0.415249
1825,1826,25.168072,0.365506
1826,1827,25.181856,0.453115
1827,1828,25.195639,0.509770
1828,1829,25.209422,0.462034
1829,1830,25.223205,0.413937
1830,1831,25.236988,0.385386
1831,1832,25.250771,0.428996
1832,1833,25.264555,0.434581
1833,1834,25.278338,0.427773
1834,1835,25.292121,0.389714
1835,1836,25.305904,0.481451
1836,1837,25.319687,0.490224
1837,1838,25.333470,0.402352
1838,1839,25.347254,0.472990
1839,1840,25.361037,0.408082
1840,1841,25.374820,0.382331
1841,1842,25.388603,0.398133
1842,1843,25.402386,0.402929
1843,1844,25.416170,0.411758
1844,1845,25.429953,0.333101
1845,1846,25.443736,0.412386
1846,1847,25.457519,0.477146
1847,1848,25.471302,0.365499
1848,1849,25.485085,0.435386
1849,1850,25.498869,0.450683
1850,1851,25.512652,0.426475
1851,1852,25.526435,0.421858
1852,1853,25.540218,0.443183
1853,1854,25.554001,0.424264
1854,1855,25.567784,0.407320
1855,1856,25.581568,0.452695
1856,1857,25.595351,0.372799
1857,1858,25.609134,0.401140
1858,1859,25.622917,0.526878
1859,1860,25.636700,0.354384
1860,1861,25.650483,0.387375
1861,1862,25.664267,0.424189
1862,1863,25.678050,0.453499
1863,1864,25.691833,0.434049
1864,1865,25.705616,0.399865
1865,1866,25.719399,0.377492
1866,1867,25.733182,0.473221
1867,1868,25.746966,0.352093
1868,1869,25.760749,0.494733
1869,1870,25.774532,0.419218
1870,1871,25.788315,0.518910
1871,1872,25.802098,0.454755
1872,1873,25.815882,0.439045
1873,1874,25.829665,0.393085
1874,1875,25.843448,0.428973
1875,1876,25.857231,0.420185
1876,1877,25.871014,0.456680
1877,1878,25.884797,0.400402
1878,1879,25.898581,0.461577
1879,1880,25.912364,0.347487
1880,1881,25.926147,0.383903
1881,1882,25.939930,0.405259
1882,1883,25.953713,0.452270
1883,1884,25.967496,0.400961
1884,1885,25.981280,0.344343
1885,1886,25.995063,0.433943
1886,1887,26.008846,0.443719
1887,1888,26.022629,0.405264
1888,1889,26.036412,0.438535
1889,1890,26.050195,0.431589
1890,1891,26.063979,0.423694
1891,1892,26.077762,0.451717
1892,1893,26.091545,0.447876
1893,1894,26.105328,0.431887
1894,1895,26.119111,0.417534
1895,1896,26.132894,0.371540
1896,1897,26.146678,0.414731
1897,1898,26.160461,0.392644
1898,1899,26.174244,0.421628
1899,1900,26.188027,0.455207
1900,1901,26.201810,0.461036
1901,1902,26.215593,0.490244
1902,1903,26.229377,0.456112
1903,1904,26.243160,0.419826
1904,1905,26.256943,0.392086
1905,1906,26.270726,0.352967
1906,1907,26.284509,0.418754
1907,1908,26.298293,0.443946
1908,1909,26.312076,0.474399
1909,1910,26.325859,0.370554
1910,1911,26.339642,0.457353
1911,1912,26.353425,0.423940
1912,1913,26.367208,0.411553
1913,1914,26.380992,0.380354
1914,1915,26.394775,0.388674
1915,1916,26.408558,0.427408
1916,1917,26.422341,0.384122
1917,1918,26.436124,0.422461
1918,1919,26.449907,0.424997
1919,1920,26.463691,0.344368
1920,1921,26.477474,0.358628
1921,1922,26.491257,0.441152
1922,1923,26.505040,0.488505
1923,1924,26.518823,0.480327
1924,1925,26.532606,0.387471
1925,1926,26.546390,0.424699
1926,1927,26.560173,0.376469
1927,1928,26.573956,0.412311
1928,1929,26.587739,0.454218
1929,1930,26.601522,0.399151
1930,1931,26.615305,0.453207
1931,1932,26.629089,0.425577
1932,1933,26.642872,0.474534
1933,1934,26.656655,0.442919
1934,1935,26.670438,0.439488
1935,1936,26.684221,0.448405
1936,1937,26.698005,0.428544
1937,1938,26.711788,0.381114
1938,1939,26.725571,0.419736
1939,1940,26.739354,0.468047
1940,1941,26.753137,0.465876
1941,1942,26.766920,0.493611
1942,1943,26.780704,0.426103
1943,1944,26.794487,0.373616
1944,1945,26.808270,0.394091
1945,1946,26.822053,0.376194
1946,1947,26.835836,0.367715
1947,1948,26.849619,0.450973
1948,1949,26.863403,0.407132
1949,1950,26.877186,0.397216
1950,1951,26.890969,0.399231
1951,1952,26.904752,0.497655
1952,1953,26.918535,0.449748
1953,1954,26.932318,0.348636
1954,1955,26.946102,0.450549
1955,1956,26.959885,0.415557
1956,1957,26.973668,0.444092
1957,1958,26.987451,0.386125
1958,1959,27.001234,0.416963
1959,1960,27.015017,0.364795
1960,1961,27.028801,0.393210
1961,1962,27.042584,0.403785
1962,1963,27.056367,0.436943
1963,1964,27.070150,0.410389
1964,1965,27.083933,0.458768
1965,1966,27.097717,0.365491
1966,1967,27.111500,0.419072
1967,1968,27.125283,0.435031
1968,1969,27.139066,0.384387
1969,1970,27.152849,0.363842
1970,1971,27.166632,0.384506
1971,1972,27.180416,0.368427
1972,1973,27.194199,0.436066
1973,1974,27.207982,0.420015
1974,1975,27.221765,0.381964
1975,1976,27.235548,0.385749
1976,1977,27.249331,0.479538
1977,1978,27.263115,0.430212
1978,1979,27.276898,0.403152
1979,1980,27.290681,0.470055
1980,1981,27.304464,0.387199
1981,1982,27.318247,0.463999
1982,1983,27.332030,0.486639
1983,1984,27.345814,0.466744
1984,1985,27.359597,0.414424
1985,1986,27.373380,0.382321
1986,1987,27.387163,0.389357
1987,1988,27.400946,0.456316
1988,1989,27.414729,0.481931
1989,1990,27.428513,0.396825
1990,1991,27.442296,0.423808
1991,1992,27.456079,0.390712
1992,1993,27.469862,0.382239
1993,1994,27.483645,0.366966
1994,1995,27.497429,0.464819
1995,1996,27.511212,0.385647
1996,1997,27.524995,0.381936
1997,1998,27.538778,0.402205
1998,1999,27.552561,0.402899
1999,2000,27.566344,0.382520
2000,2001,27.580128,0.445233
2001,2002,27.593911,0.407494
2002,2003,27.607694,0.371603
2003,2004,27.621477,0.453207
2004,2005,27.635260,0.424797
2005,2006,27.649043,0.459647
2006,2007,27.662827,0.452766
2007,2008,27.676610,0.399147
2008,2009,27.690393,0.346914
2009,2010,27.704176,0.429544
2010,2011,27.717959,0.381592
2011,2012,27.731742,0.435229
2012,2013,27.745526,0.353299
2013,2014,27.759309,0.478856
2014,2015,27.773092,0.430357
2015,2016,27.786875,0.424325
2016,2017,27.800658,0.498281
2017,2018,27.814441,0.398156
2018,2019,27.828225,0.396328
2019,2020,27.842008,0.479133
2020,2021,27.855791,0.418497
2021,2022,27.869574,0.451120
2022,2023,27.883357,0.428913
2023,2024,27.897141,0.413278
2024,2025,27.910924,0.453563
2025,2026,27.924707,0.385602
2026,2027,27.938490,0.456555
2027,2028,27.952273,0.442485
2028,2029,27.966056,0.438933
2029,2030,27.979840,0.497576
2030,2031,27.993623,0.415993
2031,2032,28.007406,0.416321
2032,2033,28.021189,0.350874
2033,2034,28.034972,0.425723
2034,2035,28.048755,0.419407
2035,2036,28.062539,0.343371
2036,2037,28.076322,0.431685
2037,2038,28.090105,0.387003
2038,2039,28.103888,0.418395
2039,2040,28.117671,0.390976
2040,2041,28.131454,0.364589
2041,2042,28.145238,0.380052
2042,2043,28.159021,0.350789
2043,2044,28.172804,0.435738
2044,2045,28.186587,0.437003
2045,2046,28.200370,0.427951
2046,2047,28.214153,0.365727
2047,2048,28.227937,0.441465
2048,2049,28.241720,0.422275
2049,2050,28.255503,0.434849
2050,2051,28.269286,0.355803
2051,2052,28.283069,0.385245
2052,2053,28.296852,0.343910
2053,2054,28.310636,0.413234
2054,2055,28.324419,0.393357
2055,2056,28.338202,0.445708
2056,2057,28.351985,0.440677
2057,2058,28.365768,0.434802
2058,2059,28.379552,0.444400
2059,2060,28.393335,0.404540
2060,2061,28.407118,0.415242
2061,2062,28.420901,0.417002
2062,2063,28.434684,0.425198
2063,2064,28.448467,0.423707
2064,2065,28.462251,0.493609
2065,2066,28.476034,0.368389
2066,2067,28.489817,0.447691
2067,2068,28.503600,0.414910
2068,2069,28.517383,0.376132
2069,2070,28.531166,0.433413
2070,2071,28.544950,0.436419
2071,2072,28.558733,0.445124
2072,2073,28.572516,0.441607
2073,2074,28.586299,0.400020
2074,2075,28.600082,0.455283
2075,2076,28.613865,0.419707
2076,2077,28.627649,0.367060
2077,2078,28.641432,0.481604
2078,2079,28.655215,0.350479
2079,2080,28.668998,0.389825
2080,2081,28.682781,0.349171
2081,2082,28.696564,0.450547
2082,2083,28.710348,0.429356
2083,2084,28.724131,0.407282
2084,2085,28.737914,0.406208
2085,2086,28.751697,0.438097
2086,2087,28.765480,0.410663
2087,2088,28.779264,0.378256
2088,2089,28.793047,0.430539
2089,2090,28.806830,0.327774
2090,2091,28.820613,0.358308
2091,2092,28.834396,0.431331
2092,2093,28.848179,0.453657
2093,2094,28.861963,0.418606
2094,2095,28.875746,0.358101
2095,2096,28.889529,0.403543
2096,2097,28.903312,0.419960
2097,2098,28.917095,0.483031
2098,2099,28.930878,0.417380
2099,2100,28.944662,0.462424
2100,2101,28.958445,0.444860
2101,2102,28.972228,0.390551
2102,2103,28.986011,0.361852
2103,2104,28.999794,0.405402
2104,2105,29.013577,0.434895
2105,2106,29.027361,0.444609
2106,2107,29.041144,0.442892
2107,2108,29.054927,0.389170
2108,2109,29.068710,0.512465
2109,2110,29.082493,0.482801
2110,2111,29.096276,0.463885
2111,2112,29.110060,0.365553
2112,2113,29.123843,0.378903
2113,2114,29.137626,0.365645
2114,2115,29.151409,0.373350
2115,2116,29.165192,0.469260
2116,2117,29.178976,0.567392
2117,2118,29.192759,0.397469
2118,2119,29.206542,0.412181
2119,2120,29.220325,0.381855
2120,2121,29.234108,0.422344
2121,2122,29.247891,0.455880
2122,2123,29.261675,0.384991
2123,2124,29.275458,0.408998
2124,2125,29.289241,0.404148
2125,2126,29.303024,0.358638
2126,2127,29.316807,0.403346
2127,2128,29.330590,0.369540
2128,2129,29.344374,0.449086
2129,2130,29.358157,0.385994
2130,2131,29.371940,0.477434
2131,2132,29.385723,0.403704
2132,2133,29.399506,0.426992
2133,2134,29.413289,0.442268
2134,2135,29.427073,0.461463
2135,2136,29.440856,0.441676
2136,2137,29.454639,0.462401
2137,2138,29.468422,0.491341
2138,2139,29.482205,0.432609
2139,2140,29.495988,0.389792
2140,2141,29.509772,0.347690
2141,2142,29.523555,0.402936
2142,2143,29.537338,0.414130
2143,2144,29.551121,0.425138
2144,2145,29.564904,0.443446
2145,2146,29.578688,0.446043
2146,2147,29.592471,0.425942
2147,2148,29.606254,0.423754
2148,2149,29.620037,0.409868
2149,2150,29.633820,0.401370
2150,2151,29.647603,0.416359
2151,2152,29.661387,0.458051
2152,2153,29.675170,0.465385
2153,2154,29.688953,0.387149
2154,2155,29.702736,0.421199
2155,2156,29.716519,0.384432
2156,2157,29.730302,0.379755
2157,2158,29.744086,0.377309
2158,2159,29.757869,0.369543
2159,2160,29.771652,0.423316
2160,2161,29.785435,0.364141
2161,2162,29.799218,0.467404
2162,2163,29.813001,0.456826
2163,2164,29.826785,0.427972
2164,2165,29.840568,0.370853
2165,2166,29.854351,0.359525
2166,2167,29.868134,0.384429
2167,2168,29.881917,0.420254
2168,2169,29.895700,0.372617
2169,2170,29.909484,0.460791
2170,2171,29.923267,0.437087
2171,2172,29.937050,0.365057
2172,2173,29.950833,0.462197
2173,2174,29.964616,0.460241
2174,2175,29.978400,0.387955
2175,2176,29.992183,0.444861
2176,2177,30.005966,0.429981
2177,2178,30.019749,0.437705
2178,2179,30.033532,0.321990
2179,2180,30.047315,0.374325
2180,2181,30.061099,0.413124
2181,2182,30.074882,0.399403
2182,2183,30.088665,0.473332
2183,2184,30.102448,0.402749
2184,2185,30.116231,0.424104
2185,2186,30.130014,0.469291
2186,2187,30.143798,0.469657
2187,2188,30.157581,0.413129
2188,2189,30.171364,0.429539
2189,2190,30.185147,0.458272
2190,2191,30.198930,0.389682
2191,2192,30.212713,0.368393
2192,2193,30.226497,0.443418
2193,2194,30.240280,0.417998
2194,2195,30.254063,0.453291
2195,2196,30.267846,0.441199
2196,2197,30.281629,0.430831
2197,2198,30.295412,0.481269
2198,2199,30.309196,0.368815
2199,2200,30.322979,0.456769
2200,2201,30.336762,0.449598
2201,2202,30.350545,0.435587
2202,2203,30.364328,0.397532
2203,2204,30.378111,0.376520
2204,2205,30.391895,0.424929
2205,2206,30.405678,0.457303
2206,2207,30.419461,0.434658
2207,2208,30.433244,0.427491
2208,2209,30.447027,0.432245
2209,2210,30.460811,0.456284
2210,2211,30.474594,0.409420
2211,2212,30.488377,0.391857
2212,2213,30.502160,0.447053
2213,2214,30.515943,0.364632
2214,2215,30.529726,0.439360
2215,2216,30.543510,0.394160
2216,2217,30.557293,0.398331
2217,2218,30.571076,0.404217
2218,2219,30.584859,0.436177
2219,2220,30.598642,0.392616
2220,2221,30.612425,0.366426
2221,2222,30.626209,0.370787
2222,2223,30.639992,0.448931
2223,2224,30.653775,0.419896
2224,2225,30.667558,0.435070
2225,2226,30.681341,0.409013
2226,2227,30.695124,0.403118
2227,2228,30.708908,0.410042
2228,2229,30.722691,0.407829
2229,2230,30.736474,0.408704
2230,2231,30.750257,0.413390
2231,2232,30.764040,0.448083
2232,2233,30.777823,0.362364
2233,2234,30.791607,0.467929
2234,2235,30.805390,0.471627
2235,2236,30.819173,0.437712
2236,2237,30.832956,0.386470
2237,2238,30.846739,0.324948
2238,2239,30.860523,0.429907
2239,2240,30.874306,0.450624
2240,2241,30.888089,0.471032
2241,2242,30.901872,0.403270
2242,2243,30.915655,0.424285
2243,2244,30.929438,0.436275
2244,2245,30.943222,0.468630
2245,2246,30.957005,0.426385
2246,2247,30.970788,0.402917
2247,2248,30.984571,0.401248
2248,2249,30.998354,0.408986
2249,2250,31.012137,0.362442
2250,2251,31.025921,0.373348
2251,2252,31.039704,0.466485
2252,2253,31.053487,0.426473
2253,2254,31.067270,0.364535
2254,2255,31.081053,0.406410
2255,2256,31.094836,0.411471
2256,2257,31.108620,0.477536
2257,2258,31.122403,0.307965
2258,2259,31.136186,0.487535
2259,2260,31.149969,0.425602
2260,2261,31.163752,0.386515
2261,2262,31.177535,0.385581
2262,2263,31.191319,0.414559
2263,2264,31.205102,0.443438
2264,2265,31.218885,0.469192
2265,2266,31.232668,0.410263
2266,2267,31.246451,0.476257
2267,2268,31.260235,0.457788
2268,2269,31.274018,0.429442
2269,2270,31.287801,0.446588
2270,2271,31.301584,0.339878
2271,2272,31.315367,0.493615
2272,2273,31.329150,0.440658
2273,2274,31.342934,0.372647
2274,2275,31.356717,0.370159
2275,2276,31.370500,0.430453
2276,2277,31.384283,0.463358
2277,2278,31.398066,0.414151
2278,2279,31.411849,0.446234
2279,2280,31.425633,0.395576
2280,2281,31.439416,0.466446
2281,2282,31.453199,0.391970
2282,2283,31.466982,0.427303
2283,2284,31.480765,0.419436
2284,2285,31.494548,0.429681
2285,2286,31.508332,0.398519
2286,2287,31.522115,0.415020
2287,2288,31.535898,0.431881
2288,2289,31.549681,0.414054
2289,2290,31.563464,0.407703
2290,2291,31.577247,0.410241
2291,2292,31.591031,0.464887
2292,2293,31.604814,0.379704
2293,2294,31.618597,0.394248
2294,2295,31.632380,0.416723
2295,2296,31.646163,0.396362
2296,2297,31.659947,0.440371
2297,2298,31.673730,0.415572
2298,2299,31.687513,0.413725
2299,2300,31.701296,0.360466
2300,2301,31.715079,0.425499
2301,2302,31.728862,0.360551
2302,2303,31.742646,0.502308
2303,2304,31.756429,0.491817
2304,2305,31.770212,0.450809
2305,2306,31.783995,0.406244
2306,2307,31.797778,0.387193
2307,2308,31.811561,0.382758
2308,2309,31.825345,0.439634
2309,2310,31.839128,0.426982
2310,2311,31.852911,0.383244
2311,2312,31.866694,0.312839
2312,2313,31.880477,0.458804
2313,2314,31.894260,0.494875
2314,2315,31.908044,0.352090
2315,2316,31.921827,0.366291
2316,2317,31.935610,0.408716
2317,2318,31.949393,0.425659
2318,2319,31.963176,0.426940
2319,2320,31.976959,0.417551
2320,2321,31.990743,0.489090
2321,2322,32.004526,0.467960
2322,2323,32.018309,0.444146
2323,2324,32.032092,0.455363
2324,2325,32.045875,0.446902
2325,2326,32.059659,0.474503
2326,2327,32.073442,0.442568
2327,2328,32.087225,0.468851
2328,2329,32.101008,0.480540
2329,2330,32.114791,0.369151
2330,2331,32.128574,0.455831
2331,2332,32.142358,0.489420
2332,2333,32.156141,0.505597
2333,2334,32.169924,0.459755
2334,2335,32.183707,0.485639
2335,2336,32.197490,0.461173
2336,2337,32.211273,0.461104
2337,2338,32.225057,0.439908
2338,2339,32.238840,0.444935
2339,2340,32.252623,0.381881
2340,2341,32.266406,0.412138
2341,2342,32.280189,0.385321
2342,2343,32.293972,0.435928
2343,2344,32.307756,0.375607
2344,2345,32.321539,0.447507
2345,2346,32.335322,0.493098
2346,2347,32.349105,0.387983
2347,2348,32.362888,0.397073
2348,2349,32.376671,0.440677
2349,2350,32.390455,0.397841
2350,2351,32.404238,0.369497
2351,2352,32.418021,0.357579
2352,2353,32.431804,0.487727
2353,2354,32.445587,0.471682
2354,2355,32.459370,0.399730
2355,2356,32.473154,0.388761
2356,2357,32.486937,0.386263
2357,2358,32.500720,0.407978
2358,2359,32.514503,0.459044
2359,2360,32.528286,0.416466
2360,2361,32.542070,0.435502
2361,2362,32.555853,0.477683
2362,2363,32.569636,0.403350
2363,2364,32.583419,0.455527
2364,2365,32.597202,0.340995
2365,2366,32.610985,0.403364
2366,2367,32.624769,0.444036
2367,2368,32.638552,0.399469
2368,2369,32.652335,0.472404
2369,2370,32.666118,0.404298
2370,2371,32.679901,0.371304
2371,2372,32.693684,0.407353
2372,2373,32.707468,0.480185
2373,2374,32.721251,0.353612
2374,2375,32.735034,0.478039
2375,2376,32.748817,0.343689
2376,2377,32.762600,0.458494
2377,2378,32.776383,0.454963
2378,2379,32.790167,0.479674
2379,2380,32.803950,0.378153
2380,2381,32.817733,0.441894
2381,2382,32.831516,0.407405
2382,2383,32.845299,0.388439
2383,2384,32.859082,0.482891
2384,2385,32.872866,0.405732
2385,2386,32.886649,0.416767
2386,2387,32.900432,0.442461
2387,2388,32.914215,0.446195
2388,2389,32.927998,0.401043
2389,2390,32.941782,0.405052
2390,2391,32.955565,0.445762
2391,2392,32.969348,0.429930
2392,2393,32.983131,0.433328
2393,2394,32.996914,0.470255
2394,2395,33.010697,0.444889
2395,2396,33.024481,0.417408
2396,2397,33.038264,0.442046
2397,2398,33.052047,0.467989
2398,2399,33.065830,0.462337
2399,2400,33.079613,0.455049
2400,2401,33.093396,0.398793
2401,2402,33.107180,0.389348
2402,2403,33.120963,0.452587
2403,2404,33.134746,0.379770
2404,2405,33.148529,0.412549
2405,2406,33.162312,0.483480
2406,2407,33.176095,0.418081
2407,2408,33.189879,0.462428
2408,2409,33.203662,0.453714
2409,2410,33.217445,0.417109
2410,2411,33.231228,0.447428
2411,2412,33.245011,0.405586
2412,2413,33.258794,0.437660
2413,2414,33.272578,0.397215
2414,2415,33.286361,0.483123
2415,2416,33.300144,0.354109
2416,2417,33.313927,0.402454
2417,2418,33.327710,0.427902
2418,2419,33.341494,0.445584
2419,2420,33.355277,0.317529
2420,2421,33.369060,0.386072
2421,2422,33.382843,0.478015
2422,2423,33.396626,0.421486
2423,2424,33.410409,0.425968
2424,2425,33.424193,0.442955
2425,2426,33.437976,0.381316
2426,2427,33.451759,0.437173
2427,2428,33.465542,0.374741
2428,2429,33.479325,0.457930
2429,2430,33.493108,0.403479
2430,2431,33.506892,0.387856
2431,2432,33.520675,0.364425
2432,2433,33.534458,0.383470
2433,2434,33.548241,0.415622
2434,2435,33.562024,0.422117
2435,2436,33.575807,0.421937
2436,2437,33.589591,0.474901
2437,2438,33.603374,0.411262
2438,2439,33.617157,0.440234
2439,2440,33.630940,0.485970
2440,2441,33.644723,0.429793
2441,2442,33.658506,0.480959
2442,2443,33.672290,0.478933
2443,2444,33.686073,0.441705
2444,2445,33.699856,0.452135
2445,2446,33.713639,0.471519
2446,2447,33.727422,0.398631
2447,2448,33.741206,0.376491
2448,2449,33.754989,0.428372
2449,2450,33.768772,0.480269
2450,2451,33.782555,0.384270
2451,2452,33.796338,0.444343
2452,2453,33.810121,0.481149
2453,2454,33.823905,0.480295
2454,2455,33.837688,0.384169
2455,2456,33.851471,0.431226
2456,2457,33.865254,0.442972
2457,2458,33.879037,0.359078
2458,2459,33.892820,0.469788
2459,2460,33.906604,0.427848
2460,2461,33.920387,0.394495
2461,2462,33.934170,0.468180
2462,2463,33.947953,0.393556
2463,2464,33.961736,0.511003
2464,2465,33.975519,0.498936
2465,2466,33.989303,0.441792
2466,2467,34.003086,0.425611
2467,2468,34.016869,0.464219
2468,2469,34.030652,0.434971
2469,2470,34.044435,0.436236
2470,2471,34.058218,0.479497
2471,2472,34.072002,0.449288
2472,2473,34.085785,0.474007
2473,2474,34.099568,0.456662
2474,2475,34.113351,0.379775
2475,2476,34.127134,0.391211
2476,2477,34.140918,0.452493
2477,2478,34.154701,0.396106
2478,2479,34.168484,0.387393
2479,2480,34.182267,0.455404
2480,2481,34.196050,0.314490
2481,2482,34.209833,0.412641
2482,2483,34.223617,0.460835
2483,2484,34.237400,0.420809
2484,2485,34.251183,0.435173
2485,2486,34.264966,0.402082
2486,2487,34.278749,0.479260
2487,2488,34.292532,0.374999
2488,2489,34.306316,0.536557
2489,2490,34.320099,0.477785
2490,2491,34.333882,0.377685
2491,2492,34.347665,0.375279
2492,2493,34.361448,0.426670
2493,2494,34.375231,0.403169
2494,2495,34.389015,0.416928
2495,2496,34.402798,0.431210
2496,2497,34.416581,0.487489
2497,2498,34.430364,0.424094
2498,2499,34.444147,0.428886
2499,2500,34.457930,0.436704
2500,2501,34.471714,0.427070
2501,2502,34.485497,0.409000
2502,2503,34.499280,0.502314
2503,2504,34.513063,0.402807
2504,2505,34.526846,0.427161
2505,2506,34.540630,0.404708
2506,2507,34.554413,0.423818
2507,2508,34.568196,0.415202
2508,2509,34.581979,0.407518
2509,2510,34.595762,0.422109
2510,2511,34.609545,0.447026
2511,2512,34.623329,0.426659
2512,2513,34.637112,0.437241
2513,2514,34.650895,0.437827
2514,2515,34.664678,0.409679
2515,2516,34.678461,0.407407
2516,2517,34.692244,0.331140
2517,2518,34.706028,0.437539
2518,2519,34.719811,0.429738
2519,2520,34.733594,0.466644
2520,2521,34.747377,0.489665
2521,2522,34.761160,0.495845
2522,2523,34.774943,0.379312
2523,2524,34.788727,0.389195
2524,2525,34.802510,0.374646
2525,2526,34.816293,0.440747
2526,2527,34.830076,0.521739
2527,2528,34.843859,0.424686
2528,2529,34.857642,0.418098
2529,2530,34.871426,0.377791
2530,2531,34.885209,0.410347
2531,2532,34.898992,0.439957
2532,2533,34.912775,0.408954
2533,2534,34.926558,0.427529
2534,2535,34.940341,0.427348
2535,2536,34.954125,0.412242
2536,2537,34.967908,0.424768
2537,2538,34.981691,0.434621
2538,2539,34.995474,0.472805
2539,2540,35.009257,0.417687
2540,2541,35.023041,0.382186
2541,2542,35.036824,0.422066
2542,2543,35.050607,0.415884
2543,2544,35.064390,0.431080
2544,2545,35.078173,0.367649
2545,2546,35.091956,0.446716
2546,2547,35.105740,0.406724
2547,2548,35.119523,0.362101
2548,2549,35.133306,0.474958
2549,2550,35.147089,0.399956
2550,2551,35.160872,0.409116
2551,2552,35.174655,0.369546
2552,2553,35.188439,0.428347
2553,2554,35.202222,0.357248
2554,2555,35.216005,0.453330
2555,2556,35.229788,0.391537
2556,2557,35.243571,0.468822
2557,2558,35.257354,0.390920
2558,2559,35.271138,0.394950
2559,2560,35.284921,0.388353
2560,2561,35.298704,0.469979
2561,2562,35.312487,0.454975
2562,2563,35.326270,0.413997
2563,2564,35.340053,0.398009
2564,2565,35.353837,0.432401
2565,2566,35.367620,0.446622
2566,2567,35.381403,0.456782
2567,2568,35.395186,0.501249
2568,2569,35.408969,0.469655
2569,2570,35.422753,0.471121
2570,2571,35.436536,0.497495
2571,2572,35.450319,0.383070
2572,2573,35.464102,0.454965
2573,2574,35.477885,0.425450
2574,2575,35.491668,0.426101
2575,2576,35.505452,0.416776
2576,2577,35.519235,0.378060
2577,2578,35.533018,0.412593
2578,2579,35.546801,0.408002
2579,2580,35.560584,0.440400
2580,2581,35.574367,0.500727
2581,2582,35.588151,0.330775
2582,2583,35.601934,0.408339
2583,2584,35.615717,0.376425
2584,2585,35.629500,0.455761
2585,2586,35.643283,0.434361
2586,2587,35.657066,0.393884
2587,2588,35.670850,0.486001
2588,2589,35.684633,0.433744
2589,2590,35.698416,0.439837
2590,2591,35.712199,0.410929
2591,2592,35.725982,0.414599
2592,2593,35.739765,0.386576
2593,2594,35.753549,0.418586
2594,2595,35.767332,0.429078
2595,2596,35.781115,0.398008
2596,2597,35.794898,0.433738
2597,2598,35.808681,0.444706
2598,2599,35.822465,0.455609
2599,2600,35.836248,0.417062
2600,2601,35.850031,0.389483
2601,2602,35.863814,0.443095
2602,2603,35.877597,0.432663
2603,2604,35.891380,0.419095
2604,2605,35.905164,0.426786
2605,2606,35.918947,0.462374
2606,2607,35.932730,0.452877
2607,2608,35.946513,0.395644
2608,2609,35.960296,0.455707
2609,2610,35.974079,0.400288
2610,2611,35.987863,0.438908
2611,2612,36.001646,0.376279
2612,2613,36.015429,0.480439
2613,2614,36.029212,0.417358
2614,2615,36.042995,0.360861
2615,2616,36.056778,0.426195
2616,2617,36.070562,0.397781
2617,2618,36.084345,0.444483
2618,2619,36.098128,0.476891
2619,2620,36.111911,0.474675
2620,2621,36.125694,0.436164
2621,2622,36.139477,0.444268
2622,2623,36.153261,0.520592
2623,2624,36.167044,0.408009
2624,2625,36.180827,0.469533
2625,2626,36.194610,0.419933
2626,2627,36.208393,0.497705
2627,2628,36.222177,0.458830
2628,2629,36.235960,0.406498
2629,2630,36.249743,0.438448
2630,2631,36.263526,0.505697
2631,2632,36.277309,0.428371
2632,2633,36.291092,0.453083
2633,2634,36.304876,0.470328
2634,2635,36.318659,0.406551
2635,2636,36.332442,0.381984
2636,2637,36.346225,0.444140
2637,2638,36.360008,0.499562
2638,2639,36.373791,0.437490
2639,2640,36.387575,0.369157
2640,2641,36.401358,0.476596
2641,2642,36.415141,0.350182
2642,2643,36.428924,0.411218
2643,2644,36.442707,0.446045
2644,2645,36.456490,0.397252
2645,2646,36.470274,0.469168
2646,2647,36.484057,0.519754
2647,2648,36.497840,0.407412
2648,2649,36.511623,0.393017
2649,2650,36.525406,0.422148
2650,2651,36.539189,0.401013
2651,2652,36.552973,0.398870
2652,2653,36.566756,0.375336
2653,2654,36.580539,0.436526
2654,2655,36.594322,0.367546
2655,2656,36.608105,0.483655
2656,2657,36.621889,0.373909
2657,2658,36.635672,0.370819
2658,2659,36.649455,0.391261
2659,2660,36.663238,0.298073
2660,2661,36.677021,0.471412
2661,2662,36.690804,0.457220
2662,2663,36.704588,0.412351
2663,2664,36.718371,0.424438
2664,2665,36.732154,0.430139
2665,2666,36.745937,0.376711
2666,2667,36.759720,0.358443
2667,2668,36.773503,0.457155
2668,2669,36.787287,0.437507
2669,2670,36.801070,0.507939
2670,2671,36.814853,0.446820
2671,2672,36.828636,0.497302
2672,2673,36.842419,0.373365
2673,2674,36.856202,0.496553
2674,2675,36.869986,0.471772
2675,2676,36.883769,0.385540
2676,2677,36.897552,0.357672
2677,2678,36.911335,0.462154
2678,2679,36.925118,0.472573
2679,2680,36.938901,0.442324
2680,2681,36.952685,0.420095
2681,2682,36.966468,0.473047
2682,2683,36.980251,0.446608
2683,2684,36.994034,0.439542
2684,2685,37.007817,0.442340
2685,2686,37.021600,0.467274
2686,2687,37.035384,0.455825
2687,2688,37.049167,0.459113
2688,2689,37.062950,0.400812
2689,2690,37.076733,0.422975
2690,2691,37.090516,0.394653
2691,2692,37.104300,0.416796
2692,2693,37.118083,0.422686
2693,2694,37.131866,0.348067
2694,2695,37.145649,0.449335
2695,2696,37.159432,0.434796
2696,2697,37.173215,0.424152
2697,2698,37.186999,0.435554
2698,2699,37.200782,0.472814
2699,2700,37.214565,0.419673
2700,2701,37.228348,0.387746
2701,2702,37.242131,0.412577
2702,2703,37.255914,0.456967
2703,2704,37.269698,0.423114
2704,2705,37.283481,0.379594
2705,2706,37.297264,0.407701
2706,2707,37.311047,0.428275
2707,2708,37.324830,0.450945
2708,2709,37.338613,0.478392
2709,2710,37.352397,0.451239
2710,2711,37.366180,0.471778
2711,2712,37.379963,0.442092
2712,2713,37.393746,0.438612
2713,2714,37.407529,0.429576
2714,2715,37.421312,0.376165
2715,2716,37.435096,0.414063
2716,2717,37.448879,0.433339
2717,2718,37.462662,0.454481
2718,2719,37.476445,0.445443
2719,2720,37.490228,0.369226
2720,2721,37.504012,0.430760
2721,2722,37.517795,0.397579
2722,2723,37.531578,0.466710
2723,2724,37.545361,0.455741
2724,2725,37.559144,0.496777
2725,2726,37.572927,0.385315
2726,2727,37.586711,0.462541
2727,2728,37.600494,0.427176
2728,2729,37.614277,0.411662
2729,2730,37.628060,0.433378
2730,2731,37.641843,0.422386
2731,2732,37.655626,0.453190
2732,2733,37.669410,0.363928
2733,2734,37.683193,0.454018
2734,2735,37.696976,0.450195
2735,2736,37.710759,0.450998
2736,2737,37.724542,0.465647
2737,2738,37.738325,0.379186
2738,2739,37.752109,0.407124
2739,2740,37.765892,0.503094
2740,2741,37.779675,0.422658
2741,2742,37.793458,0.403307
2742,2743,37.807241,0.383334
2743,2744,37.821024,0.325956
2744,2745,37.834808,0.406663
2745,2746,37.848591,0.484852
2746,2747,37.862374,0.502409
2747,2748,37.876157,0.445304
2748,2749,37.889940,0.385641
2749,2750,37.903724,0.424185
2750,2751,37.917507,0.451467
2751,2752,37.931290,0.430050
2752,2753,37.945073,0.437389
2753,2754,37.958856,0.395144
2754,2755,37.972639,0.368784
2755,2756,37.986423,0.419492
2756,2757,38.000206,0.422275
2757,2758,38.013989,0.424161
2758,2759,38.027772,0.413849
2759,2760,38.041555,0.449387
2760,2761,38.055338,0.533312
2761,2762,38.069122,0.504155
2762,2763,38.082905,0.408993
2763,2764,38.096688,0.387622
2764,2765,38.110471,0.461027
2765,2766,38.124254,0.379542
2766,2767,38.138037,0.455660
2767,2768,38.151821,0.464968
2768,2769,38.165604,0.387601
2769,2770,38.179387,0.442298
2770,2771,38.193170,0.407542
2771,2772,38.206953,0.452472
2772,2773,38.220736,0.458012
2773,2774,38.234520,0.512203
2774,2775,38.248303,0.523554
2775,2776,38.262086,0.457748
2776,2777,38.275869,0.420646
2777,2778,38.289652,0.401365
2778,2779,38.303436,0.393825
2779,2780,38.317219,0.461205
2780,2781,38.331002,0.430415
2781,2782,38.344785,0.412671
2782,2783,38.358568,0.397686
2783,2784,38.372351,0.496499
2784,2785,38.386135,0.406595
2785,2786,38.399918,0.420165
2786,2787,38.413701,0.393338
2787,2788,38.427484,0.467612
2788,2789,38.441267,0.484742
2789,2790,38.455050,0.399407
2790,2791,38.468834,0.385100
2791,2792,38.482617,0.509757
2792,2793,38.496400,0.460102
2793,2794,38.510183,0.452677
2794,2795,38.523966,0.395156
2795,2796,38.537749,0.416550
2796,2797,38.551533,0.445529
2797,2798,38.565316,0.389894
2798,2799,38.579099,0.447487
2799,2800,38.592882,0.487400
2800,2801,38.606665,0.432716
2801,2802,38.620448,0.398641
2802,2803,38.634232,0.474776
2803,2804,38.648015,0.363798
2804,2805,38.661798,0.460353
2805,2806,38.675581,0.481369
2806,2807,38.689364,0.433090
2807,2808,38.703148,0.493017
2808,2809,38.716931,0.426108
2809,2810,38.730714,0.472060
2810,2811,38.744497,0.404921
2811,2812,38.758280,0.481542
2812,2813,38.772063,0.389377
2813,2814,38.785847,0.476670
2814,2815,38.799630,0.475210
2815,2816,38.813413,0.413445
2816,2817,38.827196,0.411608
2817,2818,38.840979,0.500525
2818,2819,38.854762,0.461094
2819,2820,38.868546,0.494998
2820,2821,38.882329,0.477072
2821,2822,38.896112,0.452686
2822,2823,38.909895,0.381731
2823,2824,38.923678,0.428546
2824,2825,38.937461,0.412002
2825,2826,38.951245,0.444278
2826,2827,38.965028,0.493976
2827,2828,38.978811,0.381269
2828,2829,38.992594,0.468322
2829,2830,39.006377,0.388490
2830,2831,39.020160,0.338214
2831,2832,39.033944,0.399842
2832,2833,39.047727,0.429781
2833,2834,39.061510,0.414537
2834,2835,39.075293,0.395811
2835,2836,39.089076,0.371824
2836,2837,39.102859,0.382916
2837,2838,39.116643,0.430028
2838,2839,39.130426,0.428221
2839,2840,39.144209,0.393246
2840,2841,39.157992,0.338548
2841,2842,39.171775,0.387046
2842,2843,39.185559,0.426728
2843,2844,39.199342,0.354743
2844,2845,39.213125,0.407480
2845,2846,39.226908,0.438794
2846,2847,39.240691,0.464175
2847,2848,39.254474,0.448614
2848,2849,39.268258,0.387889
2849,2850,39.282041,0.411489
2850,2851,39.295824,0.458360
2851,2852,39.309607,0.438455
2852,2853,39.323390,0.368821
2853,2854,39.337173,0.451680
2854,2855,39.350957,0.413965
2855,2856,39.364740,0.415661
2856,2857,39.378523,0.410248
2857,2858,39.392306,0.381173
2858,2859,39.406089,0.399026
2859,2860,39.419872,0.485181
2860,2861,39.433656,0.394413
2861,2862,39.447439,0.402536
2862,2863,39.461222,0.438029
2863,2864,39.475005,0.431894
2864,2865,39.488788,0.394687
2865,2866,39.502571,0.461618
2866,2867,39.516355,0.444614
2867,2868,39.530138,0.459612
2868,2869,39.543921,0.365360
2869,2870,39.557704,0.432897
2870,2871,39.571487,0.405099
2871,2872,39.585271,0.394685
2872,2873,39.599054,0.415608
2873,2874,39.612837,0.381277
2874,2875,39.626620,0.427371
2875,2876,39.640403,0.462868
2876,2877,39.654186,0.398334
2877,2878,39.667970,0.428023
2878,2879,39.681753,0.464650
2879,2880,39.695536,0.439935
2880,2881,39.709319,0.348742
2881,2882,39.723102,0.395471
2882,2883,39.736885,0.464427
2883,2884,39.750669,0.447057
2884,2885,39.764452,0.400589
2885,2886,39.778235,0.391201
2886,2887,39.792018,0.373083
2887,2888,39.805801,0.370693
2888,2889,39.819584,0.545617
2889,2890,39.833368,0.399115
2890,2891,39.847151,0.409985
2891,2892,39.860934,0.432718
2892,2893,39.874717,0.396939
2893,2894,39.888500,0.410121
2894,2895,39.902283,0.442571
2895,2896,39.916067,0.507444
2896,2897,39.929850,0.402357
2897,2898,39.943633,0.446603
2898,2899,39.957416,0.438740
2899,2900,39.971199,0.467199
2900,2901,39.984983,0.503329
2901,2902,39.998766,0.431706
2902,2903,40.012549,0.425728
2903,2904,40.026332,0.398827
2904,2905,40.040115,0.446982
2905,2906,40.053898,0.393233
2906,2907,40.067682,0.398976
2907,2908,40.081465,0.474286
2908,2909,40.095248,0.406540
2909,2910,40.109031,0.469027
2910,2911,40.122814,0.421500
2911,2912,40.136597,0.461512
2912,2913,40.150381,0.410983
2913,2914,40.164164,0.455074
2914,2915,40.177947,0.362213
2915,2916,40.191730,0.421027
2916,2917,40.205513,0.345471
2917,2918,40.219296,0.430478
2918,2919,40.233080,0.388431
2919,2920,40.246863,0.400085
2920,2921,40.260646,0.495502
2921,2922,40.274429,0.415718
2922,2923,40.288212,0.403201
2923,2924,40.301995,0.384191
2924,2925,40.315779,0.437257
2925,2926,40.329562,0.447757
2926,2927,40.343345,0.420468
2927,2928,40.357128,0.407157
2928,2929,40.370911,0.429906
2929,2930,40.384695,0.480412
2930,2931,40.398478,0.406613
2931,2932,40.412261,0.453828
2932,2933,40.426044,0.363178
2933,2934,40.439827,0.382475
2934,2935,40.453610,0.450608
2935,2936,40.467394,0.409843
2936,2937,40.481177,0.465204
2937,2938,40.494960,0.440550
2938,2939,40.508743,0.486960
2939,2940,40.522526,0.485601
2940,2941,40.536309,0.431786
2941,2942,40.550093,0.417315
2942,2943,40.563876,0.405533
2943,2944,40.577659,0.403900
2944,2945,40.591442,0.439301
2945,2946,40.605225,0.416244
2946,2947,40.619008,0.464091
2947,2948,40.632792,0.493781
2948,2949,40.646575,0.392191
2949,2950,40.660358,0.446052
2950,2951,40.674141,0.449201
2951,2952,40.687924,0.451136
2952,2953,40.701707,0.403790
2953,2954,40.715491,0.433588
2954,2955,40.729274,0.433791
2955,2956,40.743057,0.480549
2956,2957,40.756840,0.358851
2957,2958,40.770623,0.433466
2958,2959,40.784407,0.423737
2959,2960,40.798190,0.454635
2960,2961,40.811973,0.429821
2961,2962,40.825756,0.548911
2962,2963,40.839539,0.481505
2963,2964,40.853322,0.418747
2964,2965,40.867106,0.359234
2965,2966,40.880889,0.383356
2966,2967,40.894672,0.382966
2967,2968,40.908455,0.481957
2968,2969,40.922238,0.470596
2969,2970,40.936021,0.418544
2970,2971,40.949805,0.425991
2971,2972,40.963588,0.422656
2972,2973,40.977371,0.442218
2973,2974,40.991154,0.475626
2974,2975,41.004937,0.407526
2975,2976,41.018720,0.438398
2976,2977,41.032504,0.481251
2977,2978,41.046287,0.489169
2978,2979,41.060070,0.415569
2979,2980,41.073853,0.461747
2980,2981,41.087636,0.473489
2981,2982,41.101419,0.450222
2982,2983,41.115203,0.456394
2983,2984,41.128986,0.487008
2984,2985,41.142769,0.441838
2985,2986,41.156552,0.405930
2986,2987,41.170335,0.507244
2987,2988,41.184118,0.469742
2988,2989,41.197902,0.371683
2989,2990,41.211685,0.498805
2990,2991,41.225468,0.415765
2991,2992,41.239251,0.437104
2992,2993,41.253034,0.474234
2993,2994,41.266818,0.503026
2994,2995,41.280601,0.457735
2995,2996,41.294384,0.404277
2996,2997,41.308167,0.451764
2997,2998,41.321950,0.485370
2998,2999,41.335733,0.517207
2999,3000,41.349517,0.380798
3000,3001,41.363300,0.425721
3001,3002,41.377083,0.434678
3002,3003,41.390866,0.390361
3003,3004,41.404649,0.421674
3004,3005,41.418432,0.403621
3005,3006,41.432216,0.435890
3006,3007,41.445999,0.385838
3007,3008,41.459782,0.434673
3008,3009,41.473565,0.406707
3009,3010,41.487348,0.434007
3010,3011,41.501131,0.382261
3011,3012,41.514915,0.382047
3012,3013,41.528698,0.408850
3013,3014,41.542481,0.333467
3014,3015,41.556264,0.436339
3015,3016,41.570047,0.465245
3016,3017,41.583830,0.367747
3017,3018,41.597614,0.442987
3018,3019,41.611397,0.365939
3019,3020,41.625180,0.438853
3020,3021,41.638963,0.420967
3021,3022,41.652746,0.415467
3022,3023,41.666530,0.443185
3023,3024,41.680313,0.454166
3024,3025,41.694096,0.456889
3025,3026,41.707879,0.356898
3026,3027,41.721662,0.448715
3027,3028,41.735445,0.406981
3028,3029,41.749229,0.420199
3029,3030,41.763012,0.407386
3030,3031,41.776795,0.409055
3031,3032,41.790578,0.476145
3032,3033,41.804361,0.454353
3033,3034,41.818144,0.465360
3034,3035,41.831928,0.363732
3035,3036,41.845711,0.444300
3036,3037,41.859494,0.403914
3037,3038,41.873277,0.519361
3038,3039,41.887060,0.484191
3039,3040,41.900843,0.434530
3040,3041,41.914627,0.379991
3041,3042,41.928410,0.426773
3042,3043,41.942193,0.388906
3043,3044,41.955976,0.513364
3044,3045,41.969759,0.443473
3045,3046,41.983542,0.442020
3046,3047,41.997326,0.451250
3047,3048,42.011109,0.449021
3048,3049,42.024892,0.487703
3049,3050,42.038675,0.383783
3050,3051,42.052458,0.409489
3051,3052,42.066242,0.477278
3052,3053,42.080025,0.463006
3053,3054,42.093808,0.378765
3054,3055,42.107591,0.375607
3055,3056,42.121374,0.369729
3056,3057,42.135157,0.396856
3057,3058,42.148941,0.446453
3058,3059,42.162724,0.436747
3059,3060,42.176507,0.498751
3060,3061,42.190290,0.411209
3061,3062,42.204073,0.403754
3062,3063,42.217856,0.432677
3063,3064,42.231640,0.358381
3064,3065,42.245423,0.478168
3065,3066,42.259206,0.500588
3066,3067,42.272989,0.402893
3067,3068,42.286772,0.401317
3068,3069,42.300555,0.448895
3069,3070,42.314339,0.401360
3070,3071,42.328122,0.421568
3071,3072,42.341905,0.428939
3072,3073,42.355688,0.404691
3073,3074,42.369471,0.419757
3074,3075,42.383254,0.410427
3075,3076,42.397038,0.443497
3076,3077,42.410821,0.474662
3077,3078,42.424604,0.400576
3078,3079,42.438387,0.427205
3079,3080,42.452170,0.383111
3080,3081,42.465954,0.464715
3081,3082,42.479737,0.415895
3082,3083,42.493520,0.373203
3083,3084,42.507303,0.489251
3084,3085,42.521086,0.486806
3085,3086,42.534869,0.455778
3086,3087,42.548653,0.353518
3087,3088,42.562436,0.440268
3088,3089,42.576219,0.468067
3089,3090,42.590002,0.401806
3090,3091,42.603785,0.403275
3091,3092,42.617568,0.428121
3092,3093,42.631352,0.389250
3093,3094,42.645135,0.368645
3094,3095,42.658918,0.442142
3095,3096,42.672701,0.402193
3096,3097,42.686484,0.402035
3097,3098,42.700267,0.514024
3098,3099,42.714051,0.451642
3099,3100,42.727834,0.397271
3100,3101,42.741617,0.463181
3101,3102,42.755400,0.445335
3102,3103,42.769183,0.521548
3103,3104,42.782966,0.469770
3104,3105,42.796750,0.439662
3105,3106,42.810533,0.435456
3106,3107,42.824316,0.466205
3107,3108,42.838099,0.422232
3108,3109,42.851882,0.387020
3109,3110,42.865666,0.417475
3110,3111,42.879449,0.401430
3111,3112,42.893232,0.425544
3112,3113,42.907015,0.427134
3113,3114,42.920798,0.357776
3114,3115,42.934581,0.369182
3115,3116,42.948365,0.464517
3116,3117,42.962148,0.426900
3117,3118,42.975931,0.491424
3118,3119,42.989714,0.520671
3119,3120,43.003497,0.481940
3120,3121,43.017280,0.456858
3121,3122,43.031064,0.473165
3122,3123,43.044847,0.428493
3123,3124,43.058630,0.419215
3124,3125,43.072413,0.370932
3125,3126,43.086196,0.364921
3126,3127,43.099979,0.436938
3127,3128,43.113763,0.513880
3128,3129,43.127546,0.479755
3129,3130,43.141329,0.354962
3130,3131,43.155112,0.433500
3131,3132,43.168895,0.407972
3132,3133,43.182678,0.414366
3133,3134,43.196462,0.445586
3134,3135,43.210245,0.514093
3135,3136,43.224028,0.427415
3136,3137,43.237811,0.426993
3137,3138,43.251594,0.475974
3138,3139,43.265377,0.395003
3139,3140,43.279161,0.420981
3140,3141,43.292944,0.437050
3141,3142,43.306727,0.426144
3142,3143,43.320510,0.502785
3143,3144,43.334293,0.429343
3144,3145,43.348077,0.398185
3145,3146,43.361860,0.351843
3146,3147,43.375643,0.406014
3147,3148,43.389426,0.400980
3148,3149,43.403209,0.495892
3149,3150,43.416992,0.426246
3150,3151,43.430776,0.393018
3151,3152,43.444559,0.391369
3152,3153,43.458342,0.475627
3153,3154,43.472125,0.450686
3154,3155,43.485908,0.429554
3155,3156,43.499691,0.401854
3156,3157,43.513475,0.464753
3157,3158,43.527258,0.431287
3158,3159,43.541041,0.427715
3159,3160,43.554824,0.416991
3160,3161,43.568607,0.444072
3161,3162,43.582390,0.399402
3162,3163,43.596174,0.460291
3163,3164,43.609957,0.378732
3164,3165,43.623740,0.390288
3165,3166,43.637523,0.331724
3166,3167,43.651306,0.469306
3167,3168,43.665089,0.405944
3168,3169,43.678873,0.380560
3169,3170,43.692656,0.401147
3170,3171,43.706439,0.393488
3171,3172,43.720222,0.449976
3172,3173,43.734005,0.461511
3173,3174,43.747789,0.395171
3174,3175,43.761572,0.394680
3175,3176,43.775355,0.435608
3176,3177,43.789138,0.409398
3177,3178,43.802921,0.398020
3178,3179,43.816704,0.436390
3179,3180,43.830488,0.404251
3180,3181,43.844271,0.379464
3181,3182,43.858054,0.435549
3182,3183,43.871837,0.484202
3183,3184,43.885620,0.335865
3184,3185,43.899403,0.431789
3185,3186,43.913187,0.499295
3186,3187,43.926970,0.401073
3187,3188,43.940753,0.360989
3188,3189,43.954536,0.410437
3189,3190,43.968319,0.505144
3190,3191,43.982102,0.423565
3191,3192,43.995886,0.433827
3192,3193,44.009669,0.454085
3193,3194,44.023452,0.549645
3194,3195,44.037235,0.386317
3195,3196,44.051018,0.438639
3196,3197,44.064801,0.509639
3197,3198,44.078585,0.461962
3198,3199,44.092368,0.466386
3199,3200,44.106151,0.453067
3200,3201,44.119934,0.421756
3201,3202,44.133717,0.430817
3202,3203,44.147501,0.433552
3203,3204,44.161284,0.461730
3204,3205,44.175067,0.464336
3205,3206,44.188850,0.507864
3206,3207,44.202633,0.493119
3207,3208,44.216416,0.452548
3208,3209,44.230200,0.398993
3209,3210,44.243983,0.398538
3210,3211,44.257766,0.445903
3211,3212,44.271549,0.442959
3212,3213,44.285332,0.376951
3213,3214,44.299115,0.448241
3214,3215,44.312899,0.449773
3215,3216,44.326682,0.376515
3216,3217,44.340465,0.403173
3217,3218,44.354248,0.438590
3218,3219,44.368031,0.475199
3219,3220,44.381814,0.386666
3220,3221,44.395598,0.450865
3221,3222,44.409381,0.401724
3222,3223,44.423164,0.385586
3223,3224,44.436947,0.401382
3224,3225,44.450730,0.472234
3225,3226,44.464513,0.416890
3226,3227,44.478297,0.441925
3227,3228,44.492080,0.398240
3228,3229,44.505863,0.375992
3229,3230,44.519646,0.439359
3230,3231,44.533429,0.460597
3231,3232,44.547213,0.440175
3232,3233,44.560996,0.466473
3233,3234,44.574779,0.391036
3234,3235,44.588562,0.348943
3235,3236,44.602345,0.442572
3236,3237,44.616128,0.439386
3237,3238,44.629912,0.465131
3238,3239,44.643695,0.433767
3239,3240,44.657478,0.462065
3240,3241,44.671261,0.438824
3241,3242,44.685044,0.410882
3242,3243,44.698827,0.439120
3243,3244,44.712611,0.367764
3244,3245,44.726394,0.396356
3245,3246,44.740177,0.391266
3246,3247,44.753960,0.398843
3247,3248,44.767743,0.370618
3248,3249,44.781526,0.435676
3249,3250,44.795310,0.376430
3250,3251,44.809093,0.441024
3251,3252,44.822876,0.429417
3252,3253,44.836659,0.459885
3253,3254,44.850442,0.452353
3254,3255,44.864225,0.412568
3255,3256,44.878009,0.404849
3256,3257,44.891792,0.423581
3257,3258,44.905575,0.416064
3258,3259,44.919358,0.427311
3259,3260,44.933141,0.509059
3260,3261,44.946925,0.409632
3261,3262,44.960708,0.360302
3262,3263,44.974491,0.370972
3263,3264,44.988274,0.465304
3264,3265,45.002057,0.467988
3265,3266,45.015840,0.458519
3266,3267,45.029624,0.398924
3267,3268,45.043407,0.428206
3268,3269,45.057190,0.417403
3269,3270,45.070973,0.450247
3270,3271,45.084756,0.422581
3271,3272,45.098539,0.348602
3272,3273,45.112323,0.448537
3273,3274,45.126106,0.408176
3274,3275,45.139889,0.491444
3275,3276,45.153672,0.409560
3276,3277,45.167455,0.451895
3277,3278,45.181238,0.428142
3278,3279,45.195022,0.394149
3279,3280,45.208805,0.479951
3280,3281,45.222588,0.435688
3281,3282,45.236371,0.413432
3282,3283,45.250154,0.350504
3283,3284,45.263937,0.332586
3284,3285,45.277721,0.391248
3285,3286,45.291504,0.363300
3286,3287,45.305287,0.406906
3287,3288,45.319070,0.410433
3288,3289,45.332853,0.415819
3289,3290,45.346636,0.426808
3290,3291,45.360420,0.449792
3291,3292,45.374203,0.415448
3292,3293,45.387986,0.458875
3293,3294,45.401769,0.463080
3294,3295,45.415552,0.429285
3295,3296,45.429336,0.525184
3296,3297,45.443119,0.409831
3297,3298,45.456902,0.504744
3298,3299,45.470685,0.468061
3299,3300,45.484468,0.464666
3300,3301,45.498251,0.455331
3301,3302,45.512035,0.306933
3302,3303,45.525818,0.411868
3303,3304,45.539601,0.399525
3304,3305,45.553384,0.479720
3305,3306,45.567167,0.381347
3306,3307,45.580950,0.399668
3307,3308,45.594734,0.464228
3308,3309,45.608517,0.468168
3309,3310,45.622300,0.477029
3310,3311,45.636083,0.421086
3311,3312,45.649866,0.426816
3312,3313,45.663649,0.366023
3313,3314,45.677433,0.398894
3314,3315,45.691216,0.485300
3315,3316,45.704999,0.395470
3316,3317,45.718782,0.454014
3317,3318,45.732565,0.448166
3318,3319,45.746348,0.427704
3319,3320,45.760132,0.429324
3320,3321,45.773915,0.497869
3321,3322,45.787698,0.477159
3322,3323,45.801481,0.421039
3323,3324,45.815264,0.412251
3324,3325,45.829048,0.416543
3325,3326,45.842831,0.435433
3326,3327,45.856614,0.488502
3327,3328,45.870397,0.462028
3328,3329,45.884180,0.404583
3329,3330,45.897963,0.390347
3330,3331,45.911747,0.445358
3331,3332,45.925530,0.467744
3332,3333,45.939313,0.429752
3333,3334,45.953096,0.468023
3334,3335,45.966879,0.448220
3335,3336,45.980662,0.345079
3336,3337,45.994446,0.436251
3337,3338,46.008229,0.458730
3338,3339,46.022012,0.436700
3339,3340,46.035795,0.499961
3340,3341,46.049578,0.436379
3341,3342,46.063361,0.486554
3342,3343,46.077145,0.405319
3343,3344,46.090928,0.408454
3344,3345,46.104711,0.387543
3345,3346,46.118494,0.445683
3346,3347,46.132277,0.372088
3347,3348,46.146060,0.376329
3348,3349,46.159844,0.494297
3349,3350,46.173627,0.414112
3350,3351,46.187410,0.327167
3351,3352,46.201193,0.499370
3352,3353,46.214976,0.473368
3353,3354,46.228760,0.459860
3354,3355,46.242543,0.507595
3355,3356,46.256326,0.505024
3356,3357,46.270109,0.409962
3357,3358,46.283892,0.426296
3358,3359,46.297675,0.396780
3359,3360,46.311459,0.480226
3360,3361,46.325242,0.471629
3361,3362,46.339025,0.432335
3362,3363,46.352808,0.326724
3363,3364,46.366591,0.444078
3364,3365,46.380374,0.423510
3365,3366,46.394158,0.417902
3366,3367,46.407941,0.452477
3367,3368,46.421724,0.471798
3368,3369,46.435507,0.443180
3369,3370,46.449290,0.463733
3370,3371,46.463073,0.367058
3371,3372,46.476857,0.413217
3372,3373,46.490640,0.468425
3373,3374,46.504423,0.437680
3374,3375,46.518206,0.443274
3375,3376,46.531989,0.504722
3376,3377,46.545772,0.462965
3377,3378,46.559556,0.423346
3378,3379,46.573339,0.359754
3379,3380,46.587122,0.419552
3380,3381,46.600905,0.422050
3381,3382,46.614688,0.476944
3382,3383,46.628472,0.476622
3383,3384,46.642255,0.407400
3384,3385,46.656038,0.419905
3385,3386,46.669821,0.414550
3386,3387,46.683604,0.440247
3387,3388,46.697387,0.425898
3388,3389,46.711171,0.417306
3389,3390,46.724954,0.388141
3390,3391,46.738737,0.409009
3391,3392,46.752520,0.401131
3392,3393,46.766303,0.455298
3393,3394,46.780086,0.398488
3394,3395,46.793870,0.420263
3395,3396,46.807653,0.466200
3396,3397,46.821436,0.412690
3397,3398,46.835219,0.475642
3398,3399,46.849002,0.424382
3399,3400,46.862785,0.493564
3400,3401,46.876569,0.490172
3401,3402,46.890352,0.408677
3402,3403,46.904135,0.408930
3403,3404,46.917918,0.449845
3404,3405,46.931701,0.417180
3405,3406,46.945484,0.377391
3406,3407,46.959268,0.329142
3407,3408,46.973051,0.390817
3408,3409,46.986834,0.427163
3409,3410,47.000617,0.412826
3410,3411,47.014400,0.408064
3411,3412,47.028184,0.388648
3412,3413,47.041967,0.445378
3413,3414,47.055750,0.431580
3414,3415,47.069533,0.413352
3415,3416,47.083316,0.484003
3416,3417,47.097099,0.402049
3417,3418,47.110883,0.501777
3418,3419,47.124666,0.542096
3419,3420,47.138449,0.387241
3420,3421,47.152232,0.449000
3421,3422,47.166015,0.413006
3422,3423,47.179798,0.416215
3423,3424,47.193582,0.413060
3424,3425,47.207365,0.463588
3425,3426,47.221148,0.470094
3426,3427,47.234931,0.410690
3427,3428,47.248714,0.349044
3428,3429,47.262497,0.473338
3429,3430,47.276281,0.423405
3430,3431,47.290064,0.364349
3431,3432,47.303847,0.400759
3432,3433,47.317630,0.399354
3433,3434,47.331413,0.420254
3434,3435,47.345196,0.385323
3435,3436,47.358980,0.381265
3436,3437,47.372763,0.411860
3437,3438,47.386546,0.409662
3438,3439,47.400329,0.432204
3439,3440,47.414112,0.458924
3440,3441,47.427895,0.412772
3441,3442,47.441679,0.425530
3442,3443,47.455462,0.423382
3443,3444,47.469245,0.417544
3444,3445,47.483028,0.381344
3445,3446,47.496811,0.504182
3446,3447,47.510595,0.469502
3447,3448,47.524378,0.447065
3448,3449,47.538161,0.395750
3449,3450,47.551944,0.383181
3450,3451,47.565727,0.419531
3451,3452,47.579510,0.414752
3452,3453,47.593294,0.487018
3453,3454,47.607077,0.372520
3454,3455,47.620860,0.439225
3455,3456,47.634643,0.393548
3456,3457,47.648426,0.379740
3457,3458,47.662209,0.429509
3458,3459,47.675993,0.470953
3459,3460,47.689776,0.497734
3460,3461,47.703559,0.452266
3461,3462,47.717342,0.433368
3462,3463,47.731125,0.431286
3463,3464,47.744908,0.425391
3464,3465,47.758692,0.426878
3465,3466,47.772475,0.530676
3466,3467,47.786258,0.414964
3467,3468,47.800041,0.347074
3468,3469,47.813824,0.376386
3469,3470,47.827607,0.462374
3470,3471,47.841391,0.465863
3471,3472,47.855174,0.365284
3472,3473,47.868957,0.440555
3473,3474,47.882740,0.466121
3474,3475,47.896523,0.477448
3475,3476,47.910307,0.377471
3476,3477,47.924090,0.368236
3477,3478,47.937873,0.372200
3478,3479,47.951656,0.484025
3479,3480,47.965439,0.474754
3480,3481,47.979222,0.397614
3481,3482,47.993006,0.437510
3482,3483,48.006789,0.468791
3483,3484,48.020572,0.437926
3484,3485,48.034355,0.463846
3485,3486,48.048138,0.364370
3486,3487,48.061921,0.447792
3487,3488,48.075705,0.444355
3488,3489,48.089488,0.441918
3489,3490,48.103271,0.432284
3490,3491,48.117054,0.445950
3491,3492,48.130837,0.463556
3492,3493,48.144620,0.396006
3493,3494,48.158404,0.414657
3494,3495,48.172187,0.384662
3495,3496,48.185970,0.489234
3496,3497,48.199753,0.464001
3497,3498,48.213536,0.399557
3498,3499,48.227319,0.402619
3499,3500,48.241103,0.390209
3500,3501,48.254886,0.436537
3501,3502,48.268669,0.370407
3502,3503,48.282452,0.430729
3503,3504,48.296235,0.440806
3504,3505,48.310019,0.451343
3505,3506,48.323802,0.402174
3506,3507,48.337585,0.465650
3507,3508,48.351368,0.409260
3508,3509,48.365151,0.482704
3509,3510,48.378934,0.437426
3510,3511,48.392718,0.381118
3511,3512,48.406501,0.382589
3512,3513,48.420284,0.459441
3513,3514,48.434067,0.400374
3514,3515,48.447850,0.458295
3515,3516,48.461633,0.519550
3516,3517,48.475417,0.479516
3517,3518,48.489200,0.436281
3518,3519,48.502983,0.441291
3519,3520,48.516766,0.498026
3520,3521,48.530549,0.420826
3521,3522,48.544332,0.464730
3522,3523,48.558116,0.385493
3523,3524,48.571899,0.399461
3524,3525,48.585682,0.325364
3525,3526,48.599465,0.429197
3526,3527,48.613248,0.431668
3527,3528,48.627031,0.394895
3528,3529,48.640815,0.364566
3529,3530,48.654598,0.381451
3530,3531,48.668381,0.410446
3531,3532,48.682164,0.376746
3532,3533,48.695947,0.471034
3533,3534,48.709731,0.321151
3534,3535,48.723514,0.508517
3535,3536,48.737297,0.349433
3536,3537,48.751080,0.374632
3537,3538,48.764863,0.451981
3538,3539,48.778646,0.446417
3539,3540,48.792430,0.442608
3540,3541,48.806213,0.466140
3541,3542,48.819996,0.451444
3542,3543,48.833779,0.415303
3543,3544,48.847562,0.386117
3544,3545,48.861345,0.413580
3545,3546,48.875129,0.433655
3546,3547,48.888912,0.417114
3547,3548,48.902695,0.413310
3548,3549,48.916478,0.410797
3549,3550,48.930261,0.386368
3550,3551,48.944044,0.461749
3551,3552,48.957828,0.468827
3552,3553,48.971611,0.412002
3553,3554,48.985394,0.456557
3554,3555,48.999177,0.470534
3555,3556,49.012960,0.406266
3556,3557,49.026743,0.472540
3557,3558,49.040527,0.356145
3558,3559,49.054310,0.347024
3559,3560,49.068093,0.452321
3560,3561,49.081876,0.364576
3561,3562,49.095659,0.417180
3562,3563,49.109443,0.453479
3563,3564,49.123226,0.415881
3564,3565,49.137009,0.430744
3565,3566,49.150792,0.477467
3566,3567,49.164575,0.357221
3567,3568,49.178358,0.342158
3568,3569,49.192142,0.397035
3569,3570,49.205925,0.464436
3570,3571,49.219708,0.415356
3571,3572,49.233491,0.420913
3572,3573,49.247274,0.450839
3573,3574,49.261057,0.452282
3574,3575,49.274841,0.395201
3575,3576,49.288624,0.413320
3576,3577,49.302407,0.382100
3577,3578,49.316190,0.368216
3578,3579,49.329973,0.417619
3579,3580,49.343756,0.461576
3580,3581,49.357540,0.412215
3581,3582,49.371323,0.498877
3582,3583,49.385106,0.401438
3583,3584,49.398889,0.457675
3584,3585,49.412672,0.486393
3585,3586,49.426455,0.376471
3586,3587,49.440239,0.420174
3587,3588,49.454022,0.496707
3588,3589,49.467805,0.415323
3589,3590,49.481588,0.362153
3590,3591,49.495371,0.463710
3591,3592,49.509154,0.376038
3592,3593,49.522938,0.447776
3593,3594,49.536721,0.479833
3594,3595,49.550504,0.441893
3595,3596,49.564287,0.432777
3596,3597,49.578070,0.381186
3597,3598,49.591854,0.378936
3598,3599,49.605637,0.424574
3599,3600,49.619420,0.361444
3600,3601,49.633203,0.457858
3601,3602,49.646986,0.431277
3602,3603,49.660769,0.383700
3603,3604,49.674553,0.402796
3604,3605,49.688336,0.400048
3605,3606,49.702119,0.400696
3606,3607,49.715902,0.358957
3607,3608,49.729685,0.482197
3608,3609,49.743468,0.419623
3609,3610,49.757252,0.457828
3610,3611,49.771035,0.362720
3611,3612,49.784818,0.488813
3612,3613,49.798601,0.434252
3613,3614,49.812384,0.491066
3614,3615,49.826167,0.394340
3615,3616,49.839951,0.359289
3616,3617,49.853734,0.421818
3617,3618,49.867517,0.378146
3618,3619,49.881300,0.400745
3619,3620,49.895083,0.562691
3620,3621,49.908866,0.438703
3621,3622,49.922650,0.380499
3622,3623,49.936433,0.418628
3623,3624,49.950216,0.411033
3624,3625,49.963999,0.368728
3625,3626,49.977782,0.401102
3626,3627,49.991566,0.416547
3627,3628,50.005349,0.442676
3628,3629,50.019132,0.432447
3629,3630,50.032915,0.390548
3630,3631,50.046698,0.507233
3631,3632,50.060481,0.451450
3632,3633,50.074265,0.458759
3633,3634,50.088048,0.454008
3634,3635,50.101831,0.459113
3635,3636,50.115614,0.404323
3636,3637,50.129397,0.406445
3637,3638,50.143180,0.419775
3638,3639,50.156964,0.414869
3639,3640,50.170747,0.404597
3640,3641,50.184530,0.419805
3641,3642,50.198313,0.416590
3642,3643,50.212096,0.428363
3643,3644,50.225879,0.467135
3644,3645,50.239663,0.408657
3645,3646,50.253446,0.464532
3646,3647,50.267229,0.339726
3647,3648,50.281012,0.481270
3648,3649,50.294795,0.400729
3649,3650,50.308578,0.441387
3650,3651,50.322362,0.480525
3651,3652,50.336145,0.411233
3652,3653,50.349928,0.525840
3653,3654,50.363711,0.444113
3654,3655,50.377494,0.456262
3655,3656,50.391278,0.384329
3656,3657,50.405061,0.391766
3657,3658,50.418844,0.420818
3658,3659,50.432627,0.425942
3659,3660,50.446410,0.475027
3660,3661,50.460193,0.433616
3661,3662,50.473977,0.469395
3662,3663,50.487760,0.414519
3663,3664,50.501543,0.338635
3664,3665,50.515326,0.411808
3665,3666,50.529109,0.350628
3666,3667,50.542892,0.471404
3667,3668,50.556676,0.423826
3668,3669,50.570459,0.428260
3669,3670,50.584242,0.489251
3670,3671,50.598025,0.474143
3671,3672,50.611808,0.434480
3672,3673,50.625591,0.334477
3673,3674,50.639375,0.421419
3674,3675,50.653158,0.470138
3675,3676,50.666941,0.481088
3676,3677,50.680724,0.365020
3677,3678,50.694507,0.440169
3678,3679,50.708290,0.349247
3679,3680,50.722074,0.472773
3680,3681,50.735857,0.438803
3681,3682,50.749640,0.459604
3682,3683,50.763423,0.454847
3683,3684,50.777206,0.349333
3684,3685,50.790990,0.413823
3685,3686,50.804773,0.399549
3686,3687,50.818556,0.447635
3687,3688,50.832339,0.475597
3688,3689,50.846122,0.479284
3689,3690,50.859905,0.412802
3690,3691,50.873689,0.499208
3691,3692,50.887472,0.428987
3692,3693,50.901255,0.458398
3693,3694,50.915038,0.462709
3694,3695,50.928821,0.419341
3695,3696,50.942604,0.450279
3696,3697,50.956388,0.451154
3697,3698,50.970171,0.437182
3698,3699,50.983954,0.397935
3699,3700,50.997737,0.428504
3700,3701,51.011520,0.391834
3701,3702,51.025303,0.418534
3702,3703,51.039087,0.465062
3703,3704,51.052870,0.398513
3704,3705,51.066653,0.386881
3705,3706,51.080436,0.378362
3706,3707,51.094219,0.404615
3707,3708,51.108002,0.405539
3708,3709,51.121786,0.469293
3709,3710,51.135569,0.488544
3710,3711,51.149352,0.443069
3711,3712,51.163135,0.428539
3712,3713,51.176918,0.433651
3713,3714,51.190702,0.427582
3714,3715,51.204485,0.438049
3715,3716,51.218268,0.393373
3716,3717,51.232051,0.400080
3717,3718,51.245834,0.429264
3718,3719,51.259617,0.377021
3719,3720,51.273401,0.462431
3720,3721,51.287184,0.413624
3721,3722,51.300967,0.422057
3722,3723,51.314750,0.359895
3723,3724,51.328533,0.397326
3724,3725,51.342316,0.413776
3725,3726,51.356100,0.459006
3726,3727,51.369883,0.380319
3727,3728,51.383666,0.450860
3728,3729,51.397449,0.403761
3729,3730,51.411232,0.406513
3730,3731,51.425015,0.403949
3731,3732,51.438799,0.433755
3732,3733,51.452582,0.445411
3733,3734,51.466365,0.432533
3734,3735,51.480148,0.458295
3735,3736,51.493931,0.425482
3736,3737,51.507714,0.486956
3737,3738,51.521498,0.527221
3738,3739,51.535281,0.328260
3739,3740,51.549064,0.386474
3740,3741,51.562847,0.489204
3741,3742,51.576630,0.420609
3742,3743,51.590413,0.482944
3743,3744,51.604197,0.494833
3744,3745,51.617980,0.412359
3745,3746,51.631763,0.407217
3746,3747,51.645546,0.449548
3747,3748,51.659329,0.494183
3748,3749,51.673113,0.377901
3749,3750,51.686896,0.424665
3750,3751,51.700679,0.473530
3751,3752,51.714462,0.547909
3752,3753,51.728245,0.470840
3753,3754,51.742028,0.468335
3754,3755,51.755812,0.391686
3755,3756,51.769595,0.441629
3756,3757,51.783378,0.415007
3757,3758,51.797161,0.487394
3758,3759,51.810944,0.448336
3759,3760,51.824727,0.365038
3760,3761,51.838511,0.423053
3761,3762,51.852294,0.451389
3762,3763,51.866077,0.410666
3763,3764,51.879860,0.457615
3764,3765,51.893643,0.381439
3765,3766,51.907426,0.397562
3766,3767,51.921210,0.372748
3767,3768,51.934993,0.408194
3768,3769,51.948776,0.407801
3769,3770,51.962559,0.449975
3770,3771,51.976342,0.435150
3771,3772,51.990125,0.459014
3772,3773,52.003909,0.410239
3773,3774,52.017692,0.362523
3774,3775,52.031475,0.342717
3775,3776,52.045258,0.408103
3776,3777,52.059041,0.383395
3777,3778,52.072825,0.397786
3778,3779,52.086608,0.394043
3779,3780,52.100391,0.432622
3780,3781,52.114174,0.470669
3781,3782,52.127957,0.365813
3782,3783,52.141740,0.437112
3783,3784,52.155524,0.472769
3784,3785,52.169307,0.412965
3785,3786,52.183090,0.431078
3786,3787,52.196873,0.357167
3787,3788,52.210656,0.459845
3788,3789,52.224439,0.419020
3789,3790,52.238223,0.462466
3790,3791,52.252006,0.386226
3791,3792,52.265789,0.488283
3792,3793,52.279572,0.404680
3793,3794,52.293355,0.446761
3794,3795,52.307138,0.451013
3795,3796,52.320922,0.424793
3796,3797,52.334705,0.435346
3797,3798,52.348488,0.442209
3798,3799,52.362271,0.376034
3799,3800,52.376054,0.474949
3800,3801,52.389837,0.478730
3801,3802,52.403621,0.453774
3802,3803,52.417404,0.376546
3803,3804,52.431187,0.404258
3804,3805,52.444970,0.402131
3805,3806,52.458753,0.389589
3806,3807,52.472537,0.457476
3807,3808,52.486320,0.396438
3808,3809,52.500103,0.413294
3809,3810,52.513886,0.408646
3810,3811,52.527669,0.450053
3811,3812,52.541452,0.377248
3812,3813,52.555236,0.367199
3813,3814,52.569019,0.463407
3814,3815,52.582802,0.457746
3815,3816,52.596585,0.438718
3816,3817,52.610368,0.576678
3817,3818,52.624151,0.386833
3818,3819,52.637935,0.377283
3819,3820,52.651718,0.421533
3820,3821,52.665501,0.440086
3821,3822,52.679284,0.427234
3822,3823,52.693067,0.452094
3823,3824,52.706850,0.417681
3824,3825,52.720634,0.431262
3825,3826,52.734417,0.440530
3826,3827,52.748200,0.464629
3827,3828,52.761983,0.438810
3828,3829,52.775766,0.409890
3829,3830,52.789549,0.441019
3830,3831,52.803333,0.328512
3831,3832,52.817116,0.507779
3832,3833,52.830899,0.393908
3833,3834,52.844682,0.376954
3834,3835,52.858465,0.379474
3835,3836,52.872249,0.411154
3836,3837,52.886032,0.443228
3837,3838,52.899815,0.507358
3838,3839,52.913598,0.458118
3839,3840,52.927381,0.449877
3840,3841,52.941164,0.388977
3841,3842,52.954948,0.368525
3842,3843,52.968731,0.373471
3843,3844,52.982514,0.453514
3844,3845,52.996297,0.531969
3845,3846,53.010080,0.438064
3846,3847,53.023863,0.449967
3847,3848,53.037647,0.478854
3848,3849,53.051430,0.400427
3849,3850,53.065213,0.432429
3850,3851,53.078996,0.405709
3851,3852,53.092779,0.417720
3852,3853,53.106562,0.474902
3853,3854,53.120346,0.440675
3854,3855,53.134129,0.362954
3855,3856,53.147912,0.458978
3856,3857,53.161695,0.436622
3857,3858,53.175478,0.423967
3858,3859,53.189261,0.418960
3859,3860,53.203045,0.439539
3860,3861,53.216828,0.454320
3861,3862,53.230611,0.415922
3862,3863,53.244394,0.430342
3863,3864,53.258177,0.384730
3864,3865,53.271961,0.411276
3865,3866,53.285744,0.437877
3866,3867,53.299527,0.377585
3867,3868,53.313310,0.415229
3868,3869,53.327093,0.405762
3869,3870,53.340876,0.453851
3870,3871,53.354660,0.445510
3871,3872,53.368443,0.410245
3872,3873,53.382226,0.443358
3873,3874,53.396009,0.442874
3874,3875,53.409792,0.412658
3875,3876,53.423575,0.440199
3876,3877,53.437359,0.385458
3877,3878,53.451142,0.478612
3878,3879,53.464925,0.441370
3879,3880,53.478708,0.392235
3880,3881,53.492491,0.466658
3881,3882,53.506274,0.416880
3882,3883,53.520058,0.332117
3883,3884,53.533841,0.376836
3884,3885,53.547624,0.393990
3885,3886,53.561407,0.414378
3886,3887,53.575190,0.404015
3887,3888,53.588973,0.437133
3888,3889,53.602757,0.420974
3889,3890,53.616540,0.408963
3890,3891,53.630323,0.375121
3891,3892,53.644106,0.437689
3892,3893,53.657889,0.355368
3893,3894,53.671672,0.465572
3894,3895,53.685456,0.398664
3895,3896,53.699239,0.480879
3896,3897,53.713022,0.375296
3897,3898,53.726805,0.367592
3898,3899,53.740588,0.348437
3899,3900,53.754372,0.433933
3900,3901,53.768155,0.501299
3901,3902,53.781938,0.484758
3902,3903,53.795721,0.410839
3903,3904,53.809504,0.375044
3904,3905,53.823287,0.405791
3905,3906,53.837071,0.424032
3906,3907,53.850854,0.404782
3907,3908,53.864637,0.416254
3908,3909,53.878420,0.421833
3909,3910,53.892203,0.449826
3910,3911,53.905986,0.405151
3911,3912,53.919770,0.430174
3912,3913,53.933553,0.418114
3913,3914,53.947336,0.435152
3914,3915,53.961119,0.379816
3915,3916,53.974902,0.436366
3916,3917,53.988685,0.391005
3917,3918,54.002469,0.474915
3918,3919,54.016252,0.482232
3919,3920,54.030035,0.388955
3920,3921,54.043818,0.389835
3921,3922,54.057601,0.426154
3922,3923,54.071384,0.434766
3923,3924,54.085168,0.438702
3924,3925,54.098951,0.427550
3925,3926,54.112734,0.381933
3926,3927,54.126517,0.420084
3927,3928,54.140300,0.400057
3928,3929,54.154084,0.458327
3929,3930,54.167867,0.397907
3930,3931,54.181650,0.428666
3931,3932,54.195433,0.481857
3932,3933,54.209216,0.446764
3933,3934,54.222999,0.435985
3934,3935,54.236783,0.448895
3935,3936,54.250566,0.391032
3936,3937,54.264349,0.359562
3937,3938,54.278132,0.444460
3938,3939,54.291915,0.392357
3939,3940,54.305698,0.438916
3940,3941,54.319482,0.390177
3941,3942,54.333265,0.443743
3942,3943,54.347048,0.478617
3943,3944,54.360831,0.475657
3944,3945,54.374614,0.453961
3945,3946,54.388397,0.395291
3946,3947,54.402181,0.436570
3947,3948,54.415964,0.411869
3948,3949,54.429747,0.463069
3949,3950,54.443530,0.514770
3950,3951,54.457313,0.443883
3951,3952,54.471096,0.419813
3952,3953,54.484880,0.352801
3953,3954,54.498663,0.439063
3954,3955,54.512446,0.414914
3955,3956,54.526229,0.427480
3956,3957,54.540012,0.348651
3957,3958,54.553796,0.483559
3958,3959,54.567579,0.442152
3959,3960,54.581362,0.397258
3960,3961,54.595145,0.424112
3961,3962,54.608928,0.415811
3962,3963,54.622711,0.391630
3963,3964,54.636495,0.439160
3964,3965,54.650278,0.464008
3965,3966,54.664061,0.389214
3966,3967,54.677844,0.374594
3967,3968,54.691627,0.402083
3968,3969,54.705410,0.463547
3969,3970,54.719194,0.360225
3970,3971,54.732977,0.400659
3971,3972,54.746760,0.393892
3972,3973,54.760543,0.377238
3973,3974,54.774326,0.399015
3974,3975,54.788109,0.494125
3975,3976,54.801893,0.396444
3976,3977,54.815676,0.475559
3977,3978,54.829459,0.360137
3978,3979,54.843242,0.378560
3979,3980,54.857025,0.417409
3980,3981,54.870808,0.392988
3981,3982,54.884592,0.388180
3982,3983,54.898375,0.358938
3983,3984,54.912158,0.416082
3984,3985,54.925941,0.412471
3985,3986,54.939724,0.429752
3986,3987,54.953508,0.320567
3987,3988,54.967291,0.377538
3988,3989,54.981074,0.395477
3989,3990,54.994857,0.372314
3990,3991,55.008640,0.370911
3991,3992,55.022423,0.427031
3992,3993,55.036207,0.492677
3993,3994,55.049990,0.421085
3994,3995,55.063773,0.432673
3995,3996,55.077556,0.380047
3996,3997,55.091339,0.459729
3997,3998,55.105122,0.404292
3998,3999,55.118906,0.417402
3999,4000,55.132689,0.440321
4000,4001,55.146472,0.421413
4001,4002,55.160255,0.402196
4002,4003,55.174038,0.369475
4003,4004,55.187821,0.391375
4004,4005,55.201605,0.460453
4005,4006,55.215388,0.374946
4006,4007,55.229171,0.456182
4007,4008,55.242954,0.366133
4008,4009,55.256737,0.422017
4009,4010,55.270520,0.443123
4010,4011,55.284304,0.403294
4011,4012,55.298087,0.418294
4012,4013,55.311870,0.400419
4013,4014,55.325653,0.406023
4014,4015,55.339436,0.372439
4015,4016,55.353220,0.434933
4016,4017,55.367003,0.410225
4017,4018,55.380786,0.406933
4018,4019,55.394569,0.439489
4019,4020,55.408352,0.441280
4020,4021,55.422135,0.380013
4021,4022,55.435919,0.338086
4022,4023,55.449702,0.378743
4023,4024,55.463485,0.452399
4024,4025,55.477268,0.380811
4025,4026,55.491051,0.380844
4026,4027,55.504834,0.500392
4027,4028,55.518618,0.486282
4028,4029,55.532401,0.371572
4029,4030,55.546184,0.368344
4030,4031,55.559967,0.460426
4031,4032,55.573750,0.437697
4032,4033,55.587533,0.425711
4033,4034,55.601317,0.410473
4034,4035,55.615100,0.464908
4035,4036,55.628883,0.428181
4036,4037,55.642666,0.416089
4037,4038,55.656449,0.388715
4038,4039,55.670232,0.356388
4039,4040,55.684016,0.395666
4040,4041,55.697799,0.451027
4041,4042,55.711582,0.419689
4042,4043,55.725365,0.405638
4043,4044,55.739148,0.451478
4044,4045,55.752931,0.371668
4045,4046,55.766715,0.442812
4046,4047,55.780498,0.403549
4047,4048,55.794281,0.343264
4048,4049,55.808064,0.396849
4049,4050,55.821847,0.439411
4050,4051,55.835631,0.381398
4051,4052,55.849414,0.445161
4052,4053,55.863197,0.424953
4053,4054,55.876980,0.425168
4054,4055,55.890763,0.438303
4055,4056,55.904546,0.420866
4056,4057,55.918330,0.389581
4057,4058,55.932113,0.422014
4058,4059,55.945896,0.414551
4059,4060,55.959679,0.373590
4060,4061,55.973462,0.455895
4061,4062,55.987245,0.444380
4062,4063,56.001029,0.405608
4063,4064,56.014812,0.497297
4064,4065,56.028595,0.388707
4065,4066,56.042378,0.363938
4066,4067,56.056161,0.335619
4067,4068,56.069944,0.401794
4068,4069,56.083728,0.464619
4069,4070,56.097511,0.417212
4070,4071,56.111294,0.434995
4071,4072,56.125077,0.334282
4072,4073,56.138860,0.385988
4073,4074,56.152643,0.430109
4074,4075,56.166427,0.471379
4075,4076,56.180210,0.423660
4076,4077,56.193993,0.443512
4077,4078,56.207776,0.426532
4078,4079,56.221559,0.404849
4079,4080,56.235343,0.442714
4080,4081,56.249126,0.394107
4081,4082,56.262909,0.416002
4082,4083,56.276692,0.457065
4083,4084,56.290475,0.437350
4084,4085,56.304258,0.499750
4085,4086,56.318042,0.396913
4086,4087,56.331825,0.422454
4087,4088,56.345608,0.396043
4088,4089,56.359391,0.343295
4089,4090,56.373174,0.462314
4090,4091,56.386957,0.401886
4091,4092,56.400741,0.465641
4092,4093,56.414524,0.435772
4093,4094,56.428307,0.451592
4094,4095,56.442090,0.423820
4095,4096,56.455873,0.470248
4096,4097,56.469656,0.347448
4097,4098,56.483440,0.531377
4098,4099,56.497223,0.404027
4099,4100,56.511006,0.436017
4100,4101,56.524789,0.400830
4101,4102,56.538572,0.351398
4102,4103,56.552355,0.423757
4103,4104,56.566139,0.375115
4104,4105,56.579922,0.458634
4105,4106,56.593705,0.448198
4106,4107,56.607488,0.428153
4107,4108,56.621271,0.428998
4108,4109,56.635055,0.365913
4109,4110,56.648838,0.478542
4110,4111,56.662621,0.393558
4111,4112,56.676404,0.418659
4112,4113,56.690187,0.427990
4113,4114,56.703970,0.427376
4114,4115,56.717754,0.495775
4115,4116,56.731537,0.411417
4116,4117,56.745320,0.396002
4117,4118,56.759103,0.423582
4118,4119,56.772886,0.441234
4119,4120,56.786669,0.473375
4120,4121,56.800453,0.448142
4121,4122,56.814236,0.467354
4122,4123,56.828019,0.429198
4123,4124,56.841802,0.495323
4124,4125,56.855585,0.391089
4125,4126,56.869368,0.424739
4126,4127,56.883152,0.418011
4127,4128,56.896935,0.393854
4128,4129,56.910718,0.462009
4129,4130,56.924501,0.404019
4130,4131,56.938284,0.471445
4131,4132,56.952067,0.473596
4132,4133,56.965851,0.381801
4133,4134,56.979634,0.402897
4134,4135,56.993417,0.454519
4135,4136,57.007200,0.440232
4136,4137,57.020983,0.409781
4137,4138,57.034767,0.397725
4138,4139,57.048550,0.431084
4139,4140,57.062333,0.430505
4140,4141,57.076116,0.411778
4141,4142,57.089899,0.515734
4142,4143,57.103682,0.392290
4143,4144,57.117466,0.408135
4144,4145,57.131249,0.444544
4145,4146,57.145032,0.400246
4146,4147,57.158815,0.434112
4147,4148,57.172598,0.439213
4148,4149,57.186381,0.426707
4149,4150,57.200165,0.380162
4150,4151,57.213948,0.455083
4151,4152,57.227731,0.362187
4152,4153,57.241514,0.413303
4153,4154,57.255297,0.377807
4154,4155,57.269080,0.453895
4155,4156,57.282864,0.481911
4156,4157,57.296647,0.450164
4157,4158,57.310430,0.490030
4158,4159,57.324213,0.390501
4159,4160,57.337996,0.379430
4160,4161,57.351779,0.504875
4161,4162,57.365563,0.417853
4162,4163,57.379346,0.459298
4163,4164,57.393129,0.468486
4164,4165,57.406912,0.374525
4165,4166,57.420695,0.426694
4166,4167,57.434479,0.480223
4167,4168,57.448262,0.428733
4168,4169,57.462045,0.438028
4169,4170,57.475828,0.374185
4170,4171,57.489611,0.374318
4171,4172,57.503394,0.372919
4172,4173,57.517178,0.412085
4173,4174,57.530961,0.484414
4174,4175,57.544744,0.430158
4175,4176,57.558527,0.446233
4176,4177,57.572310,0.488661
4177,4178,57.586093,0.418697
4178,4179,57.599877,0.345418
4179,4180,57.613660,0.465666
4180,4181,57.627443,0.460876
4181,4182,57.641226,0.430524
4182,4183,57.655009,0.375619
4183,4184,57.668792,0.423314
4184,4185,57.682576,0.440054
4185,4186,57.696359,0.440764
4186,4187,57.710142,0.390666
4187,4188,57.723925,0.370410
4188,4189,57.737708,0.406931
4189,4190,57.751491,0.478492
4190,4191,57.765275,0.414560
4191,4192,57.779058,0.403014
4192,4193,57.792841,0.445382
4193,4194,57.806624,0.466944
4194,4195,57.820407,0.441043
4195,4196,57.834190,0.430039
4196,4197,57.847974,0.484405
4197,4198,57.861757,0.420667
4198,4199,57.875540,0.488684
4199,4200,57.889323,0.425320
4200,4201,57.903106,0.348770
4201,4202,57.916890,0.386871
4202,4203,57.930673,0.444589
4203,4204,57.944456,0.495182
4204,4205,57.958239,0.386468
4205,4206,57.972022,0.431976
4206,4207,57.985805,0.351755
4207,4208,57.999589,0.327835
4208,4209,58.013372,0.377918
4209,4210,58.027155,0.437583
4210,4211,58.040938,0.475520
4211,4212,58.054721,0.465223
4212,4213,58.068504,0.410727
4213,4214,58.082288,0.407546
4214,4215,58.096071,0.461724
4215,4216,58.109854,0.451747
4216,4217,58.123637,0.352243
4217,4218,58.137420,0.435400
4218,4219,58.151203,0.375957
4219,4220,58.164987,0.472231
4220,4221,58.178770,0.460729
4221,4222,58.192553,0.433660
4222,4223,58.206336,0.373072
4223,4224,58.220119,0.396675
4224,4225,58.233902,0.522476
4225,4226,58.247686,0.394835
4226,4227,58.261469,0.394612
4227,4228,58.275252,0.436186
4228,4229,58.289035,0.457594
4229,4230,58.302818,0.432601
4230,4231,58.316602,0.430516
4231,4232,58.330385,0.433187
4232,4233,58.344168,0.376645
4233,4234,58.357951,0.420816
4234,4235,58.371734,0.426266
4235,4236,58.385517,0.430505
4236,4237,58.399301,0.416901
4237,4238,58.413084,0.396591
4238,4239,58.426867,0.393886
4239,4240,58.440650,0.387080
4240,4241,58.454433,0.415616
4241,4242,58.468216,0.340944
4242,4243,58.482000,0.424772
4243,4244,58.495783,0.468737
4244,4245,58.509566,0.513173
4245,4246,58.523349,0.401520
4246,4247,58.537132,0.384693
4247,4248,58.550915,0.366427
4248,4249,58.564699,0.460937
4249,4250,58.578482,0.408882
4250,4251,58.592265,0.470077
4251,4252,58.606048,0.444591
4252,4253,58.619831,0.497666
4253,4254,58.633614,0.400562
4254,4255,58.647398,0.385036
4255,4256,58.661181,0.432844
4256,4257,58.674964,0.407676
4257,4258,58.688747,0.442356
4258,4259,58.702530,0.517088
4259,4260,58.716314,0.463197
4260,4261,58.730097,0.416639
4261,4262,58.743880,0.511471
4262,4263,58.757663,0.437454
4263,4264,58.771446,0.396206
4264,4265,58.785229,0.424983
4265,4266,58.799013,0.504990
4266,4267,58.812796,0.369170
4267,4268,58.826579,0.384376
4268,4269,58.840362,0.452047
4269,4270,58.854145,0.462603
4270,4271,58.867928,0.434342
4271,4272,58.881712,0.412995
4272,4273,58.895495,0.328947
4273,4274,58.909278,0.401877
4274,4275,58.923061,0.520697
4275,4276,58.936844,0.452508
4276,4277,58.950627,0.473371
4277,4278,58.964411,0.489544
4278,4279,58.978194,0.390649
4279,4280,58.991977,0.475604
4280,4281,59.005760,0.421264
4281,4282,59.019543,0.396683
4282,4283,59.033326,0.333346
4283,4284,59.047110,0.430910
4284,4285,59.060893,0.443739
4285,4286,59.074676,0.389286
4286,4287,59.088459,0.358958
4287,4288,59.102242,0.462070
4288,4289,59.116026,0.434410
4289,4290,59.129809,0.337671
4290,4291,59.143592,0.446639
4291,4292,59.157375,0.412757
4292,4293,59.171158,0.359173
4293,4294,59.184941,0.454036
4294,4295,59.198725,0.401387
4295,4296,59.212508,0.391266
4296,4297,59.226291,0.433220
4297,4298,59.240074,0.385559
4298,4299,59.253857,0.346847
4299,4300,59.267640,0.418294
4300,4301,59.281424,0.380000
4301,4302,59.295207,0.386147
4302,4303,59.308990,0.362481
4303,4304,59.322773,0.420106
4304,4305,59.336556,0.403573
4305,4306,59.350339,0.465169
4306,4307,59.364123,0.420035
4307,4308,59.377906,0.423581
4308,4309,59.391689,0.417722
4309,4310,59.405472,0.411249
4310,4311,59.419255,0.386133
4311,4312,59.433038,0.416785
4312,4313,59.446822,0.400934
4313,4314,59.460605,0.460032
4314,4315,59.474388,0.414809
4315,4316,59.488171,0.496738
4316,4317,59.501954,0.448784
4317,4318,59.515738,0.439572
4318,4319,59.529521,0.402423
4319,4320,59.543304,0.447871
4320,4321,59.557087,0.448337
4321,4322,59.570870,0.374418
4322,4323,59.584653,0.465137
4323,4324,59.598437,0.427500
4324,4325,59.612220,0.382558
4325,4326,59.626003,0.450573
4326,4327,59.639786,0.452054
4327,4328,59.653569,0.449563
4328,4329,59.667352,0.456514
4329,4330,59.681136,0.480462
4330,4331,59.694919,0.436645
4331,4332,59.708702,0.373804
4332,4333,59.722485,0.471426
4333,4334,59.736268,0.509267
4334,4335,59.750051,0.438334
4335,4336,59.763835,0.381193
4336,4337,59.777618,0.404557
4337,4338,59.791401,0.382591
4338,4339,59.805184,0.362900
4339,4340,59.818967,0.398240
4340,4341,59.832750,0.451306
4341,4342,59.846534,0.454715
4342,4343,59.860317,0.467618
4343,4344,59.874100,0.337344
4344,4345,59.887883,0.543779
4345,4346,59.901666,0.405039
4346,4347,59.915449,0.377331
4347,4348,59.929233,0.409634
4348,4349,59.943016,0.448691
4349,4350,59.956799,0.419440
4350,4351,59.970582,0.329791
4351,4352,59.984365,0.393690
4352,4353,59.998149,0.460342
4353,4354,60.011932,0.473413
4354,4355,60.025715,0.398575
4355,4356,60.039498,0.398626
4356,4357,60.053281,0.327368
4357,4358,60.067064,0.441078
4358,4359,60.080848,0.488540
4359,4360,60.094631,0.402576
4360,4361,60.108414,0.487569
4361,4362,60.122197,0.394391
4362,4363,60.135980,0.453467
4363,4364,60.149763,0.398792
4364,4365,60.163547,0.490595
4365,4366,60.177330,0.486301
4366,4367,60.191113,0.424806
4367,4368,60.204896,0.388883
4368,4369,60.218679,0.476775
4369,4370,60.232462,0.426821
4370,4371,60.246246,0.408179
4371,4372,60.260029,0.382034
4372,4373,60.273812,0.379770
4373,4374,60.287595,0.414072
4374,4375,60.301378,0.398276
4375,4376,60.315161,0.395371
4376,4377,60.328945,0.377510
4377,4378,60.342728,0.402123
4378,4379,60.356511,0.413928
4379,4380,60.370294,0.429315
4380,4381,60.384077,0.531483
4381,4382,60.397861,0.392425
4382,4383,60.411644,0.514848
4383,4384,60.425427,0.451471
4384,4385,60.439210,0.434412
4385,4386,60.452993,0.478275
4386,4387,60.466776,0.407251
4387,4388,60.480560,0.344244
4388,4389,60.494343,0.416821
4389,4390,60.508126,0.407612
4390,4391,60.521909,0.472255
4391,4392,60.535692,0.432022
4392,4393,60.549475,0.398568
4393,4394,60.563259,0.350649
4394,4395,60.577042,0.448987
4395,4396,60.590825,0.442835
4396,4397,60.604608,0.370153
4397,4398,60.618391,0.383898
4398,4399,60.632174,0.386223
4399,4400,60.645958,0.425323
4400,4401,60.659741,0.392671
4401,4402,60.673524,0.361064
4402,4403,60.687307,0.423207
4403,4404,60.701090,0.397118
4404,4405,60.714873,0.395072
4405,4406,60.728657,0.511795
4406,4407,60.742440,0.419387
4407,4408,60.756223,0.416296
4408,4409,60.770006,0.428171
4409,4410,60.783789,0.439272
4410,4411,60.797573,0.437743
4411,4412,60.811356,0.368896
4412,4413,60.825139,0.399063
4413,4414,60.838922,0.392647
4414,4415,60.852705,0.495293
4415,4416,60.866488,0.397539
4416,4417,60.880272,0.442886
4417,4418,60.894055,0.399143
4418,4419,60.907838,0.402376
4419,4420,60.921621,0.406518
4420,4421,60.935404,0.453694
4421,4422,60.949187,0.365687
4422,4423,60.962971,0.381642
4423,4424,60.976754,0.405437
4424,4425,60.990537,0.417045
4425,4426,61.004320,0.515364
4426,4427,61.018103,0.411563
4427,4428,61.031886,0.468996
4428,4429,61.045670,0.453959
4429,4430,61.059453,0.524861
4430,4431,61.073236,0.340770
4431,4432,61.087019,0.392753
4432,4433,61.100802,0.379037
4433,4434,61.114585,0.312557
4434,4435,61.128369,0.474071
4435,4436,61.142152,0.383075
4436,4437,61.155935,0.428470
4437,4438,61.169718,0.349518
4438,4439,61.183501,0.498683
4439,4440,61.197285,0.421033
4440,4441,61.211068,0.365977
4441,4442,61.224851,0.359108
4442,4443,61.238634,0.431886
4443,4444,61.252417,0.438539
4444,4445,61.266200,0.460570
4445,4446,61.279984,0.487740
4446,4447,61.293767,0.437969
4447,4448,61.307550,0.473865
4448,4449,61.321333,0.473127
4449,4450,61.335116,0.463387
4450,4451,61.348899,0.492310
4451,4452,61.362683,0.399370
4452,4453,61.376466,0.406454
4453,4454,61.390249,0.435083
4454,4455,61.404032,0.370295
4455,4456,61.417815,0.363334
4456,4457,61.431598,0.479040
4457,4458,61.445382,0.478099
4458,4459,61.459165,0.436779
4459,4460,61.472948,0.451744
4460,4461,61.486731,0.454008
4461,4462,61.500514,0.391103
4462,4463,61.514297,0.385587
4463,4464,61.528081,0.449734
4464,4465,61.541864,0.450272
4465,4466,61.555647,0.394705
4466,4467,61.569430,0.430385
4467,4468,61.583213,0.416298
4468,4469,61.596997,0.414708
4469,4470,61.610780,0.414010
4470,4471,61.624563,0.469440
4471,4472,61.638346,0.427217
4472,4473,61.652129,0.358018
4473,4474,61.665912,0.460689
4474,4475,61.679696,0.390792
4475,4476,61.693479,0.415898
4476,4477,61.707262,0.389038
4477,4478,61.721045,0.434119
4478,4479,61.734828,0.340998
4479,4480,61.748611,0.351358
4480,4481,61.762395,0.467325
4481,4482,61.776178,0.470661
4482,4483,61.789961,0.438518
4483,4484,61.803744,0.417768
4484,4485,61.817527,0.401972
4485,4486,61.831310,0.408038
4486,4487,61.845094,0.450533
4487,4488,61.858877,0.363455
4488,4489,61.872660,0.483555
4489,4490,61.886443,0.425828
4490,4491,61.900226,0.354769
4491,4492,61.914009,0.391182
4492,4493,61.927793,0.407706
4493,4494,61.941576,0.469312
4494,4495,61.955359,0.485025
4495,4496,61.969142,0.436558
4496,4497,61.982925,0.398491
4497,4498,61.996708,0.374939
4498,4499,62.010492,0.403191
4499,4500,62.024275,0.426525
4500,4501,62.038058,0.416078
4501,4502,62.051841,0.465278
4502,4503,62.065624,0.374073
4503,4504,62.079408,0.419002
4504,4505,62.093191,0.377134
4505,4506,62.106974,0.417330
4506,4507,62.120757,0.351007
4507,4508,62.134540,0.395920
4508,4509,62.148323,0.462153
4509,4510,62.162107,0.397412
4510,4511,62.175890,0.420780
4511,4512,62.189673,0.478806
4512,4513,62.203456,0.394377
4513,4514,62.217239,0.417987
4514,4515,62.231022,0.429981
4515,4516,62.244806,0.415467
4516,4517,62.258589,0.439835
4517,4518,62.272372,0.452709
4518,4519,62.286155,0.387168
4519,4520,62.299938,0.444597
4520,4521,62.313721,0.425496
4521,4522,62.327505,0.416161
4522,4523,62.341288,0.394897
4523,4524,62.355071,0.446425
4524,4525,62.368854,0.419689
4525,4526,62.382637,0.464594
4526,4527,62.396420,0.389955
4527,4528,62.410204,0.385779
4528,4529,62.423987,0.435579
4529,4530,62.437770,0.436743
4530,4531,62.451553,0.391810
4531,4532,62.465336,0.458764
4532,4533,62.479120,0.442740
4533,4534,62.492903,0.480330
4534,4535,62.506686,0.495291
4535,4536,62.520469,0.352891
4536,4537,62.534252,0.400103
4537,4538,62.548035,0.406756
4538,4539,62.561819,0.399561
4539,4540,62.575602,0.408100
4540,4541,62.589385,0.383980
4541,4542,62.603168,0.468417
4542,4543,62.616951,0.401986
4543,4544,62.630734,0.342581
4544,4545,62.644518,0.455773
4545,4546,62.658301,0.410639
4546,4547,62.672084,0.367854
4547,4548,62.685867,0.402916
4548,4549,62.699650,0.319873
4549,4550,62.713433,0.419979
4550,4551,62.727217,0.407749
4551,4552,62.741000,0.406446
4552,4553,62.754783,0.442990
4553,4554,62.768566,0.388679
4554,4555,62.782349,0.399208
4555,4556,62.796132,0.412555
4556,4557,62.809916,0.441996
4557,4558,62.823699,0.453810
4558,4559,62.837482,0.447243
4559,4560,62.851265,0.478160
4560,4561,62.865048,0.471444
4561,4562,62.878832,0.397970
4562,4563,62.892615,0.387989
4563,4564,62.906398,0.380550
4564,4565,62.920181,0.363882
4565,4566,62.933964,0.322407
4566,4567,62.947747,0.389646
4567,4568,62.961531,0.455754
4568,4569,62.975314,0.394022
4569,4570,62.989097,0.433371
4570,4571,63.002880,0.381073
4571,4572,63.016663,0.403455
4572,4573,63.030446,0.429691
4573,4574,63.044230,0.364926
4574,4575,63.058013,0.373802
4575,4576,63.071796,0.475166
4576,4577,63.085579,0.362042
4577,4578,63.099362,0.445927
4578,4579,63.113145,0.443949
4579,4580,63.126929,0.457908
4580,4581,63.140712,0.345797
4581,4582,63.154495,0.437654
4582,4583,63.168278,0.454060
4583,4584,63.182061,0.418998
4584,4585,63.195844,0.458739
4585,4586,63.209628,0.374474
4586,4587,63.223411,0.458458
4587,4588,63.237194,0.419923
4588,4589,63.250977,0.413868
4589,4590,63.264760,0.392464
4590,4591,63.278544,0.438820
4591,4592,63.292327,0.439962
4592,4593,63.306110,0.443942
4593,4594,63.319893,0.481012
4594,4595,63.333676,0.372716
4595,4596,63.347459,0.479165
4596,4597,63.361243,0.392353
4597,4598,63.375026,0.422968
4598,4599,63.388809,0.417554
4599,4600,63.402592,0.353998
4600,4601,63.416375,0.418354
4601,4602,63.430158,0.444089
4602,4603,63.443942,0.449806
4603,4604,63.457725,0.416819
4604,4605,63.471508,0.447854
4605,4606,63.485291,0.450639
4606,4607,63.499074,0.404960
4607,4608,63.512857,0.441244
4608,4609,63.526641,0.437542
4609,4610,63.540424,0.369036
4610,4611,63.554207,0.454881
4611,4612,63.567990,0.426314
4612,4613,63.581773,0.468455
4613,4614,63.595556,0.409352
4614,4615,63.609340,0.362210
4615,4616,63.623123,0.396152
4616,4617,63.636906,0.372261
4617,4618,63.650689,0.434183
4618,4619,63.664472,0.481381
4619,4620,63.678256,0.450137
4620,4621,63.692039,0.400285
4621,4622,63.705822,0.461372
4622,4623,63.719605,0.495124
4623,4624,63.733388,0.341741
4624,4625,63.747171,0.452086
4625,4626,63.760955,0.449098
4626,4627,63.774738,0.474480
4627,4628,63.788521,0.427686
4628,4629,63.802304,0.399344
4629,4630,63.816087,0.401364
4630,4631,63.829870,0.406406
4631,4632,63.843654,0.418688
4632,4633,63.857437,0.341523
4633,4634,63.871220,0.346902
4634,4635,63.885003,0.438537
4635,4636,63.898786,0.361986
4636,4637,63.912569,0.442418
4637,4638,63.926353,0.405173
4638,4639,63.940136,0.421845
4639,4640,63.953919,0.413855
4640,4641,63.967702,0.449269
4641,4642,63.981485,0.490363
4642,4643,63.995268,0.423305
4643,4644,64.009052,0.422704
4644,4645,64.022835,0.390309
4645,4646,64.036618,0.385964
4646,4647,64.050401,0.440397
4647,4648,64.064184,0.427289
4648,4649,64.077967,0.471560
4649,4650,64.091751,0.482267
4650,4651,64.105534,0.416036
4651,4652,64.119317,0.408972
4652,4653,64.133100,0.375838
4653,4654,64.146883,0.351751
4654,4655,64.160667,0.518025
4655,4656,64.174450,0.398162
4656,4657,64.188233,0.394449
4657,4658,64.202016,0.390060
4658,4659,64.215799,0.457667
4659,4660,64.229582,0.347996
4660,4661,64.243366,0.400719
4661,4662,64.257149,0.408666
4662,4663,64.270932,0.338711
4663,4664,64.284715,0.418851
4664,4665,64.298498,0.380001
4665,4666,64.312281,0.405151
4666,4667,64.326065,0.416814
4667,4668,64.339848,0.383620
4668,4669,64.353631,0.441731
4669,4670,64.367414,0.340262
4670,4671,64.381197,0.489685
4671,4672,64.394980,0.403608
4672,4673,64.408764,0.511563
4673,4674,64.422547,0.376506
4674,4675,64.436330,0.385876
4675,4676,64.450113,0.423355
4676,4677,64.463896,0.430127
4677,4678,64.477679,0.502976
4678,4679,64.491463,0.502583
4679,4680,64.505246,0.413242
4680,4681,64.519029,0.406090
4681,4682,64.532812,0.477592
4682,4683,64.546595,0.409385
4683,4684,64.560379,0.392617
4684,4685,64.574162,0.392950
4685,4686,64.587945,0.398168
4686,4687,64.601728,0.396054
4687,4688,64.615511,0.427555
4688,4689,64.629294,0.407582
4689,4690,64.643078,0.454819
4690,4691,64.656861,0.379658
4691,4692,64.670644,0.465581
4692,4693,64.684427,0.432467
4693,4694,64.698210,0.452954
4694,4695,64.711993,0.403793
4695,4696,64.725777,0.446383
4696,4697,64.739560,0.441646
4697,4698,64.753343,0.434367
4698,4699,64.767126,0.360949
4699,4700,64.780909,0.417722
4700,4701,64.794692,0.367899
4701,4702,64.808476,0.432957
4702,4703,64.822259,0.392572
4703,4704,64.836042,0.417873
4704,4705,64.849825,0.457416
4705,4706,64.863608,0.457238
4706,4707,64.877391,0.442091
4707,4708,64.891175,0.397249
4708,4709,64.904958,0.467572
4709,4710,64.918741,0.493030
4710,4711,64.932524,0.436862
4711,4712,64.946307,0.361393
4712,4713,64.960091,0.393349
4713,4714,64.973874,0.429991
4714,4715,64.987657,0.413174
4715,4716,65.001440,0.413949
4716,4717,65.015223,0.439134
4717,4718,65.029006,0.471339
4718,4719,65.042790,0.411106
4719,4720,65.056573,0.382578
4720,4721,65.070356,0.463076
4721,4722,65.084139,0.384673
4722,4723,65.097922,0.436768
4723,4724,65.111705,0.370622
4724,4725,65.125489,0.330705
4725,4726,65.139272,0.382651
4726,4727,65.153055,0.370077
4727,4728,65.166838,0.429335
4728,4729,65.180621,0.407071
4729,4730,65.194404,0.396038
4730,4731,65.208188,0.413189
4731,4732,65.221971,0.410552
4732,4733,65.235754,0.405563
4733,4734,65.249537,0.394015
4734,4735,65.263320,0.414738
4735,4736,65.277103,0.474989
4736,4737,65.290887,0.402975
4737,4738,65.304670,0.336832
4738,4739,65.318453,0.378879
4739,4740,65.332236,0.411375
4740,4741,65.346019,0.437890
4741,4742,65.359803,0.401198
4742,4743,65.373586,0.390694
4743,4744,65.387369,0.399495
4744,4745,65.401152,0.364044
4745,4746,65.414935,0.424312
4746,4747,65.428718,0.385361
4747,4748,65.442502,0.390642
4748,4749,65.456285,0.494767
4749,4750,65.470068,0.473652
4750,4751,65.483851,0.402307
4751,4752,65.497634,0.403751
4752,4753,65.511417,0.397224
4753,4754,65.525201,0.408480
4754,4755,65.538984,0.499664
4755,4756,65.552767,0.398006
4756,4757,65.566550,0.500086
4757,4758,65.580333,0.450643
4758,4759,65.594116,0.394565
4759,4760,65.607900,0.495656
4760,4761,65.621683,0.387588
4761,4762,65.635466,0.447934
4762,4763,65.649249,0.458592
4763,4764,65.663032,0.472266
4764,4765,65.676815,0.370678
4765,4766,65.690599,0.393696
4766,4767,65.704382,0.432364
4767,4768,65.718165,0.392808
4768,4769,65.731948,0.439495
4769,4770,65.745731,0.453109
4770,4771,65.759515,0.466598
4771,4772,65.773298,0.418412
4772,4773,65.787081,0.435288
4773,4774,65.800864,0.372367
4774,4775,65.814647,0.370664
4775,4776,65.828430,0.340556
4776,4777,65.842214,0.409742
4777,4778,65.855997,0.447725
4778,4779,65.869780,0.450027
4779,4780,65.883563,0.434937
4780,4781,65.897346,0.384767
4781,4782,65.911129,0.430346
4782,4783,65.924913,0.427633
4783,4784,65.938696,0.430484
4784,4785,65.952479,0.456857
4785,4786,65.966262,0.447181
4786,4787,65.980045,0.416638
4787,4788,65.993828,0.403746
4788,4789,66.007612,0.442539
4789,4790,66.021395,0.427445
4790,4791,66.035178,0.436445
4791,4792,66.048961,0.449802
4792,4793,66.062744,0.410107
4793,4794,66.076527,0.410522
4794,4795,66.090311,0.388242
4795,4796,66.104094,0.385775
4796,4797,66.117877,0.439216
4797,4798,66.131660,0.496500
4798,4799,66.145443,0.398869
4799,4800,66.159226,0.388539
4800,4801,66.173010,0.415093
4801,4802,66.186793,0.456248
4802,4803,66.200576,0.401326
4803,4804,66.214359,0.383845
4804,4805,66.228142,0.393722
4805,4806,66.241926,0.456635
4806,4807,66.255709,0.452287
4807,4808,66.269492,0.453760
4808,4809,66.283275,0.354863
4809,4810,66.297058,0.488249
4810,4811,66.310841,0.498619
4811,4812,66.324625,0.426866
4812,4813,66.338408,0.418788
4813,4814,66.352191,0.436754
4814,4815,66.365974,0.427427
4815,4816,66.379757,0.401683
4816,4817,66.393540,0.415300
4817,4818,66.407324,0.413562
4818,4819,66.421107,0.408994
4819,4820,66.434890,0.416349
4820,4821,66.448673,0.366899
4821,4822,66.462456,0.487393
4822,4823,66.476239,0.464809
4823,4824,66.490023,0.415976
4824,4825,66.503806,0.420878
4825,4826,66.517589,0.482677
4826,4827,66.531372,0.394364
4827,4828,66.545155,0.436300
4828,4829,66.558938,0.426556
4829,4830,66.572722,0.414343
4830,4831,66.586505,0.399888
4831,4832,66.600288,0.423070
4832,4833,66.614071,0.426278
4833,4834,66.627854,0.427244
4834,4835,66.641638,0.416088
4835,4836,66.655421,0.428862
4836,4837,66.669204,0.373999
4837,4838,66.682987,0.423933
4838,4839,66.696770,0.452864
4839,4840,66.710553,0.433582
4840,4841,66.724337,0.419441
4841,4842,66.738120,0.355407
4842,4843,66.751903,0.422014
4843,4844,66.765686,0.440360
4844,4845,66.779469,0.336178
4845,4846,66.793252,0.400106
4846,4847,66.807036,0.407660
4847,4848,66.820819,0.498063
4848,4849,66.834602,0.429190
4849,4850,66.848385,0.411416
4850,4851,66.862168,0.411395
4851,4852,66.875951,0.425880
4852,4853,66.889735,0.459530
4853,4854,66.903518,0.494772
4854,4855,66.917301,0.454781
4855,4856,66.931084,0.436736
4856,4857,66.944867,0.408778
4857,4858,66.958650,0.472750
4858,4859,66.972434,0.357218
4859,4860,66.986217,0.411047
4860,4861,67.000000,0.385375
4861,4862,67.013783,0.383338
4862,4863,67.027566,0.425679
4863,4864,67.041350,0.433299
4864,4865,67.055133,0.447808
4865,4866,67.068916,0.390371
4866,4867,67.082699,0.396472
4867,4868,67.096482,0.367901
4868,4869,67.110265,0.463993
4869,4870,67.124049,0.409553
4870,4871,67.137832,0.419889
4871,4872,67.151615,0.399993
4872,4873,67.165398,0.459471
4873,4874,67.179181,0.354645
4874,4875,67.192964,0.486971
4875,4876,67.206748,0.454691
4876,4877,67.220531,0.451716
4877,4878,67.234314,0.403974
4878,4879,67.248097,0.426503
4879,4880,67.261880,0.461199
4880,4881,67.275663,0.393682
4881,4882,67.289447,0.372102
4882,4883,67.303230,0.423277
4883,4884,67.317013,0.387720
4884,4885,67.330796,0.466496
4885,4886,67.344579,0.373510
4886,4887,67.358362,0.388003
4887,4888,67.372146,0.382370
4888,4889,67.385929,0.472266
4889,4890,67.399712,0.486233
4890,4891,67.413495,0.338302
4891,4892,67.427278,0.387597
4892,4893,67.441062,0.370459
4893,4894,67.454845,0.416801
4894,4895,67.468628,0.381816
4895,4896,67.482411,0.362721
4896,4897,67.496194,0.473016
4897,4898,67.509977,0.400449
4898,4899,67.523761,0.474546
4899,4900,67.537544,0.411371
4900,4901,67.551327,0.458469
4901,4902,67.565110,0.453560
4902,4903,67.578893,0.387186
4903,4904,67.592676,0.429207
4904,4905,67.606460,0.436097
4905,4906,67.620243,0.433905
4906,4907,67.634026,0.377963
4907,4908,67.647809,0.415509
4908,4909,67.661592,0.414500
4909,4910,67.675375,0.470531
4910,4911,67.689159,0.415931
4911,4912,67.702942,0.404448
4912,4913,67.716725,0.396954
4913,4914,67.730508,0.381754
4914,4915,67.744291,0.473436
4915,4916,67.758074,0.434056
4916,4917,67.771858,0.443343
4917,4918,67.785641,0.341238
4918,4919,67.799424,0.401062
4919,4920,67.813207,0.455569
4920,4921,67.826990,0.420406
4921,4922,67.840774,0.441672
4922,4923,67.854557,0.430030
4923,4924,67.868340,0.361316
4924,4925,67.882123,0.437466
4925,4926,67.895906,0.365386
4926,4927,67.909689,0.403483
4927,4928,67.923473,0.393437
4928,4929,67.937256,0.461574
4929,4930,67.951039,0.491516
4930,4931,67.964822,0.386832
4931,4932,67.978605,0.398298
4932,4933,67.992388,0.398181
4933,4934,68.006172,0.425132
4934,4935,68.019955,0.363801
4935,4936,68.033738,0.366303
4936,4937,68.047521,0.353158
4937,4938,68.061304,0.477931
4938,4939,68.075087,0.418068
4939,4940,68.088871,0.412173
4940,4941,68.102654,0.520916
4941,4942,68.116437,0.381690
4942,4943,68.130220,0.457440
4943,4944,68.144003,0.445856
4944,4945,68.157786,0.477084
4945,4946,68.171570,0.470405
4946,4947,68.185353,0.384246
4947,4948,68.199136,0.423431
4948,4949,68.212919,0.390765
4949,4950,68.226702,0.437734
4950,4951,68.240485,0.362422
4951,4952,68.254269,0.480752
4952,4953,68.268052,0.390446
4953,4954,68.281835,0.427178
4954,4955,68.295618,0.443424
4955,4956,68.309401,0.485786
4956,4957,68.323185,0.434435
4957,4958,68.336968,0.449791
4958,4959,68.350751,0.402217
4959,4960,68.364534,0.436696
4960,4961,68.378317,0.415228
4961,4962,68.392100,0.389934
4962,4963,68.405884,0.464389
4963,4964,68.419667,0.348576
4964,4965,68.433450,0.429324
4965,4966,68.447233,0.356391
4966,4967,68.461016,0.427875
4967,4968,68.474799,0.427783
4968,4969,68.488583,0.323136
4969,4970,68.502366,0.462696
4970,4971,68.516149,0.398719
4971,4972,68.529932,0.425591
4972,4973,68.543715,0.424224
4973,4974,68.557498,0.473932
4974,4975,68.571282,0.465098
4975,4976,68.585065,0.431487
4976,4977,68.598848,0.410011
4977,4978,68.612631,0.441854
4978,4979,68.626414,0.403015
4979,4980,68.640197,0.407815
4980,4981,68.653981,0.349962
4981,4982,68.667764,0.375033
4982,4983,68.681547,0.364345
4983,4984,68.695330,0.481330
4984,4985,68.709113,0.453113
4985,4986,68.722897,0.476076
4986,4987,68.736680,0.367513
4987,4988,68.750463,0.534767
4988,4989,68.764246,0.408823
4989,4990,68.778029,0.399595
4990,4991,68.791812,0.379367
4991,4992,68.805596,0.354332
4992,4993,68.819379,0.447955
4993,4994,68.833162,0.362368
4994,4995,68.846945,0.446542
4995,4996,68.860728,0.449520
4996,4997,68.874511,0.439178
4997,4998,68.888295,0.429461
4998,4999,68.902078,0.352928
4999,5000,68.915861,0.336559
5000,5001,68.929644,0.456831
5001,5002,68.943427,0.392271
5002,5003,68.957210,0.404298
5003,5004,68.970994,0.453149
5004,5005,68.984777,0.422414
5005,5006,68.998560,0.416983
5006,5007,69.012343,0.399822
5007,5008,69.026126,0.430305
5008,5009,69.039909,0.425944
5009,5010,69.053693,0.413282
5010,5011,69.067476,0.497921
5011,5012,69.081259,0.407775
5012,5013,69.095042,0.445369
5013,5014,69.108825,0.434122
5014,5015,69.122609,0.439204
5015,5016,69.136392,0.356153
5016,5017,69.150175,0.350144
5017,5018,69.163958,0.444679
5018,5019,69.177741,0.413792
5019,5020,69.191524,0.424700
5020,5021,69.205308,0.353811
5021,5022,69.219091,0.424691
5022,5023,69.232874,0.460768
5023,5024,69.246657,0.441482
5024,5025,69.260440,0.494338
5025,5026,69.274223,0.449742
5026,5027,69.288007,0.478362
5027,5028,69.301790,0.398981
5028,5029,69.315573,0.483610
5029,5030,69.329356,0.424160
5030,5031,69.343139,0.355874
5031,5032,69.356922,0.476983
5032,5033,69.370706,0.393364
5033,5034,69.384489,0.456849
5034,5035,69.398272,0.389689
5035,5036,69.412055,0.393001
5036,5037,69.425838,0.378005
5037,5038,69.439621,0.459264
5038,5039,69.453405,0.455461
5039,5040,69.467188,0.390274
5040,5041,69.480971,0.435058
5041,5042,69.494754,0.346595
5042,5043,69.508537,0.432446
5043,5044,69.522321,0.407312
5044,5045,69.536104,0.406029
5045,5046,69.549887,0.344844
5046,5047,69.563670,0.457671
5047,5048,69.577453,0.405562
5048,5049,69.591236,0.449860
5049,5050,69.605020,0.408567
5050,5051,69.618803,0.354704
5051,5052,69.632586,0.473283
5052,5053,69.646369,0.358606
5053,5054,69.660152,0.411431
5054,5055,69.673935,0.398412
5055,5056,69.687719,0.473667
5056,5057,69.701502,0.450497
5057,5058,69.715285,0.451035
5058,5059,69.729068,0.415133
5059,5060,69.742851,0.398178
5060,5061,69.756634,0.448859
5061,5062,69.770418,0.450451
5062,5063,69.784201,0.462850
5063,5064,69.797984,0.332860
5064,5065,69.811767,0.335932
5065,5066,69.825550,0.513233
5066,5067,69.839333,0.446332
5067,5068,69.853117,0.421324
5068,5069,69.866900,0.422388
5069,5070,69.880683,0.381614
5070,5071,69.894466,0.437816
5071,5072,69.908249,0.375183
5072,5073,69.922033,0.444319
5073,5074,69.935816,0.449528
5074,5075,69.949599,0.451610
5075,5076,69.963382,0.448673
5076,5077,69.977165,0.400876
5077,5078,69.990948,0.436958
5078,5079,70.004732,0.345401
5079,5080,70.018515,0.442800
5080,5081,70.032298,0.479276
5081,5082,70.046081,0.422994
5082,5083,70.059864,0.459457
5083,5084,70.073647,0.410795
5084,5085,70.087431,0.489922
5085,5086,70.101214,0.368477
5086,5087,70.114997,0.388399
5087,5088,70.128780,0.412878
5088,5089,70.142563,0.405953
5089,5090,70.156346,0.418325
5090,5091,70.170130,0.409152
5091,5092,70.183913,0.442684
5092,5093,70.197696,0.359225
5093,5094,70.211479,0.418417
5094,5095,70.225262,0.399188
5095,5096,70.239045,0.420591
5096,5097,70.252829,0.409007
5097,5098,70.266612,0.445231
5098,5099,70.280395,0.482366
5099,5100,70.294178,0.410655
5100,5101,70.307961,0.385854
5101,5102,70.321744,0.466226
5102,5103,70.335528,0.394618
5103,5104,70.349311,0.442000
5104,5105,70.363094,0.412465
5105,5106,70.376877,0.384728
5106,5107,70.390660,0.400361
5107,5108,70.404444,0.402184
5108,5109,70.418227,0.471841
5109,5110,70.432010,0.440596
5110,5111,70.445793,0.415017
5111,5112,70.459576,0.400167
5112,5113,70.473359,0.354434
5113,5114,70.487143,0.446810
5114,5115,70.500926,0.541364
5115,5116,70.514709,0.350147
5116,5117,70.528492,0.464561
5117,5118,70.542275,0.490130
5118,5119,70.556058,0.421187
5119,5120,70.569842,0.401866
5120,5121,70.583625,0.450868
5121,5122,70.597408,0.439666
5122,5123,70.611191,0.395556
5123,5124,70.624974,0.461822
5124,5125,70.638757,0.434138
5125,5126,70.652541,0.406454
5126,5127,70.666324,0.403456
5127,5128,70.680107,0.379767
5128,5129,70.693890,0.387943
5129,5130,70.707673,0.433778
5130,5131,70.721456,0.462119
5131,5132,70.735240,0.451645
5132,5133,70.749023,0.422001
5133,5134,70.762806,0.393657
5134,5135,70.776589,0.414920
5135,5136,70.790372,0.457439
5136,5137,70.804156,0.425163
5137,5138,70.817939,0.425067
5138,5139,70.831722,0.421339
5139,5140,70.845505,0.456833
5140,5141,70.859288,0.398527
5141,5142,70.873071,0.479585
5142,5143,70.886855,0.417749
5143,5144,70.900638,0.399608
5144,5145,70.914421,0.514720
5145,5146,70.928204,0.450043
5146,5147,70.941987,0.474897
5147,5148,70.955770,0.448012
5148,5149,70.969554,0.407651
5149,5150,70.983337,0.433255
5150,5151,70.997120,0.431041
5151,5152,71.010903,0.395716
5152,5153,71.024686,0.444392
5153,5154,71.038469,0.429995
5154,5155,71.052253,0.432995
5155,5156,71.066036,0.335610
5156,5157,71.079819,0.428197
5157,5158,71.093602,0.427532
5158,5159,71.107385,0.440438
5159,5160,71.121168,0.406875
5160,5161,71.134952,0.406491
5161,5162,71.148735,0.359271
5162,5163,71.162518,0.403045
5163,5164,71.176301,0.445660
5164,5165,71.190084,0.393210
5165,5166,71.203868,0.390437
5166,5167,71.217651,0.417714
5167,5168,71.231434,0.366614
5168,5169,71.245217,0.423226
5169,5170,71.259000,0.389423
5170,5171,71.272783,0.509825
5171,5172,71.286567,0.409952
5172,5173,71.300350,0.410581
5173,5174,71.314133,0.402009
5174,5175,71.327916,0.418015
5175,5176,71.341699,0.396944
5176,5177,71.355482,0.394848
5177,5178,71.369266,0.413997
5178,5179,71.383049,0.500569
5179,5180,71.396832,0.429451
5180,5181,71.410615,0.454898
5181,5182,71.424398,0.400692
5182,5183,71.438181,0.401136
5183,5184,71.451965,0.388904
5184,5185,71.465748,0.406514
5185,5186,71.479531,0.470377
5186,5187,71.493314,0.360476
5187,5188,71.507097,0.413556
5188,5189,71.520880,0.437352
5189,5190,71.534664,0.424957
5190,5191,71.548447,0.409578
5191,5192,71.562230,0.414234
5192,5193,71.576013,0.441648
5193,5194,71.589796,0.392090
5194,5195,71.603580,0.394253
5195,5196,71.617363,0.420712
5196,5197,71.631146,0.474414
5197,5198,71.644929,0.394892
5198,5199,71.658712,0.415619
5199,5200,71.672495,0.466269
5200,5201,71.686279,0.392376
5201,5202,71.700062,0.412182
5202,5203,71.713845,0.522959
5203,5204,71.727628,0.376092
5204,5205,71.741411,0.500110
5205,5206,71.755194,0.504372
5206,5207,71.768978,0.470851
5207,5208,71.782761,0.423864
5208,5209,71.796544,0.412736
5209,5210,71.810327,0.392160
5210,5211,71.824110,0.455595
5211,5212,71.837893,0.459135
5212,5213,71.851677,0.488626
5213,5214,71.865460,0.420590
5214,5215,71.879243,0.484333
5215,5216,71.893026,0.476894
5216,5217,71.906809,0.493018
5217,5218,71.920592,0.405757
5218,5219,71.934376,0.418162
5219,5220,71.948159,0.441250
5220,5221,71.961942,0.392044
5221,5222,71.975725,0.468315
5222,5223,71.989508,0.369248
5223,5224,72.003292,0.395446
5224,5225,72.017075,0.481586
5225,5226,72.030858,0.406516
5226,5227,72.044641,0.444400
5227,5228,72.058424,0.427613
5228,5229,72.072207,0.517730
5229,5230,72.085991,0.488039
5230,5231,72.099774,0.372041
5231,5232,72.113557,0.431003
5232,5233,72.127340,0.415556
5233,5234,72.141123,0.381190
5234,5235,72.154906,0.383404
5235,5236,72.168690,0.418954
5236,5237,72.182473,0.491824
5237,5238,72.196256,0.428393
5238,5239,72.210039,0.514280
5239,5240,72.223822,0.422786
5240,5241,72.237605,0.465120
5241,5242,72.251389,0.368040
5242,5243,72.265172,0.369324
5243,5244,72.278955,0.499166
5244,5245,72.292738,0.409880
5245,5246,72.306521,0.441485
5246,5247,72.320304,0.489766
5247,5248,72.334088,0.454239
5248,5249,72.347871,0.360469
5249,5250,72.361654,0.437509
5250,5251,72.375437,0.479980
5251,5252,72.389220,0.439422
5252,5253,72.403003,0.454464
5253,5254,72.416787,0.469392
5254,5255,72.430570,0.434571
5255,5256,72.444353,0.445343
5256,5257,72.458136,0.351060
5257,5258,72.471919,0.392714
5258,5259,72.485703,0.391843
5259,5260,72.499486,0.421269
5260,5261,72.513269,0.403514
5261,5262,72.527052,0.442595
5262,5263,72.540835,0.435676
5263,5264,72.554618,0.437342
5264,5265,72.568402,0.451282
5265,5266,72.582185,0.400935
5266,5267,72.595968,0.401579
5267,5268,72.609751,0.420863
5268,5269,72.623534,0.472746
5269,5270,72.637317,0.422875
5270,5271,72.651101,0.371018
5271,5272,72.664884,0.428441
5272,5273,72.678667,0.427240
5273,5274,72.692450,0.397821
5274,5275,72.706233,0.415776
5275,5276,72.720016,0.506372
5276,5277,72.733800,0.396885
5277,5278,72.747583,0.411480
5278,5279,72.761366,0.485810
5279,5280,72.775149,0.384170
5280,5281,72.788932,0.437721
5281,5282,72.802715,0.458378
5282,5283,72.816499,0.422578
5283,5284,72.830282,0.454181
5284,5285,72.844065,0.408966
5285,5286,72.857848,0.424468
5286,5287,72.871631,0.461417
5287,5288,72.885415,0.400208
5288,5289,72.899198,0.425473
5289,5290,72.912981,0.414484
5290,5291,72.926764,0.380272
5291,5292,72.940547,0.441756
5292,5293,72.954330,0.414544
5293,5294,72.968114,0.426668
5294,5295,72.981897,0.430960
5295,5296,72.995680,0.429082
5296,5297,73.009463,0.411724
5297,5298,73.023246,0.437451
5298,5299,73.037029,0.404941
5299,5300,73.050813,0.468709
5300,5301,73.064596,0.420250
5301,5302,73.078379,0.443420
5302,5303,73.092162,0.468680
5303,5304,73.105945,0.448644
5304,5305,73.119728,0.426258
5305,5306,73.133512,0.423549
5306,5307,73.147295,0.390770
5307,5308,73.161078,0.391621
5308,5309,73.174861,0.484625
5309,5310,73.188644,0.415759
5310,5311,73.202427,0.473413
5311,5312,73.216211,0.437110
5312,5313,73.229994,0.413282
5313,5314,73.243777,0.472248
5314,5315,73.257560,0.512949
5315,5316,73.271343,0.431796
5316,5317,73.285127,0.440094
5317,5318,73.298910,0.369818
5318,5319,73.312693,0.429234
5319,5320,73.326476,0.357204
5320,5321,73.340259,0.462700
5321,5322,73.354042,0.421745
5322,5323,73.367826,0.437493
5323,5324,73.381609,0.481421
5324,5325,73.395392,0.470789
5325,5326,73.409175,0.367690
5326,5327,73.422958,0.365326
5327,5328,73.436741,0.433434
5328,5329,73.450525,0.399955
5329,5330,73.464308,0.490311
5330,5331,73.478091,0.370736
5331,5332,73.491874,0.463921
5332,5333,73.505657,0.475630
5333,5334,73.519440,0.451892
5334,5335,73.533224,0.488317
5335,5336,73.547007,0.389668
5336,5337,73.560790,0.381098
5337,5338,73.574573,0.453840
5338,5339,73.588356,0.420129
5339,5340,73.602139,0.438679
5340,5341,73.615923,0.434780
5341,5342,73.629706,0.368013
5342,5343,73.643489,0.434238
5343,5344,73.657272,0.415231
5344,5345,73.671055,0.432413
5345,5346,73.684839,0.395238
5346,5347,73.698622,0.487539
5347,5348,73.712405,0.427077
5348,5349,73.726188,0.424928
5349,5350,73.739971,0.444817
5350,5351,73.753754,0.446799
5351,5352,73.767538,0.341537
5352,5353,73.781321,0.429881
5353,5354,73.795104,0.513271
5354,5355,73.808887,0.421933
5355,5356,73.822670,0.458342
5356,5357,73.836453,0.439647
5357,5358,73.850237,0.428093
5358,5359,73.864020,0.335373
5359,5360,73.877803,0.366052
5360,5361,73.891586,0.425464
5361,5362,73.905369,0.443456
5362,5363,73.919152,0.415314
5363,5364,73.932936,0.526806
5364,5365,73.946719,0.461215
5365,5366,73.960502,0.322551
5366,5367,73.974285,0.477053
5367,5368,73.988068,0.427486
5368,5369,74.001851,0.426168
5369,5370,74.015635,0.437384
5370,5371,74.029418,0.420348
5371,5372,74.043201,0.334282
5372,5373,74.056984,0.425055
5373,5374,74.070767,0.435966
5374,5375,74.084551,0.436950
5375,5376,74.098334,0.383043
5376,5377,74.112117,0.395378
5377,5378,74.125900,0.399765
5378,5379,74.139683,0.407047
5379,5380,74.153466,0.448829
5380,5381,74.167250,0.420573
5381,5382,74.181033,0.417062
5382,5383,74.194816,0.452919
5383,5384,74.208599,0.485831
5384,5385,74.222382,0.381570
5385,5386,74.236165,0.448929
5386,5387,74.249949,0.481170
5387,5388,74.263732,0.372577
5388,5389,74.277515,0.415278
5389,5390,74.291298,0.458997
5390,5391,74.305081,0.410064
5391,5392,74.318864,0.434820
5392,5393,74.332648,0.433657
5393,5394,74.346431,0.402072
5394,5395,74.360214,0.413802
5395,5396,74.373997,0.443361
5396,5397,74.387780,0.424350
5397,5398,74.401563,0.398933
5398,5399,74.415347,0.461660
5399,5400,74.429130,0.390182
5400,5401,74.442913,0.453788
5401,5402,74.456696,0.431816
5402,5403,74.470479,0.371753
5403,5404,74.484262,0.405478
5404,5405,74.498046,0.457498
5405,5406,74.511829,0.404574
5406,5407,74.525612,0.415374
5407,5408,74.539395,0.430456
5408,5409,74.553178,0.493308
5409,5410,74.566962,0.445536
5410,5411,74.580745,0.359255
5411,5412,74.594528,0.515906
5412,5413,74.608311,0.454874
5413,5414,74.622094,0.382110
5414,5415,74.635877,0.384857
5415,5416,74.649661,0.338539
5416,5417,74.663444,0.403545
5417,5418,74.677227,0.387055
5418,5419,74.691010,0.479073
5419,5420,74.704793,0.356454
5420,5421,74.718576,0.387877
5421,5422,74.732360,0.415446
5422,5423,74.746143,0.542707
5423,5424,74.759926,0.504155
5424,5425,74.773709,0.385242
5425,5426,74.787492,0.418761
5426,5427,74.801275,0.466227
5427,5428,74.815059,0.434875
5428,5429,74.828842,0.429849
5429,5430,74.842625,0.447699
5430,5431,74.856408,0.293069
5431,5432,74.870191,0.419448
5432,5433,74.883974,0.432737
5433,5434,74.897758,0.394988
5434,5435,74.911541,0.417476
5435,5436,74.925324,0.446065
5436,5437,74.939107,0.463393
5437,5438,74.952890,0.470915
5438,5439,74.966674,0.415370
5439,5440,74.980457,0.408580
5440,5441,74.994240,0.384234
5441,5442,75.008023,0.292913
5442,5443,75.021806,0.467771
5443,5444,75.035589,0.396229
5444,5445,75.049373,0.446359
5445,5446,75.063156,0.440723
5446,5447,75.076939,0.391726
5447,5448,75.090722,0.371248
5448,5449,75.104505,0.389389
5449,5450,75.118288,0.393744
5450,5451,75.132072,0.336904
5451,5452,75.145855,0.400750
5452,5453,75.159638,0.454644
5453,5454,75.173421,0.432280
5454,5455,75.187204,0.374385
5455,5456,75.200987,0.389391
5456,5457,75.214771,0.423153
5457,5458,75.228554,0.445645
5458,5459,75.242337,0.396535
5459,5460,75.256120,0.401399
5460,5461,75.269903,0.421534
5461,5462,75.283686,0.437607
5462,5463,75.297470,0.508835
5463,5464,75.311253,0.392010
5464,5465,75.325036,0.374763
5465,5466,75.338819,0.461006
5466,5467,75.352602,0.487066
5467,5468,75.366386,0.447464
5468,5469,75.380169,0.491027
5469,5470,75.393952,0.403161
5470,5471,75.407735,0.491036
5471,5472,75.421518,0.438438
5472,5473,75.435301,0.395637
5473,5474,75.449085,0.432216
5474,5475,75.462868,0.395439
5475,5476,75.476651,0.486654
5476,5477,75.490434,0.448348
5477,5478,75.504217,0.482751
5478,5479,75.518000,0.473127
5479,5480,75.531784,0.443732
5480,5481,75.545567,0.409889
5481,5482,75.559350,0.450145
5482,5483,75.573133,0.424457
5483,5484,75.586916,0.424395
5484,5485,75.600699,0.493398
5485,5486,75.614483,0.377883
5486,5487,75.628266,0.467319
5487,5488,75.642049,0.405120
5488,5489,75.655832,0.381529
5489,5490,75.669615,0.467039
5490,5491,75.683398,0.404983
5491,5492,75.697182,0.450102
5492,5493,75.710965,0.446362
5493,5494,75.724748,0.437884
5494,5495,75.738531,0.460514
5495,5496,75.752314,0.429833
5496,5497,75.766098,0.450984
5497,5498,75.779881,0.412941
5498,5499,75.793664,0.405121
5499,5500,75.807447,0.413131
5500,5501,75.821230,0.445267
5501,5502,75.835013,0.457868
5502,5503,75.848797,0.454379
5503,5504,75.862580,0.386160
5504,5505,75.876363,0.448429
5505,5506,75.890146,0.335717
5506,5507,75.903929,0.397035
5507,5508,75.917712,0.405899
5508,5509,75.931496,0.406529
5509,5510,75.945279,0.468192
5510,5511,75.959062,0.502728
5511,5512,75.972845,0.400311
5512,5513,75.986628,0.434755
5513,5514,76.000411,0.446444
5514,5515,76.014195,0.470645
5515,5516,76.027978,0.427022
5516,5517,76.041761,0.416294
5517,5518,76.055544,0.424137
5518,5519,76.069327,0.426910
5519,5520,76.083110,0.382164
5520,5521,76.096894,0.382424
5521,5522,76.110677,0.375764
5522,5523,76.124460,0.329531
5523,5524,76.138243,0.459181
5524,5525,76.152026,0.400320
5525,5526,76.165810,0.398735
5526,5527,76.179593,0.419578
5527,5528,76.193376,0.447637
5528,5529,76.207159,0.406086
5529,5530,76.220942,0.368476
5530,5531,76.234725,0.382059
5531,5532,76.248509,0.375930
5532,5533,76.262292,0.381030
5533,5534,76.276075,0.430708
5534,5535,76.289858,0.475773
5535,5536,76.303641,0.376052
5536,5537,76.317424,0.438545
5537,5538,76.331208,0.420321
5538,5539,76.344991,0.384706
5539,5540,76.358774,0.370441
5540,5541,76.372557,0.393844
5541,5542,76.386340,0.430411
5542,5543,76.400123,0.406362
5543,5544,76.413907,0.442463
5544,5545,76.427690,0.378373
5545,5546,76.441473,0.377240
5546,5547,76.455256,0.440316
5547,5548,76.469039,0.468827
5548,5549,76.482822,0.379737
5549,5550,76.496606,0.396710
5550,5551,76.510389,0.454002
5551,5552,76.524172,0.407105
5552,5553,76.537955,0.358981
5553,5554,76.551738,0.348786
5554,5555,76.565521,0.485791
5555,5556,76.579305,0.358713
5556,5557,76.593088,0.384925
5557,5558,76.606871,0.455045
5558,5559,76.620654,0.458380
5559,5560,76.634437,0.385750
5560,5561,76.648221,0.394861
5561,5562,76.662004,0.392585
5562,5563,76.675787,0.416072
5563,5564,76.689570,0.479414
5564,5565,76.703353,0.447929
5565,5566,76.717136,0.416807
5566,5567,76.730920,0.397492
5567,5568,76.744703,0.457087
5568,5569,76.758486,0.434461
5569,5570,76.772269,0.438307
5570,5571,76.786052,0.429192
5571,5572,76.799835,0.477911
5572,5573,76.813619,0.340471
5573,5574,76.827402,0.392018
5574,5575,76.841185,0.431946
5575,5576,76.854968,0.370584
5576,5577,76.868751,0.424362
5577,5578,76.882534,0.423708
5578,5579,76.896318,0.362706
5579,5580,76.910101,0.427476
5580,5581,76.923884,0.484550
5581,5582,76.937667,0.406721
5582,5583,76.951450,0.375142
5583,5584,76.965233,0.429726
5584,5585,76.979017,0.387241
5585,5586,76.992800,0.399506
5586,5587,77.006583,0.378585
5587,5588,77.020366,0.405653
5588,5589,77.034149,0.421949
5589,5590,77.047933,0.423028
5590,5591,77.061716,0.379272
5591,5592,77.075499,0.443199
5592,5593,77.089282,0.427384
5593,5594,77.103065,0.309730
5594,5595,77.116848,0.426112
5595,5596,77.130632,0.362029
5596,5597,77.144415,0.361695
5597,5598,77.158198,0.470189
5598,5599,77.171981,0.362301
5599,5600,77.185764,0.411384
5600,5601,77.199547,0.445553
5601,5602,77.213331,0.396298
5602,5603,77.227114,0.483570
5603,5604,77.240897,0.464523
5604,5605,77.254680,0.448691
5605,5606,77.268463,0.420187
5606,5607,77.282246,0.434675
5607,5608,77.296030,0.412902
5608,5609,77.309813,0.380268
5609,5610,77.323596,0.420462
5610,5611,77.337379,0.450581
5611,5612,77.351162,0.459100
5612,5613,77.364945,0.409756
5613,5614,77.378729,0.409809
5614,5615,77.392512,0.387131
5615,5616,77.406295,0.360780
5616,5617,77.420078,0.464625
5617,5618,77.433861,0.468110
5618,5619,77.447645,0.405131
5619,5620,77.461428,0.426876
5620,5621,77.475211,0.416040
5621,5622,77.488994,0.381960
5622,5623,77.502777,0.413283
5623,5624,77.516560,0.450966
5624,5625,77.530344,0.431964
5625,5626,77.544127,0.423006
5626,5627,77.557910,0.399497
5627,5628,77.571693,0.493908
5628,5629,77.585476,0.380360
5629,5630,77.599259,0.387463
5630,5631,77.613043,0.357387
5631,5632,77.626826,0.407352
5632,5633,77.640609,0.459547
5633,5634,77.654392,0.393395
5634,5635,77.668175,0.362885
5635,5636,77.681958,0.407797
5636,5637,77.695742,0.400669
5637,5638,77.709525,0.413644
5638,5639,77.723308,0.526434
5639,5640,77.737091,0.421512
5640,5641,77.750874,0.377056
5641,5642,77.764657,0.442658
5642,5643,77.778441,0.501333
5643,5644,77.792224,0.406274
5644,5645,77.806007,0.474396
5645,5646,77.819790,0.481825
5646,5647,77.833573,0.402093
5647,5648,77.847357,0.418920
5648,5649,77.861140,0.442351
5649,5650,77.874923,0.436827
5650,5651,77.888706,0.500588
5651,5652,77.902489,0.320540
5652,5653,77.916272,0.460323
5653,5654,77.930056,0.434978
5654,5655,77.943839,0.439424
5655,5656,77.957622,0.446061
5656,5657,77.971405,0.461430
5657,5658,77.985188,0.438302
5658,5659,77.998971,0.420618
5659,5660,78.012755,0.430500
5660,5661,78.026538,0.347989
5661,5662,78.040321,0.501437
5662,5663,78.054104,0.419101
5663,5664,78.067887,0.451554
5664,5665,78.081670,0.370453
5665,5666,78.095454,0.394449
5666,5667,78.109237,0.413565
5667,5668,78.123020,0.400762
5668,5669,78.136803,0.427233
5669,5670,78.150586,0.447574
5670,5671,78.164369,0.403517
5671,5672,78.178153,0.434180
5672,5673,78.191936,0.412574
5673,5674,78.205719,0.429810
5674,5675,78.219502,0.465787
5675,5676,78.233285,0.406776
5676,5677,78.247069,0.435737
5677,5678,78.260852,0.390307
5678,5679,78.274635,0.450672
5679,5680,78.288418,0.386224
5680,5681,78.302201,0.394053
5681,5682,78.315984,0.381487
5682,5683,78.329768,0.433958
5683,5684,78.343551,0.400580
5684,5685,78.357334,0.450675
5685,5686,78.371117,0.415487
5686,5687,78.384900,0.419174
5687,5688,78.398683,0.484575
5688,5689,78.412467,0.366344
5689,5690,78.426250,0.468136
5690,5691,78.440033,0.390826
5691,5692,78.453816,0.422878
5692,5693,78.467599,0.514498
5693,5694,78.481382,0.389951
5694,5695,78.495166,0.426659
5695,5696,78.508949,0.387582
5696,5697,78.522732,0.415268
5697,5698,78.536515,0.391712
5698,5699,78.550298,0.401471
5699,5700,78.564081,0.456106
5700,5701,78.577865,0.409939
5701,5702,78.591648,0.458034
5702,5703,78.605431,0.467404
5703,5704,78.619214,0.468948
5704,5705,78.632997,0.414124
5705,5706,78.646780,0.494617
5706,5707,78.660564,0.386235
5707,5708,78.674347,0.423643
5708,5709,78.688130,0.404688
5709,5710,78.701913,0.478724
5710,5711,78.715696,0.413605
5711,5712,78.729480,0.474468
5712,5713,78.743263,0.422279
5713,5714,78.757046,0.473126
5714,5715,78.770829,0.388545
5715,5716,78.784612,0.393218
5716,5717,78.798395,0.419485
5717,5718,78.812179,0.408593
5718,5719,78.825962,0.440223
5719,5720,78.839745,0.442500
5720,5721,78.853528,0.431883
5721,5722,78.867311,0.403055
5722,5723,78.881094,0.466050
5723,5724,78.894878,0.452651
5724,5725,78.908661,0.447699
5725,5726,78.922444,0.494458
5726,5727,78.936227,0.454402
5727,5728,78.950010,0.461811
5728,5729,78.963793,0.388884
5729,5730,78.977577,0.462863
5730,5731,78.991360,0.392863
5731,5732,79.005143,0.421790
5732,5733,79.018926,0.410890
5733,5734,79.032709,0.419165
5734,5735,79.046492,0.402710
5735,5736,79.060276,0.444249
5736,5737,79.074059,0.405385
5737,5738,79.087842,0.484955
5738,5739,79.101625,0.478247
5739,5740,79.115408,0.437978
5740,5741,79.129192,0.407960
5741,5742,79.142975,0.445561
5742,5743,79.156758,0.415599
5743,5744,79.170541,0.392657
5744,5745,79.184324,0.441164
5745,5746,79.198107,0.418583
5746,5747,79.211891,0.380506
5747,5748,79.225674,0.381054
5748,5749,79.239457,0.320327
5749,5750,79.253240,0.463456
5750,5751,79.267023,0.408176
5751,5752,79.280806,0.374306
5752,5753,79.294590,0.464591
5753,5754,79.308373,0.424256
5754,5755,79.322156,0.396046
5755,5756,79.335939,0.447680
5756,5757,79.349722,0.443149
5757,5758,79.363505,0.385504
5758,5759,79.377289,0.424084
5759,5760,79.391072,0.410441
5760,5761,79.404855,0.467174
5761,5762,79.418638,0.411567
5762,5763,79.432421,0.402856
5763,5764,79.446204,0.360876
5764,5765,79.459988,0.418675
5765,5766,79.473771,0.456040
5766,5767,79.487554,0.402966
5767,5768,79.501337,0.412980
5768,5769,79.515120,0.395863
5769,5770,79.528904,0.418473
5770,5771,79.542687,0.487226
5771,5772,79.556470,0.443231
5772,5773,79.570253,0.440267
5773,5774,79.584036,0.381945
5774,5775,79.597819,0.399474
5775,5776,79.611603,0.410384
5776,5777,79.625386,0.359882
5777,5778,79.639169,0.446211
5778,5779,79.652952,0.385792
5779,5780,79.666735,0.457165
5780,5781,79.680518,0.355894
5781,5782,79.694302,0.424438
5782,5783,79.708085,0.418435
5783,5784,79.721868,0.368086
5784,5785,79.735651,0.443366
5785,5786,79.749434,0.443055
5786,5787,79.763217,0.382090
5787,5788,79.777001,0.374968
5788,5789,79.790784,0.456226
5789,5790,79.804567,0.433799
5790,5791,79.818350,0.446747
5791,5792,79.832133,0.442184
5792,5793,79.845916,0.438818
5793,5794,79.859700,0.474508
5794,5795,79.873483,0.432424
5795,5796,79.887266,0.451470
5796,5797,79.901049,0.469585
5797,5798,79.914832,0.410790
5798,5799,79.928616,0.415247
5799,5800,79.942399,0.468636
5800,5801,79.956182,0.334782
5801,5802,79.969965,0.378710
5802,5803,79.983748,0.407868
5803,5804,79.997531,0.419048
5804,5805,80.011315,0.447638
5805,5806,80.025098,0.442578
5806,5807,80.038881,0.489596
5807,5808,80.052664,0.449083
5808,5809,80.066447,0.456490
5809,5810,80.080230,0.393278
5810,5811,80.094014,0.387385
5811,5812,80.107797,0.413926
5812,5813,80.121580,0.397348
5813,5814,80.135363,0.372348
5814,5815,80.149146,0.416674
5815,5816,80.162929,0.421105
5816,5817,80.176713,0.470447
5817,5818,80.190496,0.458256
5818,5819,80.204279,0.494201
5819,5820,80.218062,0.392504
5820,5821,80.231845,0.470618
5821,5822,80.245628,0.478018
5822,5823,80.259412,0.435340
5823,5824,80.273195,0.513470
5824,5825,80.286978,0.431172
5825,5826,80.300761,0.444738
5826,5827,80.314544,0.378076
5827,5828,80.328328,0.458323
5828,5829,80.342111,0.448527
5829,5830,80.355894,0.425445
5830,5831,80.369677,0.397817
5831,5832,80.383460,0.415100
5832,5833,80.397243,0.490695
5833,5834,80.411027,0.441645
5834,5835,80.424810,0.417492
5835,5836,80.438593,0.448987
5836,5837,80.452376,0.398241
5837,5838,80.466159,0.404442
5838,5839,80.479942,0.403209
5839,5840,80.493726,0.450420
5840,5841,80.507509,0.397889
5841,5842,80.521292,0.452880
5842,5843,80.535075,0.472129
5843,5844,80.548858,0.342751
5844,5845,80.562641,0.448325
5845,5846,80.576425,0.444578
5846,5847,80.590208,0.373699
5847,5848,80.603991,0.454078
5848,5849,80.617774,0.539278
5849,5850,80.631557,0.463366
5850,5851,80.645340,0.368872
5851,5852,80.659124,0.417212
5852,5853,80.672907,0.366915
5853,5854,80.686690,0.374368
5854,5855,80.700473,0.339647
5855,5856,80.714256,0.480397
5856,5857,80.728039,0.427421
5857,5858,80.741823,0.335622
5858,5859,80.755606,0.378069
5859,5860,80.769389,0.354416
5860,5861,80.783172,0.443046
5861,5862,80.796955,0.458453
5862,5863,80.810739,0.408697
5863,5864,80.824522,0.377485
5864,5865,80.838305,0.429268
5865,5866,80.852088,0.367855
5866,5867,80.865871,0.386686
5867,5868,80.879654,0.503126
5868,5869,80.893438,0.415128
5869,5870,80.907221,0.430266
5870,5871,80.921004,0.444021
5871,5872,80.934787,0.426191
5872,5873,80.948570,0.414610
5873,5874,80.962353,0.409819
5874,5875,80.976137,0.501184
5875,5876,80.989920,0.375468
5876,5877,81.003703,0.404253
5877,5878,81.017486,0.466545
5878,5879,81.031269,0.413500
5879,5880,81.045052,0.464749
5880,5881,81.058836,0.337531
5881,5882,81.072619,0.422952
5882,5883,81.086402,0.476456
5883,5884,81.100185,0.396890
5884,5885,81.113968,0.404507
5885,5886,81.127751,0.395511
5886,5887,81.141535,0.495430
5887,5888,81.155318,0.472263
5888,5889,81.169101,0.426383
5889,5890,81.182884,0.427982
5890,5891,81.196667,0.493643
5891,5892,81.210451,0.410144
5892,5893,81.224234,0.455787
5893,5894,81.238017,0.454437
5894,5895,81.251800,0.459882
5895,5896,81.265583,0.426450
5896,5897,81.279366,0.436634
5897,5898,81.293150,0.440219
5898,5899,81.306933,0.395167
5899,5900,81.320716,0.464888
5900,5901,81.334499,0.369263
5901,5902,81.348282,0.429632
5902,5903,81.362065,0.459867
5903,5904,81.375849,0.375922
5904,5905,81.389632,0.527821
5905,5906,81.403415,0.474970
5906,5907,81.417198,0.423794
5907,5908,81.430981,0.367048
5908,5909,81.444764,0.429228
5909,5910,81.458548,0.508202
5910,5911,81.472331,0.408753
5911,5912,81.486114,0.378299
5912,5913,81.499897,0.401070
5913,5914,81.513680,0.352862
5914,5915,81.527463,0.515820
5915,5916,81.541247,0.404256
5916,5917,81.555030,0.491780
5917,5918,81.568813,0.423311
5918,5919,81.582596,0.471666
5919,5920,81.596379,0.436589
5920,5921,81.610163,0.385223
5921,5922,81.623946,0.445703
5922,5923,81.637729,0.450694
5923,5924,81.651512,0.384168
5924,5925,81.665295,0.439497
5925,5926,81.679078,0.388281
5926,5927,81.692862,0.454449
5927,5928,81.706645,0.346462
5928,5929,81.720428,0.487962
5929,5930,81.734211,0.368636
5930,5931,81.747994,0.479956
5931,5932,81.761777,0.434430
5932,5933,81.775561,0.389835
5933,5934,81.789344,0.438922
5934,5935,81.803127,0.385590
5935,5936,81.816910,0.443376
5936,5937,81.830693,0.355011
5937,5938,81.844476,0.443224
5938,5939,81.858260,0.451585
5939,5940,81.872043,0.473854
5940,5941,81.885826,0.447569
5941,5942,81.899609,0.455386
5942,5943,81.913392,0.382848
5943,5944,81.927175,0.445181
5944,5945,81.940959,0.388779
5945,5946,81.954742,0.375438
5946,5947,81.968525,0.385396
5947,5948,81.982308,0.382986
5948,5949,81.996091,0.419909
5949,5950,82.009875,0.422014
5950,5951,82.023658,0.440851
5951,5952,82.037441,0.456516
5952,5953,82.051224,0.478363
5953,5954,82.065007,0.419297
5954,5955,82.078790,0.384757
5955,5956,82.092574,0.411296
5956,5957,82.106357,0.441918
5957,5958,82.120140,0.454999
5958,5959,82.133923,0.357166
5959,5960,82.147706,0.370978
5960,5961,82.161489,0.402480
5961,5962,82.175273,0.482271
5962,5963,82.189056,0.344592
5963,5964,82.202839,0.463110
5964,5965,82.216622,0.410235
5965,5966,82.230405,0.385126
5966,5967,82.244188,0.414045
5967,5968,82.257972,0.374331
5968,5969,82.271755,0.433567
5969,5970,82.285538,0.406607
5970,5971,82.299321,0.430858
5971,5972,82.313104,0.376478
5972,5973,82.326887,0.436879
5973,5974,82.340671,0.416820
5974,5975,82.354454,0.457507
5975,5976,82.368237,0.399273
5976,5977,82.382020,0.392477
5977,5978,82.395803,0.450614
5978,5979,82.409587,0.418490
5979,5980,82.423370,0.359664
5980,5981,82.437153,0.420996
5981,5982,82.450936,0.453254
5982,5983,82.464719,0.419915
5983,5984,82.478502,0.393288
5984,5985,82.492286,0.461275
5985,5986,82.506069,0.490476
5986,5987,82.519852,0.511042
5987,5988,82.533635,0.402379
5988,5989,82.547418,0.395769
5989,5990,82.561201,0.452335
5990,5991,82.574985,0.438422
5991,5992,82.588768,0.399608
5992,5993,82.602551,0.425029
5993,5994,82.616334,0.410386
5994,5995,82.630117,0.427338
5995,5996,82.643900,0.434315
5996,5997,82.657684,0.390772
5997,5998,82.671467,0.418796
5998,5999,82.685250,0.424002
5999,6000,82.699033,0.490191
6000,6001,82.712816,0.453725
6001,6002,82.726599,0.411819
6002,6003,82.740383,0.416287
6003,6004,82.754166,0.438515
6004,6005,82.767949,0.460629
6005,6006,82.781732,0.491847
6006,6007,82.795515,0.447007
6007,6008,82.809298,0.383071
6008,6009,82.823082,0.479272
6009,6010,82.836865,0.488301
6010,6011,82.850648,0.446738
6011,6012,82.864431,0.431604
6012,6013,82.878214,0.394458
6013,6014,82.891998,0.441648
6014,6015,82.905781,0.504116
6015,6016,82.919564,0.377980
6016,6017,82.933347,0.393212
6017,6018,82.947130,0.383979
6018,6019,82.960913,0.471292
6019,6020,82.974697,0.434329
6020,6021,82.988480,0.423250
6021,6022,83.002263,0.399167
6022,6023,83.016046,0.421098
6023,6024,83.029829,0.433901
6024,6025,83.043612,0.413859
6025,6026,83.057396,0.551283
6026,6027,83.071179,0.426652
6027,6028,83.084962,0.457403
6028,6029,83.098745,0.458577
6029,6030,83.112528,0.459119
6030,6031,83.126311,0.414240
6031,6032,83.140095,0.467602
6032,6033,83.153878,0.374590
6033,6034,83.167661,0.358796
6034,6035,83.181444,0.436222
6035,6036,83.195227,0.422354
6036,6037,83.209010,0.465899
6037,6038,83.222794,0.394697
6038,6039,83.236577,0.413413
6039,6040,83.250360,0.375125
6040,6041,83.264143,0.369654
6041,6042,83.277926,0.383635
6042,6043,83.291710,0.390869
6043,6044,83.305493,0.410371
6044,6045,83.319276,0.446773
6045,6046,83.333059,0.439186
6046,6047,83.346842,0.420408
6047,6048,83.360625,0.390648
6048,6049,83.374409,0.398562
6049,6050,83.388192,0.422267
6050,6051,83.401975,0.454745
6051,6052,83.415758,0.409714
6052,6053,83.429541,0.495017
6053,6054,83.443324,0.445988
6054,6055,83.457108,0.459810
6055,6056,83.470891,0.433237
6056,6057,83.484674,0.413059
6057,6058,83.498457,0.488004
6058,6059,83.512240,0.387506
6059,6060,83.526023,0.505975
6060,6061,83.539807,0.431610
6061,6062,83.553590,0.460656
6062,6063,83.567373,0.400061
6063,6064,83.581156,0.417403
6064,6065,83.594939,0.388786
6065,6066,83.608722,0.410498
6066,6067,83.622506,0.422809
6067,6068,83.636289,0.381351
6068,6069,83.650072,0.446827
6069,6070,83.663855,0.392885
6070,6071,83.677638,0.415316
6071,6072,83.691422,0.460505
6072,6073,83.705205,0.415716
6073,6074,83.718988,0.358710
6074,6075,83.732771,0.387230
6075,6076,83.746554,0.380183
6076,6077,83.760337,0.401487
6077,6078,83.774121,0.400689
6078,6079,83.787904,0.432397
6079,6080,83.801687,0.380612
6080,6081,83.815470,0.363760
6081,6082,83.829253,0.346007
6082,6083,83.843036,0.386236
6083,6084,83.856820,0.437921
6084,6085,83.870603,0.462790
6085,6086,83.884386,0.390198
6086,6087,83.898169,0.390851
6087,6088,83.911952,0.422145
6088,6089,83.925735,0.434755
6089,6090,83.939519,0.414107
6090,6091,83.953302,0.369342
6091,6092,83.967085,0.440171
6092,6093,83.980868,0.422588
6093,6094,83.994651,0.443018
6094,6095,84.008434,0.405767
6095,6096,84.022218,0.348894
6096,6097,84.036001,0.409002
6097,6098,84.049784,0.377231
6098,6099,84.063567,0.477403
6099,6100,84.077350,0.390291
6100,6101,84.091134,0.400498
6101,6102,84.104917,0.410784
6102,6103,84.118700,0.439934
6103,6104,84.132483,0.502659
6104,6105,84.146266,0.362519
6105,6106,84.160049,0.457932
6106,6107,84.173833,0.476507
6107,6108,84.187616,0.367529
6108,6109,84.201399,0.398965
6109,6110,84.215182,0.431048
6110,6111,84.228965,0.442513
6111,6112,84.242748,0.365221
6112,6113,84.256532,0.443579
6113,6114,84.270315,0.350718
6114,6115,84.284098,0.422542
6115,6116,84.297881,0.428221
6116,6117,84.311664,0.412363
6117,6118,84.325447,0.393389
6118,6119,84.339231,0.420630
6119,6120,84.353014,0.401772
6120,6121,84.366797,0.434086
6121,6122,84.380580,0.390247
6122,6123,84.394363,0.493320
6123,6124,84.408146,0.405454
6124,6125,84.421930,0.447242
6125,6126,84.435713,0.341882
6126,6127,84.449496,0.388820
6127,6128,84.463279,0.451998
6128,6129,84.477062,0.384636
6129,6130,84.490846,0.496113
6130,6131,84.504629,0.379185
6131,6132,84.518412,0.398990
6132,6133,84.532195,0.447557
6133,6134,84.545978,0.478402
6134,6135,84.559761,0.331632
6135,6136,84.573545,0.486723
6136,6137,84.587328,0.489848
6137,6138,84.601111,0.432930
6138,6139,84.614894,0.391991
6139,6140,84.628677,0.503226
6140,6141,84.642460,0.417000
6141,6142,84.656244,0.423821
6142,6143,84.670027,0.356409
6143,6144,84.683810,0.413976
6144,6145,84.697593,0.377422
6145,6146,84.711376,0.441609
6146,6147,84.725159,0.436166
6147,6148,84.738943,0.433646
6148,6149,84.752726,0.427123
6149,6150,84.766509,0.408225
6150,6151,84.780292,0.438582
6151,6152,84.794075,0.379873
6152,6153,84.807858,0.450474
6153,6154,84.821642,0.482774
6154,6155,84.835425,0.422277
6155,6156,84.849208,0.395082
6156,6157,84.862991,0.442576
6157,6158,84.876774,0.423715
6158,6159,84.890557,0.484742
6159,6160,84.904341,0.367360
6160,6161,84.918124,0.453097
6161,6162,84.931907,0.413978
6162,6163,84.945690,0.467488
6163,6164,84.959473,0.397879
6164,6165,84.973257,0.393027
6165,6166,84.987040,0.374318
6166,6167,85.000823,0.407935
6167,6168,85.014606,0.379977
6168,6169,85.028389,0.393251
6169,6170,85.042172,0.432425
6170,6171,85.055956,0.426468
6171,6172,85.069739,0.449362
6172,6173,85.083522,0.501512
6173,6174,85.097305,0.463919
6174,6175,85.111088,0.359673
6175,6176,85.124871,0.407225
6176,6177,85.138655,0.468915
6177,6178,85.152438,0.469924
6178,6179,85.166221,0.397733
6179,6180,85.180004,0.490964
6180,6181,85.193787,0.443065
6181,6182,85.207570,0.395812
6182,6183,85.221354,0.418625
6183,6184,85.235137,0.343449
6184,6185,85.248920,0.451796
6185,6186,85.262703,0.403189
6186,6187,85.276486,0.407241
6187,6188,85.290269,0.395586
6188,6189,85.304053,0.357866
6189,6190,85.317836,0.466354
6190,6191,85.331619,0.454559
6191,6192,85.345402,0.476869
6192,6193,85.359185,0.451067
6193,6194,85.372969,0.382524
6194,6195,85.386752,0.390813
6195,6196,85.400535,0.386994
6196,6197,85.414318,0.316882
6197,6198,85.428101,0.447686
6198,6199,85.441884,0.384208
6199,6200,85.455668,0.397409
6200,6201,85.469451,0.404529
6201,6202,85.483234,0.425885
6202,6203,85.497017,0.397963
6203,6204,85.510800,0.418770
6204,6205,85.524583,0.403362
6205,6206,85.538367,0.424792
6206,6207,85.552150,0.448907
6207,6208,85.565933,0.468048
6208,6209,85.579716,0.428815
6209,6210,85.593499,0.465315
6210,6211,85.607282,0.383594
6211,6212,85.621066,0.472597
6212,6213,85.634849,0.520529
6213,6214,85.648632,0.394119
6214,6215,85.662415,0.416660
6215,6216,85.676198,0.404740
6216,6217,85.689981,0.449847
6217,6218,85.703765,0.448092
6218,6219,85.717548,0.430372
6219,6220,85.731331,0.413814
6220,6221,85.745114,0.415246
6221,6222,85.758897,0.456921
6222,6223,85.772681,0.414971
6223,6224,85.786464,0.337017
6224,6225,85.800247,0.420835
6225,6226,85.814030,0.418733
6226,6227,85.827813,0.381236
6227,6228,85.841596,0.362953
6228,6229,85.855380,0.434341
6229,6230,85.869163,0.390697
6230,6231,85.882946,0.388476
6231,6232,85.896729,0.470738
6232,6233,85.910512,0.421818
6233,6234,85.924295,0.439388
6234,6235,85.938079,0.376489
6235,6236,85.951862,0.417053
6236,6237,85.965645,0.473876
6237,6238,85.979428,0.401253
6238,6239,85.993211,0.451762
6239,6240,86.006994,0.380140
6240,6241,86.020778,0.415867
6241,6242,86.034561,0.433968
6242,6243,86.048344,0.445661
6243,6244,86.062127,0.468816
6244,6245,86.075910,0.446295
6245,6246,86.089693,0.386068
6246,6247,86.103477,0.434105
6247,6248,86.117260,0.416339
6248,6249,86.131043,0.404532
6249,6250,86.144826,0.444772
6250,6251,86.158609,0.437314
6251,6252,86.172393,0.478565
6252,6253,86.186176,0.362068
6253,6254,86.199959,0.446645
6254,6255,86.213742,0.418602
6255,6256,86.227525,0.400427
6256,6257,86.241308,0.432934
6257,6258,86.255092,0.428146
6258,6259,86.268875,0.466905
6259,6260,86.282658,0.422232
6260,6261,86.296441,0.373161
6261,6262,86.310224,0.417287
6262,6263,86.324007,0.453639
6263,6264,86.337791,0.407184
6264,6265,86.351574,0.379708
6265,6266,86.365357,0.512719
6266,6267,86.379140,0.464299
6267,6268,86.392923,0.428829
6268,6269,86.406706,0.448261
6269,6270,86.420490,0.436486
6270,6271,86.434273,0.445262
6271,6272,86.448056,0.405700
6272,6273,86.461839,0.457217
6273,6274,86.475622,0.401522
6274,6275,86.489405,0.375614
6275,6276,86.503189,0.388595
6276,6277,86.516972,0.371232
6277,6278,86.530755,0.340852
6278,6279,86.544538,0.420668
6279,6280,86.558321,0.446608
6280,6281,86.572105,0.484427
6281,6282,86.585888,0.416422
6282,6283,86.599671,0.401717
6283,6284,86.613454,0.375546
6284,6285,86.627237,0.450593
6285,6286,86.641020,0.377627
6286,6287,86.654804,0.418179
6287,6288,86.668587,0.432925
6288,6289,86.682370,0.449749
6289,6290,86.696153,0.418996
6290,6291,86.709936,0.401854
6291,6292,86.723719,0.402105
6292,6293,86.737503,0.488233
6293,6294,86.751286,0.478371
6294,6295,86.765069,0.449673
6295,6296,86.778852,0.402762
6296,6297,86.792635,0.391985
6297,6298,86.806418,0.404570
6298,6299,86.820202,0.408499
6299,6300,86.833985,0.475839
6300,6301,86.847768,0.375539
6301,6302,86.861551,0.410746
6302,6303,86.875334,0.431180
6303,6304,86.889117,0.397941
6304,6305,86.902901,0.446258
6305,6306,86.916684,0.361112
6306,6307,86.930467,0.372757
6307,6308,86.944250,0.444617
6308,6309,86.958033,0.408644
6309,6310,86.971816,0.357458
6310,6311,86.985600,0.412665
6311,6312,86.999383,0.439206
6312,6313,87.013166,0.462672
6313,6314,87.026949,0.434546
6314,6315,87.040732,0.420692
6315,6316,87.054516,0.395193
6316,6317,87.068299,0.347777
6317,6318,87.082082,0.449205
6318,6319,87.095865,0.418562
6319,6320,87.109648,0.421274
6320,6321,87.123431,0.476812
6321,6322,87.137215,0.399213
6322,6323,87.150998,0.441241
6323,6324,87.164781,0.381206
6324,6325,87.178564,0.436887
6325,6326,87.192347,0.382041
6326,6327,87.206130,0.401875
6327,6328,87.219914,0.404321
6328,6329,87.233697,0.419535
6329,6330,87.247480,0.465734
6330,6331,87.261263,0.498305
6331,6332,87.275046,0.479699
6332,6333,87.288829,0.373055
6333,6334,87.302613,0.392210
6334,6335,87.316396,0.476634
6335,6336,87.330179,0.402126
6336,6337,87.343962,0.461150
6337,6338,87.357745,0.410471
6338,6339,87.371528,0.390813
6339,6340,87.385312,0.425455
6340,6341,87.399095,0.383435
6341,6342,87.412878,0.386364
6342,6343,87.426661,0.382211
6343,6344,87.440444,0.433453
6344,6345,87.454228,0.460677
6345,6346,87.468011,0.412306
6346,6347,87.481794,0.449562
6347,6348,87.495577,0.351229
6348,6349,87.509360,0.473234
6349,6350,87.523143,0.441005
6350,6351,87.536927,0.347704
6351,6352,87.550710,0.468511
6352,6353,87.564493,0.381146
6353,6354,87.578276,0.403419
6354,6355,87.592059,0.390467
6355,6356,87.605842,0.402346
6356,6357,87.619626,0.439330
6357,6358,87.633409,0.361932
6358,6359,87.647192,0.387648
6359,6360,87.660975,0.427904
6360,6361,87.674758,0.473393
6361,6362,87.688541,0.432296
6362,6363,87.702325,0.465907
6363,6364,87.716108,0.428865
6364,6365,87.729891,0.367441
6365,6366,87.743674,0.459894
6366,6367,87.757457,0.469254
6367,6368,87.771240,0.426053
6368,6369,87.785024,0.397103
6369,6370,87.798807,0.457505
6370,6371,87.812590,0.366627
6371,6372,87.826373,0.452601
6372,6373,87.840156,0.457700
6373,6374,87.853940,0.543341
6374,6375,87.867723,0.374785
6375,6376,87.881506,0.404364
6376,6377,87.895289,0.428223
6377,6378,87.909072,0.399843
6378,6379,87.922855,0.473155
6379,6380,87.936639,0.440811
6380,6381,87.950422,0.420642
6381,6382,87.964205,0.391370
6382,6383,87.977988,0.424868
6383,6384,87.991771,0.388938
6384,6385,88.005554,0.393465
6385,6386,88.019338,0.411005
6386,6387,88.033121,0.389962
6387,6388,88.046904,0.400800
6388,6389,88.060687,0.427762
6389,6390,88.074470,0.424761
6390,6391,88.088253,0.455432
6391,6392,88.102037,0.396928
6392,6393,88.115820,0.421919
6393,6394,88.129603,0.372424
6394,6395,88.143386,0.420294
6395,6396,88.157169,0.429416
6396,6397,88.170952,0.419849
6397,6398,88.184736,0.430799
6398,6399,88.198519,0.395568
6399,6400,88.212302,0.395283
6400,6401,88.226085,0.455736
6401,6402,88.239868,0.412974
6402,6403,88.253652,0.411882
6403,6404,88.267435,0.410993
6404,6405,88.281218,0.404992
6405,6406,88.295001,0.414251
6406,6407,88.308784,0.403620
6407,6408,88.322567,0.445471
6408,6409,88.336351,0.360278
6409,6410,88.350134,0.437041
6410,6411,88.363917,0.490000
6411,6412,88.377700,0.381528
6412,6413,88.391483,0.421323
6413,6414,88.405266,0.440237
6414,6415,88.419050,0.404844
6415,6416,88.432833,0.411883
6416,6417,88.446616,0.384568
6417,6418,88.460399,0.445876
6418,6419,88.474182,0.439717
6419,6420,88.487965,0.391477
6420,6421,88.501749,0.487844
6421,6422,88.515532,0.367768
6422,6423,88.529315,0.361247
6423,6424,88.543098,0.447151
6424,6425,88.556881,0.425579
6425,6426,88.570664,0.377476
6426,6427,88.584448,0.437873
6427,6428,88.598231,0.418219
6428,6429,88.612014,0.471966
6429,6430,88.625797,0.470607
6430,6431,88.639580,0.470533
6431,6432,88.653364,0.419382
6432,6433,88.667147,0.442437
6433,6434,88.680930,0.363575
6434,6435,88.694713,0.384571
6435,6436,88.708496,0.468484
6436,6437,88.722279,0.428498
6437,6438,88.736063,0.367551
6438,6439,88.749846,0.402242
6439,6440,88.763629,0.417433
6440,6441,88.777412,0.412454
6441,6442,88.791195,0.392229
6442,6443,88.804978,0.400956
6443,6444,88.818762,0.445769
6444,6445,88.832545,0.443137
6445,6446,88.846328,0.393737
6446,6447,88.860111,0.324517
6447,6448,88.873894,0.449968
6448,6449,88.887677,0.384051
6449,6450,88.901461,0.375169
6450,6451,88.915244,0.378828
6451,6452,88.929027,0.377932
6452,6453,88.942810,0.439634
6453,6454,88.956593,0.426367
6454,6455,88.970376,0.417914
6455,6456,88.984160,0.407703
6456,6457,88.997943,0.467256
6457,6458,89.011726,0.390499
6458,6459,89.025509,0.422514
6459,6460,89.039292,0.427542
6460,6461,89.053075,0.452583
6461,6462,89.066859,0.432818
6462,6463,89.080642,0.386710
6463,6464,89.094425,0.434808
6464,6465,89.108208,0.494181
6465,6466,89.121991,0.365602
6466,6467,89.135775,0.464539
6467,6468,89.149558,0.422117
6468,6469,89.163341,0.412985
6469,6470,89.177124,0.384846
6470,6471,89.190907,0.403016
6471,6472,89.204690,0.358909
6472,6473,89.218474,0.405183
6473,6474,89.232257,0.361176
6474,6475,89.246040,0.360827
6475,6476,89.259823,0.475572
6476,6477,89.273606,0.366754
6477,6478,89.287389,0.467710
6478,6479,89.301173,0.394715
6479,6480,89.314956,0.459183
6480,6481,89.328739,0.359839
6481,6482,89.342522,0.417655
6482,6483,89.356305,0.443843
6483,6484,89.370088,0.420745
6484,6485,89.383872,0.409990
6485,6486,89.397655,0.442105
6486,6487,89.411438,0.404228
6487,6488,89.425221,0.403885
6488,6489,89.439004,0.400309
6489,6490,89.452787,0.414690
6490,6491,89.466571,0.411533
6491,6492,89.480354,0.397245
6492,6493,89.494137,0.498239
6493,6494,89.507920,0.433864
6494,6495,89.521703,0.421300
6495,6496,89.535487,0.447829
6496,6497,89.549270,0.400887
6497,6498,89.563053,0.434758
6498,6499,89.576836,0.405646
6499,6500,89.590619,0.526575
6500,6501,89.604402,0.475263
6501,6502,89.618186,0.418776
6502,6503,89.631969,0.398684
6503,6504,89.645752,0.362081
6504,6505,89.659535,0.370684
6505,6506,89.673318,0.391260
6506,6507,89.687101,0.389714
6507,6508,89.700885,0.400595
6508,6509,89.714668,0.357274
6509,6510,89.728451,0.445495
6510,6511,89.742234,0.446103
6511,6512,89.756017,0.449674
6512,6513,89.769800,0.363169
6513,6514,89.783584,0.442795
6514,6515,89.797367,0.537896
6515,6516,89.811150,0.397460
6516,6517,89.824933,0.375441
6517,6518,89.838716,0.387159
6518,6519,89.852499,0.427225
6519,6520,89.866283,0.354654
6520,6521,89.880066,0.392337
6521,6522,89.893849,0.449644
6522,6523,89.907632,0.420877
6523,6524,89.921415,0.390695
6524,6525,89.935199,0.372789
6525,6526,89.948982,0.402657
6526,6527,89.962765,0.398874
6527,6528,89.976548,0.421679
6528,6529,89.990331,0.369342
6529,6530,90.004114,0.409548
6530,6531,90.017898,0.340221
6531,6532,90.031681,0.438483
6532,6533,90.045464,0.487749
6533,6534,90.059247,0.452858
6534,6535,90.073030,0.387350
6535,6536,90.086813,0.429216
6536,6537,90.100597,0.446027
6537,6538,90.114380,0.442261
6538,6539,90.128163,0.442737
6539,6540,90.141946,0.408769
6540,6541,90.155729,0.399184
6541,6542,90.169512,0.413670
6542,6543,90.183296,0.359352
6543,6544,90.197079,0.444336
6544,6545,90.210862,0.404122
6545,6546,90.224645,0.380228
6546,6547,90.238428,0.467799
6547,6548,90.252211,0.451276
6548,6549,90.265995,0.384207
6549,6550,90.279778,0.375299
6550,6551,90.293561,0.484601
6551,6552,90.307344,0.416017
6552,6553,90.321127,0.397853
6553,6554,90.334911,0.423227
6554,6555,90.348694,0.419453
6555,6556,90.362477,0.448105
6556,6557,90.376260,0.420628
6557,6558,90.390043,0.451256
6558,6559,90.403826,0.413605
6559,6560,90.417610,0.395528
6560,6561,90.431393,0.467439
6561,6562,90.445176,0.499221
6562,6563,90.458959,0.459465
6563,6564,90.472742,0.431744
6564,6565,90.486525,0.368499
6565,6566,90.500309,0.418793
6566,6567,90.514092,0.376044
6567,6568,90.527875,0.410545
6568,6569,90.541658,0.461067
6569,6570,90.555441,0.378876
6570,6571,90.569224,0.409975
6571,6572,90.583008,0.449837
6572,6573,90.596791,0.445691
6573,6574,90.610574,0.428889
6574,6575,90.624357,0.458671
6575,6576,90.638140,0.385843
6576,6577,90.651923,0.430640
6577,6578,90.665707,0.444916
6578,6579,90.679490,0.329907
6579,6580,90.693273,0.437668
6580,6581,90.707056,0.466814
6581,6582,90.720839,0.431214
6582,6583,90.734623,0.413899
6583,6584,90.748406,0.408002
6584,6585,90.762189,0.475681
6585,6586,90.775972,0.487077
6586,6587,90.789755,0.391096
6587,6588,90.803538,0.448136
6588,6589,90.817322,0.434103
6589,6590,90.831105,0.319056
6590,6591,90.844888,0.377996
6591,6592,90.858671,0.410341
6592,6593,90.872454,0.445229
6593,6594,90.886237,0.455054
6594,6595,90.900021,0.413426
6595,6596,90.913804,0.432042
6596,6597,90.927587,0.316319
6597,6598,90.941370,0.462627
6598,6599,90.955153,0.426207
6599,6600,90.968936,0.458352
6600,6601,90.982720,0.423932
6601,6602,90.996503,0.409042
6602,6603,91.010286,0.379755
6603,6604,91.024069,0.449074
6604,6605,91.037852,0.391879
6605,6606,91.051635,0.411345
6606,6607,91.065419,0.339500
6607,6608,91.079202,0.467166
6608,6609,91.092985,0.419228
6609,6610,91.106768,0.498696
6610,6611,91.120551,0.384896
6611,6612,91.134334,0.390153
6612,6613,91.148118,0.353354
6613,6614,91.161901,0.428132
6614,6615,91.175684,0.519291
6615,6616,91.189467,0.418732
6616,6617,91.203250,0.424625
6617,6618,91.217034,0.415112
6618,6619,91.230817,0.392422
6619,6620,91.244600,0.430697
6620,6621,91.258383,0.421049
6621,6622,91.272166,0.356068
6622,6623,91.285949,0.373560
6623,6624,91.299733,0.410914
6624,6625,91.313516,0.431584
6625,6626,91.327299,0.459636
6626,6627,91.341082,0.409523
6627,6628,91.354865,0.439196
6628,6629,91.368648,0.505033
6629,6630,91.382432,0.480889
6630,6631,91.396215,0.399567
6631,6632,91.409998,0.382455
6632,6633,91.423781,0.440961
6633,6634,91.437564,0.404691
6634,6635,91.451347,0.525578
6635,6636,91.465131,0.356360
6636,6637,91.478914,0.444862
6637,6638,91.492697,0.418047
6638,6639,91.506480,0.467964
6639,6640,91.520263,0.407598
6640,6641,91.534046,0.418223
6641,6642,91.547830,0.423320
6642,6643,91.561613,0.383833
6643,6644,91.575396,0.440249
6644,6645,91.589179,0.479060
6645,6646,91.602962,0.444334
6646,6647,91.616746,0.391988
6647,6648,91.630529,0.369508
6648,6649,91.644312,0.430132
6649,6650,91.658095,0.446501
6650,6651,91.671878,0.414513
6651,6652,91.685661,0.453299
6652,6653,91.699445,0.423807
6653,6654,91.713228,0.393030
6654,6655,91.727011,0.447981
6655,6656,91.740794,0.453726
6656,6657,91.754577,0.404514
6657,6658,91.768360,0.427631
6658,6659,91.782144,0.473644
6659,6660,91.795927,0.470492
6660,6661,91.809710,0.419904
6661,6662,91.823493,0.334819
6662,6663,91.837276,0.474628
6663,6664,91.851059,0.442720
6664,6665,91.864843,0.361771
6665,6666,91.878626,0.449216
6666,6667,91.892409,0.376360
6667,6668,91.906192,0.527379
6668,6669,91.919975,0.384375
6669,6670,91.933758,0.406059
6670,6671,91.947542,0.407296
6671,6672,91.961325,0.464859
6672,6673,91.975108,0.452060
6673,6674,91.988891,0.460302
6674,6675,92.002674,0.402460
6675,6676,92.016458,0.439760
6676,6677,92.030241,0.454493
6677,6678,92.044024,0.407692
6678,6679,92.057807,0.436799
6679,6680,92.071590,0.449548
6680,6681,92.085373,0.433188
6681,6682,92.099157,0.464930
6682,6683,92.112940,0.437327
6683,6684,92.126723,0.392988
6684,6685,92.140506,0.454644
6685,6686,92.154289,0.486820
6686,6687,92.168072,0.456952
6687,6688,92.181856,0.431322
6688,6689,92.195639,0.418735
6689,6690,92.209422,0.444844
6690,6691,92.223205,0.404629
6691,6692,92.236988,0.402581
6692,6693,92.250771,0.438313
6693,6694,92.264555,0.460020
6694,6695,92.278338,0.413370
6695,6696,92.292121,0.450216
6696,6697,92.305904,0.413764
6697,6698,92.319687,0.504760
6698,6699,92.333470,0.415329
6699,6700,92.347254,0.364958
6700,6701,92.361037,0.400110
6701,6702,92.374820,0.349221
6702,6703,92.388603,0.454167
6703,6704,92.402386,0.426829
6704,6705,92.416170,0.365968
6705,6706,92.429953,0.458996
6706,6707,92.443736,0.424714
6707,6708,92.457519,0.400768
6708,6709,92.471302,0.421347
6709,6710,92.485085,0.436795
6710,6711,92.498869,0.391868
6711,6712,92.512652,0.429039
6712,6713,92.526435,0.389122
6713,6714,92.540218,0.517961
6714,6715,92.554001,0.371833
6715,6716,92.567784,0.371304
6716,6717,92.581568,0.394976
6717,6718,92.595351,0.378659
6718,6719,92.609134,0.457144
6719,6720,92.622917,0.382457
6720,6721,92.636700,0.427443
6721,6722,92.650483,0.440048
6722,6723,92.664267,0.447997
6723,6724,92.678050,0.401825
6724,6725,92.691833,0.352485
6725,6726,92.705616,0.414116
6726,6727,92.719399,0.469358
6727,6728,92.733182,0.497820
6728,6729,92.746966,0.414140
6729,6730,92.760749,0.406300
6730,6731,92.774532,0.374257
6731,6732,92.788315,0.430047
6732,6733,92.802098,0.387011
6733,6734,92.815882,0.420217
6734,6735,92.829665,0.445791
6735,6736,92.843448,0.509218
6736,6737,92.857231,0.469406
6737,6738,92.871014,0.475438
6738,6739,92.884797,0.403266
6739,6740,92.898581,0.408022
6740,6741,92.912364,0.422325
6741,6742,92.926147,0.444343
6742,6743,92.939930,0.437731
6743,6744,92.953713,0.403299
6744,6745,92.967496,0.429104
6745,6746,92.981280,0.453721
6746,6747,92.995063,0.424855
6747,6748,93.008846,0.370350
6748,6749,93.022629,0.419861
6749,6750,93.036412,0.404036
6750,6751,93.050195,0.419347
6751,6752,93.063979,0.476565
6752,6753,93.077762,0.423025
6753,6754,93.091545,0.353840
6754,6755,93.105328,0.350013
6755,6756,93.119111,0.500326
6756,6757,93.132894,0.365942
6757,6758,93.146678,0.419344
6758,6759,93.160461,0.447843
6759,6760,93.174244,0.432271
6760,6761,93.188027,0.372646
6761,6762,93.201810,0.489006
6762,6763,93.215593,0.379543
6763,6764,93.229377,0.396122
6764,6765,93.243160,0.395227
6765,6766,93.256943,0.382769
6766,6767,93.270726,0.343996
6767,6768,93.284509,0.427293
6768,6769,93.298293,0.337145
6769,6770,93.312076,0.456049
6770,6771,93.325859,0.362469
6771,6772,93.339642,0.502306
6772,6773,93.353425,0.395170
6773,6774,93.367208,0.424154
6774,6775,93.380992,0.405418
6775,6776,93.394775,0.492189
6776,6777,93.408558,0.460489
6777,6778,93.422341,0.441426
6778,6779,93.436124,0.356464
6779,6780,93.449907,0.467327
6780,6781,93.463691,0.379765
6781,6782,93.477474,0.413459
6782,6783,93.491257,0.349624
6783,6784,93.505040,0.453168
6784,6785,93.518823,0.453613
6785,6786,93.532606,0.425512
6786,6787,93.546390,0.462112
6787,6788,93.560173,0.386918
6788,6789,93.573956,0.350596
6789,6790,93.587739,0.511041
6790,6791,93.601522,0.446977
6791,6792,93.615305,0.466905
6792,6793,93.629089,0.451394
6793,6794,93.642872,0.496695
6794,6795,93.656655,0.391696
6795,6796,93.670438,0.402946
6796,6797,93.684221,0.428196
6797,6798,93.698005,0.396005
6798,6799,93.711788,0.402553
6799,6800,93.725571,0.381623
6800,6801,93.739354,0.363526
6801,6802,93.753137,0.400590
6802,6803,93.766920,0.391806
6803,6804,93.780704,0.410236
6804,6805,93.794487,0.363542
6805,6806,93.808270,0.438815
6806,6807,93.822053,0.384970
6807,6808,93.835836,0.375923
6808,6809,93.849619,0.357276
6809,6810,93.863403,0.399467
6810,6811,93.877186,0.505207
6811,6812,93.890969,0.421432
6812,6813,93.904752,0.465653
6813,6814,93.918535,0.410810
6814,6815,93.932318,0.415258
6815,6816,93.946102,0.378874
6816,6817,93.959885,0.408483
6817,6818,93.973668,0.473868
6818,6819,93.987451,0.380210
6819,6820,94.001234,0.450608
6820,6821,94.015017,0.398608
6821,6822,94.028801,0.432575
6822,6823,94.042584,0.431018
6823,6824,94.056367,0.420408
6824,6825,94.070150,0.441367
6825,6826,94.083933,0.373102
6826,6827,94.097717,0.461321
6827,6828,94.111500,0.432943
6828,6829,94.125283,0.438572
6829,6830,94.139066,0.435101
6830,6831,94.152849,0.429879
6831,6832,94.166632,0.453660
6832,6833,94.180416,0.419290
6833,6834,94.194199,0.395431
6834,6835,94.207982,0.458004
6835,6836,94.221765,0.409099
6836,6837,94.235548,0.370506
6837,6838,94.249331,0.383307
6838,6839,94.263115,0.378568
6839,6840,94.276898,0.407078
6840,6841,94.290681,0.463910
6841,6842,94.304464,0.407647
6842,6843,94.318247,0.397928
6843,6844,94.332030,0.404384
6844,6845,94.345814,0.449290
6845,6846,94.359597,0.378715
6846,6847,94.373380,0.429458
6847,6848,94.387163,0.402011
6848,6849,94.400946,0.473828
6849,6850,94.414729,0.393384
6850,6851,94.428513,0.360149
6851,6852,94.442296,0.453618
6852,6853,94.456079,0.483577
6853,6854,94.469862,0.408712
6854,6855,94.483645,0.401649
6855,6856,94.497429,0.515127
6856,6857,94.511212,0.373632
6857,6858,94.524995,0.343848
6858,6859,94.538778,0.412759
6859,6860,94.552561,0.453691
6860,6861,94.566344,0.446341
6861,6862,94.580128,0.386418
6862,6863,94.593911,0.350312
6863,6864,94.607694,0.386065
6864,6865,94.621477,0.401380
6865,6866,94.635260,0.459532
6866,6867,94.649043,0.451796
6867,6868,94.662827,0.395387
6868,6869,94.676610,0.455189
6869,6870,94.690393,0.403748
6870,6871,94.704176,0.431382
6871,6872,94.717959,0.389213
6872,6873,94.731742,0.463892
6873,6874,94.745526,0.450738
6874,6875,94.759309,0.438089
6875,6876,94.773092,0.415229
6876,6877,94.786875,0.446078
6877,6878,94.800658,0.457105
6878,6879,94.814441,0.418668
6879,6880,94.828225,0.480903
6880,6881,94.842008,0.371977
6881,6882,94.855791,0.416232
6882,6883,94.869574,0.435654
6883,6884,94.883357,0.437408
6884,6885,94.897141,0.399859
6885,6886,94.910924,0.420072
6886,6887,94.924707,0.412971
6887,6888,94.938490,0.451187
6888,6889,94.952273,0.418324
6889,6890,94.966056,0.348285
6890,6891,94.979840,0.391482
6891,6892,94.993623,0.398840
6892,6893,95.007406,0.411347
6893,6894,95.021189,0.406358
6894,6895,95.034972,0.401983
6895,6896,95.048755,0.426178
6896,6897,95.062539,0.510025
6897,6898,95.076322,0.447763
6898,6899,95.090105,0.533345
6899,6900,95.103888,0.435343
6900,6901,95.117671,0.485296
6901,6902,95.131454,0.375926
6902,6903,95.145238,0.478365
6903,6904,95.159021,0.512309
6904,6905,95.172804,0.464538
6905,6906,95.186587,0.451298
6906,6907,95.200370,0.418152
6907,6908,95.214153,0.430243
6908,6909,95.227937,0.420562
6909,6910,95.241720,0.368721
6910,6911,95.255503,0.450963
6911,6912,95.269286,0.530209
6912,6913,95.283069,0.442286
6913,6914,95.296852,0.426950
6914,6915,95.310636,0.427181
6915,6916,95.324419,0.437945
6916,6917,95.338202,0.419531
6917,6918,95.351985,0.488225
6918,6919,95.365768,0.419711
6919,6920,95.379552,0.416283
6920,6921,95.393335,0.381461
6921,6922,95.407118,0.436362
6922,6923,95.420901,0.383633
6923,6924,95.434684,0.383158
6924,6925,95.448467,0.422491
6925,6926,95.462251,0.420210
6926,6927,95.476034,0.389021
6927,6928,95.489817,0.409235
6928,6929,95.503600,0.470477
6929,6930,95.517383,0.384582
6930,6931,95.531166,0.446478
6931,6932,95.544950,0.456598
6932,6933,95.558733,0.491389
6933,6934,95.572516,0.391287
6934,6935,95.586299,0.434390
6935,6936,95.600082,0.419623
6936,6937,95.613865,0.451475
6937,6938,95.627649,0.390849
6938,6939,95.641432,0.422276
6939,6940,95.655215,0.363385
6940,6941,95.668998,0.368997
6941,6942,95.682781,0.430706
6942,6943,95.696564,0.447965
6943,6944,95.710348,0.501776
6944,6945,95.724131,0.323476
6945,6946,95.737914,0.454089
6946,6947,95.751697,0.392422
6947,6948,95.765480,0.436356
6948,6949,95.779264,0.394712
6949,6950,95.793047,0.418750
6950,6951,95.806830,0.457670
6951,6952,95.820613,0.453156
6952,6953,95.834396,0.518134
6953,6954,95.848179,0.479774
6954,6955,95.861963,0.415179
6955,6956,95.875746,0.415996
6956,6957,95.889529,0.339081
6957,6958,95.903312,0.427897
6958,6959,95.917095,0.413360
6959,6960,95.930878,0.417498
6960,6961,95.944662,0.477234
6961,6962,95.958445,0.337396
6962,6963,95.972228,0.366317
6963,6964,95.986011,0.432396
6964,6965,95.999794,0.360542
6965,6966,96.013577,0.420802
6966,6967,96.027361,0.428286
6967,6968,96.041144,0.465083
6968,6969,96.054927,0.429402
6969,6970,96.068710,0.406078
6970,6971,96.082493,0.461103
6971,6972,96.096276,0.418536
6972,6973,96.110060,0.402146
6973,6974,96.123843,0.404325
6974,6975,96.137626,0.422719
6975,6976,96.151409,0.384269
6976,6977,96.165192,0.427772
6977,6978,96.178976,0.388944
6978,6979,96.192759,0.426284
6979,6980,96.206542,0.466027
6980,6981,96.220325,0.439511
6981,6982,96.234108,0.383590
6982,6983,96.247891,0.411864
6983,6984,96.261675,0.387211
6984,6985,96.275458,0.455620
6985,6986,96.289241,0.417846
6986,6987,96.303024,0.413169
6987,6988,96.316807,0.399782
6988,6989,96.330590,0.421956
6989,6990,96.344374,0.492042
6990,6991,96.358157,0.442389
6991,6992,96.371940,0.421950
6992,6993,96.385723,0.415659
6993,6994,96.399506,0.402126
6994,6995,96.413289,0.465563
6995,6996,96.427073,0.408397
6996,6997,96.440856,0.423326
6997,6998,96.454639,0.485231
6998,6999,96.468422,0.410480
6999,7000,96.482205,0.451379
7000,7001,96.495988,0.512027
7001,7002,96.509772,0.447249
7002,7003,96.523555,0.401392
7003,7004,96.537338,0.325526
7004,7005,96.551121,0.416168
7005,7006,96.564904,0.380497
7006,7007,96.578688,0.364583
7007,7008,96.592471,0.395093
7008,7009,96.606254,0.359902
7009,7010,96.620037,0.400964
7010,7011,96.633820,0.442388
7011,7012,96.647603,0.446051
7012,7013,96.661387,0.445120
7013,7014,96.675170,0.431413
7014,7015,96.688953,0.405498
7015,7016,96.702736,0.363009
7016,7017,96.716519,0.387277
7017,7018,96.730302,0.431601
7018,7019,96.744086,0.438552
7019,7020,96.757869,0.396508
7020,7021,96.771652,0.444058
7021,7022,96.785435,0.427360
7022,7023,96.799218,0.395161
7023,7024,96.813001,0.421097
7024,7025,96.826785,0.398287
7025,7026,96.840568,0.422033
7026,7027,96.854351,0.418201
7027,7028,96.868134,0.384991
7028,7029,96.881917,0.391191
7029,7030,96.895700,0.403428
7030,7031,96.909484,0.343978
7031,7032,96.923267,0.429476
7032,7033,96.937050,0.428975
7033,7034,96.950833,0.416637
7034,7035,96.964616,0.417080
7035,7036,96.978400,0.442010
7036,7037,96.992183,0.481516
7037,7038,97.005966,0.372555
7038,7039,97.019749,0.383031
7039,7040,97.033532,0.436056
7040,7041,97.047315,0.461505
7041,7042,97.061099,0.406385
7042,7043,97.074882,0.390468
7043,7044,97.088665,0.439225
7044,7045,97.102448,0.426594
7045,7046,97.116231,0.395539
7046,7047,97.130014,0.371212
7047,7048,97.143798,0.354380
7048,7049,97.157581,0.476397
7049,7050,97.171364,0.438126
7050,7051,97.185147,0.404988
7051,7052,97.198930,0.433097
7052,7053,97.212713,0.424021
7053,7054,97.226497,0.342112
7054,7055,97.240280,0.423926
7055,7056,97.254063,0.382216
7056,7057,97.267846,0.431667
7057,7058,97.281629,0.441195
7058,7059,97.295412,0.359202
7059,7060,97.309196,0.470313
7060,7061,97.322979,0.406129
7061,7062,97.336762,0.397465
7062,7063,97.350545,0.381470
7063,7064,97.364328,0.400357
7064,7065,97.378111,0.440948
7065,7066,97.391895,0.400960
7066,7067,97.405678,0.381618
7067,7068,97.419461,0.374654
7068,7069,97.433244,0.380871
7069,7070,97.447027,0.348394
7070,7071,97.460811,0.412354
7071,7072,97.474594,0.388711
7072,7073,97.488377,0.467203
7073,7074,97.502160,0.443814
7074,7075,97.515943,0.437965
7075,7076,97.529726,0.387776
7076,7077,97.543510,0.405811
7077,7078,97.557293,0.372901
7078,7079,97.571076,0.439106
7079,7080,97.584859,0.407411
7080,7081,97.598642,0.449712
7081,7082,97.612425,0.408879
7082,7083,97.626209,0.413861
7083,7084,97.639992,0.386358
7084,7085,97.653775,0.528257
7085,7086,97.667558,0.394593
7086,7087,97.681341,0.513858
7087,7088,97.695124,0.436753
7088,7089,97.708908,0.437421
7089,7090,97.722691,0.430430
7090,7091,97.736474,0.381338
7091,7092,97.750257,0.416117
7092,7093,97.764040,0.422517
7093,7094,97.777823,0.413823
7094,7095,97.791607,0.415029
7095,7096,97.805390,0.464998
7096,7097,97.819173,0.484065
7097,7098,97.832956,0.415531
7098,7099,97.846739,0.469450
7099,7100,97.860523,0.398011
7100,7101,97.874306,0.383348
7101,7102,97.888089,0.469556
7102,7103,97.901872,0.403410
7103,7104,97.915655,0.401399
7104,7105,97.929438,0.419259
7105,7106,97.943222,0.560303
7106,7107,97.957005,0.416186
7107,7108,97.970788,0.436219
7108,7109,97.984571,0.408278
7109,7110,97.998354,0.373683
7110,7111,98.012137,0.453503
7111,7112,98.025921,0.460644
7112,7113,98.039704,0.443567
7113,7114,98.053487,0.349439
7114,7115,98.067270,0.449412
7115,7116,98.081053,0.421432
7116,7117,98.094836,0.452483
7117,7118,98.108620,0.405524
7118,7119,98.122403,0.445622
7119,7120,98.136186,0.447994
7120,7121,98.149969,0.398569
7121,7122,98.163752,0.375715
7122,7123,98.177535,0.353492
7123,7124,98.191319,0.402196
7124,7125,98.205102,0.434831
7125,7126,98.218885,0.433947
7126,7127,98.232668,0.441329
7127,7128,98.246451,0.425044
7128,7129,98.260235,0.402825
7129,7130,98.274018,0.424356
7130,7131,98.287801,0.393206
7131,7132,98.301584,0.523422
7132,7133,98.315367,0.414667
7133,7134,98.329150,0.427916
7134,7135,98.342934,0.439449
7135,7136,98.356717,0.385930
7136,7137,98.370500,0.380580
7137,7138,98.384283,0.410356
7138,7139,98.398066,0.455378
7139,7140,98.411849,0.346801
7140,7141,98.425633,0.475999
7141,7142,98.439416,0.413627
7142,7143,98.453199,0.378468
7143,7144,98.466982,0.433988
7144,7145,98.480765,0.440634
7145,7146,98.494548,0.365034
7146,7147,98.508332,0.466904
7147,7148,98.522115,0.440967
7148,7149,98.535898,0.431026
7149,7150,98.549681,0.371668
7150,7151,98.563464,0.425730
7151,7152,98.577247,0.383113
7152,7153,98.591031,0.432569
7153,7154,98.604814,0.418667
7154,7155,98.618597,0.382340
7155,7156,98.632380,0.373640
7156,7157,98.646163,0.451311
7157,7158,98.659947,0.391252
7158,7159,98.673730,0.420541
7159,7160,98.687513,0.413084
7160,7161,98.701296,0.431033
7161,7162,98.715079,0.379289
7162,7163,98.728862,0.410558
7163,7164,98.742646,0.404485
7164,7165,98.756429,0.399666
7165,7166,98.770212,0.339767
7166,7167,98.783995,0.398544
7167,7168,98.797778,0.412785
7168,7169,98.811561,0.414778
7169,7170,98.825345,0.383944
7170,7171,98.839128,0.431755
7171,7172,98.852911,0.398719
7172,7173,98.866694,0.408790
7173,7174,98.880477,0.399465
7174,7175,98.894260,0.445667
7175,7176,98.908044,0.436651
7176,7177,98.921827,0.450086
7177,7178,98.935610,0.389162
7178,7179,98.949393,0.522514
7179,7180,98.963176,0.383273
7180,7181,98.976959,0.422302
7181,7182,98.990743,0.374738
7182,7183,99.004526,0.404938
7183,7184,99.018309,0.405893
7184,7185,99.032092,0.398514
7185,7186,99.045875,0.453360
7186,7187,99.059659,0.440001
7187,7188,99.073442,0.428394
7188,7189,99.087225,0.452381
7189,7190,99.101008,0.415107
7190,7191,99.114791,0.453404
7191,7192,99.128574,0.491616
7192,7193,99.142358,0.489756
7193,7194,99.156141,0.535292
7194,7195,99.169924,0.442928
7195,7196,99.183707,0.515704
7196,7197,99.197490,0.382774
7197,7198,99.211273,0.386730
7198,7199,99.225057,0.447042
7199,7200,99.238840,0.366258
7200,7201,99.252623,0.450499
7201,7202,99.266406,0.432259
7202,7203,99.280189,0.399160
7203,7204,99.293972,0.402073
7204,7205,99.307756,0.394910
7205,7206,99.321539,0.364195
7206,7207,99.335322,0.409418
7207,7208,99.349105,0.441998
7208,7209,99.362888,0.414632
7209,7210,99.376671,0.393439
7210,7211,99.390455,0.375176
7211,7212,99.404238,0.424024
7212,7213,99.418021,0.422141
7213,7214,99.431804,0.416232
7214,7215,99.445587,0.456042
7215,7216,99.459370,0.385435
7216,7217,99.473154,0.484464
7217,7218,99.486937,0.443514
7218,7219,99.500720,0.427465
7219,7220,99.514503,0.392523
7220,7221,99.528286,0.390175
7221,7222,99.542070,0.406540
7222,7223,99.555853,0.426866
7223,7224,99.569636,0.444843
7224,7225,99.583419,0.430216
7225,7226,99.597202,0.449513
7226,7227,99.610985,0.388283
7227,7228,99.624769,0.401549
7228,7229,99.638552,0.374653
7229,7230,99.652335,0.402677
7230,7231,99.666118,0.401860
7231,7232,99.679901,0.420592
7232,7233,99.693684,0.440608
7233,7234,99.707468,0.385553
7234,7235,99.721251,0.388355
7235,7236,99.735034,0.446411
7236,7237,99.748817,0.444142
7237,7238,99.762600,0.426546
7238,7239,99.776383,0.389578
7239,7240,99.790167,0.431291
7240,7241,99.803950,0.416528
7241,7242,99.817733,0.418184
7242,7243,99.831516,0.366064
7243,7244,99.845299,0.408696
7244,7245,99.859082,0.429652
7245,7246,99.872866,0.450608
7246,7247,99.886649,0.394715
7247,7248,99.900432,0.389337
7248,7249,99.914215,0.419559
7249,7250,99.927998,0.455092
7250,7251,99.941782,0.396192
7251,7252,99.955565,0.421334
7252,7253,99.969348,0.388760
7253,7254,99.983131,0.355500
7254,7255,99.996914,0.307473
7255,7256,100.010697,0.448181
7256,7257,100.024481,0.401338
7257,7258,100.038264,0.495324
7258,7259,100.052047,0.432263
7259,7260,100.065830,0.419595
7260,7261,100.079613,0.449772
7261,7262,100.093396,0.435854
7262,7263,100.107180,0.449687
7263,7264,100.120963,0.454172
7264,7265,100.134746,0.435574
7265,7266,100.148529,0.376601
7266,7267,100.162312,0.474519
7267,7268,100.176095,0.475964
7268,7269,100.189879,0.401171
7269,7270,100.203662,0.482798
7270,7271,100.217445,0.428011
7271,7272,100.231228,0.335593
7272,7273,100.245011,0.343148
7273,7274,100.258794,0.404135
7274,7275,100.272578,0.362635
7275,7276,100.286361,0.442517
7276,7277,100.300144,0.435772
7277,7278,100.313927,0.466271
7278,7279,100.327710,0.402399
7279,7280,100.341494,0.483827
7280,7281,100.355277,0.442016
7281,7282,100.369060,0.427273
7282,7283,100.382843,0.425939
7283,7284,100.396626,0.391720
7284,7285,100.410409,0.377190
7285,7286,100.424193,0.424192
7286,7287,100.437976,0.397003
7287,7288,100.451759,0.406960
7288,7289,100.465542,0.441653
7289,7290,100.479325,0.392519
7290,7291,100.493108,0.375288
7291,7292,100.506892,0.422474
7292,7293,100.520675,0.430623
7293,7294,100.534458,0.424621
7294,7295,100.548241,0.376850
7295,7296,100.562024,0.413181
7296,7297,100.575807,0.507172
7297,7298,100.589591,0.395990
7298,7299,100.603374,0.452174
7299,7300,100.617157,0.361294
7300,7301,100.630940,0.419477
7301,7302,100.644723,0.473179
7302,7303,100.658506,0.406637
7303,7304,100.672290,0.404166
7304,7305,100.686073,0.448600
7305,7306,100.699856,0.387144
7306,7307,100.713639,0.384003
7307,7308,100.727422,0.481269
7308,7309,100.741206,0.381621
7309,7310,100.754989,0.402038
7310,7311,100.768772,0.364429
7311,7312,100.782555,0.465098
7312,7313,100.796338,0.429758
7313,7314,100.810121,0.367742
7314,7315,100.823905,0.459716
7315,7316,100.837688,0.425725
7316,7317,100.851471,0.364312
7317,7318,100.865254,0.448279
7318,7319,100.879037,0.375326
7319,7320,100.892820,0.366611
7320,7321,100.906604,0.488113
7321,7322,100.920387,0.375712
7322,7323,100.934170,0.407906
7323,7324,100.947953,0.365406
7324,7325,100.961736,0.505988
7325,7326,100.975519,0.360588
7326,7327,100.989303,0.422726
7327,7328,101.003086,0.437772
7328,7329,101.016869,0.491804
7329,7330,101.030652,0.401455
7330,7331,101.044435,0.437307
7331,7332,101.058218,0.386794
7332,7333,101.072002,0.387026
7333,7334,101.085785,0.447277
7334,7335,101.099568,0.364943
7335,7336,101.113351,0.331579
7336,7337,101.127134,0.413207
7337,7338,101.140918,0.400416
7338,7339,101.154701,0.435240
7339,7340,101.168484,0.403796
7340,7341,101.182267,0.524723
7341,7342,101.196050,0.434524
7342,7343,101.209833,0.463819
7343,7344,101.223617,0.412895
7344,7345,101.237400,0.446623
7345,7346,101.251183,0.421783
7346,7347,101.264966,0.364997
7347,7348,101.278749,0.432286
7348,7349,101.292532,0.337568
7349,7350,101.306316,0.391890
7350,7351,101.320099,0.443127
7351,7352,101.333882,0.383654
7352,7353,101.347665,0.385955
7353,7354,101.361448,0.443465
7354,7355,101.375231,0.383474
7355,7356,101.389015,0.457745
7356,7357,101.402798,0.443485
7357,7358,101.416581,0.487648
7358,7359,101.430364,0.355531
7359,7360,101.444147,0.521417
7360,7361,101.457930,0.391156
7361,7362,101.471714,0.411320
7362,7363,101.485497,0.428206
7363,7364,101.499280,0.414650
7364,7365,101.513063,0.394679
7365,7366,101.526846,0.467882
7366,7367,101.540630,0.455065
7367,7368,101.554413,0.369038
7368,7369,101.568196,0.406049
7369,7370,101.581979,0.431267
7370,7371,101.595762,0.409610
7371,7372,101.609545,0.315955
7372,7373,101.623329,0.381436
7373,7374,101.637112,0.465599
7374,7375,101.650895,0.441795
7375,7376,101.664678,0.420699
7376,7377,101.678461,0.414425
7377,7378,101.692244,0.396933
7378,7379,101.706028,0.366727
7379,7380,101.719811,0.458931
7380,7381,101.733594,0.414951
7381,7382,101.747377,0.410921
7382,7383,101.761160,0.419971
7383,7384,101.774943,0.420432
7384,7385,101.788727,0.470118
7385,7386,101.802510,0.406610
7386,7387,101.816293,0.424263
7387,7388,101.830076,0.442241
7388,7389,101.843859,0.493043
7389,7390,101.857642,0.476178
7390,7391,101.871426,0.429324
7391,7392,101.885209,0.414860
7392,7393,101.898992,0.385086
7393,7394,101.912775,0.428935
7394,7395,101.926558,0.435498
7395,7396,101.940341,0.397739
7396,7397,101.954125,0.389023
7397,7398,101.967908,0.433719
7398,7399,101.981691,0.451607
7399,7400,101.995474,0.422176
7400,7401,102.009257,0.448784
7401,7402,102.023041,0.408818
7402,7403,102.036824,0.418757
7403,7404,102.050607,0.437213
7404,7405,102.064390,0.387402
7405,7406,102.078173,0.468318
7406,7407,102.091956,0.478133
7407,7408,102.105740,0.448083
7408,7409,102.119523,0.490605
7409,7410,102.133306,0.430475
7410,7411,102.147089,0.368860
7411,7412,102.160872,0.468420
7412,7413,102.174655,0.392624
7413,7414,102.188439,0.464687
7414,7415,102.202222,0.366180
7415,7416,102.216005,0.454608
7416,7417,102.229788,0.412200
7417,7418,102.243571,0.471198
7418,7419,102.257354,0.440306
7419,7420,102.271138,0.404856
7420,7421,102.284921,0.435220
7421,7422,102.298704,0.357945
7422,7423,102.312487,0.413135
7423,7424,102.326270,0.430545
7424,7425,102.340053,0.397846
7425,7426,102.353837,0.392294
7426,7427,102.367620,0.419186
7427,7428,102.381403,0.411517
7428,7429,102.395186,0.456837
7429,7430,102.408969,0.438369
7430,7431,102.422753,0.377233
7431,7432,102.436536,0.413898
7432,7433,102.450319,0.451779
7433,7434,102.464102,0.523945
7434,7435,102.477885,0.420587
7435,7436,102.491668,0.460837
7436,7437,102.505452,0.482922
7437,7438,102.519235,0.455906
7438,7439,102.533018,0.373802
7439,7440,102.546801,0.415224
7440,7441,102.560584,0.434934
7441,7442,102.574367,0.401145
7442,7443,102.588151,0.421998
7443,7444,102.601934,0.487243
7444,7445,102.615717,0.403794
7445,7446,102.629500,0.436317
7446,7447,102.643283,0.367252
7447,7448,102.657066,0.441730
7448,7449,102.670850,0.359079
7449,7450,102.684633,0.383646
7450,7451,102.698416,0.378645
7451,7452,102.712199,0.446887
7452,7453,102.725982,0.484153
7453,7454,102.739765,0.446793
7454,7455,102.753549,0.439424
7455,7456,102.767332,0.412443
7456,7457,102.781115,0.470988
7457,7458,102.794898,0.512109
7458,7459,102.808681,0.452745
7459,7460,102.822465,0.405850
7460,7461,102.836248,0.483559
7461,7462,102.850031,0.456049
7462,7463,102.863814,0.393268
7463,7464,102.877597,0.409072
7464,7465,102.891380,0.402644
7465,7466,102.905164,0.461481
7466,7467,102.918947,0.512500
7467,7468,102.932730,0.369421
7468,7469,102.946513,0.428991
7469,7470,102.960296,0.435485
7470,7471,102.974079,0.401425
7471,7472,102.987863,0.428893
7472,7473,103.001646,0.422637
7473,7474,103.015429,0.463895
7474,7475,103.029212,0.418486
7475,7476,103.042995,0.372035
7476,7477,103.056778,0.426891
7477,7478,103.070562,0.398237
7478,7479,103.084345,0.464748
7479,7480,103.098128,0.400649
7480,7481,103.111911,0.335645
7481,7482,103.125694,0.418490
7482,7483,103.139477,0.406936
7483,7484,103.153261,0.458654
7484,7485,103.167044,0.419873
7485,7486,103.180827,0.467364
7486,7487,103.194610,0.406720
7487,7488,103.208393,0.479047
7488,7489,103.222177,0.443733
7489,7490,103.235960,0.413205
7490,7491,103.249743,0.415203
7491,7492,103.263526,0.491474
7492,7493,103.277309,0.407885
7493,7494,103.291092,0.396244
7494,7495,103.304876,0.417380
7495,7496,103.318659,0.450628
7496,7497,103.332442,0.449357
7497,7498,103.346225,0.391263
7498,7499,103.360008,0.466486
7499,7500,103.373791,0.451670
7500,7501,103.387575,0.389405
7501,7502,103.401358,0.490335
7502,7503,103.415141,0.405960
7503,7504,103.428924,0.427481
7504,7505,103.442707,0.458458
7505,7506,103.456490,0.429533
7506,7507,103.470274,0.467114
7507,7508,103.484057,0.373646
7508,7509,103.497840,0.429953
7509,7510,103.511623,0.412366
7510,7511,103.525406,0.418166
7511,7512,103.539189,0.388260
7512,7513,103.552973,0.432584
7513,7514,103.566756,0.457234
7514,7515,103.580539,0.460343
7515,7516,103.594322,0.427714
7516,7517,103.608105,0.415203
7517,7518,103.621889,0.466650
7518,7519,103.635672,0.471822
7519,7520,103.649455,0.423610
7520,7521,103.663238,0.428508
7521,7522,103.677021,0.406129
7522,7523,103.690804,0.506522
7523,7524,103.704588,0.372175
7524,7525,103.718371,0.474282
7525,7526,103.732154,0.464664
7526,7527,103.745937,0.464131
7527,7528,103.759720,0.458177
7528,7529,103.773503,0.416755
7529,7530,103.787287,0.444251
7530,7531,103.801070,0.357002
7531,7532,103.814853,0.351045
7532,7533,103.828636,0.420268
7533,7534,103.842419,0.483807
7534,7535,103.856202,0.393642
7535,7536,103.869986,0.389346
7536,7537,103.883769,0.480803
7537,7538,103.897552,0.411798
7538,7539,103.911335,0.397284
7539,7540,103.925118,0.410092
7540,7541,103.938901,0.359814
7541,7542,103.952685,0.442054
7542,7543,103.966468,0.489989
7543,7544,103.980251,0.415538
7544,7545,103.994034,0.468763
7545,7546,104.007817,0.443231
7546,7547,104.021600,0.438141
7547,7548,104.035384,0.424114
7548,7549,104.049167,0.452219
7549,7550,104.062950,0.422449
7550,7551,104.076733,0.447235
7551,7552,104.090516,0.431423
7552,7553,104.104300,0.379515
7553,7554,104.118083,0.406588
7554,7555,104.131866,0.452472
7555,7556,104.145649,0.421888
7556,7557,104.159432,0.421853
7557,7558,104.173215,0.464133
7558,7559,104.186999,0.412096
7559,7560,104.200782,0.495030
7560,7561,104.214565,0.417996
7561,7562,104.228348,0.427845
7562,7563,104.242131,0.402216
7563,7564,104.255914,0.422801
7564,7565,104.269698,0.416209
7565,7566,104.283481,0.422755
7566,7567,104.297264,0.445521
7567,7568,104.311047,0.430346
7568,7569,104.324830,0.430744
7569,7570,104.338613,0.468148
7570,7571,104.352397,0.498567
7571,7572,104.366180,0.438148
7572,7573,104.379963,0.467144
7573,7574,104.393746,0.424466
7574,7575,104.407529,0.419090
7575,7576,104.421312,0.391236
7576,7577,104.435096,0.514980
7577,7578,104.448879,0.413499
7578,7579,104.462662,0.474555
7579,7580,104.476445,0.502335
7580,7581,104.490228,0.457355
7581,7582,104.504012,0.431046
7582,7583,104.517795,0.413684
7583,7584,104.531578,0.448933
7584,7585,104.545361,0.451609
7585,7586,104.559144,0.430992
7586,7587,104.572927,0.476106
7587,7588,104.586711,0.480628
7588,7589,104.600494,0.380994
7589,7590,104.614277,0.348466
7590,7591,104.628060,0.382207
7591,7592,104.641843,0.446816
7592,7593,104.655626,0.416820
7593,7594,104.669410,0.390341
7594,7595,104.683193,0.409694
7595,7596,104.696976,0.376654
7596,7597,104.710759,0.386626
7597,7598,104.724542,0.474369
7598,7599,104.738325,0.441634
7599,7600,104.752109,0.418187
7600,7601,104.765892,0.431210
7601,7602,104.779675,0.413533
7602,7603,104.793458,0.511321
7603,7604,104.807241,0.345545
7604,7605,104.821024,0.429672
7605,7606,104.834808,0.383688
7606,7607,104.848591,0.411796
7607,7608,104.862374,0.439636
7608,7609,104.876157,0.392506
7609,7610,104.889940,0.401247
7610,7611,104.903724,0.390891
7611,7612,104.917507,0.456972
7612,7613,104.931290,0.462458
7613,7614,104.945073,0.444990
7614,7615,104.958856,0.474378
7615,7616,104.972639,0.415077
7616,7617,104.986423,0.408195
7617,7618,105.000206,0.433505
7618,7619,105.013989,0.469635
7619,7620,105.027772,0.367958
7620,7621,105.041555,0.395004
7621,7622,105.055338,0.485936
7622,7623,105.069122,0.447506
7623,7624,105.082905,0.425046
7624,7625,105.096688,0.329616
7625,7626,105.110471,0.381075
7626,7627,105.124254,0.415394
7627,7628,105.138037,0.450092
7628,7629,105.151821,0.396678
7629,7630,105.165604,0.370391
7630,7631,105.179387,0.436938
7631,7632,105.193170,0.508136
7632,7633,105.206953,0.446720
7633,7634,105.220736,0.415908
7634,7635,105.234520,0.431385
7635,7636,105.248303,0.479889
7636,7637,105.262086,0.435100
7637,7638,105.275869,0.453659
7638,7639,105.289652,0.458195
7639,7640,105.303436,0.427340
7640,7641,105.317219,0.411859
7641,7642,105.331002,0.451791
7642,7643,105.344785,0.374760
7643,7644,105.358568,0.456533
7644,7645,105.372351,0.419075
7645,7646,105.386135,0.492374
7646,7647,105.399918,0.415596
7647,7648,105.413701,0.587589
7648,7649,105.427484,0.418635
7649,7650,105.441267,0.477130
7650,7651,105.455050,0.420671
7651,7652,105.468834,0.420202
7652,7653,105.482617,0.404300
7653,7654,105.496400,0.415347
7654,7655,105.510183,0.409612
7655,7656,105.523966,0.411460
7656,7657,105.537749,0.388002
7657,7658,105.551533,0.422157
7658,7659,105.565316,0.411647
7659,7660,105.579099,0.402643
7660,7661,105.592882,0.499240
7661,7662,105.606665,0.466148
7662,7663,105.620448,0.397944
7663,7664,105.634232,0.450487
7664,7665,105.648015,0.410645
7665,7666,105.661798,0.356234
7666,7667,105.675581,0.418054
7667,7668,105.689364,0.392812
7668,7669,105.703148,0.467883
7669,7670,105.716931,0.399522
7670,7671,105.730714,0.432719
7671,7672,105.744497,0.460129
7672,7673,105.758280,0.390499
7673,7674,105.772063,0.392888
7674,7675,105.785847,0.415515
7675,7676,105.799630,0.484134
7676,7677,105.813413,0.421171
7677,7678,105.827196,0.533439
7678,7679,105.840979,0.360767
7679,7680,105.854762,0.396271
7680,7681,105.868546,0.427263
7681,7682,105.882329,0.421559
7682,7683,105.896112,0.445513
7683,7684,105.909895,0.430908
7684,7685,105.923678,0.427397
7685,7686,105.937461,0.404163
7686,7687,105.951245,0.460667
7687,7688,105.965028,0.388795
7688,7689,105.978811,0.454655
7689,7690,105.992594,0.419589
7690,7691,106.006377,0.417154
7691,7692,106.020160,0.443641
7692,7693,106.033944,0.425652
7693,7694,106.047727,0.413352
7694,7695,106.061510,0.486189
7695,7696,106.075293,0.470216
7696,7697,106.089076,0.426632
7697,7698,106.102859,0.421436
7698,7699,106.116643,0.447247
7699,7700,106.130426,0.435828
7700,7701,106.144209,0.428462
7701,7702,106.157992,0.386641
7702,7703,106.171775,0.438519
7703,7704,106.185559,0.422213
7704,7705,106.199342,0.366087
7705,7706,106.213125,0.422362
7706,7707,106.226908,0.417892
7707,7708,106.240691,0.357486
7708,7709,106.254474,0.540728
7709,7710,106.268258,0.450759
7710,7711,106.282041,0.354486
7711,7712,106.295824,0.379066
7712,7713,106.309607,0.504625
7713,7714,106.323390,0.374417
7714,7715,106.337173,0.405450
7715,7716,106.350957,0.421622
7716,7717,106.364740,0.435639
7717,7718,106.378523,0.399582
7718,7719,106.392306,0.425456
7719,7720,106.406089,0.425368
7720,7721,106.419872,0.412592
7721,7722,106.433656,0.467120
7722,7723,106.447439,0.505831
7723,7724,106.461222,0.455082
7724,7725,106.475005,0.431336
7725,7726,106.488788,0.441706
7726,7727,106.502571,0.404628
7727,7728,106.516355,0.420142
7728,7729,106.530138,0.382538
7729,7730,106.543921,0.444943
7730,7731,106.557704,0.466319
7731,7732,106.571487,0.482527
7732,7733,106.585271,0.445863
7733,7734,106.599054,0.441785
7734,7735,106.612837,0.492059
7735,7736,106.626620,0.448947
7736,7737,106.640403,0.472420
7737,7738,106.654186,0.373065
7738,7739,106.667970,0.471328
7739,7740,106.681753,0.402718
7740,7741,106.695536,0.458628
7741,7742,106.709319,0.411226
7742,7743,106.723102,0.386050
7743,7744,106.736885,0.464262
7744,7745,106.750669,0.434758
7745,7746,106.764452,0.457464
7746,7747,106.778235,0.466688
7747,7748,106.792018,0.391214
7748,7749,106.805801,0.395931
7749,7750,106.819584,0.429793
7750,7751,106.833368,0.456030
7751,7752,106.847151,0.446664
7752,7753,106.860934,0.451363
7753,7754,106.874717,0.448196
7754,7755,106.888500,0.429629
7755,7756,106.902283,0.398692
7756,7757,106.916067,0.442225
7757,7758,106.929850,0.452424
7758,7759,106.943633,0.401911
7759,7760,106.957416,0.503020
7760,7761,106.971199,0.453181
7761,7762,106.984983,0.456328
7762,7763,106.998766,0.403449
7763,7764,107.012549,0.453494
7764,7765,107.026332,0.382049
7765,7766,107.040115,0.477612
7766,7767,107.053898,0.423658
7767,7768,107.067682,0.469037
7768,7769,107.081465,0.427313
7769,7770,107.095248,0.449096
7770,7771,107.109031,0.427933
7771,7772,107.122814,0.462194
7772,7773,107.136597,0.411766
7773,7774,107.150381,0.415600
7774,7775,107.164164,0.410774
7775,7776,107.177947,0.376844
7776,7777,107.191730,0.463691
7777,7778,107.205513,0.446274
7778,7779,107.219296,0.430194
7779,7780,107.233080,0.481884
7780,7781,107.246863,0.388435
7781,7782,107.260646,0.482154
7782,7783,107.274429,0.397999
7783,7784,107.288212,0.374826
7784,7785,107.301995,0.422967
7785,7786,107.315779,0.440268
7786,7787,107.329562,0.375712
7787,7788,107.343345,0.483246
7788,7789,107.357128,0.436943
7789,7790,107.370911,0.477942
7790,7791,107.384695,0.491827
7791,7792,107.398478,0.456914
7792,7793,107.412261,0.359939
7793,7794,107.426044,0.449066
7794,7795,107.439827,0.434058
7795,7796,107.453610,0.487984
7796,7797,107.467394,0.430070
7797,7798,107.481177,0.517641
7798,7799,107.494960,0.488158
7799,7800,107.508743,0.444515
7800,7801,107.522526,0.436678
7801,7802,107.536309,0.427599
7802,7803,107.550093,0.399922
7803,7804,107.563876,0.357831
7804,7805,107.577659,0.395092
7805,7806,107.591442,0.402129
7806,7807,107.605225,0.385398
7807,7808,107.619008,0.448270
7808,7809,107.632792,0.468520
7809,7810,107.646575,0.427963
7810,7811,107.660358,0.438343
7811,7812,107.674141,0.385662
7812,7813,107.687924,0.442048
7813,7814,107.701707,0.374242
7814,7815,107.715491,0.415659
7815,7816,107.729274,0.386235
7816,7817,107.743057,0.466228
7817,7818,107.756840,0.423639
7818,7819,107.770623,0.451775
7819,7820,107.784407,0.460560
7820,7821,107.798190,0.348586
7821,7822,107.811973,0.463288
7822,7823,107.825756,0.452556
7823,7824,107.839539,0.429515
7824,7825,107.853322,0.435279
7825,7826,107.867106,0.391871
7826,7827,107.880889,0.468265
7827,7828,107.894672,0.444620
7828,7829,107.908455,0.420451
7829,7830,107.922238,0.400899
7830,7831,107.936021,0.462690
7831,7832,107.949805,0.408933
7832,7833,107.963588,0.364049
7833,7834,107.977371,0.461307
7834,7835,107.991154,0.387086
7835,7836,108.004937,0.422257
7836,7837,108.018720,0.349072
7837,7838,108.032504,0.443830
7838,7839,108.046287,0.492585
7839,7840,108.060070,0.395024
7840,7841,108.073853,0.371272
7841,7842,108.087636,0.373306
7842,7843,108.101419,0.431204
7843,7844,108.115203,0.452119
7844,7845,108.128986,0.398850
7845,7846,108.142769,0.463543
7846,7847,108.156552,0.458540
7847,7848,108.170335,0.436220
7848,7849,108.184118,0.474941
7849,7850,108.197902,0.491007
7850,7851,108.211685,0.410328
7851,7852,108.225468,0.447705
7852,7853,108.239251,0.441044
7853,7854,108.253034,0.475202
7854,7855,108.266818,0.402543
7855,7856,108.280601,0.431770
7856,7857,108.294384,0.472916
7857,7858,108.308167,0.374684
7858,7859,108.321950,0.426689
7859,7860,108.335733,0.379119
7860,7861,108.349517,0.312279
7861,7862,108.363300,0.382977
7862,7863,108.377083,0.381740
7863,7864,108.390866,0.435156
7864,7865,108.404649,0.320727
7865,7866,108.418432,0.389366
7866,7867,108.432216,0.507416
7867,7868,108.445999,0.416548
7868,7869,108.459782,0.396062
7869,7870,108.473565,0.407648
7870,7871,108.487348,0.403331
7871,7872,108.501131,0.404382
7872,7873,108.514915,0.413933
7873,7874,108.528698,0.470313
7874,7875,108.542481,0.407822
7875,7876,108.556264,0.387995
7876,7877,108.570047,0.443571
7877,7878,108.583830,0.496406
7878,7879,108.597614,0.377538
7879,7880,108.611397,0.425658
7880,7881,108.625180,0.439404
7881,7882,108.638963,0.462968
7882,7883,108.652746,0.421074
7883,7884,108.666530,0.419701
7884,7885,108.680313,0.438837
7885,7886,108.694096,0.482542
7886,7887,108.707879,0.510379
7887,7888,108.721662,0.431369
7888,7889,108.735445,0.439782
7889,7890,108.749229,0.374629
7890,7891,108.763012,0.428557
7891,7892,108.776795,0.420831
7892,7893,108.790578,0.412998
7893,7894,108.804361,0.455964
7894,7895,108.818144,0.401064
7895,7896,108.831928,0.350017
7896,7897,108.845711,0.363343
7897,7898,108.859494,0.403520
7898,7899,108.873277,0.501898
7899,7900,108.887060,0.477055
7900,7901,108.900843,0.416065
7901,7902,108.914627,0.410167
7902,7903,108.928410,0.370812
7903,7904,108.942193,0.425598
7904,7905,108.955976,0.467394
7905,7906,108.969759,0.355031
7906,7907,108.983542,0.372729
7907,7908,108.997326,0.431743
7908,7909,109.011109,0.379165
7909,7910,109.024892,0.398717
7910,7911,109.038675,0.406442
7911,7912,109.052458,0.396499
7912,7913,109.066242,0.355132
7913,7914,109.080025,0.423540
7914,7915,109.093808,0.377508
7915,7916,109.107591,0.439559
7916,7917,109.121374,0.459558
7917,7918,109.135157,0.468873
7918,7919,109.148941,0.399557
7919,7920,109.162724,0.411891
7920,7921,109.176507,0.424571
7921,7922,109.190290,0.509956
7922,7923,109.204073,0.485282
7923,7924,109.217856,0.467666
7924,7925,109.231640,0.402420
7925,7926,109.245423,0.397171
7926,7927,109.259206,0.383417
7927,7928,109.272989,0.428918
7928,7929,109.286772,0.436019
7929,7930,109.300555,0.375439
7930,7931,109.314339,0.424861
7931,7932,109.328122,0.411317
7932,7933,109.341905,0.393887
7933,7934,109.355688,0.437284
7934,7935,109.369471,0.443876
7935,7936,109.383254,0.409918
7936,7937,109.397038,0.423532
7937,7938,109.410821,0.412400
7938,7939,109.424604,0.367242
7939,7940,109.438387,0.398255
7940,7941,109.452170,0.433668
7941,7942,109.465954,0.437567
7942,7943,109.479737,0.447236
7943,7944,109.493520,0.351745
7944,7945,109.507303,0.400075
7945,7946,109.521086,0.434085
7946,7947,109.534869,0.427492
7947,7948,109.548653,0.440516
7948,7949,109.562436,0.370434
7949,7950,109.576219,0.425759
7950,7951,109.590002,0.499898
7951,7952,109.603785,0.412715
7952,7953,109.617568,0.438798
7953,7954,109.631352,0.422688
7954,7955,109.645135,0.434949
7955,7956,109.658918,0.384525
7956,7957,109.672701,0.447363
7957,7958,109.686484,0.365248
7958,7959,109.700267,0.431256
7959,7960,109.714051,0.411951
7960,7961,109.727834,0.344876
7961,7962,109.741617,0.387848
7962,7963,109.755400,0.450197
7963,7964,109.769183,0.477090
7964,7965,109.782966,0.473728
7965,7966,109.796750,0.436937
7966,7967,109.810533,0.383835
7967,7968,109.824316,0.419420
7968,7969,109.838099,0.454021
7969,7970,109.851882,0.432979
7970,7971,109.865666,0.405602
7971,7972,109.879449,0.469372
7972,7973,109.893232,0.457814
7973,7974,109.907015,0.412231
7974,7975,109.920798,0.362874
7975,7976,109.934581,0.430541
7976,7977,109.948365,0.371668
7977,7978,109.962148,0.516946
7978,7979,109.975931,0.415058
7979,7980,109.989714,0.439510
7980,7981,110.003497,0.411914
7981,7982,110.017280,0.433956
7982,7983,110.031064,0.436924
7983,7984,110.044847,0.395397
7984,7985,110.058630,0.420766
7985,7986,110.072413,0.435451
7986,7987,110.086196,0.384293
7987,7988,110.099979,0.439136
7988,7989,110.113763,0.406609
7989,7990,110.127546,0.408728
7990,7991,110.141329,0.408667
7991,7992,110.155112,0.369881
7992,7993,110.168895,0.391945
7993,7994,110.182678,0.378426
7994,7995,110.196462,0.389553
7995,7996,110.210245,0.393384
7996,7997,110.224028,0.361091
7997,7998,110.237811,0.400183
7998,7999,110.251594,0.490880
7999,8000,110.265377,0.387868
8000,8001,110.279161,0.376331
8001,8002,110.292944,0.445955
8002,8003,110.306727,0.452126
8003,8004,110.320510,0.434457
8004,8005,110.334293,0.466009
8005,8006,110.348077,0.444038
8006,8007,110.361860,0.486490
8007,8008,110.375643,0.466629
8008,8009,110.389426,0.393905
8009,8010,110.403209,0.413633
8010,8011,110.416992,0.409138
8011,8012,110.430776,0.373548
8012,8013,110.444559,0.372114
8013,8014,110.458342,0.367454
8014,8015,110.472125,0.369511
8015,8016,110.485908,0.464005
8016,8017,110.499691,0.411314
8017,8018,110.513475,0.410056
8018,8019,110.527258,0.404886
8019,8020,110.541041,0.478567
8020,8021,110.554824,0.373936
8021,8022,110.568607,0.460532
8022,8023,110.582390,0.424135
8023,8024,110.596174,0.440604
8024,8025,110.609957,0.439426
8025,8026,110.623740,0.399664
8026,8027,110.637523,0.442332
8027,8028,110.651306,0.420354
8028,8029,110.665089,0.326299
8029,8030,110.678873,0.473120
8030,8031,110.692656,0.382594
8031,8032,110.706439,0.387424
8032,8033,110.720222,0.441244
8033,8034,110.734005,0.369932
8034,8035,110.747789,0.370640
8035,8036,110.761572,0.421272
8036,8037,110.775355,0.351521
8037,8038,110.789138,0.442755
8038,8039,110.802921,0.441865
8039,8040,110.816704,0.436278
8040,8041,110.830488,0.406904
8041,8042,110.844271,0.480756
8042,8043,110.858054,0.364476
8043,8044,110.871837,0.406750
8044,8045,110.885620,0.374815
8045,8046,110.899403,0.336313
8046,8047,110.913187,0.421322
8047,8048,110.926970,0.458622
8048,8049,110.940753,0.453510
8049,8050,110.954536,0.410560
8050,8051,110.968319,0.469740
8051,8052,110.982102,0.391992
8052,8053,110.995886,0.382918
8053,8054,111.009669,0.424411
8054,8055,111.023452,0.498528
8055,8056,111.037235,0.413755
8056,8057,111.051018,0.364579
8057,8058,111.064801,0.419763
8058,8059,111.078585,0.441775
8059,8060,111.092368,0.378882
8060,8061,111.106151,0.413402
8061,8062,111.119934,0.416511
8062,8063,111.133717,0.446041
8063,8064,111.147501,0.424587
8064,8065,111.161284,0.426049
8065,8066,111.175067,0.376073
8066,8067,111.188850,0.419013
8067,8068,111.202633,0.409638
8068,8069,111.216416,0.474972
8069,8070,111.230200,0.445395
8070,8071,111.243983,0.512069
8071,8072,111.257766,0.433277
8072,8073,111.271549,0.442328
8073,8074,111.285332,0.395384
8074,8075,111.299115,0.393799
8075,8076,111.312899,0.339944
8076,8077,111.326682,0.468538
8077,8078,111.340465,0.449070
8078,8079,111.354248,0.544339
8079,8080,111.368031,0.418142
8080,8081,111.381814,0.438511
8081,8082,111.395598,0.442809
8082,8083,111.409381,0.371841
8083,8084,111.423164,0.465004
8084,8085,111.436947,0.414725
8085,8086,111.450730,0.386821
8086,8087,111.464513,0.417732
8087,8088,111.478297,0.464919
8088,8089,111.492080,0.429306
8089,8090,111.505863,0.463100
8090,8091,111.519646,0.383648
8091,8092,111.533429,0.446037
8092,8093,111.547213,0.446508
8093,8094,111.560996,0.389919
8094,8095,111.574779,0.389849
8095,8096,111.588562,0.482640
8096,8097,111.602345,0.411329
8097,8098,111.616128,0.435764
8098,8099,111.629912,0.413668
8099,8100,111.643695,0.397504
8100,8101,111.657478,0.395516
8101,8102,111.671261,0.399316
8102,8103,111.685044,0.325971
8103,8104,111.698827,0.371457
8104,8105,111.712611,0.395760
8105,8106,111.726394,0.506705
8106,8107,111.740177,0.405092
8107,8108,111.753960,0.416264
8108,8109,111.767743,0.420642
8109,8110,111.781526,0.359163
8110,8111,111.795310,0.400207
8111,8112,111.809093,0.447686
8112,8113,111.822876,0.406632
8113,8114,111.836659,0.407996
8114,8115,111.850442,0.458095
8115,8116,111.864225,0.344772
8116,8117,111.878009,0.459521
8117,8118,111.891792,0.410761
8118,8119,111.905575,0.380018
8119,8120,111.919358,0.392831
8120,8121,111.933141,0.387738
8121,8122,111.946925,0.449651
8122,8123,111.960708,0.420300
8123,8124,111.974491,0.436874
8124,8125,111.988274,0.455086
8125,8126,112.002057,0.421561
8126,8127,112.015840,0.446659
8127,8128,112.029624,0.421397
8128,8129,112.043407,0.430133
8129,8130,112.057190,0.385064
8130,8131,112.070973,0.467409
8131,8132,112.084756,0.460951
8132,8133,112.098539,0.415047
8133,8134,112.112323,0.425593
8134,8135,112.126106,0.388908
8135,8136,112.139889,0.418067
8136,8137,112.153672,0.406768
8137,8138,112.167455,0.442711
8138,8139,112.181238,0.462305
8139,8140,112.195022,0.417311
8140,8141,112.208805,0.433833
8141,8142,112.222588,0.516477
8142,8143,112.236371,0.401931
8143,8144,112.250154,0.428364
8144,8145,112.263937,0.451666
8145,8146,112.277721,0.472452
8146,8147,112.291504,0.395726
8147,8148,112.305287,0.354514
8148,8149,112.319070,0.453057
8149,8150,112.332853,0.410023
8150,8151,112.346636,0.450931
8151,8152,112.360420,0.411182
8152,8153,112.374203,0.396118
8153,8154,112.387986,0.456778
8154,8155,112.401769,0.466274
8155,8156,112.415552,0.479102
8156,8157,112.429336,0.354181
8157,8158,112.443119,0.377439
8158,8159,112.456902,0.429769
8159,8160,112.470685,0.460868
8160,8161,112.484468,0.445041
8161,8162,112.498251,0.456158
8162,8163,112.512035,0.462510
8163,8164,112.525818,0.405658
8164,8165,112.539601,0.456617
8165,8166,112.553384,0.426326
8166,8167,112.567167,0.435115
8167,8168,112.580950,0.362479
8168,8169,112.594734,0.452548
8169,8170,112.608517,0.414117
8170,8171,112.622300,0.463840
8171,8172,112.636083,0.435287
8172,8173,112.649866,0.457522
8173,8174,112.663649,0.418960
8174,8175,112.677433,0.345018
8175,8176,112.691216,0.366081
8176,8177,112.704999,0.466431
8177,8178,112.718782,0.385922
8178,8179,112.732565,0.432846
8179,8180,112.746348,0.447323
8180,8181,112.760132,0.459501
8181,8182,112.773915,0.401547
8182,8183,112.787698,0.478040
8183,8184,112.801481,0.443548
8184,8185,112.815264,0.396643
8185,8186,112.829048,0.396682
8186,8187,112.842831,0.415740
8187,8188,112.856614,0.363509
8188,8189,112.870397,0.417045
8189,8190,112.884180,0.365206
8190,8191,112.897963,0.484599
8191,8192,112.911747,0.392335
8192,8193,112.925530,0.405803
8193,8194,112.939313,0.409768
8194,8195,112.953096,0.454990
8195,8196,112.966879,0.357892
8196,8197,112.980662,0.386284
8197,8198,112.994446,0.460793
8198,8199,113.008229,0.390386
8199,8200,113.022012,0.396286
8200,8201,113.035795,0.462529
8201,8202,113.049578,0.406331
8202,8203,113.063361,0.410668
8203,8204,113.077145,0.431061
8204,8205,113.090928,0.444149
8205,8206,113.104711,0.394272
8206,8207,113.118494,0.468533
8207,8208,113.132277,0.433134
8208,8209,113.146060,0.466773
8209,8210,113.159844,0.440212
8210,8211,113.173627,0.362079
8211,8212,113.187410,0.406865
8212,8213,113.201193,0.569341
8213,8214,113.214976,0.329568
8214,8215,113.228760,0.477615
8215,8216,113.242543,0.400117
8216,8217,113.256326,0.467798
8217,8218,113.270109,0.413217
8218,8219,113.283892,0.356244
8219,8220,113.297675,0.377985
8220,8221,113.311459,0.425751
8221,8222,113.325242,0.442460
8222,8223,113.339025,0.374582
8223,8224,113.352808,0.408725
8224,8225,113.366591,0.434818
8225,8226,113.380374,0.391874
8226,8227,113.394158,0.422898
8227,8228,113.407941,0.451736
8228,8229,113.421724,0.446145
8229,8230,113.435507,0.458314
8230,8231,113.449290,0.436065
8231,8232,113.463073,0.410731
8232,8233,113.476857,0.413867
8233,8234,113.490640,0.430790
8234,8235,113.504423,0.374420
8235,8236,113.518206,0.447774
8236,8237,113.531989,0.452644
8237,8238,113.545772,0.466261
8238,8239,113.559556,0.434964
8239,8240,113.573339,0.428445
8240,8241,113.587122,0.433822
8241,8242,113.600905,0.438827
8242,8243,113.614688,0.376937
8243,8244,113.628472,0.425397
8244,8245,113.642255,0.473495
8245,8246,113.656038,0.473586
8246,8247,113.669821,0.416095
8247,8248,113.683604,0.366160
8248,8249,113.697387,0.407471
8249,8250,113.711171,0.508690
8250,8251,113.724954,0.401482
8251,8252,113.738737,0.420206
8252,8253,113.752520,0.415532
8253,8254,113.766303,0.368337
8254,8255,113.780086,0.404190
8255,8256,113.793870,0.427302
8256,8257,113.807653,0.391169
8257,8258,113.821436,0.478719
8258,8259,113.835219,0.378585
8259,8260,113.849002,0.417023
8260,8261,113.862785,0.418772
8261,8262,113.876569,0.412105
8262,8263,113.890352,0.419110
8263,8264,113.904135,0.417338
8264,8265,113.917918,0.417538
8265,8266,113.931701,0.467671
8266,8267,113.945484,0.494425
8267,8268,113.959268,0.364392
8268,8269,113.973051,0.424016
8269,8270,113.986834,0.429188
8270,8271,114.000617,0.460483
8271,8272,114.014400,0.452922
8272,8273,114.028184,0.379812
8273,8274,114.041967,0.426580
8274,8275,114.055750,0.466458
8275,8276,114.069533,0.401648
8276,8277,114.083316,0.535323
8277,8278,114.097099,0.451174
8278,8279,114.110883,0.354822
8279,8280,114.124666,0.404948
8280,8281,114.138449,0.391838
8281,8282,114.152232,0.409569
8282,8283,114.166015,0.475186
8283,8284,114.179798,0.430972
8284,8285,114.193582,0.443131
8285,8286,114.207365,0.399918
8286,8287,114.221148,0.481233
8287,8288,114.234931,0.532955
8288,8289,114.248714,0.407960
8289,8290,114.262497,0.414234
8290,8291,114.276281,0.466254
8291,8292,114.290064,0.430923
8292,8293,114.303847,0.391938
8293,8294,114.317630,0.415840
8294,8295,114.331413,0.389878
8295,8296,114.345196,0.401703
8296,8297,114.358980,0.423701
8297,8298,114.372763,0.426656
8298,8299,114.386546,0.354324
8299,8300,114.400329,0.414663
8300,8301,114.414112,0.438970
8301,8302,114.427895,0.401926
8302,8303,114.441679,0.434735
8303,8304,114.455462,0.487089
8304,8305,114.469245,0.399283
8305,8306,114.483028,0.435899
8306,8307,114.496811,0.377321
8307,8308,114.510595,0.386201
8308,8309,114.524378,0.450226
8309,8310,114.538161,0.390359
8310,8311,114.551944,0.403019
8311,8312,114.565727,0.416176
8312,8313,114.579510,0.381370
8313,8314,114.593294,0.464599
8314,8315,114.607077,0.462114
8315,8316,114.620860,0.439920
8316,8317,114.634643,0.427458
8317,8318,114.648426,0.458154
8318,8319,114.662209,0.426111
8319,8320,114.675993,0.451943
8320,8321,114.689776,0.421784
8321,8322,114.703559,0.355066
8322,8323,114.717342,0.328821
8323,8324,114.731125,0.417957
8324,8325,114.744908,0.477249
8325,8326,114.758692,0.404703
8326,8327,114.772475,0.445435
8327,8328,114.786258,0.428656
8328,8329,114.800041,0.442751
8329,8330,114.813824,0.434733
8330,8331,114.827607,0.390527
8331,8332,114.841391,0.409297
8332,8333,114.855174,0.435474
8333,8334,114.868957,0.385319
8334,8335,114.882740,0.382815
8335,8336,114.896523,0.365047
8336,8337,114.910307,0.435653
8337,8338,114.924090,0.511349
8338,8339,114.937873,0.448504
8339,8340,114.951656,0.389989
8340,8341,114.965439,0.429466
8341,8342,114.979222,0.398021
8342,8343,114.993006,0.454156
8343,8344,115.006789,0.403003
8344,8345,115.020572,0.467424
8345,8346,115.034355,0.455570
8346,8347,115.048138,0.423465
8347,8348,115.061921,0.418353
8348,8349,115.075705,0.437036
8349,8350,115.089488,0.364541
8350,8351,115.103271,0.430144
8351,8352,115.117054,0.466811
8352,8353,115.130837,0.431887
8353,8354,115.144620,0.378241
8354,8355,115.158404,0.467372
8355,8356,115.172187,0.469334
8356,8357,115.185970,0.381548
8357,8358,115.199753,0.446662
8358,8359,115.213536,0.408968
8359,8360,115.227319,0.378747
8360,8361,115.241103,0.411475
8361,8362,115.254886,0.460563
8362,8363,115.268669,0.435900
8363,8364,115.282452,0.462534
8364,8365,115.296235,0.390336
8365,8366,115.310019,0.394570
8366,8367,115.323802,0.444750
8367,8368,115.337585,0.391478
8368,8369,115.351368,0.440333
8369,8370,115.365151,0.436531
8370,8371,115.378934,0.381501
8371,8372,115.392718,0.491571
8372,8373,115.406501,0.453049
8373,8374,115.420284,0.394002
8374,8375,115.434067,0.429978
8375,8376,115.447850,0.412623
8376,8377,115.461633,0.432728
8377,8378,115.475417,0.440183
8378,8379,115.489200,0.391540
8379,8380,115.502983,0.478927
8380,8381,115.516766,0.371627
8381,8382,115.530549,0.397460
8382,8383,115.544332,0.400958
8383,8384,115.558116,0.355581
8384,8385,115.571899,0.422203
8385,8386,115.585682,0.416639
8386,8387,115.599465,0.433179
8387,8388,115.613248,0.427365
8388,8389,115.627031,0.406189
8389,8390,115.640815,0.417504
8390,8391,115.654598,0.501711
8391,8392,115.668381,0.453865
8392,8393,115.682164,0.394201
8393,8394,115.695947,0.403069
8394,8395,115.709731,0.380058
8395,8396,115.723514,0.450249
8396,8397,115.737297,0.416004
8397,8398,115.751080,0.395096
8398,8399,115.764863,0.468172
8399,8400,115.778646,0.443067
8400,8401,115.792430,0.402168
8401,8402,115.806213,0.341656
8402,8403,115.819996,0.456797
8403,8404,115.833779,0.474779
8404,8405,115.847562,0.358529
8405,8406,115.861345,0.402070
8406,8407,115.875129,0.368884
8407,8408,115.888912,0.398770
8408,8409,115.902695,0.414761
8409,8410,115.916478,0.457271
8410,8411,115.930261,0.456356
8411,8412,115.944044,0.441404
8412,8413,115.957828,0.409728
8413,8414,115.971611,0.437388
8414,8415,115.985394,0.365739
8415,8416,115.999177,0.450824
8416,8417,116.012960,0.380728
8417,8418,116.026743,0.410089
8418,8419,116.040527,0.388327
8419,8420,116.054310,0.416345
8420,8421,116.068093,0.369451
8421,8422,116.081876,0.413954
8422,8423,116.095659,0.373424
8423,8424,116.109443,0.423599
8424,8425,116.123226,0.404275
8425,8426,116.137009,0.479471
8426,8427,116.150792,0.426259
8427,8428,116.164575,0.411741
8428,8429,116.178358,0.305110
8429,8430,116.192142,0.388208
8430,8431,116.205925,0.417738
8431,8432,116.219708,0.453542
8432,8433,116.233491,0.458024
8433,8434,116.247274,0.453605
8434,8435,116.261057,0.466173
8435,8436,116.274841,0.435280
8436,8437,116.288624,0.507420
8437,8438,116.302407,0.468068
8438,8439,116.316190,0.379148
8439,8440,116.329973,0.424164
8440,8441,116.343756,0.450025
8441,8442,116.357540,0.443963
8442,8443,116.371323,0.422976
8443,8444,116.385106,0.384254
8444,8445,116.398889,0.416630
8445,8446,116.412672,0.416597
8446,8447,116.426455,0.429669
8447,8448,116.440239,0.380899
8448,8449,116.454022,0.442369
8449,8450,116.467805,0.346700
8450,8451,116.481588,0.407357
8451,8452,116.495371,0.392706
8452,8453,116.509154,0.383233
8453,8454,116.522938,0.503216
8454,8455,116.536721,0.435124
8455,8456,116.550504,0.400548
8456,8457,116.564287,0.341205
8457,8458,116.578070,0.422133
8458,8459,116.591854,0.419176
8459,8460,116.605637,0.473541
8460,8461,116.619420,0.458707
8461,8462,116.633203,0.418996
8462,8463,116.646986,0.420978
8463,8464,116.660769,0.476548
8464,8465,116.674553,0.396283
8465,8466,116.688336,0.370059
8466,8467,116.702119,0.403407
8467,8468,116.715902,0.387576
8468,8469,116.729685,0.360695
8469,8470,116.743468,0.462308
8470,8471,116.757252,0.402937
8471,8472,116.771035,0.458143
8472,8473,116.784818,0.469432
8473,8474,116.798601,0.427780
8474,8475,116.812384,0.362944
8475,8476,116.826167,0.409622
8476,8477,116.839951,0.449247
8477,8478,116.853734,0.387504
8478,8479,116.867517,0.486760
8479,8480,116.881300,0.394868
8480,8481,116.895083,0.424670
8481,8482,116.908866,0.439622
8482,8483,116.922650,0.468334
8483,8484,116.936433,0.460170
8484,8485,116.950216,0.436571
8485,8486,116.963999,0.414651
8486,8487,116.977782,0.339927
8487,8488,116.991566,0.492497
8488,8489,117.005349,0.458303
8489,8490,117.019132,0.464867
8490,8491,117.032915,0.476384
8491,8492,117.046698,0.435135
8492,8493,117.060481,0.359149
8493,8494,117.074265,0.400535
8494,8495,117.088048,0.418298
8495,8496,117.101831,0.380091
8496,8497,117.115614,0.391988
8497,8498,117.129397,0.469922
8498,8499,117.143180,0.358893
8499,8500,117.156964,0.401456
8500,8501,117.170747,0.388630
8501,8502,117.184530,0.423348
8502,8503,117.198313,0.438322
8503,8504,117.212096,0.414736
8504,8505,117.225879,0.461143
8505,8506,117.239663,0.400587
8506,8507,117.253446,0.379069
8507,8508,117.267229,0.401241
8508,8509,117.281012,0.422404
8509,8510,117.294795,0.345457
8510,8511,117.308578,0.410811
8511,8512,117.322362,0.406112
8512,8513,117.336145,0.466791
8513,8514,117.349928,0.418067
8514,8515,117.363711,0.447532
8515,8516,117.377494,0.454581
8516,8517,117.391278,0.448789
8517,8518,117.405061,0.369166
8518,8519,117.418844,0.392782
8519,8520,117.432627,0.482635
8520,8521,117.446410,0.418353
8521,8522,117.460193,0.476436
8522,8523,117.473977,0.488777
8523,8524,117.487760,0.445269
8524,8525,117.501543,0.462169
8525,8526,117.515326,0.419507
8526,8527,117.529109,0.428654
8527,8528,117.542892,0.466184
8528,8529,117.556676,0.394819
8529,8530,117.570459,0.391619
8530,8531,117.584242,0.480150
8531,8532,117.598025,0.336992
8532,8533,117.611808,0.451828
8533,8534,117.625591,0.401460
8534,8535,117.639375,0.398171
8535,8536,117.653158,0.368356
8536,8537,117.666941,0.452169
8537,8538,117.680724,0.396895
8538,8539,117.694507,0.460366
8539,8540,117.708290,0.476485
8540,8541,117.722074,0.393429
8541,8542,117.735857,0.441691
8542,8543,117.749640,0.433026
8543,8544,117.763423,0.374114
8544,8545,117.777206,0.416413
8545,8546,117.790990,0.382226
8546,8547,117.804773,0.410960
8547,8548,117.818556,0.462896
8548,8549,117.832339,0.351787
8549,8550,117.846122,0.465515
8550,8551,117.859905,0.428936
8551,8552,117.873689,0.419305
8552,8553,117.887472,0.442722
8553,8554,117.901255,0.409753
8554,8555,117.915038,0.348171
8555,8556,117.928821,0.361930
8556,8557,117.942604,0.423449
8557,8558,117.956388,0.416222
8558,8559,117.970171,0.470730
8559,8560,117.983954,0.429961
8560,8561,117.997737,0.414327
8561,8562,118.011520,0.403165
8562,8563,118.025303,0.432962
8563,8564,118.039087,0.403144
8564,8565,118.052870,0.469451
8565,8566,118.066653,0.427909
8566,8567,118.080436,0.489827
8567,8568,118.094219,0.451891
8568,8569,118.108002,0.390307
8569,8570,118.121786,0.371644
8570,8571,118.135569,0.459696
8571,8572,118.149352,0.437102
8572,8573,118.163135,0.383091
8573,8574,118.176918,0.450656
8574,8575,118.190702,0.386912
8575,8576,118.204485,0.383376
8576,8577,118.218268,0.441838
8577,8578,118.232051,0.370592
8578,8579,118.245834,0.426285
8579,8580,118.259617,0.387369
8580,8581,118.273401,0.405009
8581,8582,118.287184,0.440041
8582,8583,118.300967,0.364818
8583,8584,118.314750,0.529257
8584,8585,118.328533,0.425409
8585,8586,118.342316,0.391947
8586,8587,118.356100,0.496014
8587,8588,118.369883,0.409193
8588,8589,118.383666,0.408094
8589,8590,118.397449,0.363221
8590,8591,118.411232,0.419907
8591,8592,118.425015,0.434207
8592,8593,118.438799,0.379710
8593,8594,118.452582,0.455948
8594,8595,118.466365,0.467489
8595,8596,118.480148,0.447877
8596,8597,118.493931,0.393732
8597,8598,118.507714,0.418541
8598,8599,118.521498,0.405880
8599,8600,118.535281,0.452079
8600,8601,118.549064,0.469195
8601,8602,118.562847,0.514254
8602,8603,118.576630,0.453743
8603,8604,118.590413,0.422273
8604,8605,118.604197,0.430900
8605,8606,118.617980,0.420712
8606,8607,118.631763,0.413670
8607,8608,118.645546,0.370345
8608,8609,118.659329,0.416813
8609,8610,118.673113,0.426802
8610,8611,118.686896,0.426400
8611,8612,118.700679,0.464666
8612,8613,118.714462,0.404194
8613,8614,118.728245,0.457904
8614,8615,118.742028,0.453984
8615,8616,118.755812,0.428151
8616,8617,118.769595,0.368938
8617,8618,118.783378,0.441822
8618,8619,118.797161,0.465202
8619,8620,118.810944,0.469640
8620,8621,118.824727,0.469624
8621,8622,118.838511,0.442755
8622,8623,118.852294,0.475767
8623,8624,118.866077,0.388413
8624,8625,118.879860,0.434377
8625,8626,118.893643,0.399576
8626,8627,118.907426,0.411774
8627,8628,118.921210,0.483322
8628,8629,118.934993,0.468673
8629,8630,118.948776,0.391904
8630,8631,118.962559,0.465358
8631,8632,118.976342,0.436419
8632,8633,118.990125,0.463122
8633,8634,119.003909,0.440712
8634,8635,119.017692,0.460345
8635,8636,119.031475,0.371438
8636,8637,119.045258,0.422959
8637,8638,119.059041,0.415091
8638,8639,119.072825,0.420641
8639,8640,119.086608,0.422200
8640,8641,119.100391,0.417969
8641,8642,119.114174,0.421812
8642,8643,119.127957,0.455490
8643,8644,119.141740,0.388439
8644,8645,119.155524,0.488796
8645,8646,119.169307,0.408534
8646,8647,119.183090,0.408148
8647,8648,119.196873,0.428417
8648,8649,119.210656,0.465871
8649,8650,119.224439,0.381815
8650,8651,119.238223,0.383073
8651,8652,119.252006,0.409290
8652,8653,119.265789,0.397614
8653,8654,119.279572,0.367510
8654,8655,119.293355,0.378790
8655,8656,119.307138,0.391133
8656,8657,119.320922,0.399826
8657,8658,119.334705,0.380449
8658,8659,119.348488,0.414945
8659,8660,119.362271,0.435332
8660,8661,119.376054,0.438800
8661,8662,119.389837,0.473323
8662,8663,119.403621,0.431137
8663,8664,119.417404,0.379078
8664,8665,119.431187,0.373303
8665,8666,119.444970,0.438792
8666,8667,119.458753,0.441792
8667,8668,119.472537,0.423642
8668,8669,119.486320,0.410674
8669,8670,119.500103,0.318867
8670,8671,119.513886,0.442127
8671,8672,119.527669,0.413276
8672,8673,119.541452,0.412638
8673,8674,119.555236,0.403957
8674,8675,119.569019,0.462792
8675,8676,119.582802,0.449622
8676,8677,119.596585,0.381846
8677,8678,119.610368,0.406921
8678,8679,119.624151,0.453902
8679,8680,119.637935,0.409061
8680,8681,119.651718,0.373619
8681,8682,119.665501,0.478159
8682,8683,119.679284,0.487285
8683,8684,119.693067,0.445846
8684,8685,119.706850,0.385004
8685,8686,119.720634,0.383213
8686,8687,119.734417,0.450648
8687,8688,119.748200,0.421102
8688,8689,119.761983,0.435632
8689,8690,119.775766,0.322408
8690,8691,119.789549,0.345751
8691,8692,119.803333,0.472701
8692,8693,119.817116,0.414623
8693,8694,119.830899,0.475384
8694,8695,119.844682,0.514948
8695,8696,119.858465,0.417658
8696,8697,119.872249,0.456603
8697,8698,119.886032,0.370314
8698,8699,119.899815,0.557224
8699,8700,119.913598,0.453720
8700,8701,119.927381,0.426219
8701,8702,119.941164,0.391120
8702,8703,119.954948,0.384358
8703,8704,119.968731,0.417906
8704,8705,119.982514,0.368830
8705,8706,119.996297,0.355977
8706,8707,120.010080,0.441426
8707,8708,120.023863,0.432194
8708,8709,120.037647,0.389568
8709,8710,120.051430,0.393831
8710,8711,120.065213,0.446689
8711,8712,120.078996,0.465072
8712,8713,120.092779,0.383503
8713,8714,120.106562,0.412941
8714,8715,120.120346,0.457958
8715,8716,120.134129,0.340246
8716,8717,120.147912,0.438493
8717,8718,120.161695,0.502887
8718,8719,120.175478,0.448870
8719,8720,120.189261,0.439367
8720,8721,120.203045,0.383267
8721,8722,120.216828,0.417512
8722,8723,120.230611,0.387883
8723,8724,120.244394,0.379947
8724,8725,120.258177,0.371668
8725,8726,120.271961,0.437142
8726,8727,120.285744,0.426986
8727,8728,120.299527,0.427997
8728,8729,120.313310,0.378783
8729,8730,120.327093,0.420825
8730,8731,120.340876,0.401772
8731,8732,120.354660,0.441230
8732,8733,120.368443,0.446307
8733,8734,120.382226,0.464120
8734,8735,120.396009,0.393909
8735,8736,120.409792,0.426186
8736,8737,120.423575,0.387170
8737,8738,120.437359,0.393689
8738,8739,120.451142,0.418251
8739,8740,120.464925,0.470469
8740,8741,120.478708,0.544493
8741,8742,120.492491,0.402537
8742,8743,120.506274,0.456532
8743,8744,120.520058,0.442698
8744,8745,120.533841,0.468033
8745,8746,120.547624,0.379238
8746,8747,120.561407,0.433682
8747,8748,120.575190,0.428789
8748,8749,120.588973,0.362156
8749,8750,120.602757,0.390480
8750,8751,120.616540,0.412516
8751,8752,120.630323,0.453196
8752,8753,120.644106,0.395436
8753,8754,120.657889,0.495365
8754,8755,120.671672,0.443749
8755,8756,120.685456,0.364949
8756,8757,120.699239,0.408594
8757,8758,120.713022,0.517492
8758,8759,120.726805,0.450557
8759,8760,120.740588,0.426635
8760,8761,120.754372,0.401872
8761,8762,120.768155,0.429542
8762,8763,120.781938,0.426865
8763,8764,120.795721,0.444950
8764,8765,120.809504,0.481411
8765,8766,120.823287,0.375642
8766,8767,120.837071,0.406842
8767,8768,120.850854,0.452491
8768,8769,120.864637,0.416036
8769,8770,120.878420,0.505386
8770,8771,120.892203,0.434329
8771,8772,120.905986,0.423449
8772,8773,120.919770,0.422294
8773,8774,120.933553,0.465990
8774,8775,120.947336,0.462055
8775,8776,120.961119,0.339967
8776,8777,120.974902,0.369059
8777,8778,120.988685,0.445458
8778,8779,121.002469,0.416291
8779,8780,121.016252,0.397325
8780,8781,121.030035,0.415891
8781,8782,121.043818,0.491730
8782,8783,121.057601,0.432349
8783,8784,121.071384,0.452507
8784,8785,121.085168,0.494565
8785,8786,121.098951,0.361137
8786,8787,121.112734,0.431296
8787,8788,121.126517,0.420392
8788,8789,121.140300,0.377451
8789,8790,121.154084,0.364534
8790,8791,121.167867,0.392517
8791,8792,121.181650,0.416914
8792,8793,121.195433,0.436263
8793,8794,121.209216,0.370493
8794,8795,121.222999,0.445636
8795,8796,121.236783,0.462749
8796,8797,121.250566,0.368519
8797,8798,121.264349,0.393594
8798,8799,121.278132,0.424696
8799,8800,121.291915,0.314691
8800,8801,121.305698,0.463244
8801,8802,121.319482,0.409304
8802,8803,121.333265,0.382884
8803,8804,121.347048,0.382870
8804,8805,121.360831,0.443932
8805,8806,121.374614,0.401453
8806,8807,121.388397,0.399922
8807,8808,121.402181,0.350448
8808,8809,121.415964,0.446040
8809,8810,121.429747,0.510040
8810,8811,121.443530,0.438316
8811,8812,121.457313,0.401886
8812,8813,121.471096,0.358375
8813,8814,121.484880,0.433796
8814,8815,121.498663,0.434320
8815,8816,121.512446,0.535180
8816,8817,121.526229,0.460734
8817,8818,121.540012,0.415657
8818,8819,121.553796,0.411639
8819,8820,121.567579,0.431777
8820,8821,121.581362,0.447590
8821,8822,121.595145,0.423310
8822,8823,121.608928,0.406069
8823,8824,121.622711,0.407070
8824,8825,121.636495,0.408105
8825,8826,121.650278,0.434702
8826,8827,121.664061,0.330423
8827,8828,121.677844,0.408548
8828,8829,121.691627,0.351632
8829,8830,121.705410,0.379116
8830,8831,121.719194,0.494127
8831,8832,121.732977,0.460699
8832,8833,121.746760,0.394387
8833,8834,121.760543,0.419158
8834,8835,121.774326,0.402712
8835,8836,121.788109,0.389402
8836,8837,121.801893,0.410058
8837,8838,121.815676,0.438537
8838,8839,121.829459,0.417834
8839,8840,121.843242,0.459725
8840,8841,121.857025,0.404309
8841,8842,121.870808,0.438688
8842,8843,121.884592,0.448588
8843,8844,121.898375,0.444370
8844,8845,121.912158,0.473769
8845,8846,121.925941,0.462145
8846,8847,121.939724,0.462006
8847,8848,121.953508,0.419218
8848,8849,121.967291,0.432964
8849,8850,121.981074,0.444652
8850,8851,121.994857,0.363788
8851,8852,122.008640,0.407356
8852,8853,122.022423,0.305335
8853,8854,122.036207,0.355043
8854,8855,122.049990,0.434201
8855,8856,122.063773,0.494550
8856,8857,122.077556,0.420853
8857,8858,122.091339,0.409859
8858,8859,122.105122,0.431276
8859,8860,122.118906,0.349957
8860,8861,122.132689,0.406549
8861,8862,122.146472,0.393888
8862,8863,122.160255,0.400050
8863,8864,122.174038,0.429410
8864,8865,122.187821,0.448862
8865,8866,122.201605,0.409605
8866,8867,122.215388,0.470164
8867,8868,122.229171,0.477842
8868,8869,122.242954,0.414043
8869,8870,122.256737,0.418829
8870,8871,122.270520,0.375732
8871,8872,122.284304,0.416463
8872,8873,122.298087,0.403648
8873,8874,122.311870,0.473767
8874,8875,122.325653,0.345352
8875,8876,122.339436,0.429487
8876,8877,122.353220,0.410592
8877,8878,122.367003,0.374926
8878,8879,122.380786,0.464110
8879,8880,122.394569,0.458579
8880,8881,122.408352,0.415929
8881,8882,122.422135,0.408234
8882,8883,122.435919,0.409072
8883,8884,122.449702,0.418303
8884,8885,122.463485,0.457838
8885,8886,122.477268,0.386590
8886,8887,122.491051,0.454249
8887,8888,122.504834,0.461146
8888,8889,122.518618,0.470449
8889,8890,122.532401,0.360282
8890,8891,122.546184,0.389606
8891,8892,122.559967,0.453525
8892,8893,122.573750,0.439257
8893,8894,122.587533,0.456194
8894,8895,122.601317,0.401814
8895,8896,122.615100,0.374131
8896,8897,122.628883,0.434742
8897,8898,122.642666,0.450542
8898,8899,122.656449,0.459877
8899,8900,122.670232,0.326730
8900,8901,122.684016,0.400491
8901,8902,122.697799,0.374564
8902,8903,122.711582,0.511805
8903,8904,122.725365,0.424538
8904,8905,122.739148,0.407948
8905,8906,122.752931,0.446644
8906,8907,122.766715,0.402623
8907,8908,122.780498,0.439927
8908,8909,122.794281,0.414435
8909,8910,122.808064,0.405737
8910,8911,122.821847,0.457236
8911,8912,122.835631,0.475002
8912,8913,122.849414,0.411204
8913,8914,122.863197,0.411472
8914,8915,122.876980,0.424467
8915,8916,122.890763,0.415924
8916,8917,122.904546,0.479001
8917,8918,122.918330,0.445757
8918,8919,122.932113,0.443446
8919,8920,122.945896,0.442581
8920,8921,122.959679,0.407904
8921,8922,122.973462,0.438160
8922,8923,122.987245,0.392798
8923,8924,123.001029,0.319907
8924,8925,123.014812,0.487979
8925,8926,123.028595,0.418288
8926,8927,123.042378,0.493370
8927,8928,123.056161,0.427841
8928,8929,123.069944,0.381004
8929,8930,123.083728,0.463029
8930,8931,123.097511,0.448024
8931,8932,123.111294,0.433656
8932,8933,123.125077,0.430777
8933,8934,123.138860,0.417168
8934,8935,123.152643,0.445864
8935,8936,123.166427,0.490250
8936,8937,123.180210,0.441961
8937,8938,123.193993,0.447714
8938,8939,123.207776,0.383900
8939,8940,123.221559,0.459237
8940,8941,123.235343,0.507956
8941,8942,123.249126,0.494823
8942,8943,123.262909,0.459252
8943,8944,123.276692,0.406072
8944,8945,123.290475,0.411469
8945,8946,123.304258,0.383359
8946,8947,123.318042,0.409876
8947,8948,123.331825,0.428974
8948,8949,123.345608,0.431077
8949,8950,123.359391,0.426337
8950,8951,123.373174,0.408580
8951,8952,123.386957,0.562360
8952,8953,123.400741,0.389914
8953,8954,123.414524,0.415990
8954,8955,123.428307,0.398903
8955,8956,123.442090,0.476906
8956,8957,123.455873,0.455443
8957,8958,123.469656,0.393753
8958,8959,123.483440,0.410682
8959,8960,123.497223,0.417125
8960,8961,123.511006,0.436309
8961,8962,123.524789,0.404785
8962,8963,123.538572,0.336912
8963,8964,123.552355,0.369977
8964,8965,123.566139,0.412717
8965,8966,123.579922,0.415964
8966,8967,123.593705,0.457357
8967,8968,123.607488,0.391994
8968,8969,123.621271,0.429620
8969,8970,123.635055,0.446741
8970,8971,123.648838,0.389199
8971,8972,123.662621,0.413942
8972,8973,123.676404,0.422747
8973,8974,123.690187,0.389930
8974,8975,123.703970,0.355336
8975,8976,123.717754,0.503043
8976,8977,123.731537,0.464184
8977,8978,123.745320,0.400159
8978,8979,123.759103,0.365659
8979,8980,123.772886,0.393886
8980,8981,123.786669,0.402523
8981,8982,123.800453,0.409871
8982,8983,123.814236,0.445245
8983,8984,123.828019,0.442297
8984,8985,123.841802,0.440314
8985,8986,123.855585,0.422590
8986,8987,123.869368,0.393158
8987,8988,123.883152,0.401168
8988,8989,123.896935,0.373204
8989,8990,123.910718,0.425611
8990,8991,123.924501,0.417897
8991,8992,123.938284,0.427151
8992,8993,123.952067,0.450725
8993,8994,123.965851,0.405996
8994,8995,123.979634,0.445297
8995,8996,123.993417,0.438279
8996,8997,124.007200,0.413970
8997,8998,124.020983,0.418615
8998,8999,124.034767,0.429654
8999,9000,124.048550,0.471943
9000,9001,124.062333,0.418307
9001,9002,124.076116,0.431925
9002,9003,124.089899,0.402997
9003,9004,124.103682,0.478437
9004,9005,124.117466,0.493015
9005,9006,124.131249,0.460585
9006,9007,124.145032,0.425442
9007,9008,124.158815,0.424308
9008,9009,124.172598,0.423346
9009,9010,124.186381,0.420062
9010,9011,124.200165,0.499457
9011,9012,124.213948,0.526091
9012,9013,124.227731,0.387380
9013,9014,124.241514,0.375281
9014,9015,124.255297,0.433034
9015,9016,124.269080,0.407856
9016,9017,124.282864,0.366420
9017,9018,124.296647,0.379093
9018,9019,124.310430,0.381450
9019,9020,124.324213,0.450276
9020,9021,124.337996,0.435430
9021,9022,124.351779,0.452670
9022,9023,124.365563,0.462251
9023,9024,124.379346,0.424559
9024,9025,124.393129,0.409899
9025,9026,124.406912,0.365583
9026,9027,124.420695,0.413762
9027,9028,124.434479,0.447634
9028,9029,124.448262,0.457802
9029,9030,124.462045,0.544587
9030,9031,124.475828,0.439745
9031,9032,124.489611,0.484120
9032,9033,124.503394,0.401640
9033,9034,124.517178,0.358397
9034,9035,124.530961,0.427479
9035,9036,124.544744,0.482429
9036,9037,124.558527,0.424400
9037,9038,124.572310,0.405608
9038,9039,124.586093,0.355887
9039,9040,124.599877,0.398787
9040,9041,124.613660,0.508722
9041,9042,124.627443,0.422533
9042,9043,124.641226,0.459229
9043,9044,124.655009,0.451012
9044,9045,124.668792,0.451771
9045,9046,124.682576,0.448573
9046,9047,124.696359,0.420851
9047,9048,124.710142,0.468267
9048,9049,124.723925,0.390532
9049,9050,124.737708,0.424776
9050,9051,124.751491,0.468516
9051,9052,124.765275,0.418760
9052,9053,124.779058,0.450920
9053,9054,124.792841,0.475880
9054,9055,124.806624,0.363780
9055,9056,124.820407,0.381787
9056,9057,124.834190,0.425341
9057,9058,124.847974,0.522296
9058,9059,124.861757,0.391344
9059,9060,124.875540,0.429748
9060,9061,124.889323,0.392195
9061,9062,124.903106,0.344106
9062,9063,124.916890,0.417513
9063,9064,124.930673,0.446222
9064,9065,124.944456,0.430597
9065,9066,124.958239,0.443119
9066,9067,124.972022,0.451601
9067,9068,124.985805,0.450354
9068,9069,124.999589,0.435767
9069,9070,125.013372,0.467081
9070,9071,125.027155,0.452320
9071,9072,125.040938,0.427867
9072,9073,125.054721,0.406824
9073,9074,125.068504,0.416534
9074,9075,125.082288,0.444484
9075,9076,125.096071,0.402314
9076,9077,125.109854,0.357269
9077,9078,125.123637,0.487792
9078,9079,125.137420,0.382988
9079,9080,125.151203,0.448775
9080,9081,125.164987,0.407289
9081,9082,125.178770,0.421128
9082,9083,125.192553,0.443753
9083,9084,125.206336,0.458111
9084,9085,125.220119,0.406480
9085,9086,125.233902,0.402189
9086,9087,125.247686,0.332835
9087,9088,125.261469,0.463729
9088,9089,125.275252,0.448829
9089,9090,125.289035,0.417462
9090,9091,125.302818,0.441784
9091,9092,125.316602,0.444502
9092,9093,125.330385,0.489660
9093,9094,125.344168,0.414351
9094,9095,125.357951,0.434233
9095,9096,125.371734,0.444108
9096,9097,125.385517,0.387293
9097,9098,125.399301,0.423746
9098,9099,125.413084,0.402387
9099,9100,125.426867,0.491573
9100,9101,125.440650,0.397273
9101,9102,125.454433,0.412350
9102,9103,125.468216,0.400976
9103,9104,125.482000,0.417175
9104,9105,125.495783,0.436760
9105,9106,125.509566,0.390158
9106,9107,125.523349,0.411327
9107,9108,125.537132,0.375832
9108,9109,125.550915,0.493731
9109,9110,125.564699,0.417228
9110,9111,125.578482,0.411606
9111,9112,125.592265,0.455618
9112,9113,125.606048,0.458870
9113,9114,125.619831,0.382087
9114,9115,125.633614,0.426484
9115,9116,125.647398,0.399845
9116,9117,125.661181,0.484223
9117,9118,125.674964,0.365740
9118,9119,125.688747,0.468834
9119,9120,125.702530,0.386178
9120,9121,125.716314,0.462064
9121,9122,125.730097,0.395136
9122,9123,125.743880,0.411628
9123,9124,125.757663,0.453779
9124,9125,125.771446,0.467765
9125,9126,125.785229,0.473272
9126,9127,125.799013,0.410005
9127,9128,125.812796,0.440122
9128,9129,125.826579,0.447888
9129,9130,125.840362,0.423316
9130,9131,125.854145,0.475559
9131,9132,125.867928,0.431042
9132,9133,125.881712,0.363862
9133,9134,125.895495,0.354980
9134,9135,125.909278,0.411823
9135,9136,125.923061,0.388807
9136,9137,125.936844,0.374625
9137,9138,125.950627,0.441574
9138,9139,125.964411,0.414045
9139,9140,125.978194,0.359115
9140,9141,125.991977,0.404825
9141,9142,126.005760,0.484699
9142,9143,126.019543,0.419036
9143,9144,126.033326,0.356008
9144,9145,126.047110,0.376444
9145,9146,126.060893,0.410796
9146,9147,126.074676,0.432356
9147,9148,126.088459,0.361237
9148,9149,126.102242,0.449511
9149,9150,126.116026,0.423724
9150,9151,126.129809,0.466010
9151,9152,126.143592,0.378113
9152,9153,126.157375,0.401896
9153,9154,126.171158,0.466398
9154,9155,126.184941,0.476544
9155,9156,126.198725,0.355547
9156,9157,126.212508,0.420165
9157,9158,126.226291,0.406941
9158,9159,126.240074,0.399469
9159,9160,126.253857,0.403507
9160,9161,126.267640,0.387024
9161,9162,126.281424,0.385613
9162,9163,126.295207,0.402310
9163,9164,126.308990,0.402722
9164,9165,126.322773,0.433302
9165,9166,126.336556,0.473216
9166,9167,126.350339,0.428304
9167,9168,126.364123,0.483338
9168,9169,126.377906,0.397288
9169,9170,126.391689,0.328802
9170,9171,126.405472,0.528892
9171,9172,126.419255,0.486292
9172,9173,126.433038,0.389195
9173,9174,126.446822,0.428570
9174,9175,126.460605,0.459932
9175,9176,126.474388,0.425588
9176,9177,126.488171,0.386784
9177,9178,126.501954,0.407494
9178,9179,126.515738,0.475835
9179,9180,126.529521,0.393631
9180,9181,126.543304,0.427407
9181,9182,126.557087,0.380567
9182,9183,126.570870,0.435642
9183,9184,126.584653,0.381373
9184,9185,126.598437,0.388525
9185,9186,126.612220,0.435804
9186,9187,126.626003,0.426013
9187,9188,126.639786,0.450662
9188,9189,126.653569,0.404696
9189,9190,126.667352,0.405585
9190,9191,126.681136,0.385899
9191,9192,126.694919,0.442093
9192,9193,126.708702,0.514112
9193,9194,126.722485,0.470396
9194,9195,126.736268,0.412408
9195,9196,126.750051,0.392033
9196,9197,126.763835,0.370897
9197,9198,126.777618,0.417917
9198,9199,126.791401,0.423870
9199,9200,126.805184,0.473941
9200,9201,126.818967,0.449312
9201,9202,126.832750,0.476794
9202,9203,126.846534,0.436062
9203,9204,126.860317,0.393435
9204,9205,126.874100,0.403488
9205,9206,126.887883,0.425320
9206,9207,126.901666,0.406955
9207,9208,126.915449,0.396679
9208,9209,126.929233,0.448608
9209,9210,126.943016,0.443925
9210,9211,126.956799,0.402435
9211,9212,126.970582,0.337576
9212,9213,126.984365,0.417076
9213,9214,126.998149,0.410740
9214,9215,127.011932,0.434929
9215,9216,127.025715,0.390466
9216,9217,127.039498,0.442512
9217,9218,127.053281,0.455507
9218,9219,127.067064,0.523334
9219,9220,127.080848,0.411528
9220,9221,127.094631,0.413680
9221,9222,127.108414,0.401452
9222,9223,127.122197,0.427792
9223,9224,127.135980,0.421452
9224,9225,127.149763,0.435526
9225,9226,127.163547,0.434792
9226,9227,127.177330,0.384623
9227,9228,127.191113,0.423976
9228,9229,127.204896,0.407640
9229,9230,127.218679,0.419457
9230,9231,127.232462,0.459277
9231,9232,127.246246,0.453622
9232,9233,127.260029,0.466686
9233,9234,127.273812,0.457569
9234,9235,127.287595,0.418156
9235,9236,127.301378,0.472483
9236,9237,127.315161,0.377970
9237,9238,127.328945,0.385891
9238,9239,127.342728,0.393208
9239,9240,127.356511,0.418368
9240,9241,127.370294,0.389760
9241,9242,127.384077,0.462259
9242,9243,127.397861,0.446664
9243,9244,127.411644,0.430212
9244,9245,127.425427,0.465989
9245,9246,127.439210,0.454192
9246,9247,127.452993,0.422128
9247,9248,127.466776,0.440869
9248,9249,127.480560,0.425628
9249,9250,127.494343,0.432798
9250,9251,127.508126,0.391925
9251,9252,127.521909,0.365118
9252,9253,127.535692,0.369786
9253,9254,127.549475,0.445561
9254,9255,127.563259,0.440912
9255,9256,127.577042,0.423011
9256,9257,127.590825,0.424130
9257,9258,127.604608,0.528515
9258,9259,127.618391,0.448368
9259,9260,127.632174,0.387851
9260,9261,127.645958,0.406613
9261,9262,127.659741,0.398254
9262,9263,127.673524,0.474686
9263,9264,127.687307,0.327145
9264,9265,127.701090,0.442962
9265,9266,127.714873,0.392899
9266,9267,127.728657,0.415608
9267,9268,127.742440,0.414503
9268,9269,127.756223,0.537789
9269,9270,127.770006,0.375017
9270,9271,127.783789,0.388646
9271,9272,127.797573,0.438207
9272,9273,127.811356,0.442554
9273,9274,127.825139,0.420736
9274,9275,127.838922,0.431102
9275,9276,127.852705,0.427871
9276,9277,127.866488,0.481741
9277,9278,127.880272,0.430898
9278,9279,127.894055,0.480355
9279,9280,127.907838,0.450921
9280,9281,127.921621,0.407785
9281,9282,127.935404,0.448289
9282,9283,127.949187,0.460504
9283,9284,127.962971,0.444271
9284,9285,127.976754,0.418693
9285,9286,127.990537,0.477258
9286,9287,128.004320,0.418430
9287,9288,128.018103,0.370915
9288,9289,128.031886,0.412175
9289,9290,128.045670,0.445371
9290,9291,128.059453,0.418257
9291,9292,128.073236,0.425961
9292,9293,128.087019,0.463940
9293,9294,128.100802,0.401801
9294,9295,128.114585,0.502674
9295,9296,128.128369,0.375473
9296,9297,128.142152,0.392784
9297,9298,128.155935,0.488456
9298,9299,128.169718,0.466860
9299,9300,128.183501,0.491789
9300,9301,128.197285,0.486714
9301,9302,128.211068,0.433289
9302,9303,128.224851,0.449053
9303,9304,128.238634,0.463674
9304,9305,128.252417,0.425035
9305,9306,128.266200,0.384504
9306,9307,128.279984,0.425036
9307,9308,128.293767,0.508676
9308,9309,128.307550,0.516096
9309,9310,128.321333,0.431494
9310,9311,128.335116,0.393742
9311,9312,128.348899,0.405139
9312,9313,128.362683,0.374639
9313,9314,128.376466,0.496033
9314,9315,128.390249,0.390436
9315,9316,128.404032,0.372872
9316,9317,128.417815,0.328530
9317,9318,128.431598,0.379616
9318,9319,128.445382,0.426332
9319,9320,128.459165,0.395329
9320,9321,128.472948,0.503448
9321,9322,128.486731,0.381578
9322,9323,128.500514,0.439666
9323,9324,128.514297,0.422167
9324,9325,128.528081,0.394132
9325,9326,128.541864,0.399483
9326,9327,128.555647,0.471890
9327,9328,128.569430,0.413412
9328,9329,128.583213,0.428571
9329,9330,128.596997,0.388632
9330,9331,128.610780,0.422951
9331,9332,128.624563,0.439527
9332,9333,128.638346,0.366919
9333,9334,128.652129,0.432527
9334,9335,128.665912,0.478587
9335,9336,128.679696,0.418863
9336,9337,128.693479,0.495545
9337,9338,128.707262,0.439789
9338,9339,128.721045,0.431526
9339,9340,128.734828,0.351044
9340,9341,128.748611,0.497584
9341,9342,128.762395,0.444893
9342,9343,128.776178,0.463261
9343,9344,128.789961,0.449369
9344,9345,128.803744,0.426618
9345,9346,128.817527,0.438035
9346,9347,128.831310,0.421569
9347,9348,128.845094,0.446598
9348,9349,128.858877,0.444307
9349,9350,128.872660,0.447009
9350,9351,128.886443,0.510742
9351,9352,128.900226,0.401883
9352,9353,128.914009,0.388917
9353,9354,128.927793,0.402472
9354,9355,128.941576,0.412288
9355,9356,128.955359,0.455085
9356,9357,128.969142,0.449201
9357,9358,128.982925,0.481302
9358,9359,128.996708,0.384826
9359,9360,129.010492,0.408504
9360,9361,129.024275,0.398273
9361,9362,129.038058,0.400441
9362,9363,129.051841,0.434979
9363,9364,129.065624,0.403339
9364,9365,129.079408,0.377806
9365,9366,129.093191,0.409225
9366,9367,129.106974,0.419929
9367,9368,129.120757,0.466531
9368,9369,129.134540,0.425946
9369,9370,129.148323,0.397713
9370,9371,129.162107,0.461738
9371,9372,129.175890,0.427863
9372,9373,129.189673,0.430314
9373,9374,129.203456,0.424696
9374,9375,129.217239,0.434279
9375,9376,129.231022,0.410380
9376,9377,129.244806,0.452792
9377,9378,129.258589,0.447794
9378,9379,129.272372,0.430853
9379,9380,129.286155,0.411455
9380,9381,129.299938,0.437528
9381,9382,129.313721,0.431126
9382,9383,129.327505,0.401431
9383,9384,129.341288,0.336751
9384,9385,129.355071,0.405564
9385,9386,129.368854,0.387400
9386,9387,129.382637,0.365353
9387,9388,129.396420,0.421783
9388,9389,129.410204,0.423090
9389,9390,129.423987,0.474223
9390,9391,129.437770,0.442651
9391,9392,129.451553,0.375157
9392,9393,129.465336,0.433356
9393,9394,129.479120,0.457666
9394,9395,129.492903,0.367961
9395,9396,129.506686,0.473765
9396,9397,129.520469,0.434333
9397,9398,129.534252,0.462840
9398,9399,129.548035,0.408321
9399,9400,129.561819,0.390095
9400,9401,129.575602,0.452271
9401,9402,129.589385,0.475410
9402,9403,129.603168,0.418755
9403,9404,129.616951,0.385648
9404,9405,129.630734,0.475938
9405,9406,129.644518,0.476293
9406,9407,129.658301,0.436947
9407,9408,129.672084,0.429046
9408,9409,129.685867,0.401006
9409,9410,129.699650,0.409029
9410,9411,129.713433,0.447169
9411,9412,129.727217,0.443053
9412,9413,129.741000,0.467713
9413,9414,129.754783,0.410368
9414,9415,129.768566,0.405036
9415,9416,129.782349,0.416666
9416,9417,129.796132,0.414349
9417,9418,129.809916,0.389676
9418,9419,129.823699,0.412089
9419,9420,129.837482,0.431102
9420,9421,129.851265,0.389769
9421,9422,129.865048,0.373412
9422,9423,129.878832,0.382454
9423,9424,129.892615,0.403033
9424,9425,129.906398,0.487708
9425,9426,129.920181,0.456092
9426,9427,129.933964,0.447327
9427,9428,129.947747,0.353816
9428,9429,129.961531,0.393586
9429,9430,129.975314,0.380987
9430,9431,129.989097,0.468565
9431,9432,130.002880,0.387789
9432,9433,130.016663,0.458521
9433,9434,130.030446,0.377678
9434,9435,130.044230,0.412119
9435,9436,130.058013,0.467342
9436,9437,130.071796,0.349651
9437,9438,130.085579,0.387641
9438,9439,130.099362,0.398367
9439,9440,130.113145,0.401012
9440,9441,130.126929,0.383221
9441,9442,130.140712,0.456093
9442,9443,130.154495,0.423263
9443,9444,130.168278,0.476908
9444,9445,130.182061,0.436575
9445,9446,130.195844,0.363235
9446,9447,130.209628,0.488106
9447,9448,130.223411,0.468893
9448,9449,130.237194,0.382221
9449,9450,130.250977,0.423889
9450,9451,130.264760,0.472453
9451,9452,130.278544,0.507405
9452,9453,130.292327,0.452211
9453,9454,130.306110,0.422090
9454,9455,130.319893,0.431772
9455,9456,130.333676,0.380429
9456,9457,130.347459,0.434289
9457,9458,130.361243,0.443784
9458,9459,130.375026,0.408656
9459,9460,130.388809,0.349066
9460,9461,130.402592,0.410580
9461,9462,130.416375,0.487226
9462,9463,130.430158,0.359132
9463,9464,130.443942,0.430174
9464,9465,130.457725,0.374128
9465,9466,130.471508,0.489248
9466,9467,130.485291,0.491512
9467,9468,130.499074,0.382828
9468,9469,130.512857,0.436013
9469,9470,130.526641,0.483243
9470,9471,130.540424,0.488251
9471,9472,130.554207,0.422218
9472,9473,130.567990,0.471586
9473,9474,130.581773,0.466190
9474,9475,130.595556,0.471030
9475,9476,130.609340,0.423807
9476,9477,130.623123,0.385732
9477,9478,130.636906,0.448251
9478,9479,130.650689,0.393952
9479,9480,130.664472,0.408063
9480,9481,130.678256,0.430875
9481,9482,130.692039,0.410221
9482,9483,130.705822,0.481540
9483,9484,130.719605,0.379856
9484,9485,130.733388,0.430761
9485,9486,130.747171,0.432208
9486,9487,130.760955,0.408360
9487,9488,130.774738,0.368369
9488,9489,130.788521,0.378991
9489,9490,130.802304,0.460309
9490,9491,130.816087,0.363494
9491,9492,130.829870,0.427994
9492,9493,130.843654,0.454856
9493,9494,130.857437,0.444150
9494,9495,130.871220,0.435366
9495,9496,130.885003,0.374933
9496,9497,130.898786,0.449192
9497,9498,130.912569,0.410893
9498,9499,130.926353,0.518433
9499,9500,130.940136,0.442367
9500,9501,130.953919,0.456550
9501,9502,130.967702,0.375162
9502,9503,130.981485,0.449299
9503,9504,130.995268,0.462631
9504,9505,131.009052,0.431414
9505,9506,131.022835,0.442387
9506,9507,131.036618,0.444744
9507,9508,131.050401,0.497907
9508,9509,131.064184,0.438039
9509,9510,131.077967,0.459026
9510,9511,131.091751,0.416297
9511,9512,131.105534,0.376458
9512,9513,131.119317,0.421363
9513,9514,131.133100,0.453725
9514,9515,131.146883,0.456892
9515,9516,131.160667,0.459989
9516,9517,131.174450,0.419341
9517,9518,131.188233,0.436952
9518,9519,131.202016,0.451840
9519,9520,131.215799,0.486564
9520,9521,131.229582,0.522116
9521,9522,131.243366,0.445446
9522,9523,131.257149,0.405415
9523,9524,131.270932,0.416303
9524,9525,131.284715,0.445162
9525,9526,131.298498,0.422229
9526,9527,131.312281,0.523971
9527,9528,131.326065,0.431231
9528,9529,131.339848,0.395459
9529,9530,131.353631,0.472490
9530,9531,131.367414,0.450626
9531,9532,131.381197,0.429655
9532,9533,131.394980,0.420517
9533,9534,131.408764,0.400038
9534,9535,131.422547,0.458909
9535,9536,131.436330,0.410084
9536,9537,131.450113,0.422575
9537,9538,131.463896,0.482450
9538,9539,131.477679,0.505324
9539,9540,131.491463,0.397228
9540,9541,131.505246,0.417864
9541,9542,131.519029,0.352680
9542,9543,131.532812,0.475858
9543,9544,131.546595,0.462822
9544,9545,131.560379,0.418272
9545,9546,131.574162,0.404401
9546,9547,131.587945,0.390819
9547,9548,131.601728,0.395473
9548,9549,131.615511,0.410973
9549,9550,131.629294,0.450981
9550,9551,131.643078,0.410802
9551,9552,131.656861,0.441683
9552,9553,131.670644,0.432369
9553,9554,131.684427,0.452606
9554,9555,131.698210,0.459019
9555,9556,131.711993,0.402543
9556,9557,131.725777,0.437431
9557,9558,131.739560,0.403035
9558,9559,131.753343,0.412970
9559,9560,131.767126,0.400161
9560,9561,131.780909,0.445667
9561,9562,131.794692,0.487324
9562,9563,131.808476,0.517007
9563,9564,131.822259,0.408847
9564,9565,131.836042,0.425781
9565,9566,131.849825,0.446493
9566,9567,131.863608,0.386039
9567,9568,131.877391,0.434187
9568,9569,131.891175,0.404564
9569,9570,131.904958,0.370416
9570,9571,131.918741,0.489542
9571,9572,131.932524,0.423205
9572,9573,131.946307,0.406309
9573,9574,131.960091,0.435543
9574,9575,131.973874,0.373175
9575,9576,131.987657,0.445485
9576,9577,132.001440,0.388672
9577,9578,132.015223,0.408235
9578,9579,132.029006,0.404253
9579,9580,132.042790,0.460656
9580,9581,132.056573,0.395022
9581,9582,132.070356,0.509246
9582,9583,132.084139,0.443697
9583,9584,132.097922,0.423995
9584,9585,132.111705,0.423462
9585,9586,132.125489,0.486594
9586,9587,132.139272,0.338057
9587,9588,132.153055,0.329819
9588,9589,132.166838,0.391433
9589,9590,132.180621,0.383301
9590,9591,132.194404,0.447411
9591,9592,132.208188,0.457426
9592,9593,132.221971,0.427840
9593,9594,132.235754,0.454791
9594,9595,132.249537,0.435793
9595,9596,132.263320,0.413626
9596,9597,132.277103,0.438221
9597,9598,132.290887,0.451510
9598,9599,132.304670,0.404249
9599,9600,132.318453,0.384517
9600,9601,132.332236,0.509172
9601,9602,132.346019,0.398875
9602,9603,132.359803,0.388662
9603,9604,132.373586,0.396787
9604,9605,132.387369,0.486090
9605,9606,132.401152,0.367140
9606,9607,132.414935,0.442377
9607,9608,132.428718,0.414126
9608,9609,132.442502,0.472322
9609,9610,132.456285,0.491692
9610,9611,132.470068,0.353155
9611,9612,132.483851,0.383352
9612,9613,132.497634,0.455836
9613,9614,132.511417,0.350499
9614,9615,132.525201,0.402949
9615,9616,132.538984,0.452964
9616,9617,132.552767,0.410919
9617,9618,132.566550,0.431002
9618,9619,132.580333,0.417676
9619,9620,132.594116,0.449633
9620,9621,132.607900,0.461376
9621,9622,132.621683,0.418112
9622,9623,132.635466,0.400556
9623,9624,132.649249,0.440340
9624,9625,132.663032,0.437424
9625,9626,132.676815,0.353671
9626,9627,132.690599,0.401672
9627,9628,132.704382,0.519618
9628,9629,132.718165,0.487053
9629,9630,132.731948,0.519363
9630,9631,132.745731,0.413240
9631,9632,132.759515,0.492005
9632,9633,132.773298,0.457553
9633,9634,132.787081,0.443549
9634,9635,132.800864,0.405796
9635,9636,132.814647,0.437450
9636,9637,132.828430,0.403081
9637,9638,132.842214,0.388769
9638,9639,132.855997,0.370262
9639,9640,132.869780,0.378698
9640,9641,132.883563,0.381377
9641,9642,132.897346,0.385688
9642,9643,132.911129,0.466556
9643,9644,132.924913,0.495079
9644,9645,132.938696,0.475016
9645,9646,132.952479,0.398980
9646,9647,132.966262,0.452690
9647,9648,132.980045,0.432136
9648,9649,132.993828,0.521396
9649,9650,133.007612,0.432073
9650,9651,133.021395,0.442745
9651,9652,133.035178,0.457476
9652,9653,133.048961,0.433755
9653,9654,133.062744,0.449926
9654,9655,133.076527,0.444491
9655,9656,133.090311,0.415119
9656,9657,133.104094,0.457706
9657,9658,133.117877,0.425989
9658,9659,133.131660,0.445834
9659,9660,133.145443,0.457774
9660,9661,133.159226,0.413645
9661,9662,133.173010,0.402171
9662,9663,133.186793,0.473625
9663,9664,133.200576,0.375981
9664,9665,133.214359,0.351125
9665,9666,133.228142,0.472808
9666,9667,133.241926,0.375671
9667,9668,133.255709,0.468998
9668,9669,133.269492,0.459094
9669,9670,133.283275,0.414920
9670,9671,133.297058,0.417358
9671,9672,133.310841,0.345801
9672,9673,133.324625,0.458411
9673,9674,133.338408,0.442053
9674,9675,133.352191,0.394021
9675,9676,133.365974,0.433134
9676,9677,133.379757,0.395196
9677,9678,133.393540,0.433977
9678,9679,133.407324,0.357856
9679,9680,133.421107,0.480001
9680,9681,133.434890,0.442431
9681,9682,133.448673,0.385946
9682,9683,133.462456,0.356521
9683,9684,133.476239,0.460762
9684,9685,133.490023,0.425525
9685,9686,133.503806,0.387465
9686,9687,133.517589,0.388180
9687,9688,133.531372,0.437524
9688,9689,133.545155,0.415380
9689,9690,133.558938,0.502656
9690,9691,133.572722,0.475411
9691,9692,133.586505,0.378445
9692,9693,133.600288,0.419468
9693,9694,133.614071,0.416074
9694,9695,133.627854,0.416789
9695,9696,133.641638,0.393413
9696,9697,133.655421,0.401139
9697,9698,133.669204,0.453621
9698,9699,133.682987,0.368914
9699,9700,133.696770,0.409044
9700,9701,133.710553,0.387253
9701,9702,133.724337,0.444613
9702,9703,133.738120,0.407655
9703,9704,133.751903,0.485047
9704,9705,133.765686,0.421582
9705,9706,133.779469,0.368358
9706,9707,133.793252,0.437868
9707,9708,133.807036,0.426171
9708,9709,133.820819,0.430846
9709,9710,133.834602,0.493257
9710,9711,133.848385,0.409057
9711,9712,133.862168,0.367211
9712,9713,133.875951,0.368291
9713,9714,133.889735,0.428861
9714,9715,133.903518,0.389782
9715,9716,133.917301,0.375905
9716,9717,133.931084,0.467533
9717,9718,133.944867,0.406125
9718,9719,133.958650,0.500492
9719,9720,133.972434,0.445132
9720,9721,133.986217,0.442487
9721,9722,134.000000,0.482724
9722,9723,134.013783,0.431661
9723,9724,134.027566,0.432217
9724,9725,134.041350,0.380710
9725,9726,134.055133,0.378352
9726,9727,134.068916,0.383058
9727,9728,134.082699,0.412784
9728,9729,134.096482,0.461887
9729,9730,134.110265,0.438604
9730,9731,134.124049,0.503755
9731,9732,134.137832,0.425023
9732,9733,134.151615,0.353296
9733,9734,134.165398,0.420815
9734,9735,134.179181,0.357352
9735,9736,134.192964,0.415473
9736,9737,134.206748,0.438036
9737,9738,134.220531,0.374924
9738,9739,134.234314,0.408649
9739,9740,134.248097,0.418594
9740,9741,134.261880,0.436307
9741,9742,134.275663,0.441155
9742,9743,134.289447,0.453645
9743,9744,134.303230,0.378995
9744,9745,134.317013,0.403359
9745,9746,134.330796,0.362350
9746,9747,134.344579,0.417686
9747,9748,134.358362,0.465795
9748,9749,134.372146,0.446424
9749,9750,134.385929,0.455246
9750,9751,134.399712,0.496587
9751,9752,134.413495,0.453898
9752,9753,134.427278,0.431765
9753,9754,134.441062,0.353697
9754,9755,134.454845,0.456561
9755,9756,134.468628,0.410303
9756,9757,134.482411,0.385831
9757,9758,134.496194,0.452544
9758,9759,134.509977,0.403871
9759,9760,134.523761,0.415981
9760,9761,134.537544,0.458621
9761,9762,134.551327,0.502172
9762,9763,134.565110,0.432041
9763,9764,134.578893,0.394884
9764,9765,134.592676,0.440730
9765,9766,134.606460,0.405563
9766,9767,134.620243,0.374002
9767,9768,134.634026,0.462171
9768,9769,134.647809,0.380952
9769,9770,134.661592,0.385640
9770,9771,134.675375,0.384826
9771,9772,134.689159,0.444659
9772,9773,134.702942,0.440081
9773,9774,134.716725,0.412157
9774,9775,134.730508,0.431378
9775,9776,134.744291,0.460666
9776,9777,134.758074,0.423151
9777,9778,134.771858,0.441237
9778,9779,134.785641,0.412298
9779,9780,134.799424,0.391676
9780,9781,134.813207,0.438780
9781,9782,134.826990,0.430338
9782,9783,134.840774,0.397588
9783,9784,134.854557,0.418860
9784,9785,134.868340,0.424389
9785,9786,134.882123,0.416088
9786,9787,134.895906,0.393807
9787,9788,134.909689,0.454803
9788,9789,134.923473,0.403334
9789,9790,134.937256,0.461670
9790,9791,134.951039,0.453846
9791,9792,134.964822,0.555676
9792,9793,134.978605,0.431148
9793,9794,134.992388,0.360553
9794,9795,135.006172,0.406328
9795,9796,135.019955,0.425855
9796,9797,135.033738,0.439293
9797,9798,135.047521,0.426679
9798,9799,135.061304,0.404107
9799,9800,135.075087,0.446616
9800,9801,135.088871,0.390518
9801,9802,135.102654,0.436435
9802,9803,135.116437,0.422989
9803,9804,135.130220,0.431433
9804,9805,135.144003,0.485596
9805,9806,135.157786,0.440760
9806,9807,135.171570,0.406519
9807,9808,135.185353,0.477634
9808,9809,135.199136,0.501450
9809,9810,135.212919,0.390498
9810,9811,135.226702,0.453938
9811,9812,135.240485,0.463281
9812,9813,135.254269,0.422869
9813,9814,135.268052,0.425251
9814,9815,135.281835,0.459513
9815,9816,135.295618,0.395477
9816,9817,135.309401,0.467693
9817,9818,135.323185,0.426163
9818,9819,135.336968,0.390950
9819,9820,135.350751,0.403857
9820,9821,135.364534,0.485502
9821,9822,135.378317,0.426567
9822,9823,135.392100,0.388322
9823,9824,135.405884,0.418342
9824,9825,135.419667,0.430779
9825,9826,135.433450,0.381230
9826,9827,135.447233,0.471272
9827,9828,135.461016,0.423695
9828,9829,135.474799,0.401390
9829,9830,135.488583,0.454025
9830,9831,135.502366,0.402042
9831,9832,135.516149,0.329586
9832,9833,135.529932,0.330184
9833,9834,135.543715,0.468529
9834,9835,135.557498,0.393090
9835,9836,135.571282,0.456703
9836,9837,135.585065,0.368222
9837,9838,135.598848,0.384878
9838,9839,135.612631,0.422073
9839,9840,135.626414,0.441602
9840,9841,135.640197,0.486031
9841,9842,135.653981,0.350447
9842,9843,135.667764,0.465920
9843,9844,135.681547,0.373839
9844,9845,135.695330,0.411734
9845,9846,135.709113,0.436788
9846,9847,135.722897,0.441289
9847,9848,135.736680,0.484062
9848,9849,135.750463,0.451564
9849,9850,135.764246,0.420580
9850,9851,135.778029,0.445414
9851,9852,135.791812,0.442941
9852,9853,135.805596,0.441799
9853,9854,135.819379,0.439622
9854,9855,135.833162,0.442829
9855,9856,135.846945,0.412405
9856,9857,135.860728,0.445656
9857,9858,135.874511,0.427689
9858,9859,135.888295,0.446124
9859,9860,135.902078,0.507225
9860,9861,135.915861,0.399017
9861,9862,135.929644,0.498145
9862,9863,135.943427,0.464986
9863,9864,135.957210,0.422497
9864,9865,135.970994,0.442299
9865,9866,135.984777,0.386548
9866,9867,135.998560,0.477897
9867,9868,136.012343,0.423827
9868,9869,136.026126,0.385905
9869,9870,136.039909,0.387602
9870,9871,136.053693,0.448899
9871,9872,136.067476,0.438572
9872,9873,136.081259,0.451461
9873,9874,136.095042,0.451617
9874,9875,136.108825,0.355995
9875,9876,136.122609,0.426166
9876,9877,136.136392,0.425645
9877,9878,136.150175,0.445005
9878,9879,136.163958,0.374608
9879,9880,136.177741,0.384024
9880,9881,136.191524,0.429860
9881,9882,136.205308,0.441242
9882,9883,136.219091,0.434892
9883,9884,136.232874,0.425174
9884,9885,136.246657,0.460144
9885,9886,136.260440,0.385707
9886,9887,136.274223,0.457131
9887,9888,136.288007,0.420330
9888,9889,136.301790,0.497017
9889,9890,136.315573,0.379936
9890,9891,136.329356,0.438937
9891,9892,136.343139,0.393217
9892,9893,136.356922,0.461192
9893,9894,136.370706,0.464707
9894,9895,136.384489,0.469904
9895,9896,136.398272,0.450111
9896,9897,136.412055,0.420732
9897,9898,136.425838,0.432365
9898,9899,136.439621,0.462607
9899,9900,136.453405,0.483910
9900,9901,136.467188,0.455299
9901,9902,136.480971,0.380989
9902,9903,136.494754,0.391189
9903,9904,136.508537,0.385104
9904,9905,136.522321,0.450340
9905,9906,136.536104,0.371067
9906,9907,136.549887,0.408159
9907,9908,136.563670,0.438219
9908,9909,136.577453,0.380624
9909,9910,136.591236,0.416731
9910,9911,136.605020,0.428974
9911,9912,136.618803,0.453902
9912,9913,136.632586,0.435244
9913,9914,136.646369,0.422665
9914,9915,136.660152,0.517012
9915,9916,136.673935,0.375940
9916,9917,136.687719,0.417506
9917,9918,136.701502,0.404917
9918,9919,136.715285,0.429495
9919,9920,136.729068,0.405330
9920,9921,136.742851,0.486414
9921,9922,136.756634,0.429433
9922,9923,136.770418,0.451671
9923,9924,136.784201,0.400292
9924,9925,136.797984,0.392821
9925,9926,136.811767,0.420167
9926,9927,136.825550,0.453340
9927,9928,136.839333,0.438657
9928,9929,136.853117,0.467223
9929,9930,136.866900,0.431913
9930,9931,136.880683,0.412196
9931,9932,136.894466,0.461977
9932,9933,136.908249,0.340364
9933,9934,136.922033,0.449655
9934,9935,136.935816,0.401391
9935,9936,136.949599,0.414094
9936,9937,136.963382,0.379649
9937,9938,136.977165,0.457552
9938,9939,136.990948,0.455243
9939,9940,137.004732,0.458487
9940,9941,137.018515,0.364527
9941,9942,137.032298,0.415772
9942,9943,137.046081,0.457557
9943,9944,137.059864,0.459553
9944,9945,137.073647,0.423414
9945,9946,137.087431,0.435517
9946,9947,137.101214,0.526052
9947,9948,137.114997,0.445768
9948,9949,137.128780,0.434432
9949,9950,137.142563,0.462473
9950,9951,137.156346,0.421391
9951,9952,137.170130,0.463255
9952,9953,137.183913,0.444734
9953,9954,137.197696,0.479234
9954,9955,137.211479,0.471119
9955,9956,137.225262,0.465889
9956,9957,137.239045,0.384791
9957,9958,137.252829,0.491532
9958,9959,137.266612,0.436375
9959,9960,137.280395,0.445097
9960,9961,137.294178,0.433084
9961,9962,137.307961,0.403033
9962,9963,137.321744,0.430082
9963,9964,137.335528,0.394257
9964,9965,137.349311,0.377654
9965,9966,137.363094,0.478538
9966,9967,137.376877,0.480003
9967,9968,137.390660,0.389654
9968,9969,137.404444,0.397614
9969,9970,137.418227,0.444722
9970,9971,137.432010,0.404282
9971,9972,137.445793,0.463401
9972,9973,137.459576,0.497955
9973,9974,137.473359,0.410432
9974,9975,137.487143,0.500433
9975,9976,137.500926,0.419599
9976,9977,137.514709,0.435681
9977,9978,137.528492,0.416453
9978,9979,137.542275,0.394153
9979,9980,137.556058,0.392363
9980,9981,137.569842,0.407962
9981,9982,137.583625,0.393750
9982,9983,137.597408,0.487174
9983,9984,137.611191,0.409905
9984,9985,137.624974,0.386712
9985,9986,137.638757,0.434918
9986,9987,137.652541,0.447836
9987,9988,137.666324,0.437325
9988,9989,137.680107,0.415608
9989,9990,137.693890,0.392805
9990,9991,137.707673,0.446830
9991,9992,137.721456,0.423223
9992,9993,137.735240,0.400734
9993,9994,137.749023,0.412125
9994,9995,137.762806,0.410550
9995,9996,137.776589,0.472045
9996,9997,137.790372,0.426450
9997,9998,137.804156,0.383890
9998,9999,137.817939,0.421840
9999,10000,137.831722,0.443309
10000,10001,137.845505,0.469864
10001,10002,137.859288,0.424508
10002,10003,137.873071,0.479424
10003,10004,137.886855,0.457772
10004,10005,137.900638,0.341293
10005,10006,137.914421,0.492281
10006,10007,137.928204,0.426854
10007,10008,137.941987,0.387415
10008,10009,137.955770,0.386524
10009,10010,137.969554,0.448052
10010,10011,137.983337,0.418272
10011,10012,137.997120,0.422342
10012,10013,138.010903,0.382117
10013,10014,138.024686,0.460942
10014,10015,138.038469,0.433904
10015,10016,138.052253,0.421984
10016,10017,138.066036,0.502792
10017,10018,138.079819,0.456165
10018,10019,138.093602,0.407034
10019,10020,138.107385,0.401917
10020,10021,138.121168,0.464072
10021,10022,138.134952,0.413891
10022,10023,138.148735,0.423887
10023,10024,138.162518,0.432683
10024,10025,138.176301,0.373404
10025,10026,138.190084,0.420621
10026,10027,138.203868,0.379301
10027,10028,138.217651,0.370869
10028,10029,138.231434,0.393760
10029,10030,138.245217,0.420211
10030,10031,138.259000,0.441746
10031,10032,138.272783,0.439331
10032,10033,138.286567,0.475039
10033,10034,138.300350,0.446170
10034,10035,138.314133,0.406982
10035,10036,138.327916,0.461315
10036,10037,138.341699,0.421648
10037,10038,138.355482,0.459091
10038,10039,138.369266,0.447868
10039,10040,138.383049,0.461415
10040,10041,138.396832,0.515098
10041,10042,138.410615,0.418895
10042,10043,138.424398,0.416124
10043,10044,138.438181,0.454212
10044,10045,138.451965,0.481017
10045,10046,138.465748,0.493816
10046,10047,138.479531,0.356724
10047,10048,138.493314,0.412753
10048,10049,138.507097,0.409304
10049,10050,138.520880,0.386313
10050,10051,138.534664,0.402510
10051,10052,138.548447,0.411831
10052,10053,138.562230,0.432949
10053,10054,138.576013,0.477398
10054,10055,138.589796,0.410029
10055,10056,138.603580,0.462192
10056,10057,138.617363,0.428956
10057,10058,138.631146,0.461620
10058,10059,138.644929,0.469108
10059,10060,138.658712,0.402827
10060,10061,138.672495,0.413404
10061,10062,138.686279,0.454696
10062,10063,138.700062,0.418866
10063,10064,138.713845,0.370235
10064,10065,138.727628,0.444095
10065,10066,138.741411,0.363875
10066,10067,138.755194,0.488273
10067,10068,138.768978,0.382071
10068,10069,138.782761,0.384430
10069,10070,138.796544,0.408849
10070,10071,138.810327,0.423189
10071,10072,138.824110,0.402453
10072,10073,138.837893,0.365279
10073,10074,138.851677,0.425406
10074,10075,138.865460,0.443690
10075,10076,138.879243,0.445994
10076,10077,138.893026,0.386556
10077,10078,138.906809,0.332310
10078,10079,138.920592,0.451834
10079,10080,138.934376,0.458044
10080,10081,138.948159,0.468910
10081,10082,138.961942,0.349455
10082,10083,138.975725,0.460507
10083,10084,138.989508,0.434760
10084,10085,139.003292,0.469747
10085,10086,139.017075,0.409391
10086,10087,139.030858,0.443356
10087,10088,139.044641,0.432650
10088,10089,139.058424,0.425742
10089,10090,139.072207,0.460653
10090,10091,139.085991,0.426738
10091,10092,139.099774,0.463168
10092,10093,139.113557,0.422945
10093,10094,139.127340,0.438040
10094,10095,139.141123,0.445763
10095,10096,139.154906,0.451869
10096,10097,139.168690,0.418620
10097,10098,139.182473,0.435055
10098,10099,139.196256,0.374036
10099,10100,139.210039,0.352474
10100,10101,139.223822,0.484504
10101,10102,139.237605,0.378286
10102,10103,139.251389,0.462306
10103,10104,139.265172,0.465478
10104,10105,139.278955,0.451989
10105,10106,139.292738,0.388836
10106,10107,139.306521,0.375497
10107,10108,139.320304,0.441681
10108,10109,139.334088,0.441658
10109,10110,139.347871,0.408278
10110,10111,139.361654,0.387134
10111,10112,139.375437,0.468746
10112,10113,139.389220,0.467619
10113,10114,139.403003,0.465172
10114,10115,139.416787,0.415348
10115,10116,139.430570,0.360496
10116,10117,139.444353,0.417314
10117,10118,139.458136,0.478899
10118,10119,139.471919,0.372143
10119,10120,139.485703,0.387940
10120,10121,139.499486,0.471088
10121,10122,139.513269,0.506243
10122,10123,139.527052,0.467421
10123,10124,139.540835,0.444078
10124,10125,139.554618,0.362528
10125,10126,139.568402,0.361792
10126,10127,139.582185,0.390960
10127,10128,139.595968,0.370071
10128,10129,139.609751,0.466131
10129,10130,139.623534,0.383455
10130,10131,139.637317,0.420367
10131,10132,139.651101,0.397880
10132,10133,139.664884,0.448095
10133,10134,139.678667,0.397771
10134,10135,139.692450,0.402051
10135,10136,139.706233,0.425864
10136,10137,139.720016,0.441883
10137,10138,139.733800,0.499826
10138,10139,139.747583,0.396582
10139,10140,139.761366,0.408845
10140,10141,139.775149,0.380101
10141,10142,139.788932,0.428593
10142,10143,139.802715,0.447874
10143,10144,139.816499,0.445516
10144,10145,139.830282,0.320610
10145,10146,139.844065,0.376163
10146,10147,139.857848,0.404824
10147,10148,139.871631,0.415110
10148,10149,139.885415,0.410262
10149,10150,139.899198,0.425508
10150,10151,139.912981,0.399912
10151,10152,139.926764,0.487867
10152,10153,139.940547,0.434130
10153,10154,139.954330,0.409689
10154,10155,139.968114,0.443396
10155,10156,139.981897,0.406723
10156,10157,139.995680,0.424550
10157,10158,140.009463,0.340057
10158,10159,140.023246,0.402608
10159,10160,140.037029,0.370079
10160,10161,140.050813,0.391421
10161,10162,140.064596,0.385094
10162,10163,140.078379,0.444278
10163,10164,140.092162,0.416988
10164,10165,140.105945,0.456601
10165,10166,140.119728,0.447761
10166,10167,140.133512,0.444131
10167,10168,140.147295,0.404587
10168,10169,140.161078,0.446798
10169,10170,140.174861,0.357003
10170,10171,140.188644,0.427048
10171,10172,140.202427,0.514259
10172,10173,140.216211,0.401245
10173,10174,140.229994,0.423925
10174,10175,140.243777,0.479249
10175,10176,140.257560,0.423537
10176,10177,140.271343,0.350477
10177,10178,140.285127,0.429471
10178,10179,140.298910,0.448240
10179,10180,140.312693,0.404775
10180,10181,140.326476,0.396866
10181,10182,140.340259,0.402642
10182,10183,140.354042,0.498034
10183,10184,140.367826,0.421245
10184,10185,140.381609,0.421309
10185,10186,140.395392,0.404868
10186,10187,140.409175,0.419426
10187,10188,140.422958,0.423808
10188,10189,140.436741,0.455083
10189,10190,140.450525,0.395869
10190,10191,140.464308,0.475787
10191,10192,140.478091,0.414784
10192,10193,140.491874,0.403519
10193,10194,140.505657,0.405619
10194,10195,140.519440,0.344652
10195,10196,140.533224,0.450468
10196,10197,140.547007,0.462798
10197,10198,140.560790,0.370378
10198,10199,140.574573,0.497615
10199,10200,140.588356,0.436739
10200,10201,140.602139,0.355049
10201,10202,140.615923,0.425878
10202,10203,140.629706,0.395714
10203,10204,140.643489,0.398461
10204,10205,140.657272,0.424632
10205,10206,140.671055,0.471287
10206,10207,140.684839,0.327213
10207,10208,140.698622,0.403978
10208,10209,140.712405,0.379353
10209,10210,140.726188,0.448066
10210,10211,140.739971,0.460536
10211,10212,140.753754,0.418772
10212,10213,140.767538,0.455555
10213,10214,140.781321,0.384739
10214,10215,140.795104,0.455353
10215,10216,140.808887,0.403806
10216,10217,140.822670,0.379522
10217,10218,140.836453,0.419417
10218,10219,140.850237,0.462259
10219,10220,140.864020,0.446549
10220,10221,140.877803,0.403103
10221,10222,140.891586,0.432603
10222,10223,140.905369,0.402260
10223,10224,140.919152,0.426194
10224,10225,140.932936,0.428011
10225,10226,140.946719,0.430702
10226,10227,140.960502,0.373658
10227,10228,140.974285,0.385555
10228,10229,140.988068,0.366331
10229,10230,141.001851,0.375659
10230,10231,141.015635,0.406939
10231,10232,141.029418,0.442660
10232,10233,141.043201,0.414845
10233,10234,141.056984,0.430542
10234,10235,141.070767,0.323475
10235,10236,141.084551,0.437621
10236,10237,141.098334,0.425439
10237,10238,141.112117,0.404718
10238,10239,141.125900,0.457295
10239,10240,141.139683,0.472897
10240,10241,141.153466,0.438364
10241,10242,141.167250,0.474793
10242,10243,141.181033,0.435840
10243,10244,141.194816,0.474671
10244,10245,141.208599,0.440301
10245,10246,141.222382,0.407197
10246,10247,141.236165,0.449688
10247,10248,141.249949,0.424866
10248,10249,141.263732,0.388009
10249,10250,141.277515,0.421858
10250,10251,141.291298,0.414485
10251,10252,141.305081,0.419317
10252,10253,141.318864,0.451811
10253,10254,141.332648,0.414106
10254,10255,141.346431,0.409364
10255,10256,141.360214,0.401799
10256,10257,141.373997,0.420920
10257,10258,141.387780,0.419816
10258,10259,141.401563,0.396416
10259,10260,141.415347,0.388033
10260,10261,141.429130,0.363115
10261,10262,141.442913,0.425609
10262,10263,141.456696,0.431967
10263,10264,141.470479,0.415473
10264,10265,141.484262,0.412729
10265,10266,141.498046,0.412754
10266,10267,141.511829,0.444823
10267,10268,141.525612,0.479536
10268,10269,141.539395,0.437080
10269,10270,141.553178,0.387369
10270,10271,141.566962,0.433171
10271,10272,141.580745,0.421192
10272,10273,141.594528,0.438941
10273,10274,141.608311,0.441165
10274,10275,141.622094,0.441138
10275,10276,141.635877,0.452327
10276,10277,141.649661,0.454524
10277,10278,141.663444,0.441023
10278,10279,141.677227,0.467575
10279,10280,141.691010,0.401603
10280,10281,141.704793,0.475102
10281,10282,141.718576,0.403171
10282,10283,141.732360,0.458212
10283,10284,141.746143,0.451579
10284,10285,141.759926,0.395321
10285,10286,141.773709,0.469130
10286,10287,141.787492,0.443927
10287,10288,141.801275,0.396987
10288,10289,141.815059,0.453588
10289,10290,141.828842,0.385246
10290,10291,141.842625,0.394461
10291,10292,141.856408,0.409266
10292,10293,141.870191,0.448474
10293,10294,141.883974,0.471287
10294,10295,141.897758,0.526643
10295,10296,141.911541,0.472099
10296,10297,141.925324,0.495913
10297,10298,141.939107,0.420340
10298,10299,141.952890,0.347605
10299,10300,141.966674,0.475506
10300,10301,141.980457,0.410242
10301,10302,141.994240,0.408914
10302,10303,142.008023,0.400551
10303,10304,142.021806,0.393669
10304,10305,142.035589,0.425662
10305,10306,142.049373,0.372435
10306,10307,142.063156,0.446093
10307,10308,142.076939,0.436330
10308,10309,142.090722,0.427613
10309,10310,142.104505,0.406719
10310,10311,142.118288,0.455922
10311,10312,142.132072,0.459918
10312,10313,142.145855,0.382148
10313,10314,142.159638,0.339194
10314,10315,142.173421,0.363937
10315,10316,142.187204,0.432961
10316,10317,142.200987,0.370172
10317,10318,142.214771,0.398474
10318,10319,142.228554,0.470109
10319,10320,142.242337,0.409632
10320,10321,142.256120,0.446829
10321,10322,142.269903,0.491767
10322,10323,142.283686,0.443532
10323,10324,142.297470,0.373547
10324,10325,142.311253,0.428759
10325,10326,142.325036,0.417015
10326,10327,142.338819,0.468248
10327,10328,142.352602,0.431194
10328,10329,142.366386,0.391788
10329,10330,142.380169,0.431687
10330,10331,142.393952,0.414456
10331,10332,142.407735,0.363891
10332,10333,142.421518,0.466479
10333,10334,142.435301,0.351021
10334,10335,142.449085,0.503962
10335,10336,142.462868,0.357537
10336,10337,142.476651,0.356306
10337,10338,142.490434,0.436326
10338,10339,142.504217,0.382169
10339,10340,142.518000,0.461202
10340,10341,142.531784,0.383007
10341,10342,142.545567,0.401417
10342,10343,142.559350,0.391348
10343,10344,142.573133,0.392114
10344,10345,142.586916,0.394749
10345,10346,142.600699,0.416579
10346,10347,142.614483,0.531290
10347,10348,142.628266,0.386403
10348,10349,142.642049,0.413265
10349,10350,142.655832,0.398703
10350,10351,142.669615,0.424062
10351,10352,142.683398,0.442567
10352,10353,142.697182,0.409825
10353,10354,142.710965,0.451225
10354,10355,142.724748,0.353075
10355,10356,142.738531,0.468008
10356,10357,142.752314,0.408091
10357,10358,142.766098,0.371536
10358,10359,142.779881,0.403914
10359,10360,142.793664,0.431966
10360,10361,142.807447,0.410913
10361,10362,142.821230,0.431677
10362,10363,142.835013,0.409624
10363,10364,142.848797,0.454925
10364,10365,142.862580,0.422142
10365,10366,142.876363,0.481008
10366,10367,142.890146,0.335241
10367,10368,142.903929,0.420584
10368,10369,142.917712,0.402879
10369,10370,142.931496,0.361375
10370,10371,142.945279,0.450130
10371,10372,142.959062,0.441775
10372,10373,142.972845,0.403680
10373,10374,142.986628,0.402024
10374,10375,143.000411,0.388995
10375,10376,143.014195,0.439660
10376,10377,143.027978,0.361892
10377,10378,143.041761,0.408419
10378,10379,143.055544,0.470037
10379,10380,143.069327,0.477057
10380,10381,143.083110,0.474782
10381,10382,143.096894,0.348845
10382,10383,143.110677,0.426734
10383,10384,143.124460,0.409269
10384,10385,143.138243,0.391933
10385,10386,143.152026,0.353025
10386,10387,143.165810,0.429213
10387,10388,143.179593,0.378362
10388,10389,143.193376,0.399827
10389,10390,143.207159,0.413779
10390,10391,143.220942,0.473388
10391,10392,143.234725,0.392043
10392,10393,143.248509,0.426766
10393,10394,143.262292,0.412932
10394,10395,143.276075,0.490164
10395,10396,143.289858,0.417042
10396,10397,143.303641,0.480045
10397,10398,143.317424,0.427775
10398,10399,143.331208,0.452115
10399,10400,143.344991,0.367478
10400,10401,143.358774,0.428383
10401,10402,143.372557,0.482249
10402,10403,143.386340,0.399205
10403,10404,143.400123,0.407386
10404,10405,143.413907,0.401053
10405,10406,143.427690,0.382963
10406,10407,143.441473,0.436972
10407,10408,143.455256,0.393219
10408,10409,143.469039,0.434236
10409,10410,143.482822,0.460069
10410,10411,143.496606,0.408257
10411,10412,143.510389,0.395845
10412,10413,143.524172,0.432471
10413,10414,143.537955,0.431768
10414,10415,143.551738,0.443254
10415,10416,143.565521,0.498660
10416,10417,143.579305,0.397396
10417,10418,143.593088,0.442468
10418,10419,143.606871,0.446781
10419,10420,143.620654,0.472123
10420,10421,143.634437,0.415835
10421,10422,143.648221,0.425680
10422,10423,143.662004,0.367423
10423,10424,143.675787,0.441077
10424,10425,143.689570,0.439389
10425,10426,143.703353,0.408051
10426,10427,143.717136,0.430343
10427,10428,143.730920,0.428627
10428,10429,143.744703,0.425179
10429,10430,143.758486,0.483422
10430,10431,143.772269,0.432877
10431,10432,143.786052,0.424603
10432,10433,143.799835,0.460698
10433,10434,143.813619,0.461501
10434,10435,143.827402,0.415724
10435,10436,143.841185,0.443851
10436,10437,143.854968,0.503404
10437,10438,143.868751,0.362083
10438,10439,143.882534,0.390560
10439,10440,143.896318,0.390607
10440,10441,143.910101,0.419000
10441,10442,143.923884,0.448045
10442,10443,143.937667,0.452230
10443,10444,143.951450,0.482364
10444,10445,143.965233,0.406273
10445,10446,143.979017,0.416094
10446,10447,143.992800,0.404492
10447,10448,144.006583,0.411489
10448,10449,144.020366,0.451639
10449,10450,144.034149,0.433918
10450,10451,144.047933,0.445306
10451,10452,144.061716,0.390463
10452,10453,144.075499,0.378672
10453,10454,144.089282,0.394811
10454,10455,144.103065,0.416053
10455,10456,144.116848,0.462232
10456,10457,144.130632,0.450433
10457,10458,144.144415,0.384668
10458,10459,144.158198,0.450086
10459,10460,144.171981,0.417779
10460,10461,144.185764,0.474588
10461,10462,144.199547,0.479539
10462,10463,144.213331,0.385049
10463,10464,144.227114,0.404169
10464,10465,144.240897,0.416218
10465,10466,144.254680,0.412007
10466,10467,144.268463,0.408672
10467,10468,144.282246,0.412811
10468,10469,144.296030,0.471476
10469,10470,144.309813,0.418289
10470,10471,144.323596,0.342184
10471,10472,144.337379,0.461006
10472,10473,144.351162,0.452903
10473,10474,144.364945,0.462046
10474,10475,144.378729,0.446178
10475,10476,144.392512,0.422848
10476,10477,144.406295,0.453305
10477,10478,144.420078,0.440631
10478,10479,144.433861,0.417947
10479,10480,144.447645,0.450122
10480,10481,144.461428,0.442430
10481,10482,144.475211,0.416711
10482,10483,144.488994,0.384990
10483,10484,144.502777,0.384746
10484,10485,144.516560,0.436130
10485,10486,144.530344,0.382726
10486,10487,144.544127,0.408238
10487,10488,144.557910,0.421299
10488,10489,144.571693,0.421569
10489,10490,144.585476,0.499144
10490,10491,144.599259,0.424512
10491,10492,144.613043,0.435632
10492,10493,144.626826,0.436990
10493,10494,144.640609,0.374844
10494,10495,144.654392,0.508810
10495,10496,144.668175,0.441155
10496,10497,144.681958,0.420842
10497,10498,144.695742,0.421862
10498,10499,144.709525,0.391662
10499,10500,144.723308,0.421979
10500,10501,144.737091,0.388066
10501,10502,144.750874,0.408446
10502,10503,144.764657,0.502502
10503,10504,144.778441,0.477637
10504,10505,144.792224,0.423970
10505,10506,144.806007,0.425130
10506,10507,144.819790,0.367208
10507,10508,144.833573,0.394345
10508,10509,144.847357,0.469036
10509,10510,144.861140,0.454520
10510,10511,144.874923,0.386085
10511,10512,144.888706,0.430540
10512,10513,144.902489,0.427941
10513,10514,144.916272,0.393697
10514,10515,144.930056,0.433527
10515,10516,144.943839,0.468873
10516,10517,144.957622,0.518305
10517,10518,144.971405,0.384230
10518,10519,144.985188,0.484317
10519,10520,144.998971,0.460302
10520,10521,145.012755,0.393109
10521,10522,145.026538,0.438725
10522,10523,145.040321,0.435187
10523,10524,145.054104,0.416286
10524,10525,145.067887,0.475068
10525,10526,145.081670,0.390817
10526,10527,145.095454,0.527690
10527,10528,145.109237,0.459796
10528,10529,145.123020,0.427681
10529,10530,145.136803,0.433048
10530,10531,145.150586,0.404346
10531,10532,145.164369,0.487200
10532,10533,145.178153,0.494617
10533,10534,145.191936,0.434606
10534,10535,145.205719,0.366236
10535,10536,145.219502,0.423382
10536,10537,145.233285,0.412695
10537,10538,145.247069,0.393653
10538,10539,145.260852,0.474869
10539,10540,145.274635,0.443726
10540,10541,145.288418,0.469756
10541,10542,145.302201,0.465782
10542,10543,145.315984,0.472612
10543,10544,145.329768,0.479920
10544,10545,145.343551,0.417120
10545,10546,145.357334,0.439975
10546,10547,145.371117,0.418685
10547,10548,145.384900,0.435374
10548,10549,145.398683,0.397093
10549,10550,145.412467,0.423992
10550,10551,145.426250,0.506294
10551,10552,145.440033,0.410038
10552,10553,145.453816,0.386028
10553,10554,145.467599,0.450627
10554,10555,145.481382,0.416854
10555,10556,145.495166,0.445562
10556,10557,145.508949,0.455465
10557,10558,145.522732,0.528294
10558,10559,145.536515,0.463768
10559,10560,145.550298,0.401404
10560,10561,145.564081,0.393494
10561,10562,145.577865,0.466314
10562,10563,145.591648,0.469957
10563,10564,145.605431,0.484505
10564,10565,145.619214,0.450298
10565,10566,145.632997,0.444664
10566,10567,145.646780,0.457171
10567,10568,145.660564,0.354085
10568,10569,145.674347,0.457807
10569,10570,145.688130,0.458665
10570,10571,145.701913,0.433461
10571,10572,145.715696,0.402473
10572,10573,145.729480,0.430040
10573,10574,145.743263,0.409917
10574,10575,145.757046,0.413466
10575,10576,145.770829,0.426590
10576,10577,145.784612,0.456441
10577,10578,145.798395,0.536242
10578,10579,145.812179,0.471317
10579,10580,145.825962,0.414537
10580,10581,145.839745,0.370035
10581,10582,145.853528,0.527139
10582,10583,145.867311,0.390103
10583,10584,145.881094,0.427037
10584,10585,145.894878,0.441532
10585,10586,145.908661,0.437022
10586,10587,145.922444,0.469114
10587,10588,145.936227,0.508582
10588,10589,145.950010,0.494740
10589,10590,145.963793,0.409400
10590,10591,145.977577,0.462884
10591,10592,145.991360,0.419412
10592,10593,146.005143,0.328190
10593,10594,146.018926,0.429596
10594,10595,146.032709,0.460355
10595,10596,146.046492,0.360833
10596,10597,146.060276,0.426612
10597,10598,146.074059,0.472987
10598,10599,146.087842,0.400618
10599,10600,146.101625,0.308543
10600,10601,146.115408,0.425344
10601,10602,146.129192,0.411367
10602,10603,146.142975,0.337502
10603,10604,146.156758,0.505858
10604,10605,146.170541,0.351650
10605,10606,146.184324,0.459185
10606,10607,146.198107,0.374705
