frame_index,frame_number_1based,integrated_time_s,raw_std
0,1,0.013783,0.395937
1,2,0.027566,0.398324
2,3,0.041350,0.455403
3,4,0.055133,0.390943
4,5,0.068916,0.429473
5,6,0.082699,0.418738
6,7,0.096482,0.449259
7,8,0.110265,0.476979
8,9,0.124049,0.428892
9,10,0.137832,0.465887
10,11,0.151615,0.441240
11,12,0.165398,0.404347
12,13,0.179181,0.404556
13,14,0.192964,0.428336
14,15,0.206748,0.439328
15,16,0.220531,0.504258
16,17,0.234314,0.418549
17,18,0.248097,0.429012
18,19,0.261880,0.503684
19,20,0.275663,0.491921
20,21,0.289447,0.482441
21,22,0.303230,0.420479
22,23,0.317013,0.386404
23,24,0.330796,0.476382
24,25,0.344579,0.417476
25,26,0.358362,0.415578
26,27,0.372146,0.389324
27,28,0.385929,0.451889
28,29,0.399712,0.436611
29,30,0.413495,0.479635
30,31,0.427278,0.501048
31,32,0.441062,0.440694
32,33,0.454845,0.493649
33,34,0.468628,0.454741
34,35,0.482411,0.322073
35,36,0.496194,0.439392
36,37,0.509977,0.487990
37,38,0.523761,0.434279
38,39,0.537544,0.471960
39,40,0.551327,0.470046
40,41,0.565110,0.364602
41,42,0.578893,0.407621
42,43,0.592676,0.418479
43,44,0.606460,0.532336
44,45,0.620243,0.426133
45,46,0.634026,0.416980
46,47,0.647809,0.460634
47,48,0.661592,0.461874
48,49,0.675375,0.538618
49,50,0.689159,0.457300
50,51,0.702942,0.429565
51,52,0.716725,0.468869
52,53,0.730508,0.395156
53,54,0.744291,0.439642
54,55,0.758074,0.419687
55,56,0.771858,0.442934
56,57,0.785641,0.557545
57,58,0.799424,0.474177
58,59,0.813207,0.501132
59,60,0.826990,0.474547
60,61,0.840774,0.443257
61,62,0.854557,0.443294
62,63,0.868340,0.421551
63,64,0.882123,0.479047
64,65,0.895906,0.454563
65,66,0.909689,0.412256
66,67,0.923473,0.523102
67,68,0.937256,0.413135
68,69,0.951039,0.459950
69,70,0.964822,0.455434
70,71,0.978605,0.443788
71,72,0.992388,0.464714
72,73,1.006172,0.402512
73,74,1.019955,0.488364
74,75,1.033738,0.410701
75,76,1.047521,0.472709
76,77,1.061304,0.419959
77,78,1.075087,0.452564
78,79,1.088871,0.502138
79,80,1.102654,0.470676
80,81,1.116437,0.362879
81,82,1.130220,0.444807
82,83,1.144003,0.500343
83,84,1.157786,0.465223
84,85,1.171570,0.467033
85,86,1.185353,0.459424
86,87,1.199136,0.436675
87,88,1.212919,0.494335
88,89,1.226702,0.456423
89,90,1.240485,0.494524
90,91,1.254269,0.447383
91,92,1.268052,0.545724
92,93,1.281835,0.443978
93,94,1.295618,0.466599
94,95,1.309401,0.396959
95,96,1.323185,0.448246
96,97,1.336968,0.406015
97,98,1.350751,0.443370
98,99,1.364534,0.483723
99,100,1.378317,0.443445
100,101,1.392100,0.428638
101,102,1.405884,0.502220
102,103,1.419667,0.473103
103,104,1.433450,0.441028
104,105,1.447233,0.494419
105,106,1.461016,0.456114
106,107,1.474799,0.445559
107,108,1.488583,0.418663
108,109,1.502366,0.467810
109,110,1.516149,0.390062
110,111,1.529932,0.378430
111,112,1.543715,0.437432
112,113,1.557498,0.466159
113,114,1.571282,0.386440
114,115,1.585065,0.414194
115,116,1.598848,0.379523
116,117,1.612631,0.400379
117,118,1.626414,0.347725
118,119,1.640197,0.433231
119,120,1.653981,0.418254
120,121,1.667764,0.455071
121,122,1.681547,0.428722
122,123,1.695330,0.414498
123,124,1.709113,0.493893
124,125,1.722897,0.498395
125,126,1.736680,0.478064
126,127,1.750463,0.442377
127,128,1.764246,0.415983
128,129,1.778029,0.423443
129,130,1.791812,0.512888
130,131,1.805596,0.452653
131,132,1.819379,0.407246
132,133,1.833162,0.400057
133,134,1.846945,0.476356
134,135,1.860728,0.422588
135,136,1.874511,0.408692
136,137,1.888295,0.526194
137,138,1.902078,0.463098
138,139,1.915861,0.525371
139,140,1.929644,0.434130
140,141,1.943427,0.496070
141,142,1.957210,0.443579
142,143,1.970994,0.453559
143,144,1.984777,0.390068
144,145,1.998560,0.441756
145,146,2.012343,0.458500
146,147,2.026126,0.402574
147,148,2.039909,0.387426
148,149,2.053693,0.414424
149,150,2.067476,0.495496
150,151,2.081259,0.463793
151,152,2.095042,0.474153
152,153,2.108825,0.461618
153,154,2.122609,0.384272
154,155,2.136392,0.423056
155,156,2.150175,0.449598
156,157,2.163958,0.452145
157,158,2.177741,0.418594
158,159,2.191524,0.417060
159,160,2.205308,0.529469
160,161,2.219091,0.393433
161,162,2.232874,0.430809
162,163,2.246657,0.420460
163,164,2.260440,0.478553
164,165,2.274223,0.468475
165,166,2.288007,0.488564
166,167,2.301790,0.413245
167,168,2.315573,0.440109
168,169,2.329356,0.352864
169,170,2.343139,0.441103
170,171,2.356922,0.445513
171,172,2.370706,0.484643
172,173,2.384489,0.442594
173,174,2.398272,0.515904
174,175,2.412055,0.440045
175,176,2.425838,0.452669
176,177,2.439621,0.479672
177,178,2.453405,0.337843
178,179,2.467188,0.481634
179,180,2.480971,0.481442
180,181,2.494754,0.367247
181,182,2.508537,0.443453
182,183,2.522321,0.430907
183,184,2.536104,0.491698
184,185,2.549887,0.375098
185,186,2.563670,0.387864
186,187,2.577453,0.449091
187,188,2.591236,0.401972
188,189,2.605020,0.404433
189,190,2.618803,0.413382
190,191,2.632586,0.496068
191,192,2.646369,0.571142
192,193,2.660152,0.473172
193,194,2.673935,0.516991
194,195,2.687719,0.414480
195,196,2.701502,0.510390
196,197,2.715285,0.434666
197,198,2.729068,0.394824
198,199,2.742851,0.461893
199,200,2.756634,0.437848
200,201,2.770418,0.452756
201,202,2.784201,0.450612
202,203,2.797984,0.454727
203,204,2.811767,0.442755
204,205,2.825550,0.420094
205,206,2.839333,0.488196
206,207,2.853117,0.472438
207,208,2.866900,0.481113
208,209,2.880683,0.516104
209,210,2.894466,0.464422
210,211,2.908249,0.415404
211,212,2.922033,0.433838
212,213,2.935816,0.448667
213,214,2.949599,0.458164
214,215,2.963382,0.425939
215,216,2.977165,0.500623
216,217,2.990948,0.455339
217,218,3.004732,0.389784
218,219,3.018515,0.429964
219,220,3.032298,0.450126
220,221,3.046081,0.412971
221,222,3.059864,0.435389
222,223,3.073647,0.418117
223,224,3.087431,0.423182
224,225,3.101214,0.488912
225,226,3.114997,0.489147
226,227,3.128780,0.425849
227,228,3.142563,0.446474
228,229,3.156346,0.478381
229,230,3.170130,0.445531
230,231,3.183913,0.393702
231,232,3.197696,0.425199
232,233,3.211479,0.440088
233,234,3.225262,0.412103
234,235,3.239045,0.403481
235,236,3.252829,0.415078
236,237,3.266612,0.396633
237,238,3.280395,0.454367
238,239,3.294178,0.395519
239,240,3.307961,0.372513
240,241,3.321744,0.472225
241,242,3.335528,0.452049
242,243,3.349311,0.461645
243,244,3.363094,0.490863
244,245,3.376877,0.421121
245,246,3.390660,0.399977
246,247,3.404444,0.415776
247,248,3.418227,0.493714
248,249,3.432010,0.465998
249,250,3.445793,0.441975
250,251,3.459576,0.464669
251,252,3.473359,0.421075
252,253,3.487143,0.469101
253,254,3.500926,0.507829
254,255,3.514709,0.450319
255,256,3.528492,0.431863
256,257,3.542275,0.462788
257,258,3.556058,0.372838
258,259,3.569842,0.342837
259,260,3.583625,0.458655
260,261,3.597408,0.378886
261,262,3.611191,0.433118
262,263,3.624974,0.340671
263,264,3.638757,0.494549
264,265,3.652541,0.436447
265,266,3.666324,0.443073
266,267,3.680107,0.426611
267,268,3.693890,0.375417
268,269,3.707673,0.468842
269,270,3.721456,0.434455
270,271,3.735240,0.400274
271,272,3.749023,0.447564
272,273,3.762806,0.380923
273,274,3.776589,0.404250
274,275,3.790372,0.465655
275,276,3.804156,0.472219
276,277,3.817939,0.430564
277,278,3.831722,0.480318
278,279,3.845505,0.463141
279,280,3.859288,0.457071
280,281,3.873071,0.395585
281,282,3.886855,0.466783
282,283,3.900638,0.390438
283,284,3.914421,0.461611
284,285,3.928204,0.452078
285,286,3.941987,0.367531
286,287,3.955770,0.445146
287,288,3.969554,0.478280
288,289,3.983337,0.392674
289,290,3.997120,0.511521
290,291,4.010903,0.440363
291,292,4.024686,0.432093
292,293,4.038469,0.459984
293,294,4.052253,0.426622
294,295,4.066036,0.365864
295,296,4.079819,0.369780
296,297,4.093602,0.457187
297,298,4.107385,0.478432
298,299,4.121168,0.446230
299,300,4.134952,0.471759
300,301,4.148735,0.445149
301,302,4.162518,0.383816
302,303,4.176301,0.466645
303,304,4.190084,0.491029
304,305,4.203868,0.401322
305,306,4.217651,0.442270
306,307,4.231434,0.398930
307,308,4.245217,0.413570
308,309,4.259000,0.399032
309,310,4.272783,0.427204
310,311,4.286567,0.441752
311,312,4.300350,0.479005
312,313,4.314133,0.399510
313,314,4.327916,0.524535
314,315,4.341699,0.433147
315,316,4.355482,0.404877
316,317,4.369266,0.371454
317,318,4.383049,0.474571
318,319,4.396832,0.381788
319,320,4.410615,0.437040
320,321,4.424398,0.528218
321,322,4.438181,0.408950
322,323,4.451965,0.480889
323,324,4.465748,0.478390
324,325,4.479531,0.490445
325,326,4.493314,0.402261
326,327,4.507097,0.370769
327,328,4.520880,0.413745
328,329,4.534664,0.406741
329,330,4.548447,0.421217
330,331,4.562230,0.433149
331,332,4.576013,0.434142
332,333,4.589796,0.407826
333,334,4.603580,0.546329
334,335,4.617363,0.469074
335,336,4.631146,0.478819
336,337,4.644929,0.495010
337,338,4.658712,0.402032
338,339,4.672495,0.424792
339,340,4.686279,0.426998
340,341,4.700062,0.427901
341,342,4.713845,0.421420
342,343,4.727628,0.449658
343,344,4.741411,0.358155
344,345,4.755194,0.506047
345,346,4.768978,0.509718
346,347,4.782761,0.369151
347,348,4.796544,0.443485
348,349,4.810327,0.385178
349,350,4.824110,0.410217
350,351,4.837893,0.450319
351,352,4.851677,0.409112
352,353,4.865460,0.426988
353,354,4.879243,0.467517
354,355,4.893026,0.492317
355,356,4.906809,0.452430
356,357,4.920592,0.434174
357,358,4.934376,0.398384
358,359,4.948159,0.474340
359,360,4.961942,0.461035
360,361,4.975725,0.506923
361,362,4.989508,0.380211
362,363,5.003292,0.423310
363,364,5.017075,0.378461
364,365,5.030858,0.415574
365,366,5.044641,0.423048
366,367,5.058424,0.525648
367,368,5.072207,0.511783
368,369,5.085991,0.475132
369,370,5.099774,0.457995
370,371,5.113557,0.427205
371,372,5.127340,0.467579
372,373,5.141123,0.403293
373,374,5.154906,0.388675
374,375,5.168690,0.472362
375,376,5.182473,0.428127
376,377,5.196256,0.473727
377,378,5.210039,0.363447
378,379,5.223822,0.422054
379,380,5.237605,0.465189
380,381,5.251389,0.443481
381,382,5.265172,0.469682
382,383,5.278955,0.418457
383,384,5.292738,0.445318
384,385,5.306521,0.423020
385,386,5.320304,0.391097
386,387,5.334088,0.485927
387,388,5.347871,0.471089
388,389,5.361654,0.469602
389,390,5.375437,0.468007
390,391,5.389220,0.452459
391,392,5.403003,0.496009
392,393,5.416787,0.437319
393,394,5.430570,0.513929
394,395,5.444353,0.400212
395,396,5.458136,0.486491
396,397,5.471919,0.413172
397,398,5.485703,0.456799
398,399,5.499486,0.456561
399,400,5.513269,0.380861
400,401,5.527052,0.481623
401,402,5.540835,0.474748
402,403,5.554618,0.505701
403,404,5.568402,0.432837
404,405,5.582185,0.418840
405,406,5.595968,0.422557
406,407,5.609751,0.410370
407,408,5.623534,0.524783
408,409,5.637317,0.491210
409,410,5.651101,0.411707
410,411,5.664884,0.439239
411,412,5.678667,0.413541
412,413,5.692450,0.469014
413,414,5.706233,0.457280
414,415,5.720016,0.451151
415,416,5.733800,0.473715
416,417,5.747583,0.500609
417,418,5.761366,0.528181
418,419,5.775149,0.363224
419,420,5.788932,0.419363
420,421,5.802715,0.440473
421,422,5.816499,0.416499
422,423,5.830282,0.412097
423,424,5.844065,0.422315
424,425,5.857848,0.412871
425,426,5.871631,0.419127
426,427,5.885415,0.413454
427,428,5.899198,0.481681
428,429,5.912981,0.398471
429,430,5.926764,0.449431
430,431,5.940547,0.470586
431,432,5.954330,0.390295
432,433,5.968114,0.431931
433,434,5.981897,0.484685
434,435,5.995680,0.551176
435,436,6.009463,0.412917
436,437,6.023246,0.541883
437,438,6.037029,0.447952
438,439,6.050813,0.535400
439,440,6.064596,0.484599
440,441,6.078379,0.448985
441,442,6.092162,0.545153
442,443,6.105945,0.383813
443,444,6.119728,0.452936
444,445,6.133512,0.434250
445,446,6.147295,0.389415
446,447,6.161078,0.440466
447,448,6.174861,0.372560
448,449,6.188644,0.511659
449,450,6.202427,0.488467
450,451,6.216211,0.452591
451,452,6.229994,0.352830
452,453,6.243777,0.433970
453,454,6.257560,0.395238
454,455,6.271343,0.426500
455,456,6.285127,0.432817
456,457,6.298910,0.409331
457,458,6.312693,0.404210
458,459,6.326476,0.480337
459,460,6.340259,0.358821
460,461,6.354042,0.433668
461,462,6.367826,0.459504
462,463,6.381609,0.438895
463,464,6.395392,0.434381
464,465,6.409175,0.453550
465,466,6.422958,0.455514
466,467,6.436741,0.446466
467,468,6.450525,0.387902
468,469,6.464308,0.527403
469,470,6.478091,0.443514
470,471,6.491874,0.444974
471,472,6.505657,0.518245
472,473,6.519440,0.486806
473,474,6.533224,0.375457
474,475,6.547007,0.428976
475,476,6.560790,0.440815
476,477,6.574573,0.434441
477,478,6.588356,0.402622
478,479,6.602139,0.366940
479,480,6.615923,0.414710
480,481,6.629706,0.500873
481,482,6.643489,0.432669
482,483,6.657272,0.386478
483,484,6.671055,0.431511
484,485,6.684839,0.404386
485,486,6.698622,0.451731
486,487,6.712405,0.359066
487,488,6.726188,0.471522
488,489,6.739971,0.474262
489,490,6.753754,0.357486
490,491,6.767538,0.490431
491,492,6.781321,0.447941
492,493,6.795104,0.403674
493,494,6.808887,0.413491
494,495,6.822670,0.400517
495,496,6.836453,0.398751
496,497,6.850237,0.460889
497,498,6.864020,0.417317
498,499,6.877803,0.491531
499,500,6.891586,0.382285
500,501,6.905369,0.401748
501,502,6.919152,0.495467
502,503,6.932936,0.500211
503,504,6.946719,0.427678
504,505,6.960502,0.456214
505,506,6.974285,0.440539
506,507,6.988068,0.457393
507,508,7.001851,0.456893
508,509,7.015635,0.405505
509,510,7.029418,0.458096
510,511,7.043201,0.480270
511,512,7.056984,0.423424
512,513,7.070767,0.422712
513,514,7.084551,0.399367
514,515,7.098334,0.488145
515,516,7.112117,0.458155
516,517,7.125900,0.454129
517,518,7.139683,0.473215
518,519,7.153466,0.481368
519,520,7.167250,0.485519
520,521,7.181033,0.394562
521,522,7.194816,0.405658
522,523,7.208599,0.400273
523,524,7.222382,0.472212
524,525,7.236165,0.477242
525,526,7.249949,0.465472
526,527,7.263732,0.422754
527,528,7.277515,0.518201
528,529,7.291298,0.441330
529,530,7.305081,0.409196
530,531,7.318864,0.386896
531,532,7.332648,0.430462
532,533,7.346431,0.467008
533,534,7.360214,0.411232
534,535,7.373997,0.395300
535,536,7.387780,0.434876
536,537,7.401563,0.459048
537,538,7.415347,0.481834
538,539,7.429130,0.446421
539,540,7.442913,0.415676
540,541,7.456696,0.432288
541,542,7.470479,0.414792
542,543,7.484262,0.455932
543,544,7.498046,0.458610
544,545,7.511829,0.465381
545,546,7.525612,0.455179
546,547,7.539395,0.404635
547,548,7.553178,0.398064
548,549,7.566962,0.405045
549,550,7.580745,0.401986
550,551,7.594528,0.444005
551,552,7.608311,0.491982
552,553,7.622094,0.417512
553,554,7.635877,0.423309
554,555,7.649661,0.435883
555,556,7.663444,0.426963
556,557,7.677227,0.470495
557,558,7.691010,0.473263
558,559,7.704793,0.445224
559,560,7.718576,0.398068
560,561,7.732360,0.435756
561,562,7.746143,0.481468
562,563,7.759926,0.473772
563,564,7.773709,0.503704
564,565,7.787492,0.480903
565,566,7.801275,0.420951
566,567,7.815059,0.504373
567,568,7.828842,0.407177
568,569,7.842625,0.433828
569,570,7.856408,0.508221
570,571,7.870191,0.424976
571,572,7.883974,0.445027
572,573,7.897758,0.515725
573,574,7.911541,0.441887
574,575,7.925324,0.459143
575,576,7.939107,0.416101
576,577,7.952890,0.408933
577,578,7.966674,0.429995
578,579,7.980457,0.397394
579,580,7.994240,0.428259
580,581,8.008023,0.391350
581,582,8.021806,0.452250
582,583,8.035589,0.446105
583,584,8.049373,0.388004
584,585,8.063156,0.424570
585,586,8.076939,0.532024
586,587,8.090722,0.429445
587,588,8.104505,0.449009
588,589,8.118288,0.432504
589,590,8.132072,0.441913
590,591,8.145855,0.470705
591,592,8.159638,0.437447
592,593,8.173421,0.453200
593,594,8.187204,0.434160
594,595,8.200987,0.483654
595,596,8.214771,0.398845
596,597,8.228554,0.396451
597,598,8.242337,0.465587
598,599,8.256120,0.514762
599,600,8.269903,0.489399
600,601,8.283686,0.479162
601,602,8.297470,0.403316
602,603,8.311253,0.483550
603,604,8.325036,0.439612
604,605,8.338819,0.462375
605,606,8.352602,0.492040
606,607,8.366386,0.442454
607,608,8.380169,0.398463
608,609,8.393952,0.410259
609,610,8.407735,0.493862
610,611,8.421518,0.440734
611,612,8.435301,0.457542
612,613,8.449085,0.449668
613,614,8.462868,0.418536
614,615,8.476651,0.437194
615,616,8.490434,0.417819
616,617,8.504217,0.417011
617,618,8.518000,0.444544
618,619,8.531784,0.337975
619,620,8.545567,0.447082
620,621,8.559350,0.360309
621,622,8.573133,0.339236
622,623,8.586916,0.451305
623,624,8.600699,0.421247
624,625,8.614483,0.380367
625,626,8.628266,0.381936
626,627,8.642049,0.468262
627,628,8.655832,0.457290
628,629,8.669615,0.448631
629,630,8.683398,0.412698
630,631,8.697182,0.378518
631,632,8.710965,0.478737
632,633,8.724748,0.357840
633,634,8.738531,0.409536
634,635,8.752314,0.373110
635,636,8.766098,0.428739
636,637,8.779881,0.474906
637,638,8.793664,0.383631
638,639,8.807447,0.449133
639,640,8.821230,0.511298
640,641,8.835013,0.466199
641,642,8.848797,0.372940
642,643,8.862580,0.477291
643,644,8.876363,0.421914
644,645,8.890146,0.479616
645,646,8.903929,0.502350
646,647,8.917712,0.452333
647,648,8.931496,0.465575
648,649,8.945279,0.384736
649,650,8.959062,0.413093
650,651,8.972845,0.436351
651,652,8.986628,0.479911
652,653,9.000411,0.443009
653,654,9.014195,0.402311
654,655,9.027978,0.425350
655,656,9.041761,0.419732
656,657,9.055544,0.350647
657,658,9.069327,0.398047
658,659,9.083110,0.423096
659,660,9.096894,0.417212
660,661,9.110677,0.414317
661,662,9.124460,0.442899
662,663,9.138243,0.446207
663,664,9.152026,0.418657
664,665,9.165810,0.427085
665,666,9.179593,0.425634
666,667,9.193376,0.404046
667,668,9.207159,0.473087
668,669,9.220942,0.464461
669,670,9.234725,0.352820
670,671,9.248509,0.390100
671,672,9.262292,0.414597
672,673,9.276075,0.456001
673,674,9.289858,0.456268
674,675,9.303641,0.421395
675,676,9.317424,0.392787
676,677,9.331208,0.396277
677,678,9.344991,0.370351
678,679,9.358774,0.523078
679,680,9.372557,0.429787
680,681,9.386340,0.432097
681,682,9.400123,0.418576
682,683,9.413907,0.523483
683,684,9.427690,0.453000
684,685,9.441473,0.497959
685,686,9.455256,0.458131
686,687,9.469039,0.439100
687,688,9.482822,0.439506
688,689,9.496606,0.434621
689,690,9.510389,0.408209
690,691,9.524172,0.528490
691,692,9.537955,0.512544
692,693,9.551738,0.421119
693,694,9.565521,0.415727
694,695,9.579305,0.408764
695,696,9.593088,0.400767
696,697,9.606871,0.436631
697,698,9.620654,0.402779
698,699,9.634437,0.317881
699,700,9.648221,0.408420
700,701,9.662004,0.434519
701,702,9.675787,0.488754
702,703,9.689570,0.431048
703,704,9.703353,0.344897
704,705,9.717136,0.427168
705,706,9.730920,0.410817
706,707,9.744703,0.445208
707,708,9.758486,0.473918
708,709,9.772269,0.425086
709,710,9.786052,0.379190
710,711,9.799835,0.406161
711,712,9.813619,0.400393
712,713,9.827402,0.457759
713,714,9.841185,0.409751
714,715,9.854968,0.407989
715,716,9.868751,0.477215
716,717,9.882534,0.424760
717,718,9.896318,0.458539
718,719,9.910101,0.471102
719,720,9.923884,0.410003
720,721,9.937667,0.467237
721,722,9.951450,0.472771
722,723,9.965233,0.421269
723,724,9.979017,0.417922
724,725,9.992800,0.443310
725,726,10.006583,0.450741
726,727,10.020366,0.395940
727,728,10.034149,0.392557
728,729,10.047933,0.445056
729,730,10.061716,0.403368
730,731,10.075499,0.446910
731,732,10.089282,0.440832
732,733,10.103065,0.480820
733,734,10.116848,0.380307
734,735,10.130632,0.474387
735,736,10.144415,0.451170
736,737,10.158198,0.485775
737,738,10.171981,0.414676
738,739,10.185764,0.430887
739,740,10.199547,0.477155
740,741,10.213331,0.428607
741,742,10.227114,0.394597
742,743,10.240897,0.440856
743,744,10.254680,0.415100
744,745,10.268463,0.308711
745,746,10.282246,0.484633
746,747,10.296030,0.371336
747,748,10.309813,0.462460
748,749,10.323596,0.406278
749,750,10.337379,0.409030
750,751,10.351162,0.389020
751,752,10.364945,0.495544
752,753,10.378729,0.432308
753,754,10.392512,0.464227
754,755,10.406295,0.425209
755,756,10.420078,0.486544
756,757,10.433861,0.478540
757,758,10.447645,0.353540
758,759,10.461428,0.407820
759,760,10.475211,0.416849
760,761,10.488994,0.525268
761,762,10.502777,0.476260
762,763,10.516560,0.414509
763,764,10.530344,0.463234
764,765,10.544127,0.510216
765,766,10.557910,0.459229
766,767,10.571693,0.487652
767,768,10.585476,0.453226
768,769,10.599259,0.475437
769,770,10.613043,0.457784
770,771,10.626826,0.450699
771,772,10.640609,0.485260
772,773,10.654392,0.468734
773,774,10.668175,0.399726
774,775,10.681958,0.407092
775,776,10.695742,0.388849
776,777,10.709525,0.455236
777,778,10.723308,0.435094
778,779,10.737091,0.493651
779,780,10.750874,0.345460
780,781,10.764657,0.407188
781,782,10.778441,0.426651
782,783,10.792224,0.382780
783,784,10.806007,0.501279
784,785,10.819790,0.475309
785,786,10.833573,0.397776
786,787,10.847357,0.382382
787,788,10.861140,0.541980
788,789,10.874923,0.451300
789,790,10.888706,0.417668
790,791,10.902489,0.512672
791,792,10.916272,0.470603
792,793,10.930056,0.405530
793,794,10.943839,0.417597
794,795,10.957622,0.484701
795,796,10.971405,0.384535
796,797,10.985188,0.360115
797,798,10.998971,0.456726
798,799,11.012755,0.390952
799,800,11.026538,0.425865
800,801,11.040321,0.503610
801,802,11.054104,0.393097
802,803,11.067887,0.396368
803,804,11.081670,0.421567
804,805,11.095454,0.432717
805,806,11.109237,0.418613
806,807,11.123020,0.427090
807,808,11.136803,0.485902
808,809,11.150586,0.425179
809,810,11.164369,0.434698
810,811,11.178153,0.464526
811,812,11.191936,0.416685
812,813,11.205719,0.383900
813,814,11.219502,0.400730
814,815,11.233285,0.462426
815,816,11.247069,0.398205
816,817,11.260852,0.447101
817,818,11.274635,0.419587
818,819,11.288418,0.479827
819,820,11.302201,0.457892
820,821,11.315984,0.483259
821,822,11.329768,0.430055
822,823,11.343551,0.476157
823,824,11.357334,0.397094
824,825,11.371117,0.422534
825,826,11.384900,0.392131
826,827,11.398683,0.457151
827,828,11.412467,0.437348
828,829,11.426250,0.440945
829,830,11.440033,0.510063
830,831,11.453816,0.435737
831,832,11.467599,0.421654
832,833,11.481382,0.389594
833,834,11.495166,0.424973
834,835,11.508949,0.362894
835,836,11.522732,0.455205
836,837,11.536515,0.347258
837,838,11.550298,0.406048
838,839,11.564081,0.505171
839,840,11.577865,0.427749
840,841,11.591648,0.432581
841,842,11.605431,0.466180
842,843,11.619214,0.593105
843,844,11.632997,0.498158
844,845,11.646780,0.468216
845,846,11.660564,0.385716
846,847,11.674347,0.427673
847,848,11.688130,0.430068
848,849,11.701913,0.446815
849,850,11.715696,0.491666
850,851,11.729480,0.463628
851,852,11.743263,0.412780
852,853,11.757046,0.429414
853,854,11.770829,0.440616
854,855,11.784612,0.443687
855,856,11.798395,0.423573
856,857,11.812179,0.386065
857,858,11.825962,0.412210
858,859,11.839745,0.387089
859,860,11.853528,0.443975
860,861,11.867311,0.387894
861,862,11.881094,0.455202
862,863,11.894878,0.428315
863,864,11.908661,0.415389
864,865,11.922444,0.463718
865,866,11.936227,0.406790
866,867,11.950010,0.479868
867,868,11.963793,0.465025
868,869,11.977577,0.441198
869,870,11.991360,0.422767
870,871,12.005143,0.391377
871,872,12.018926,0.356087
872,873,12.032709,0.472007
873,874,12.046492,0.506158
874,875,12.060276,0.490456
875,876,12.074059,0.416295
876,877,12.087842,0.499908
877,878,12.101625,0.466536
878,879,12.115408,0.462814
879,880,12.129192,0.461714
880,881,12.142975,0.372582
881,882,12.156758,0.367933
882,883,12.170541,0.403910
883,884,12.184324,0.426210
884,885,12.198107,0.486555
885,886,12.211891,0.385282
886,887,12.225674,0.392148
887,888,12.239457,0.351888
888,889,12.253240,0.415940
889,890,12.267023,0.420558
890,891,12.280806,0.531331
891,892,12.294590,0.477534
892,893,12.308373,0.524732
893,894,12.322156,0.426233
894,895,12.335939,0.482692
895,896,12.349722,0.429364
896,897,12.363505,0.377152
897,898,12.377289,0.442421
898,899,12.391072,0.465346
899,900,12.404855,0.390492
900,901,12.418638,0.450190
901,902,12.432421,0.399941
902,903,12.446204,0.451813
903,904,12.459988,0.563227
904,905,12.473771,0.431972
905,906,12.487554,0.459701
906,907,12.501337,0.437940
907,908,12.515120,0.335213
908,909,12.528904,0.498936
909,910,12.542687,0.483960
910,911,12.556470,0.421115
911,912,12.570253,0.428437
912,913,12.584036,0.528276
913,914,12.597819,0.413151
914,915,12.611603,0.454408
915,916,12.625386,0.419052
916,917,12.639169,0.404275
917,918,12.652952,0.396901
918,919,12.666735,0.473750
919,920,12.680518,0.394136
920,921,12.694302,0.471678
921,922,12.708085,0.459948
922,923,12.721868,0.524904
923,924,12.735651,0.446980
924,925,12.749434,0.463161
925,926,12.763217,0.486524
926,927,12.777001,0.417687
927,928,12.790784,0.392363
928,929,12.804567,0.369999
929,930,12.818350,0.451183
930,931,12.832133,0.458090
931,932,12.845916,0.382672
932,933,12.859700,0.425206
933,934,12.873483,0.518482
934,935,12.887266,0.430864
935,936,12.901049,0.483571
936,937,12.914832,0.437046
937,938,12.928616,0.422623
938,939,12.942399,0.408434
939,940,12.956182,0.452284
940,941,12.969965,0.418208
941,942,12.983748,0.478143
942,943,12.997531,0.437643
943,944,13.011315,0.499267
944,945,13.025098,0.447656
945,946,13.038881,0.490714
946,947,13.052664,0.407759
947,948,13.066447,0.425339
948,949,13.080230,0.432200
949,950,13.094014,0.405317
950,951,13.107797,0.453389
951,952,13.121580,0.471976
952,953,13.135363,0.423371
953,954,13.149146,0.417691
954,955,13.162929,0.451234
955,956,13.176713,0.490844
956,957,13.190496,0.367651
957,958,13.204279,0.374774
958,959,13.218062,0.472733
959,960,13.231845,0.404543
960,961,13.245628,0.456364
961,962,13.259412,0.476753
962,963,13.273195,0.413148
963,964,13.286978,0.451325
964,965,13.300761,0.418767
965,966,13.314544,0.532748
966,967,13.328328,0.449638
967,968,13.342111,0.460547
968,969,13.355894,0.552390
969,970,13.369677,0.476470
970,971,13.383460,0.387617
971,972,13.397243,0.468042
972,973,13.411027,0.412140
973,974,13.424810,0.460001
974,975,13.438593,0.422481
975,976,13.452376,0.478580
976,977,13.466159,0.365506
977,978,13.479942,0.428265
978,979,13.493726,0.399925
979,980,13.507509,0.501808
980,981,13.521292,0.434073
981,982,13.535075,0.403242
982,983,13.548858,0.505397
983,984,13.562641,0.303957
984,985,13.576425,0.359342
985,986,13.590208,0.482609
986,987,13.603991,0.345033
987,988,13.617774,0.306061
988,989,13.631557,0.458654
989,990,13.645340,0.471780
990,991,13.659124,0.394531
991,992,13.672907,0.403384
992,993,13.686690,0.365417
993,994,13.700473,0.469810
994,995,13.714256,0.418706
995,996,13.728039,0.433573
996,997,13.741823,0.488418
997,998,13.755606,0.459260
998,999,13.769389,0.472772
999,1000,13.783172,0.464593
1000,1001,13.796955,0.484078
1001,1002,13.810739,0.462659
1002,1003,13.824522,0.395836
1003,1004,13.838305,0.412302
1004,1005,13.852088,0.421954
1005,1006,13.865871,0.442453
1006,1007,13.879654,0.472160
1007,1008,13.893438,0.471662
1008,1009,13.907221,0.414531
1009,1010,13.921004,0.489391
1010,1011,13.934787,0.481251
1011,1012,13.948570,0.410876
1012,1013,13.962353,0.423717
1013,1014,13.976137,0.443683
1014,1015,13.989920,0.393490
1015,1016,14.003703,0.457586
1016,1017,14.017486,0.364314
1017,1018,14.031269,0.383569
1018,1019,14.045052,0.413050
1019,1020,14.058836,0.464940
1020,1021,14.072619,0.475168
1021,1022,14.086402,0.459310
1022,1023,14.100185,0.509969
1023,1024,14.113968,0.420888
1024,1025,14.127751,0.471913
1025,1026,14.141535,0.483852
1026,1027,14.155318,0.486115
1027,1028,14.169101,0.415679
1028,1029,14.182884,0.432461
1029,1030,14.196667,0.535434
1030,1031,14.210451,0.443166
1031,1032,14.224234,0.488839
1032,1033,14.238017,0.402879
1033,1034,14.251800,0.500653
1034,1035,14.265583,0.453521
1035,1036,14.279366,0.405417
1036,1037,14.293150,0.423819
1037,1038,14.306933,0.494351
1038,1039,14.320716,0.441254
1039,1040,14.334499,0.438178
1040,1041,14.348282,0.364321
1041,1042,14.362065,0.447871
1042,1043,14.375849,0.413491
1043,1044,14.389632,0.438820
1044,1045,14.403415,0.449925
1045,1046,14.417198,0.477204
1046,1047,14.430981,0.348403
1047,1048,14.444764,0.469659
1048,1049,14.458548,0.386743
1049,1050,14.472331,0.395257
1050,1051,14.486114,0.493925
1051,1052,14.499897,0.509252
1052,1053,14.513680,0.439377
1053,1054,14.527463,0.444421
1054,1055,14.541247,0.453234
1055,1056,14.555030,0.416494
1056,1057,14.568813,0.406333
1057,1058,14.582596,0.381137
1058,1059,14.596379,0.414957
1059,1060,14.610163,0.457024
1060,1061,14.623946,0.385023
1061,1062,14.637729,0.507162
1062,1063,14.651512,0.370710
1063,1064,14.665295,0.451903
1064,1065,14.679078,0.460374
1065,1066,14.692862,0.443797
1066,1067,14.706645,0.402925
1067,1068,14.720428,0.511846
1068,1069,14.734211,0.450406
1069,1070,14.747994,0.529761
1070,1071,14.761777,0.405280
1071,1072,14.775561,0.443439
1072,1073,14.789344,0.535830
1073,1074,14.803127,0.595468
1074,1075,14.816910,0.483296
1075,1076,14.830693,0.394441
1076,1077,14.844476,0.403785
1077,1078,14.858260,0.499935
1078,1079,14.872043,0.475760
1079,1080,14.885826,0.529208
1080,1081,14.899609,0.424289
1081,1082,14.913392,0.438085
1082,1083,14.927175,0.437096
1083,1084,14.940959,0.469771
1084,1085,14.954742,0.435097
1085,1086,14.968525,0.393864
1086,1087,14.982308,0.382209
1087,1088,14.996091,0.452323
1088,1089,15.009875,0.467605
1089,1090,15.023658,0.402991
1090,1091,15.037441,0.413236
1091,1092,15.051224,0.374499
1092,1093,15.065007,0.442197
1093,1094,15.078790,0.474689
1094,1095,15.092574,0.497451
1095,1096,15.106357,0.425011
1096,1097,15.120140,0.405572
1097,1098,15.133923,0.414578
1098,1099,15.147706,0.454198
1099,1100,15.161489,0.450722
1100,1101,15.175273,0.453703
1101,1102,15.189056,0.369200
1102,1103,15.202839,0.436652
1103,1104,15.216622,0.454709
1104,1105,15.230405,0.379031
1105,1106,15.244188,0.427502
1106,1107,15.257972,0.430598
1107,1108,15.271755,0.415081
1108,1109,15.285538,0.381553
1109,1110,15.299321,0.414638
1110,1111,15.313104,0.434481
1111,1112,15.326887,0.475484
1112,1113,15.340671,0.519455
1113,1114,15.354454,0.478401
1114,1115,15.368237,0.483896
1115,1116,15.382020,0.450353
1116,1117,15.395803,0.430976
1117,1118,15.409587,0.419080
1118,1119,15.423370,0.460958
1119,1120,15.437153,0.435578
1120,1121,15.450936,0.504098
1121,1122,15.464719,0.428116
1122,1123,15.478502,0.398310
1123,1124,15.492286,0.399634
1124,1125,15.506069,0.500936
1125,1126,15.519852,0.492912
1126,1127,15.533635,0.422524
1127,1128,15.547418,0.441740
1128,1129,15.561201,0.420045
1129,1130,15.574985,0.429821
1130,1131,15.588768,0.477099
1131,1132,15.602551,0.428453
1132,1133,15.616334,0.398563
1133,1134,15.630117,0.449739
1134,1135,15.643900,0.521835
1135,1136,15.657684,0.489179
1136,1137,15.671467,0.458378
1137,1138,15.685250,0.467318
1138,1139,15.699033,0.386595
1139,1140,15.712816,0.469398
1140,1141,15.726599,0.464758
1141,1142,15.740383,0.441860
1142,1143,15.754166,0.442567
1143,1144,15.767949,0.381669
1144,1145,15.781732,0.418066
1145,1146,15.795515,0.401942
1146,1147,15.809298,0.408828
1147,1148,15.823082,0.404827
1148,1149,15.836865,0.423777
1149,1150,15.850648,0.382722
1150,1151,15.864431,0.461550
1151,1152,15.878214,0.462010
1152,1153,15.891998,0.459494
1153,1154,15.905781,0.440703
1154,1155,15.919564,0.377570
1155,1156,15.933347,0.441641
1156,1157,15.947130,0.484918
1157,1158,15.960913,0.411111
1158,1159,15.974697,0.512119
1159,1160,15.988480,0.516588
1160,1161,16.002263,0.461602
1161,1162,16.016046,0.493682
1162,1163,16.029829,0.482561
1163,1164,16.043612,0.426426
1164,1165,16.057396,0.453959
1165,1166,16.071179,0.452679
1166,1167,16.084962,0.483319
1167,1168,16.098745,0.451730
1168,1169,16.112528,0.460332
1169,1170,16.126311,0.407488
1170,1171,16.140095,0.475947
1171,1172,16.153878,0.480380
1172,1173,16.167661,0.524941
1173,1174,16.181444,0.536680
1174,1175,16.195227,0.456441
1175,1176,16.209010,0.416547
1176,1177,16.222794,0.485191
1177,1178,16.236577,0.512723
1178,1179,16.250360,0.469143
1179,1180,16.264143,0.425739
1180,1181,16.277926,0.447612
1181,1182,16.291710,0.492145
1182,1183,16.305493,0.421573
1183,1184,16.319276,0.399208
1184,1185,16.333059,0.435933
1185,1186,16.346842,0.402971
1186,1187,16.360625,0.468441
1187,1188,16.374409,0.424759
1188,1189,16.388192,0.489901
1189,1190,16.401975,0.464587
1190,1191,16.415758,0.460489
1191,1192,16.429541,0.481654
1192,1193,16.443324,0.417869
1193,1194,16.457108,0.404158
1194,1195,16.470891,0.455216
1195,1196,16.484674,0.483367
1196,1197,16.498457,0.445239
1197,1198,16.512240,0.506228
1198,1199,16.526023,0.413821
1199,1200,16.539807,0.453868
1200,1201,16.553590,0.464037
1201,1202,16.567373,0.476173
1202,1203,16.581156,0.459196
1203,1204,16.594939,0.408205
1204,1205,16.608722,0.440127
1205,1206,16.622506,0.527969
1206,1207,16.636289,0.475114
1207,1208,16.650072,0.422905
1208,1209,16.663855,0.396104
1209,1210,16.677638,0.460599
1210,1211,16.691422,0.405148
1211,1212,16.705205,0.384671
1212,1213,16.718988,0.421760
1213,1214,16.732771,0.424184
1214,1215,16.746554,0.415677
1215,1216,16.760337,0.526085
1216,1217,16.774121,0.453489
1217,1218,16.787904,0.397018
1218,1219,16.801687,0.420805
1219,1220,16.815470,0.446066
1220,1221,16.829253,0.455571
1221,1222,16.843036,0.349696
1222,1223,16.856820,0.429320
1223,1224,16.870603,0.439063
1224,1225,16.884386,0.421469
1225,1226,16.898169,0.438663
1226,1227,16.911952,0.399295
1227,1228,16.925735,0.460795
1228,1229,16.939519,0.419218
1229,1230,16.953302,0.475190
1230,1231,16.967085,0.502112
1231,1232,16.980868,0.382894
1232,1233,16.994651,0.448482
1233,1234,17.008434,0.477706
1234,1235,17.022218,0.395178
1235,1236,17.036001,0.436617
1236,1237,17.049784,0.432676
1237,1238,17.063567,0.422150
1238,1239,17.077350,0.392612
1239,1240,17.091134,0.378964
1240,1241,17.104917,0.369643
1241,1242,17.118700,0.475421
1242,1243,17.132483,0.464769
1243,1244,17.146266,0.400786
1244,1245,17.160049,0.378692
1245,1246,17.173833,0.503015
1246,1247,17.187616,0.438662
1247,1248,17.201399,0.545415
1248,1249,17.215182,0.467047
1249,1250,17.228965,0.440726
1250,1251,17.242748,0.451430
1251,1252,17.256532,0.417628
1252,1253,17.270315,0.429044
1253,1254,17.284098,0.449462
1254,1255,17.297881,0.422781
1255,1256,17.311664,0.451018
1256,1257,17.325447,0.437114
1257,1258,17.339231,0.422903
1258,1259,17.353014,0.380505
1259,1260,17.366797,0.458818
1260,1261,17.380580,0.382348
1261,1262,17.394363,0.379660
1262,1263,17.408146,0.335725
1263,1264,17.421930,0.393832
1264,1265,17.435713,0.444229
1265,1266,17.449496,0.437100
1266,1267,17.463279,0.494724
1267,1268,17.477062,0.463856
1268,1269,17.490846,0.518217
1269,1270,17.504629,0.398716
1270,1271,17.518412,0.451469
1271,1272,17.532195,0.376198
1272,1273,17.545978,0.421334
1273,1274,17.559761,0.412095
1274,1275,17.573545,0.447017
1275,1276,17.587328,0.426966
1276,1277,17.601111,0.423219
1277,1278,17.614894,0.419693
1278,1279,17.628677,0.411689
1279,1280,17.642460,0.395022
1280,1281,17.656244,0.421449
1281,1282,17.670027,0.471690
1282,1283,17.683810,0.476685
1283,1284,17.697593,0.389391
1284,1285,17.711376,0.405008
1285,1286,17.725159,0.487929
1286,1287,17.738943,0.401113
1287,1288,17.752726,0.419166
1288,1289,17.766509,0.478913
1289,1290,17.780292,0.482970
1290,1291,17.794075,0.433536
1291,1292,17.807858,0.397326
1292,1293,17.821642,0.408501
1293,1294,17.835425,0.464153
1294,1295,17.849208,0.449079
1295,1296,17.862991,0.437877
1296,1297,17.876774,0.513950
1297,1298,17.890557,0.446021
1298,1299,17.904341,0.517120
1299,1300,17.918124,0.432946
1300,1301,17.931907,0.447905
1301,1302,17.945690,0.444168
1302,1303,17.959473,0.491499
1303,1304,17.973257,0.510987
1304,1305,17.987040,0.407810
1305,1306,18.000823,0.375266
1306,1307,18.014606,0.456421
1307,1308,18.028389,0.424152
1308,1309,18.042172,0.397040
1309,1310,18.055956,0.375776
1310,1311,18.069739,0.416020
1311,1312,18.083522,0.486210
1312,1313,18.097305,0.461696
1313,1314,18.111088,0.466787
1314,1315,18.124871,0.468538
1315,1316,18.138655,0.460760
1316,1317,18.152438,0.422252
1317,1318,18.166221,0.489031
1318,1319,18.180004,0.432954
1319,1320,18.193787,0.470424
1320,1321,18.207570,0.485686
1321,1322,18.221354,0.430419
1322,1323,18.235137,0.405289
1323,1324,18.248920,0.443210
1324,1325,18.262703,0.431279
1325,1326,18.276486,0.484502
1326,1327,18.290269,0.421280
1327,1328,18.304053,0.421836
1328,1329,18.317836,0.436831
1329,1330,18.331619,0.476959
1330,1331,18.345402,0.353836
1331,1332,18.359185,0.543661
1332,1333,18.372969,0.407688
1333,1334,18.386752,0.497378
1334,1335,18.400535,0.466179
1335,1336,18.414318,0.416287
1336,1337,18.428101,0.461927
1337,1338,18.441884,0.406657
1338,1339,18.455668,0.407170
1339,1340,18.469451,0.403180
1340,1341,18.483234,0.437107
1341,1342,18.497017,0.412994
1342,1343,18.510800,0.502514
1343,1344,18.524583,0.432124
1344,1345,18.538367,0.426770
1345,1346,18.552150,0.400763
1346,1347,18.565933,0.434540
1347,1348,18.579716,0.424805
1348,1349,18.593499,0.360853
1349,1350,18.607282,0.454229
1350,1351,18.621066,0.417715
1351,1352,18.634849,0.375790
1352,1353,18.648632,0.469675
1353,1354,18.662415,0.416188
1354,1355,18.676198,0.408611
1355,1356,18.689981,0.365248
1356,1357,18.703765,0.434522
1357,1358,18.717548,0.458963
1358,1359,18.731331,0.421873
1359,1360,18.745114,0.389402
1360,1361,18.758897,0.522777
1361,1362,18.772681,0.420367
1362,1363,18.786464,0.528845
1363,1364,18.800247,0.422535
1364,1365,18.814030,0.533682
1365,1366,18.827813,0.430728
1366,1367,18.841596,0.410600
1367,1368,18.855380,0.475245
1368,1369,18.869163,0.404099
1369,1370,18.882946,0.479993
1370,1371,18.896729,0.491954
1371,1372,18.910512,0.466865
1372,1373,18.924295,0.478591
1373,1374,18.938079,0.462362
1374,1375,18.951862,0.412029
1375,1376,18.965645,0.434045
1376,1377,18.979428,0.400272
1377,1378,18.993211,0.423086
1378,1379,19.006994,0.424454
1379,1380,19.020778,0.431626
1380,1381,19.034561,0.427975
1381,1382,19.048344,0.451739
1382,1383,19.062127,0.435832
1383,1384,19.075910,0.385431
1384,1385,19.089693,0.413633
1385,1386,19.103477,0.453960
1386,1387,19.117260,0.452772
1387,1388,19.131043,0.412886
1388,1389,19.144826,0.422654
1389,1390,19.158609,0.425405
1390,1391,19.172393,0.493812
1391,1392,19.186176,0.494794
1392,1393,19.199959,0.491035
1393,1394,19.213742,0.448313
1394,1395,19.227525,0.413922
1395,1396,19.241308,0.487625
1396,1397,19.255092,0.382019
1397,1398,19.268875,0.516018
1398,1399,19.282658,0.479013
1399,1400,19.296441,0.394791
1400,1401,19.310224,0.508118
1401,1402,19.324007,0.462147
1402,1403,19.337791,0.503872
1403,1404,19.351574,0.494807
1404,1405,19.365357,0.481239
1405,1406,19.379140,0.474914
1406,1407,19.392923,0.530946
1407,1408,19.406706,0.414385
1408,1409,19.420490,0.525205
1409,1410,19.434273,0.439644
1410,1411,19.448056,0.504872
1411,1412,19.461839,0.465105
1412,1413,19.475622,0.398162
1413,1414,19.489405,0.415392
1414,1415,19.503189,0.454471
1415,1416,19.516972,0.402677
1416,1417,19.530755,0.484513
1417,1418,19.544538,0.389940
1418,1419,19.558321,0.366663
1419,1420,19.572105,0.414212
1420,1421,19.585888,0.389385
1421,1422,19.599671,0.420856
1422,1423,19.613454,0.466017
1423,1424,19.627237,0.391567
1424,1425,19.641020,0.407318
1425,1426,19.654804,0.450340
1426,1427,19.668587,0.484983
1427,1428,19.682370,0.452323
1428,1429,19.696153,0.485545
1429,1430,19.709936,0.484035
1430,1431,19.723719,0.424445
1431,1432,19.737503,0.409182
1432,1433,19.751286,0.397804
1433,1434,19.765069,0.455399
1434,1435,19.778852,0.417810
1435,1436,19.792635,0.430178
1436,1437,19.806418,0.446537
1437,1438,19.820202,0.456601
1438,1439,19.833985,0.356464
1439,1440,19.847768,0.470372
1440,1441,19.861551,0.409075
1441,1442,19.875334,0.377168
1442,1443,19.889117,0.552257
1443,1444,19.902901,0.463186
1444,1445,19.916684,0.471138
1445,1446,19.930467,0.403164
1446,1447,19.944250,0.478180
1447,1448,19.958033,0.395257
1448,1449,19.971816,0.511726
1449,1450,19.985600,0.385404
1450,1451,19.999383,0.478994
1451,1452,20.013166,0.451373
1452,1453,20.026949,0.443923
1453,1454,20.040732,0.435000
1454,1455,20.054516,0.444457
1455,1456,20.068299,0.454798
1456,1457,20.082082,0.473134
1457,1458,20.095865,0.428011
1458,1459,20.109648,0.424538
1459,1460,20.123431,0.411087
1460,1461,20.137215,0.450700
1461,1462,20.150998,0.491176
1462,1463,20.164781,0.391904
1463,1464,20.178564,0.530562
1464,1465,20.192347,0.438948
1465,1466,20.206130,0.447286
1466,1467,20.219914,0.394788
1467,1468,20.233697,0.488718
1468,1469,20.247480,0.461165
1469,1470,20.261263,0.444603
1470,1471,20.275046,0.433025
1471,1472,20.288829,0.420781
1472,1473,20.302613,0.397041
1473,1474,20.316396,0.430386
1474,1475,20.330179,0.462252
1475,1476,20.343962,0.462905
1476,1477,20.357745,0.439523
1477,1478,20.371528,0.562972
1478,1479,20.385312,0.435094
1479,1480,20.399095,0.433536
1480,1481,20.412878,0.478506
1481,1482,20.426661,0.417187
1482,1483,20.440444,0.479854
1483,1484,20.454228,0.443693
1484,1485,20.468011,0.462970
1485,1486,20.481794,0.534617
1486,1487,20.495577,0.453476
1487,1488,20.509360,0.456917
1488,1489,20.523143,0.448744
1489,1490,20.536927,0.489422
1490,1491,20.550710,0.349125
1491,1492,20.564493,0.439740
1492,1493,20.578276,0.442518
1493,1494,20.592059,0.489620
1494,1495,20.605842,0.478324
1495,1496,20.619626,0.377122
1496,1497,20.633409,0.454750
1497,1498,20.647192,0.483094
1498,1499,20.660975,0.445658
1499,1500,20.674758,0.403394
1500,1501,20.688541,0.443923
1501,1502,20.702325,0.473404
1502,1503,20.716108,0.523669
1503,1504,20.729891,0.349455
1504,1505,20.743674,0.479981
1505,1506,20.757457,0.427205
1506,1507,20.771240,0.412828
1507,1508,20.785024,0.513612
1508,1509,20.798807,0.504244
1509,1510,20.812590,0.480016
1510,1511,20.826373,0.406341
1511,1512,20.840156,0.447959
1512,1513,20.853940,0.454802
1513,1514,20.867723,0.443849
1514,1515,20.881506,0.494747
1515,1516,20.895289,0.471263
1516,1517,20.909072,0.438489
1517,1518,20.922855,0.426231
1518,1519,20.936639,0.444103
1519,1520,20.950422,0.503367
1520,1521,20.964205,0.408538
1521,1522,20.977988,0.419124
1522,1523,20.991771,0.477052
1523,1524,21.005554,0.466541
1524,1525,21.019338,0.443463
1525,1526,21.033121,0.428089
1526,1527,21.046904,0.363801
1527,1528,21.060687,0.475816
1528,1529,21.074470,0.474753
1529,1530,21.088253,0.415379
1530,1531,21.102037,0.394818
1531,1532,21.115820,0.498129
1532,1533,21.129603,0.373067
1533,1534,21.143386,0.432955
1534,1535,21.157169,0.384608
1535,1536,21.170952,0.393019
1536,1537,21.184736,0.422518
1537,1538,21.198519,0.489197
1538,1539,21.212302,0.366496
1539,1540,21.226085,0.399664
1540,1541,21.239868,0.443276
1541,1542,21.253652,0.454382
1542,1543,21.267435,0.397524
1543,1544,21.281218,0.475251
1544,1545,21.295001,0.370348
1545,1546,21.308784,0.460353
1546,1547,21.322567,0.447999
1547,1548,21.336351,0.504983
1548,1549,21.350134,0.428779
1549,1550,21.363917,0.379211
1550,1551,21.377700,0.369114
1551,1552,21.391483,0.499599
1552,1553,21.405266,0.394230
1553,1554,21.419050,0.466048
1554,1555,21.432833,0.468790
1555,1556,21.446616,0.483313
1556,1557,21.460399,0.499998
1557,1558,21.474182,0.458957
1558,1559,21.487965,0.431635
1559,1560,21.501749,0.443824
1560,1561,21.515532,0.447832
1561,1562,21.529315,0.453683
1562,1563,21.543098,0.396803
1563,1564,21.556881,0.386622
1564,1565,21.570664,0.442027
1565,1566,21.584448,0.424233
1566,1567,21.598231,0.358028
1567,1568,21.612014,0.399937
1568,1569,21.625797,0.403543
1569,1570,21.639580,0.479427
1570,1571,21.653364,0.400078
1571,1572,21.667147,0.310286
1572,1573,21.680930,0.472888
1573,1574,21.694713,0.366259
1574,1575,21.708496,0.518135
1575,1576,21.722279,0.435881
1576,1577,21.736063,0.469691
1577,1578,21.749846,0.471890
1578,1579,21.763629,0.461729
1579,1580,21.777412,0.429398
1580,1581,21.791195,0.445754
1581,1582,21.804978,0.419745
1582,1583,21.818762,0.531724
1583,1584,21.832545,0.429454
1584,1585,21.846328,0.477062
1585,1586,21.860111,0.369532
1586,1587,21.873894,0.382721
1587,1588,21.887677,0.423890
1588,1589,21.901461,0.502405
1589,1590,21.915244,0.471827
1590,1591,21.929027,0.473340
1591,1592,21.942810,0.449204
1592,1593,21.956593,0.503160
1593,1594,21.970376,0.479235
1594,1595,21.984160,0.494060
1595,1596,21.997943,0.473433
1596,1597,22.011726,0.415288
1597,1598,22.025509,0.445833
1598,1599,22.039292,0.422327
1599,1600,22.053075,0.391469
1600,1601,22.066859,0.401758
1601,1602,22.080642,0.470241
1602,1603,22.094425,0.425353
1603,1604,22.108208,0.434532
1604,1605,22.121991,0.373575
1605,1606,22.135775,0.437194
1606,1607,22.149558,0.447794
1607,1608,22.163341,0.391395
1608,1609,22.177124,0.504217
1609,1610,22.190907,0.450431
1610,1611,22.204690,0.467947
1611,1612,22.218474,0.457772
1612,1613,22.232257,0.408018
1613,1614,22.246040,0.403044
1614,1615,22.259823,0.409912
1615,1616,22.273606,0.399851
1616,1617,22.287389,0.420430
1617,1618,22.301173,0.463112
1618,1619,22.314956,0.464046
1619,1620,22.328739,0.319276
1620,1621,22.342522,0.443600
1621,1622,22.356305,0.486449
1622,1623,22.370088,0.427658
1623,1624,22.383872,0.426337
1624,1625,22.397655,0.423304
1625,1626,22.411438,0.472571
1626,1627,22.425221,0.329339
1627,1628,22.439004,0.415660
1628,1629,22.452787,0.389114
1629,1630,22.466571,0.412176
1630,1631,22.480354,0.476655
1631,1632,22.494137,0.405699
1632,1633,22.507920,0.445315
1633,1634,22.521703,0.478533
1634,1635,22.535487,0.450170
1635,1636,22.549270,0.427183
1636,1637,22.563053,0.415373
1637,1638,22.576836,0.455128
1638,1639,22.590619,0.454508
1639,1640,22.604402,0.415110
1640,1641,22.618186,0.449355
1641,1642,22.631969,0.386414
1642,1643,22.645752,0.380775
1643,1644,22.659535,0.388825
1644,1645,22.673318,0.471091
1645,1646,22.687101,0.463167
1646,1647,22.700885,0.548814
1647,1648,22.714668,0.463635
1648,1649,22.728451,0.390196
1649,1650,22.742234,0.507955
1650,1651,22.756017,0.428327
1651,1652,22.769800,0.482300
1652,1653,22.783584,0.394852
1653,1654,22.797367,0.476782
1654,1655,22.811150,0.413009
1655,1656,22.824933,0.388728
1656,1657,22.838716,0.453634
1657,1658,22.852499,0.378270
1658,1659,22.866283,0.390292
1659,1660,22.880066,0.420688
1660,1661,22.893849,0.385242
1661,1662,22.907632,0.466279
1662,1663,22.921415,0.429039
1663,1664,22.935199,0.432928
1664,1665,22.948982,0.413893
1665,1666,22.962765,0.451126
1666,1667,22.976548,0.434407
1667,1668,22.990331,0.510441
1668,1669,23.004114,0.433897
1669,1670,23.017898,0.453971
1670,1671,23.031681,0.466674
1671,1672,23.045464,0.364060
1672,1673,23.059247,0.468258
1673,1674,23.073030,0.387988
1674,1675,23.086813,0.453557
1675,1676,23.100597,0.424823
1676,1677,23.114380,0.433140
1677,1678,23.128163,0.491169
1678,1679,23.141946,0.420993
1679,1680,23.155729,0.470621
1680,1681,23.169512,0.470666
1681,1682,23.183296,0.470615
1682,1683,23.197079,0.448113
1683,1684,23.210862,0.439486
1684,1685,23.224645,0.468481
1685,1686,23.238428,0.383044
1686,1687,23.252211,0.471604
1687,1688,23.265995,0.338711
1688,1689,23.279778,0.369244
1689,1690,23.293561,0.521929
1690,1691,23.307344,0.477313
1691,1692,23.321127,0.501120
1692,1693,23.334911,0.475077
1693,1694,23.348694,0.454800
1694,1695,23.362477,0.478122
1695,1696,23.376260,0.463120
1696,1697,23.390043,0.341730
1697,1698,23.403826,0.419363
1698,1699,23.417610,0.493575
1699,1700,23.431393,0.464246
1700,1701,23.445176,0.497500
1701,1702,23.458959,0.504197
1702,1703,23.472742,0.493487
1703,1704,23.486525,0.459584
1704,1705,23.500309,0.493335
1705,1706,23.514092,0.468768
1706,1707,23.527875,0.532870
1707,1708,23.541658,0.467687
1708,1709,23.555441,0.446332
1709,1710,23.569224,0.381757
1710,1711,23.583008,0.553394
1711,1712,23.596791,0.423018
1712,1713,23.610574,0.465374
1713,1714,23.624357,0.464052
1714,1715,23.638140,0.490288
1715,1716,23.651923,0.370360
1716,1717,23.665707,0.418224
1717,1718,23.679490,0.473058
1718,1719,23.693273,0.455467
1719,1720,23.707056,0.470705
1720,1721,23.720839,0.418217
1721,1722,23.734623,0.436368
1722,1723,23.748406,0.463351
1723,1724,23.762189,0.428225
1724,1725,23.775972,0.470998
1725,1726,23.789755,0.425824
1726,1727,23.803538,0.434098
1727,1728,23.817322,0.445604
1728,1729,23.831105,0.358834
1729,1730,23.844888,0.467128
1730,1731,23.858671,0.382412
1731,1732,23.872454,0.485224
1732,1733,23.886237,0.468523
1733,1734,23.900021,0.469798
1734,1735,23.913804,0.465977
1735,1736,23.927587,0.463257
1736,1737,23.941370,0.403797
1737,1738,23.955153,0.525338
1738,1739,23.968936,0.499278
1739,1740,23.982720,0.348378
1740,1741,23.996503,0.458038
1741,1742,24.010286,0.430517
1742,1743,24.024069,0.434341
1743,1744,24.037852,0.421985
1744,1745,24.051635,0.490986
1745,1746,24.065419,0.407956
1746,1747,24.079202,0.418841
1747,1748,24.092985,0.545147
1748,1749,24.106768,0.455305
1749,1750,24.120551,0.483481
1750,1751,24.134334,0.367226
1751,1752,24.148118,0.450107
1752,1753,24.161901,0.456906
1753,1754,24.175684,0.445799
1754,1755,24.189467,0.491527
1755,1756,24.203250,0.468612
1756,1757,24.217034,0.445358
1757,1758,24.230817,0.391130
1758,1759,24.244600,0.445275
1759,1760,24.258383,0.472463
1760,1761,24.272166,0.515968
1761,1762,24.285949,0.421330
1762,1763,24.299733,0.423953
1763,1764,24.313516,0.483978
1764,1765,24.327299,0.443640
1765,1766,24.341082,0.416541
1766,1767,24.354865,0.464442
1767,1768,24.368648,0.396840
1768,1769,24.382432,0.485719
1769,1770,24.396215,0.390569
1770,1771,24.409998,0.485974
1771,1772,24.423781,0.431624
1772,1773,24.437564,0.394059
1773,1774,24.451347,0.489293
1774,1775,24.465131,0.464139
1775,1776,24.478914,0.488752
1776,1777,24.492697,0.502505
1777,1778,24.506480,0.436927
1778,1779,24.520263,0.407483
1779,1780,24.534046,0.422296
1780,1781,24.547830,0.459481
1781,1782,24.561613,0.445514
1782,1783,24.575396,0.348117
1783,1784,24.589179,0.370378
1784,1785,24.602962,0.478680
1785,1786,24.616746,0.398529
1786,1787,24.630529,0.348109
1787,1788,24.644312,0.410576
1788,1789,24.658095,0.451768
1789,1790,24.671878,0.410029
1790,1791,24.685661,0.470220
1791,1792,24.699445,0.445147
1792,1793,24.713228,0.373083
1793,1794,24.727011,0.441153
1794,1795,24.740794,0.453782
1795,1796,24.754577,0.433467
1796,1797,24.768360,0.504783
1797,1798,24.782144,0.406924
1798,1799,24.795927,0.452366
1799,1800,24.809710,0.437445
1800,1801,24.823493,0.350437
1801,1802,24.837276,0.439327
1802,1803,24.851059,0.432163
1803,1804,24.864843,0.479345
1804,1805,24.878626,0.490439
1805,1806,24.892409,0.392747
1806,1807,24.906192,0.413146
1807,1808,24.919975,0.417063
1808,1809,24.933758,0.386530
1809,1810,24.947542,0.483337
1810,1811,24.961325,0.478610
1811,1812,24.975108,0.484039
1812,1813,24.988891,0.496808
1813,1814,25.002674,0.469512
1814,1815,25.016458,0.395077
1815,1816,25.030241,0.411361
1816,1817,25.044024,0.385978
1817,1818,25.057807,0.389542
1818,1819,25.071590,0.492911
1819,1820,25.085373,0.461724
1820,1821,25.099157,0.411777
1821,1822,25.112940,0.420375
1822,1823,25.126723,0.391341
1823,1824,25.140506,0.484642
1824,1825,25.154289,0.434937
1825,1826,25.168072,0.407583
1826,1827,25.181856,0.456644
1827,1828,25.195639,0.493837
1828,1829,25.209422,0.452393
1829,1830,25.223205,0.465705
1830,1831,25.236988,0.438245
1831,1832,25.250771,0.466185
1832,1833,25.264555,0.492466
1833,1834,25.278338,0.412637
1834,1835,25.292121,0.411053
1835,1836,25.305904,0.354833
1836,1837,25.319687,0.388644
1837,1838,25.333470,0.398370
1838,1839,25.347254,0.448974
1839,1840,25.361037,0.425396
1840,1841,25.374820,0.435356
1841,1842,25.388603,0.415941
1842,1843,25.402386,0.378768
1843,1844,25.416170,0.453665
1844,1845,25.429953,0.436095
1845,1846,25.443736,0.433843
1846,1847,25.457519,0.495734
1847,1848,25.471302,0.465330
1848,1849,25.485085,0.491339
1849,1850,25.498869,0.476966
1850,1851,25.512652,0.421089
1851,1852,25.526435,0.444179
1852,1853,25.540218,0.468329
1853,1854,25.554001,0.426825
1854,1855,25.567784,0.459040
1855,1856,25.581568,0.410867
1856,1857,25.595351,0.477861
1857,1858,25.609134,0.429244
1858,1859,25.622917,0.370646
1859,1860,25.636700,0.382005
1860,1861,25.650483,0.422073
1861,1862,25.664267,0.412094
1862,1863,25.678050,0.403851
1863,1864,25.691833,0.482535
1864,1865,25.705616,0.440745
1865,1866,25.719399,0.480621
1866,1867,25.733182,0.427025
1867,1868,25.746966,0.438100
1868,1869,25.760749,0.433824
1869,1870,25.774532,0.426287
1870,1871,25.788315,0.427176
1871,1872,25.802098,0.460441
1872,1873,25.815882,0.401944
1873,1874,25.829665,0.404647
1874,1875,25.843448,0.407935
1875,1876,25.857231,0.434506
1876,1877,25.871014,0.496342
1877,1878,25.884797,0.450669
1878,1879,25.898581,0.485298
1879,1880,25.912364,0.399329
1880,1881,25.926147,0.391437
1881,1882,25.939930,0.386466
1882,1883,25.953713,0.465975
1883,1884,25.967496,0.462195
1884,1885,25.981280,0.439131
1885,1886,25.995063,0.397480
1886,1887,26.008846,0.554407
1887,1888,26.022629,0.447728
1888,1889,26.036412,0.515177
1889,1890,26.050195,0.424432
1890,1891,26.063979,0.489255
1891,1892,26.077762,0.470949
1892,1893,26.091545,0.382818
1893,1894,26.105328,0.438746
1894,1895,26.119111,0.383797
1895,1896,26.132894,0.389692
1896,1897,26.146678,0.512463
1897,1898,26.160461,0.466740
1898,1899,26.174244,0.582740
1899,1900,26.188027,0.422841
1900,1901,26.201810,0.434398
1901,1902,26.215593,0.451978
1902,1903,26.229377,0.397624
1903,1904,26.243160,0.492214
1904,1905,26.256943,0.354143
1905,1906,26.270726,0.449253
1906,1907,26.284509,0.372711
1907,1908,26.298293,0.452358
1908,1909,26.312076,0.384939
1909,1910,26.325859,0.426318
1910,1911,26.339642,0.442988
1911,1912,26.353425,0.466858
1912,1913,26.367208,0.399220
1913,1914,26.380992,0.359571
1914,1915,26.394775,0.467502
1915,1916,26.408558,0.376671
1916,1917,26.422341,0.382295
1917,1918,26.436124,0.540595
1918,1919,26.449907,0.473618
1919,1920,26.463691,0.365831
1920,1921,26.477474,0.410080
1921,1922,26.491257,0.451208
1922,1923,26.505040,0.404775
1923,1924,26.518823,0.478475
1924,1925,26.532606,0.425728
1925,1926,26.546390,0.418561
1926,1927,26.560173,0.484112
1927,1928,26.573956,0.461305
1928,1929,26.587739,0.471646
1929,1930,26.601522,0.428629
1930,1931,26.615305,0.447180
1931,1932,26.629089,0.416779
1932,1933,26.642872,0.431910
1933,1934,26.656655,0.424229
1934,1935,26.670438,0.386637
1935,1936,26.684221,0.504287
1936,1937,26.698005,0.487619
1937,1938,26.711788,0.416481
1938,1939,26.725571,0.423740
1939,1940,26.739354,0.433914
1940,1941,26.753137,0.404705
1941,1942,26.766920,0.505129
1942,1943,26.780704,0.379576
1943,1944,26.794487,0.419063
1944,1945,26.808270,0.431267
1945,1946,26.822053,0.498450
1946,1947,26.835836,0.407254
1947,1948,26.849619,0.342446
1948,1949,26.863403,0.408062
1949,1950,26.877186,0.411000
1950,1951,26.890969,0.441206
1951,1952,26.904752,0.428659
1952,1953,26.918535,0.436921
1953,1954,26.932318,0.393759
1954,1955,26.946102,0.360998
1955,1956,26.959885,0.476530
1956,1957,26.973668,0.414248
1957,1958,26.987451,0.474594
1958,1959,27.001234,0.467331
1959,1960,27.015017,0.391947
1960,1961,27.028801,0.414618
1961,1962,27.042584,0.442501
1962,1963,27.056367,0.402710
1963,1964,27.070150,0.405994
1964,1965,27.083933,0.512517
1965,1966,27.097717,0.385775
1966,1967,27.111500,0.443600
1967,1968,27.125283,0.401887
1968,1969,27.139066,0.445642
1969,1970,27.152849,0.482822
1970,1971,27.166632,0.427629
1971,1972,27.180416,0.386584
1972,1973,27.194199,0.341614
1973,1974,27.207982,0.445723
1974,1975,27.221765,0.396751
1975,1976,27.235548,0.397674
1976,1977,27.249331,0.502181
1977,1978,27.263115,0.421656
1978,1979,27.276898,0.445022
1979,1980,27.290681,0.493810
1980,1981,27.304464,0.406314
1981,1982,27.318247,0.443344
1982,1983,27.332030,0.457227
1983,1984,27.345814,0.487990
1984,1985,27.359597,0.393037
1985,1986,27.373380,0.444322
1986,1987,27.387163,0.405187
1987,1988,27.400946,0.430341
1988,1989,27.414729,0.435049
1989,1990,27.428513,0.430883
1990,1991,27.442296,0.411082
1991,1992,27.456079,0.394719
1992,1993,27.469862,0.496107
1993,1994,27.483645,0.388341
1994,1995,27.497429,0.425850
1995,1996,27.511212,0.396359
1996,1997,27.524995,0.436899
1997,1998,27.538778,0.453743
1998,1999,27.552561,0.452113
1999,2000,27.566344,0.419223
2000,2001,27.580128,0.492396
2001,2002,27.593911,0.500237
2002,2003,27.607694,0.476771
2003,2004,27.621477,0.461220
2004,2005,27.635260,0.450397
2005,2006,27.649043,0.446012
2006,2007,27.662827,0.368983
2007,2008,27.676610,0.402416
2008,2009,27.690393,0.367309
2009,2010,27.704176,0.374227
2010,2011,27.717959,0.434872
2011,2012,27.731742,0.414736
2012,2013,27.745526,0.394829
2013,2014,27.759309,0.517717
2014,2015,27.773092,0.367760
2015,2016,27.786875,0.337413
2016,2017,27.800658,0.439380
2017,2018,27.814441,0.462975
2018,2019,27.828225,0.408217
2019,2020,27.842008,0.483869
2020,2021,27.855791,0.474630
2021,2022,27.869574,0.395402
2022,2023,27.883357,0.413697
2023,2024,27.897141,0.407881
2024,2025,27.910924,0.505937
2025,2026,27.924707,0.440345
2026,2027,27.938490,0.359842
2027,2028,27.952273,0.326360
2028,2029,27.966056,0.413041
2029,2030,27.979840,0.451485
2030,2031,27.993623,0.518333
2031,2032,28.007406,0.419682
2032,2033,28.021189,0.511927
2033,2034,28.034972,0.409173
2034,2035,28.048755,0.409319
2035,2036,28.062539,0.426824
2036,2037,28.076322,0.428710
2037,2038,28.090105,0.399859
2038,2039,28.103888,0.428953
2039,2040,28.117671,0.476764
2040,2041,28.131454,0.438757
2041,2042,28.145238,0.438813
2042,2043,28.159021,0.396108
2043,2044,28.172804,0.414619
2044,2045,28.186587,0.475310
2045,2046,28.200370,0.402858
2046,2047,28.214153,0.445177
2047,2048,28.227937,0.399597
2048,2049,28.241720,0.458110
2049,2050,28.255503,0.450017
2050,2051,28.269286,0.416659
2051,2052,28.283069,0.433119
2052,2053,28.296852,0.428320
2053,2054,28.310636,0.419229
2054,2055,28.324419,0.499848
2055,2056,28.338202,0.473265
2056,2057,28.351985,0.419427
2057,2058,28.365768,0.444319
2058,2059,28.379552,0.466964
2059,2060,28.393335,0.505400
2060,2061,28.407118,0.457170
2061,2062,28.420901,0.446452
2062,2063,28.434684,0.400869
2063,2064,28.448467,0.380072
2064,2065,28.462251,0.442786
2065,2066,28.476034,0.424720
2066,2067,28.489817,0.502840
2067,2068,28.503600,0.422702
2068,2069,28.517383,0.428311
2069,2070,28.531166,0.403653
2070,2071,28.544950,0.460340
2071,2072,28.558733,0.370440
2072,2073,28.572516,0.445533
2073,2074,28.586299,0.421029
2074,2075,28.600082,0.469912
2075,2076,28.613865,0.476537
2076,2077,28.627649,0.508389
2077,2078,28.641432,0.425767
2078,2079,28.655215,0.477588
2079,2080,28.668998,0.408295
2080,2081,28.682781,0.385020
2081,2082,28.696564,0.486918
2082,2083,28.710348,0.463723
2083,2084,28.724131,0.389281
2084,2085,28.737914,0.484851
2085,2086,28.751697,0.408774
2086,2087,28.765480,0.393023
2087,2088,28.779264,0.365958
2088,2089,28.793047,0.454907
2089,2090,28.806830,0.416431
2090,2091,28.820613,0.477511
2091,2092,28.834396,0.435319
2092,2093,28.848179,0.409047
2093,2094,28.861963,0.426959
2094,2095,28.875746,0.483421
2095,2096,28.889529,0.370281
2096,2097,28.903312,0.451442
2097,2098,28.917095,0.406232
2098,2099,28.930878,0.512263
2099,2100,28.944662,0.439944
2100,2101,28.958445,0.470288
2101,2102,28.972228,0.446025
2102,2103,28.986011,0.465718
2103,2104,28.999794,0.443756
2104,2105,29.013577,0.418221
2105,2106,29.027361,0.453767
2106,2107,29.041144,0.421943
2107,2108,29.054927,0.460393
2108,2109,29.068710,0.465471
2109,2110,29.082493,0.446202
2110,2111,29.096276,0.452045
2111,2112,29.110060,0.403836
2112,2113,29.123843,0.459124
2113,2114,29.137626,0.373922
2114,2115,29.151409,0.440084
2115,2116,29.165192,0.449777
2116,2117,29.178976,0.398352
2117,2118,29.192759,0.374344
2118,2119,29.206542,0.460816
2119,2120,29.220325,0.410648
2120,2121,29.234108,0.501759
2121,2122,29.247891,0.473084
2122,2123,29.261675,0.432945
2123,2124,29.275458,0.416193
2124,2125,29.289241,0.470317
2125,2126,29.303024,0.333714
2126,2127,29.316807,0.444744
2127,2128,29.330590,0.455642
2128,2129,29.344374,0.431097
2129,2130,29.358157,0.437890
2130,2131,29.371940,0.418928
2131,2132,29.385723,0.515161
2132,2133,29.399506,0.502622
2133,2134,29.413289,0.374166
2134,2135,29.427073,0.370208
2135,2136,29.440856,0.390400
2136,2137,29.454639,0.460268
2137,2138,29.468422,0.468820
2138,2139,29.482205,0.375872
2139,2140,29.495988,0.575761
2140,2141,29.509772,0.443399
2141,2142,29.523555,0.385770
2142,2143,29.537338,0.406628
2143,2144,29.551121,0.484087
2144,2145,29.564904,0.405904
2145,2146,29.578688,0.490733
2146,2147,29.592471,0.488969
2147,2148,29.606254,0.468023
2148,2149,29.620037,0.353833
2149,2150,29.633820,0.455454
2150,2151,29.647603,0.370713
2151,2152,29.661387,0.474585
2152,2153,29.675170,0.367434
2153,2154,29.688953,0.420728
2154,2155,29.702736,0.514292
2155,2156,29.716519,0.542846
2156,2157,29.730302,0.389716
2157,2158,29.744086,0.461494
2158,2159,29.757869,0.430314
2159,2160,29.771652,0.401399
2160,2161,29.785435,0.439367
2161,2162,29.799218,0.463723
2162,2163,29.813001,0.415262
2163,2164,29.826785,0.504908
2164,2165,29.840568,0.449687
2165,2166,29.854351,0.426329
2166,2167,29.868134,0.550921
2167,2168,29.881917,0.447546
2168,2169,29.895700,0.503679
2169,2170,29.909484,0.374609
2170,2171,29.923267,0.450511
2171,2172,29.937050,0.466744
2172,2173,29.950833,0.455397
2173,2174,29.964616,0.374367
2174,2175,29.978400,0.335636
2175,2176,29.992183,0.389399
2176,2177,30.005966,0.479555
2177,2178,30.019749,0.449043
2178,2179,30.033532,0.423042
2179,2180,30.047315,0.483389
2180,2181,30.061099,0.397310
2181,2182,30.074882,0.475296
2182,2183,30.088665,0.370091
2183,2184,30.102448,0.319184
2184,2185,30.116231,0.430333
2185,2186,30.130014,0.387373
2186,2187,30.143798,0.434283
2187,2188,30.157581,0.402612
2188,2189,30.171364,0.421021
2189,2190,30.185147,0.462760
2190,2191,30.198930,0.386892
2191,2192,30.212713,0.412947
2192,2193,30.226497,0.385670
2193,2194,30.240280,0.425054
2194,2195,30.254063,0.433434
2195,2196,30.267846,0.458626
2196,2197,30.281629,0.447774
2197,2198,30.295412,0.466417
2198,2199,30.309196,0.434010
2199,2200,30.322979,0.365893
2200,2201,30.336762,0.410296
2201,2202,30.350545,0.446461
2202,2203,30.364328,0.455024
2203,2204,30.378111,0.437539
2204,2205,30.391895,0.382494
2205,2206,30.405678,0.426278
2206,2207,30.419461,0.387568
2207,2208,30.433244,0.400065
2208,2209,30.447027,0.430385
2209,2210,30.460811,0.446516
2210,2211,30.474594,0.369443
2211,2212,30.488377,0.438429
2212,2213,30.502160,0.450137
2213,2214,30.515943,0.364571
2214,2215,30.529726,0.410498
2215,2216,30.543510,0.465322
2216,2217,30.557293,0.355595
2217,2218,30.571076,0.417622
2218,2219,30.584859,0.435397
2219,2220,30.598642,0.439596
2220,2221,30.612425,0.474303
2221,2222,30.626209,0.486136
2222,2223,30.639992,0.357494
2223,2224,30.653775,0.451440
2224,2225,30.667558,0.389881
2225,2226,30.681341,0.434721
2226,2227,30.695124,0.474575
2227,2228,30.708908,0.395560
2228,2229,30.722691,0.391376
2229,2230,30.736474,0.451695
2230,2231,30.750257,0.437323
2231,2232,30.764040,0.436568
2232,2233,30.777823,0.474277
2233,2234,30.791607,0.459826
2234,2235,30.805390,0.468080
2235,2236,30.819173,0.273710
2236,2237,30.832956,0.440192
2237,2238,30.846739,0.413077
2238,2239,30.860523,0.451426
2239,2240,30.874306,0.406546
2240,2241,30.888089,0.446060
2241,2242,30.901872,0.505287
2242,2243,30.915655,0.458740
2243,2244,30.929438,0.428573
2244,2245,30.943222,0.469597
2245,2246,30.957005,0.344061
2246,2247,30.970788,0.471555
2247,2248,30.984571,0.438945
2248,2249,30.998354,0.368727
2249,2250,31.012137,0.381349
2250,2251,31.025921,0.380649
2251,2252,31.039704,0.408633
2252,2253,31.053487,0.432162
2253,2254,31.067270,0.316821
2254,2255,31.081053,0.454038
2255,2256,31.094836,0.367204
2256,2257,31.108620,0.479441
2257,2258,31.122403,0.440408
2258,2259,31.136186,0.351902
2259,2260,31.149969,0.345581
2260,2261,31.163752,0.431237
2261,2262,31.177535,0.444551
2262,2263,31.191319,0.399904
2263,2264,31.205102,0.443002
2264,2265,31.218885,0.554866
2265,2266,31.232668,0.460606
2266,2267,31.246451,0.434568
2267,2268,31.260235,0.446254
2268,2269,31.274018,0.384106
2269,2270,31.287801,0.413561
2270,2271,31.301584,0.459564
2271,2272,31.315367,0.442902
2272,2273,31.329150,0.424972
2273,2274,31.342934,0.389666
2274,2275,31.356717,0.476883
2275,2276,31.370500,0.531950
2276,2277,31.384283,0.400775
2277,2278,31.398066,0.454378
2278,2279,31.411849,0.400437
2279,2280,31.425633,0.435480
2280,2281,31.439416,0.428214
2281,2282,31.453199,0.499037
2282,2283,31.466982,0.434667
2283,2284,31.480765,0.351819
2284,2285,31.494548,0.431448
2285,2286,31.508332,0.454662
2286,2287,31.522115,0.444868
2287,2288,31.535898,0.535963
2288,2289,31.549681,0.434374
2289,2290,31.563464,0.346781
2290,2291,31.577247,0.455882
2291,2292,31.591031,0.486915
2292,2293,31.604814,0.389280
2293,2294,31.618597,0.442823
2294,2295,31.632380,0.486072
2295,2296,31.646163,0.501397
2296,2297,31.659947,0.460614
2297,2298,31.673730,0.455602
2298,2299,31.687513,0.483941
2299,2300,31.701296,0.413290
2300,2301,31.715079,0.425905
2301,2302,31.728862,0.500564
2302,2303,31.742646,0.453627
2303,2304,31.756429,0.474564
2304,2305,31.770212,0.392699
2305,2306,31.783995,0.461494
2306,2307,31.797778,0.430417
2307,2308,31.811561,0.407456
2308,2309,31.825345,0.388923
2309,2310,31.839128,0.511316
2310,2311,31.852911,0.351409
2311,2312,31.866694,0.402279
2312,2313,31.880477,0.438668
2313,2314,31.894260,0.490654
2314,2315,31.908044,0.495088
2315,2316,31.921827,0.413955
2316,2317,31.935610,0.457352
2317,2318,31.949393,0.402577
2318,2319,31.963176,0.411759
2319,2320,31.976959,0.371065
2320,2321,31.990743,0.424887
2321,2322,32.004526,0.427598
2322,2323,32.018309,0.406684
2323,2324,32.032092,0.468926
2324,2325,32.045875,0.448468
2325,2326,32.059659,0.474434
2326,2327,32.073442,0.423675
2327,2328,32.087225,0.474956
2328,2329,32.101008,0.432464
2329,2330,32.114791,0.423410
2330,2331,32.128574,0.387464
2331,2332,32.142358,0.446834
2332,2333,32.156141,0.413964
2333,2334,32.169924,0.462765
2334,2335,32.183707,0.387728
2335,2336,32.197490,0.386911
2336,2337,32.211273,0.488192
2337,2338,32.225057,0.433029
2338,2339,32.238840,0.476142
2339,2340,32.252623,0.434221
2340,2341,32.266406,0.460310
2341,2342,32.280189,0.420912
2342,2343,32.293972,0.584362
2343,2344,32.307756,0.480396
2344,2345,32.321539,0.525574
2345,2346,32.335322,0.507190
2346,2347,32.349105,0.400691
2347,2348,32.362888,0.451545
2348,2349,32.376671,0.436734
2349,2350,32.390455,0.441499
2350,2351,32.404238,0.397499
2351,2352,32.418021,0.467019
2352,2353,32.431804,0.431221
2353,2354,32.445587,0.424283
2354,2355,32.459370,0.445910
2355,2356,32.473154,0.362055
2356,2357,32.486937,0.476109
2357,2358,32.500720,0.439502
2358,2359,32.514503,0.426604
2359,2360,32.528286,0.417793
2360,2361,32.542070,0.430497
2361,2362,32.555853,0.447387
2362,2363,32.569636,0.390872
2363,2364,32.583419,0.423372
2364,2365,32.597202,0.413834
2365,2366,32.610985,0.409522
2366,2367,32.624769,0.402283
2367,2368,32.638552,0.396481
2368,2369,32.652335,0.425416
2369,2370,32.666118,0.373435
2370,2371,32.679901,0.430623
2371,2372,32.693684,0.350189
2372,2373,32.707468,0.410439
2373,2374,32.721251,0.405613
2374,2375,32.735034,0.446301
2375,2376,32.748817,0.397943
2376,2377,32.762600,0.500392
2377,2378,32.776383,0.517794
2378,2379,32.790167,0.412655
2379,2380,32.803950,0.445111
2380,2381,32.817733,0.423816
2381,2382,32.831516,0.435432
2382,2383,32.845299,0.495040
2383,2384,32.859082,0.428717
2384,2385,32.872866,0.469914
2385,2386,32.886649,0.419355
2386,2387,32.900432,0.475565
2387,2388,32.914215,0.380038
2388,2389,32.927998,0.462058
2389,2390,32.941782,0.469934
2390,2391,32.955565,0.452451
2391,2392,32.969348,0.410828
2392,2393,32.983131,0.482267
2393,2394,32.996914,0.454952
2394,2395,33.010697,0.488830
2395,2396,33.024481,0.383844
2396,2397,33.038264,0.413461
2397,2398,33.052047,0.406654
2398,2399,33.065830,0.436176
2399,2400,33.079613,0.392002
2400,2401,33.093396,0.418807
2401,2402,33.107180,0.443755
2402,2403,33.120963,0.437523
2403,2404,33.134746,0.463294
2404,2405,33.148529,0.421687
2405,2406,33.162312,0.463775
2406,2407,33.176095,0.417577
2407,2408,33.189879,0.377507
2408,2409,33.203662,0.414280
2409,2410,33.217445,0.431703
2410,2411,33.231228,0.435036
2411,2412,33.245011,0.449271
2412,2413,33.258794,0.447574
2413,2414,33.272578,0.397997
2414,2415,33.286361,0.461075
2415,2416,33.300144,0.417567
2416,2417,33.313927,0.469238
2417,2418,33.327710,0.423449
2418,2419,33.341494,0.495358
2419,2420,33.355277,0.484641
2420,2421,33.369060,0.455953
2421,2422,33.382843,0.453553
2422,2423,33.396626,0.429029
2423,2424,33.410409,0.451662
2424,2425,33.424193,0.412134
2425,2426,33.437976,0.371793
2426,2427,33.451759,0.455297
2427,2428,33.465542,0.463580
2428,2429,33.479325,0.471076
2429,2430,33.493108,0.368614
2430,2431,33.506892,0.429203
2431,2432,33.520675,0.413237
2432,2433,33.534458,0.363104
2433,2434,33.548241,0.436972
2434,2435,33.562024,0.464242
2435,2436,33.575807,0.490778
2436,2437,33.589591,0.506528
2437,2438,33.603374,0.471300
2438,2439,33.617157,0.449399
2439,2440,33.630940,0.473382
2440,2441,33.644723,0.426400
2441,2442,33.658506,0.418590
2442,2443,33.672290,0.471532
2443,2444,33.686073,0.373542
2444,2445,33.699856,0.440106
2445,2446,33.713639,0.420490
2446,2447,33.727422,0.392418
2447,2448,33.741206,0.455291
2448,2449,33.754989,0.427012
2449,2450,33.768772,0.502609
2450,2451,33.782555,0.484172
2451,2452,33.796338,0.393122
2452,2453,33.810121,0.395890
2453,2454,33.823905,0.415794
2454,2455,33.837688,0.436503
2455,2456,33.851471,0.429581
2456,2457,33.865254,0.437959
2457,2458,33.879037,0.424647
2458,2459,33.892820,0.388707
2459,2460,33.906604,0.441924
2460,2461,33.920387,0.429465
2461,2462,33.934170,0.356222
2462,2463,33.947953,0.473056
2463,2464,33.961736,0.418087
2464,2465,33.975519,0.399475
2465,2466,33.989303,0.474650
2466,2467,34.003086,0.370759
2467,2468,34.016869,0.448749
2468,2469,34.030652,0.475574
2469,2470,34.044435,0.481030
2470,2471,34.058218,0.410365
2471,2472,34.072002,0.479205
2472,2473,34.085785,0.397971
2473,2474,34.099568,0.563615
2474,2475,34.113351,0.431597
2475,2476,34.127134,0.420747
2476,2477,34.140918,0.401139
2477,2478,34.154701,0.532356
2478,2479,34.168484,0.494827
2479,2480,34.182267,0.471289
2480,2481,34.196050,0.384549
2481,2482,34.209833,0.490030
2482,2483,34.223617,0.484210
2483,2484,34.237400,0.411143
2484,2485,34.251183,0.367822
2485,2486,34.264966,0.403509
2486,2487,34.278749,0.358567
2487,2488,34.292532,0.429579
2488,2489,34.306316,0.417477
2489,2490,34.320099,0.435633
2490,2491,34.333882,0.396816
2491,2492,34.347665,0.484168
2492,2493,34.361448,0.346952
2493,2494,34.375231,0.433932
2494,2495,34.389015,0.409328
2495,2496,34.402798,0.410887
2496,2497,34.416581,0.465825
2497,2498,34.430364,0.394087
2498,2499,34.444147,0.418981
2499,2500,34.457930,0.392436
2500,2501,34.471714,0.404518
2501,2502,34.485497,0.442250
2502,2503,34.499280,0.396801
2503,2504,34.513063,0.399537
2504,2505,34.526846,0.417785
2505,2506,34.540630,0.464054
2506,2507,34.554413,0.507889
2507,2508,34.568196,0.449322
2508,2509,34.581979,0.455059
2509,2510,34.595762,0.375177
2510,2511,34.609545,0.446467
2511,2512,34.623329,0.404252
2512,2513,34.637112,0.417600
2513,2514,34.650895,0.413025
2514,2515,34.664678,0.440808
2515,2516,34.678461,0.440087
2516,2517,34.692244,0.440912
2517,2518,34.706028,0.412244
2518,2519,34.719811,0.466588
2519,2520,34.733594,0.373401
2520,2521,34.747377,0.433813
2521,2522,34.761160,0.497774
2522,2523,34.774943,0.414573
2523,2524,34.788727,0.441334
2524,2525,34.802510,0.514645
2525,2526,34.816293,0.408861
2526,2527,34.830076,0.462059
2527,2528,34.843859,0.371256
2528,2529,34.857642,0.403318
2529,2530,34.871426,0.451056
2530,2531,34.885209,0.399232
2531,2532,34.898992,0.478313
2532,2533,34.912775,0.388637
2533,2534,34.926558,0.472669
2534,2535,34.940341,0.436930
2535,2536,34.954125,0.424557
2536,2537,34.967908,0.497881
2537,2538,34.981691,0.425811
2538,2539,34.995474,0.469666
2539,2540,35.009257,0.442564
2540,2541,35.023041,0.397310
2541,2542,35.036824,0.432057
2542,2543,35.050607,0.438021
2543,2544,35.064390,0.489737
2544,2545,35.078173,0.429860
2545,2546,35.091956,0.488217
2546,2547,35.105740,0.418244
2547,2548,35.119523,0.532612
2548,2549,35.133306,0.496436
2549,2550,35.147089,0.454984
2550,2551,35.160872,0.488454
2551,2552,35.174655,0.366412
2552,2553,35.188439,0.442486
2553,2554,35.202222,0.461345
2554,2555,35.216005,0.440053
2555,2556,35.229788,0.509344
2556,2557,35.243571,0.395793
2557,2558,35.257354,0.406154
2558,2559,35.271138,0.431539
2559,2560,35.284921,0.462292
2560,2561,35.298704,0.431694
2561,2562,35.312487,0.435460
2562,2563,35.326270,0.383352
2563,2564,35.340053,0.428174
2564,2565,35.353837,0.497518
2565,2566,35.367620,0.483862
2566,2567,35.381403,0.394667
2567,2568,35.395186,0.384862
2568,2569,35.408969,0.585762
2569,2570,35.422753,0.419034
2570,2571,35.436536,0.431463
2571,2572,35.450319,0.453520
2572,2573,35.464102,0.455482
2573,2574,35.477885,0.447549
2574,2575,35.491668,0.513719
2575,2576,35.505452,0.475262
2576,2577,35.519235,0.499853
2577,2578,35.533018,0.402150
2578,2579,35.546801,0.410604
2579,2580,35.560584,0.413740
2580,2581,35.574367,0.388261
2581,2582,35.588151,0.417574
2582,2583,35.601934,0.419300
2583,2584,35.615717,0.400515
2584,2585,35.629500,0.463284
2585,2586,35.643283,0.348612
2586,2587,35.657066,0.435093
2587,2588,35.670850,0.446612
2588,2589,35.684633,0.492667
2589,2590,35.698416,0.351329
2590,2591,35.712199,0.411622
2591,2592,35.725982,0.351907
2592,2593,35.739765,0.454190
2593,2594,35.753549,0.462553
2594,2595,35.767332,0.447737
2595,2596,35.781115,0.364824
2596,2597,35.794898,0.416360
2597,2598,35.808681,0.449734
2598,2599,35.822465,0.347546
2599,2600,35.836248,0.475263
2600,2601,35.850031,0.420165
2601,2602,35.863814,0.428584
2602,2603,35.877597,0.444721
2603,2604,35.891380,0.431497
2604,2605,35.905164,0.456927
2605,2606,35.918947,0.397827
2606,2607,35.932730,0.386915
2607,2608,35.946513,0.500499
2608,2609,35.960296,0.403273
2609,2610,35.974079,0.419532
2610,2611,35.987863,0.455603
2611,2612,36.001646,0.442327
2612,2613,36.015429,0.491518
2613,2614,36.029212,0.474215
2614,2615,36.042995,0.456762
2615,2616,36.056778,0.416210
2616,2617,36.070562,0.461564
2617,2618,36.084345,0.490355
2618,2619,36.098128,0.393547
2619,2620,36.111911,0.497038
2620,2621,36.125694,0.448936
2621,2622,36.139477,0.483214
2622,2623,36.153261,0.468004
2623,2624,36.167044,0.388751
2624,2625,36.180827,0.411071
2625,2626,36.194610,0.409773
2626,2627,36.208393,0.461954
2627,2628,36.222177,0.396588
2628,2629,36.235960,0.465276
2629,2630,36.249743,0.441392
2630,2631,36.263526,0.436654
2631,2632,36.277309,0.446507
2632,2633,36.291092,0.425682
2633,2634,36.304876,0.398691
2634,2635,36.318659,0.409951
2635,2636,36.332442,0.496405
2636,2637,36.346225,0.435513
2637,2638,36.360008,0.438419
2638,2639,36.373791,0.446721
2639,2640,36.387575,0.473167
2640,2641,36.401358,0.399344
2641,2642,36.415141,0.457768
2642,2643,36.428924,0.391686
2643,2644,36.442707,0.443230
2644,2645,36.456490,0.406904
2645,2646,36.470274,0.468027
2646,2647,36.484057,0.412405
2647,2648,36.497840,0.406649
2648,2649,36.511623,0.453036
2649,2650,36.525406,0.416731
2650,2651,36.539189,0.456252
2651,2652,36.552973,0.389220
2652,2653,36.566756,0.430360
2653,2654,36.580539,0.434863
2654,2655,36.594322,0.404944
2655,2656,36.608105,0.371864
2656,2657,36.621889,0.447732
2657,2658,36.635672,0.500741
2658,2659,36.649455,0.418314
2659,2660,36.663238,0.442686
2660,2661,36.677021,0.419040
2661,2662,36.690804,0.499227
2662,2663,36.704588,0.430513
2663,2664,36.718371,0.460433
2664,2665,36.732154,0.454712
2665,2666,36.745937,0.445399
2666,2667,36.759720,0.394373
2667,2668,36.773503,0.445890
2668,2669,36.787287,0.444208
2669,2670,36.801070,0.413737
2670,2671,36.814853,0.474652
2671,2672,36.828636,0.456580
2672,2673,36.842419,0.425858
2673,2674,36.856202,0.452988
2674,2675,36.869986,0.520633
2675,2676,36.883769,0.430918
2676,2677,36.897552,0.470917
2677,2678,36.911335,0.376593
2678,2679,36.925118,0.460569
2679,2680,36.938901,0.457956
2680,2681,36.952685,0.408085
2681,2682,36.966468,0.504455
2682,2683,36.980251,0.456975
2683,2684,36.994034,0.458440
2684,2685,37.007817,0.464386
2685,2686,37.021600,0.381907
2686,2687,37.035384,0.565743
2687,2688,37.049167,0.474349
2688,2689,37.062950,0.419081
2689,2690,37.076733,0.430930
2690,2691,37.090516,0.389075
2691,2692,37.104300,0.398938
2692,2693,37.118083,0.470124
2693,2694,37.131866,0.489085
2694,2695,37.145649,0.466634
2695,2696,37.159432,0.385544
2696,2697,37.173215,0.455572
2697,2698,37.186999,0.438627
2698,2699,37.200782,0.483693
2699,2700,37.214565,0.447049
2700,2701,37.228348,0.485136
2701,2702,37.242131,0.420783
2702,2703,37.255914,0.499081
2703,2704,37.269698,0.463075
2704,2705,37.283481,0.425381
2705,2706,37.297264,0.442666
2706,2707,37.311047,0.462470
2707,2708,37.324830,0.456961
2708,2709,37.338613,0.483098
2709,2710,37.352397,0.430129
2710,2711,37.366180,0.370796
2711,2712,37.379963,0.421372
2712,2713,37.393746,0.504541
2713,2714,37.407529,0.456169
2714,2715,37.421312,0.440394
2715,2716,37.435096,0.406253
2716,2717,37.448879,0.402925
2717,2718,37.462662,0.496795
2718,2719,37.476445,0.454379
2719,2720,37.490228,0.479756
2720,2721,37.504012,0.430144
2721,2722,37.517795,0.389078
2722,2723,37.531578,0.426464
2723,2724,37.545361,0.456249
2724,2725,37.559144,0.383236
2725,2726,37.572927,0.422254
2726,2727,37.586711,0.488587
2727,2728,37.600494,0.448917
2728,2729,37.614277,0.400070
2729,2730,37.628060,0.436245
2730,2731,37.641843,0.378871
2731,2732,37.655626,0.475374
2732,2733,37.669410,0.445327
2733,2734,37.683193,0.383976
2734,2735,37.696976,0.451439
2735,2736,37.710759,0.436427
2736,2737,37.724542,0.408590
2737,2738,37.738325,0.511042
2738,2739,37.752109,0.409717
2739,2740,37.765892,0.454308
2740,2741,37.779675,0.494482
2741,2742,37.793458,0.461406
2742,2743,37.807241,0.467308
2743,2744,37.821024,0.489742
2744,2745,37.834808,0.423678
2745,2746,37.848591,0.526555
2746,2747,37.862374,0.398736
2747,2748,37.876157,0.414052
2748,2749,37.889940,0.441287
2749,2750,37.903724,0.372338
2750,2751,37.917507,0.492152
2751,2752,37.931290,0.438288
2752,2753,37.945073,0.452617
2753,2754,37.958856,0.470348
2754,2755,37.972639,0.417750
2755,2756,37.986423,0.458801
2756,2757,38.000206,0.464382
2757,2758,38.013989,0.431735
2758,2759,38.027772,0.407438
2759,2760,38.041555,0.486960
2760,2761,38.055338,0.454755
2761,2762,38.069122,0.382345
2762,2763,38.082905,0.408426
2763,2764,38.096688,0.405791
2764,2765,38.110471,0.393413
2765,2766,38.124254,0.447083
2766,2767,38.138037,0.529335
2767,2768,38.151821,0.422966
2768,2769,38.165604,0.421649
2769,2770,38.179387,0.439367
2770,2771,38.193170,0.460026
2771,2772,38.206953,0.392945
2772,2773,38.220736,0.432657
2773,2774,38.234520,0.417847
2774,2775,38.248303,0.417995
2775,2776,38.262086,0.435798
2776,2777,38.275869,0.452329
2777,2778,38.289652,0.361981
2778,2779,38.303436,0.430084
2779,2780,38.317219,0.437975
2780,2781,38.331002,0.385102
2781,2782,38.344785,0.436474
2782,2783,38.358568,0.436206
2783,2784,38.372351,0.417541
2784,2785,38.386135,0.417950
2785,2786,38.399918,0.372683
2786,2787,38.413701,0.480426
2787,2788,38.427484,0.405568
2788,2789,38.441267,0.373334
2789,2790,38.455050,0.405927
2790,2791,38.468834,0.420019
2791,2792,38.482617,0.344294
2792,2793,38.496400,0.441685
2793,2794,38.510183,0.461397
2794,2795,38.523966,0.462436
2795,2796,38.537749,0.379199
2796,2797,38.551533,0.442925
2797,2798,38.565316,0.407808
2798,2799,38.579099,0.359547
2799,2800,38.592882,0.391117
2800,2801,38.606665,0.404969
2801,2802,38.620448,0.417719
2802,2803,38.634232,0.443673
2803,2804,38.648015,0.427822
2804,2805,38.661798,0.436985
2805,2806,38.675581,0.393831
2806,2807,38.689364,0.405832
2807,2808,38.703148,0.445966
2808,2809,38.716931,0.448488
2809,2810,38.730714,0.434677
2810,2811,38.744497,0.463694
2811,2812,38.758280,0.439641
2812,2813,38.772063,0.423623
2813,2814,38.785847,0.449987
2814,2815,38.799630,0.418784
2815,2816,38.813413,0.467898
2816,2817,38.827196,0.376792
2817,2818,38.840979,0.407334
2818,2819,38.854762,0.463687
2819,2820,38.868546,0.371505
2820,2821,38.882329,0.426138
2821,2822,38.896112,0.388810
2822,2823,38.909895,0.451786
2823,2824,38.923678,0.477741
2824,2825,38.937461,0.389292
2825,2826,38.951245,0.362762
2826,2827,38.965028,0.444971
2827,2828,38.978811,0.326734
2828,2829,38.992594,0.468855
2829,2830,39.006377,0.407946
2830,2831,39.020160,0.439628
2831,2832,39.033944,0.381146
2832,2833,39.047727,0.395684
2833,2834,39.061510,0.418934
2834,2835,39.075293,0.371121
2835,2836,39.089076,0.398204
2836,2837,39.102859,0.353045
2837,2838,39.116643,0.432658
2838,2839,39.130426,0.478263
2839,2840,39.144209,0.416989
2840,2841,39.157992,0.414546
2841,2842,39.171775,0.467789
2842,2843,39.185559,0.423985
2843,2844,39.199342,0.367920
2844,2845,39.213125,0.515871
2845,2846,39.226908,0.480857
2846,2847,39.240691,0.413397
2847,2848,39.254474,0.493279
2848,2849,39.268258,0.386860
2849,2850,39.282041,0.498909
2850,2851,39.295824,0.498050
2851,2852,39.309607,0.377592
2852,2853,39.323390,0.453097
2853,2854,39.337173,0.462169
2854,2855,39.350957,0.485727
2855,2856,39.364740,0.437759
2856,2857,39.378523,0.449164
2857,2858,39.392306,0.382375
2858,2859,39.406089,0.491745
2859,2860,39.419872,0.460894
2860,2861,39.433656,0.519970
2861,2862,39.447439,0.452945
2862,2863,39.461222,0.515848
2863,2864,39.475005,0.514779
2864,2865,39.488788,0.394533
2865,2866,39.502571,0.528551
2866,2867,39.516355,0.374203
2867,2868,39.530138,0.401970
2868,2869,39.543921,0.416479
2869,2870,39.557704,0.480781
2870,2871,39.571487,0.479864
2871,2872,39.585271,0.336001
2872,2873,39.599054,0.433045
2873,2874,39.612837,0.496413
2874,2875,39.626620,0.464132
2875,2876,39.640403,0.521092
2876,2877,39.654186,0.423321
2877,2878,39.667970,0.400318
2878,2879,39.681753,0.448873
2879,2880,39.695536,0.488024
2880,2881,39.709319,0.481914
2881,2882,39.723102,0.485763
2882,2883,39.736885,0.436263
2883,2884,39.750669,0.414535
2884,2885,39.764452,0.429420
2885,2886,39.778235,0.402118
2886,2887,39.792018,0.507097
2887,2888,39.805801,0.468164
2888,2889,39.819584,0.401971
2889,2890,39.833368,0.481290
2890,2891,39.847151,0.468294
2891,2892,39.860934,0.420805
2892,2893,39.874717,0.456885
2893,2894,39.888500,0.440899
2894,2895,39.902283,0.402201
2895,2896,39.916067,0.505467
2896,2897,39.929850,0.460494
2897,2898,39.943633,0.534765
2898,2899,39.957416,0.425396
2899,2900,39.971199,0.375128
2900,2901,39.984983,0.402325
2901,2902,39.998766,0.562799
2902,2903,40.012549,0.420359
2903,2904,40.026332,0.472631
2904,2905,40.040115,0.470610
2905,2906,40.053898,0.394772
2906,2907,40.067682,0.405469
2907,2908,40.081465,0.446822
2908,2909,40.095248,0.442895
2909,2910,40.109031,0.448031
2910,2911,40.122814,0.422370
2911,2912,40.136597,0.452781
2912,2913,40.150381,0.387577
2913,2914,40.164164,0.424119
2914,2915,40.177947,0.451419
2915,2916,40.191730,0.399883
2916,2917,40.205513,0.431164
2917,2918,40.219296,0.408043
2918,2919,40.233080,0.370985
2919,2920,40.246863,0.456215
2920,2921,40.260646,0.426459
2921,2922,40.274429,0.465890
2922,2923,40.288212,0.415680
2923,2924,40.301995,0.446356
2924,2925,40.315779,0.421699
2925,2926,40.329562,0.378189
2926,2927,40.343345,0.471088
2927,2928,40.357128,0.419022
2928,2929,40.370911,0.424388
2929,2930,40.384695,0.482023
2930,2931,40.398478,0.513544
2931,2932,40.412261,0.441948
2932,2933,40.426044,0.426356
2933,2934,40.439827,0.432957
2934,2935,40.453610,0.409575
2935,2936,40.467394,0.417287
2936,2937,40.481177,0.416364
2937,2938,40.494960,0.518111
2938,2939,40.508743,0.492932
2939,2940,40.522526,0.474624
2940,2941,40.536309,0.349868
2941,2942,40.550093,0.485467
2942,2943,40.563876,0.430516
2943,2944,40.577659,0.378037
2944,2945,40.591442,0.455700
2945,2946,40.605225,0.443967
2946,2947,40.619008,0.412612
2947,2948,40.632792,0.427779
2948,2949,40.646575,0.400142
2949,2950,40.660358,0.393875
2950,2951,40.674141,0.423453
2951,2952,40.687924,0.477693
2952,2953,40.701707,0.431443
2953,2954,40.715491,0.422980
2954,2955,40.729274,0.470679
2955,2956,40.743057,0.413387
2956,2957,40.756840,0.393524
2957,2958,40.770623,0.459876
2958,2959,40.784407,0.427582
2959,2960,40.798190,0.416477
2960,2961,40.811973,0.389396
2961,2962,40.825756,0.454730
2962,2963,40.839539,0.396536
2963,2964,40.853322,0.442212
2964,2965,40.867106,0.467111
2965,2966,40.880889,0.439993
2966,2967,40.894672,0.411135
2967,2968,40.908455,0.475020
2968,2969,40.922238,0.471595
2969,2970,40.936021,0.447774
2970,2971,40.949805,0.412783
2971,2972,40.963588,0.420430
2972,2973,40.977371,0.412308
2973,2974,40.991154,0.371960
2974,2975,41.004937,0.350021
2975,2976,41.018720,0.392646
2976,2977,41.032504,0.427098
2977,2978,41.046287,0.547382
2978,2979,41.060070,0.475212
2979,2980,41.073853,0.438817
2980,2981,41.087636,0.458390
2981,2982,41.101419,0.469292
2982,2983,41.115203,0.443377
2983,2984,41.128986,0.502651
2984,2985,41.142769,0.427050
2985,2986,41.156552,0.433213
2986,2987,41.170335,0.470467
2987,2988,41.184118,0.513338
2988,2989,41.197902,0.418139
2989,2990,41.211685,0.451659
2990,2991,41.225468,0.478361
2991,2992,41.239251,0.458077
2992,2993,41.253034,0.475843
2993,2994,41.266818,0.426057
2994,2995,41.280601,0.415815
2995,2996,41.294384,0.390358
2996,2997,41.308167,0.434361
2997,2998,41.321950,0.448141
2998,2999,41.335733,0.393665
2999,3000,41.349517,0.406591
3000,3001,41.363300,0.437626
3001,3002,41.377083,0.481157
3002,3003,41.390866,0.494744
3003,3004,41.404649,0.498414
3004,3005,41.418432,0.506774
3005,3006,41.432216,0.435423
3006,3007,41.445999,0.415897
3007,3008,41.459782,0.484473
3008,3009,41.473565,0.423073
3009,3010,41.487348,0.420156
3010,3011,41.501131,0.456214
3011,3012,41.514915,0.472809
3012,3013,41.528698,0.381806
3013,3014,41.542481,0.372018
3014,3015,41.556264,0.397738
3015,3016,41.570047,0.409628
3016,3017,41.583830,0.509427
3017,3018,41.597614,0.453942
3018,3019,41.611397,0.405759
3019,3020,41.625180,0.453087
3020,3021,41.638963,0.443547
3021,3022,41.652746,0.416336
3022,3023,41.666530,0.447211
3023,3024,41.680313,0.484730
3024,3025,41.694096,0.456217
3025,3026,41.707879,0.433563
3026,3027,41.721662,0.416330
3027,3028,41.735445,0.496360
3028,3029,41.749229,0.471979
3029,3030,41.763012,0.512250
3030,3031,41.776795,0.434055
3031,3032,41.790578,0.436367
3032,3033,41.804361,0.418407
3033,3034,41.818144,0.403426
3034,3035,41.831928,0.390020
3035,3036,41.845711,0.454416
3036,3037,41.859494,0.405042
3037,3038,41.873277,0.400457
3038,3039,41.887060,0.493226
3039,3040,41.900843,0.406822
3040,3041,41.914627,0.489580
3041,3042,41.928410,0.371912
3042,3043,41.942193,0.489264
3043,3044,41.955976,0.424871
3044,3045,41.969759,0.455966
3045,3046,41.983542,0.414343
3046,3047,41.997326,0.479461
3047,3048,42.011109,0.448188
3048,3049,42.024892,0.408499
3049,3050,42.038675,0.427806
3050,3051,42.052458,0.479832
3051,3052,42.066242,0.423587
3052,3053,42.080025,0.479429
3053,3054,42.093808,0.386028
3054,3055,42.107591,0.457373
3055,3056,42.121374,0.406492
3056,3057,42.135157,0.485120
3057,3058,42.148941,0.503116
3058,3059,42.162724,0.456985
3059,3060,42.176507,0.389521
3060,3061,42.190290,0.484304
3061,3062,42.204073,0.396579
3062,3063,42.217856,0.424914
3063,3064,42.231640,0.428396
3064,3065,42.245423,0.509136
3065,3066,42.259206,0.406123
3066,3067,42.272989,0.478185
3067,3068,42.286772,0.451801
3068,3069,42.300555,0.404379
3069,3070,42.314339,0.427997
3070,3071,42.328122,0.466488
3071,3072,42.341905,0.509498
3072,3073,42.355688,0.507732
3073,3074,42.369471,0.397662
3074,3075,42.383254,0.478544
3075,3076,42.397038,0.449236
3076,3077,42.410821,0.391436
3077,3078,42.424604,0.392891
3078,3079,42.438387,0.453332
3079,3080,42.452170,0.475456
3080,3081,42.465954,0.517730
3081,3082,42.479737,0.453296
3082,3083,42.493520,0.446881
3083,3084,42.507303,0.429995
3084,3085,42.521086,0.436812
3085,3086,42.534869,0.458241
3086,3087,42.548653,0.455615
3087,3088,42.562436,0.491253
3088,3089,42.576219,0.435364
3089,3090,42.590002,0.493114
3090,3091,42.603785,0.409811
3091,3092,42.617568,0.431303
3092,3093,42.631352,0.405802
3093,3094,42.645135,0.437373
3094,3095,42.658918,0.478266
3095,3096,42.672701,0.392263
3096,3097,42.686484,0.398061
3097,3098,42.700267,0.372670
3098,3099,42.714051,0.428061
3099,3100,42.727834,0.396096
3100,3101,42.741617,0.396340
3101,3102,42.755400,0.403979
3102,3103,42.769183,0.510160
3103,3104,42.782966,0.474014
3104,3105,42.796750,0.467852
3105,3106,42.810533,0.486128
3106,3107,42.824316,0.404430
3107,3108,42.838099,0.494622
3108,3109,42.851882,0.436190
3109,3110,42.865666,0.455042
3110,3111,42.879449,0.472858
3111,3112,42.893232,0.430030
3112,3113,42.907015,0.398840
3113,3114,42.920798,0.370009
3114,3115,42.934581,0.522449
3115,3116,42.948365,0.408158
3116,3117,42.962148,0.353090
3117,3118,42.975931,0.391496
3118,3119,42.989714,0.358394
3119,3120,43.003497,0.451727
3120,3121,43.017280,0.396362
3121,3122,43.031064,0.527121
3122,3123,43.044847,0.474982
3123,3124,43.058630,0.394675
3124,3125,43.072413,0.398056
3125,3126,43.086196,0.463826
3126,3127,43.099979,0.388985
3127,3128,43.113763,0.441280
3128,3129,43.127546,0.463323
3129,3130,43.141329,0.409559
3130,3131,43.155112,0.426763
3131,3132,43.168895,0.385773
3132,3133,43.182678,0.364875
3133,3134,43.196462,0.461203
3134,3135,43.210245,0.490775
3135,3136,43.224028,0.470668
3136,3137,43.237811,0.411090
3137,3138,43.251594,0.394010
3138,3139,43.265377,0.432745
3139,3140,43.279161,0.441080
3140,3141,43.292944,0.508511
3141,3142,43.306727,0.385613
3142,3143,43.320510,0.412487
3143,3144,43.334293,0.431701
3144,3145,43.348077,0.335252
3145,3146,43.361860,0.415931
3146,3147,43.375643,0.456170
3147,3148,43.389426,0.433364
3148,3149,43.403209,0.465182
3149,3150,43.416992,0.541619
3150,3151,43.430776,0.453724
3151,3152,43.444559,0.449506
3152,3153,43.458342,0.466803
3153,3154,43.472125,0.380058
3154,3155,43.485908,0.407985
3155,3156,43.499691,0.453692
3156,3157,43.513475,0.476999
3157,3158,43.527258,0.429491
3158,3159,43.541041,0.400252
3159,3160,43.554824,0.449810
3160,3161,43.568607,0.387843
3161,3162,43.582390,0.434458
3162,3163,43.596174,0.501703
3163,3164,43.609957,0.432271
3164,3165,43.623740,0.406442
3165,3166,43.637523,0.463944
3166,3167,43.651306,0.399445
3167,3168,43.665089,0.394780
3168,3169,43.678873,0.468469
3169,3170,43.692656,0.521628
3170,3171,43.706439,0.503057
3171,3172,43.720222,0.453875
3172,3173,43.734005,0.410454
3173,3174,43.747789,0.390143
3174,3175,43.761572,0.443253
3175,3176,43.775355,0.407071
3176,3177,43.789138,0.392743
3177,3178,43.802921,0.482430
3178,3179,43.816704,0.469559
3179,3180,43.830488,0.391767
3180,3181,43.844271,0.479927
3181,3182,43.858054,0.445164
3182,3183,43.871837,0.378042
3183,3184,43.885620,0.441601
3184,3185,43.899403,0.515004
3185,3186,43.913187,0.436719
3186,3187,43.926970,0.464151
3187,3188,43.940753,0.412151
3188,3189,43.954536,0.460621
3189,3190,43.968319,0.445660
3190,3191,43.982102,0.424381
3191,3192,43.995886,0.475329
3192,3193,44.009669,0.435552
3193,3194,44.023452,0.438300
3194,3195,44.037235,0.430489
3195,3196,44.051018,0.445575
3196,3197,44.064801,0.443861
3197,3198,44.078585,0.436078
3198,3199,44.092368,0.512805
3199,3200,44.106151,0.443097
3200,3201,44.119934,0.421516
3201,3202,44.133717,0.389340
3202,3203,44.147501,0.424947
3203,3204,44.161284,0.458252
3204,3205,44.175067,0.493738
3205,3206,44.188850,0.416385
3206,3207,44.202633,0.480162
3207,3208,44.216416,0.389646
3208,3209,44.230200,0.477644
3209,3210,44.243983,0.425521
3210,3211,44.257766,0.451966
3211,3212,44.271549,0.456198
3212,3213,44.285332,0.383144
3213,3214,44.299115,0.444287
3214,3215,44.312899,0.458582
3215,3216,44.326682,0.446107
3216,3217,44.340465,0.450268
3217,3218,44.354248,0.408940
3218,3219,44.368031,0.468452
3219,3220,44.381814,0.393567
3220,3221,44.395598,0.424130
3221,3222,44.409381,0.486678
3222,3223,44.423164,0.450646
3223,3224,44.436947,0.444096
3224,3225,44.450730,0.409241
3225,3226,44.464513,0.434685
3226,3227,44.478297,0.437336
3227,3228,44.492080,0.375698
3228,3229,44.505863,0.440151
3229,3230,44.519646,0.419137
3230,3231,44.533429,0.445827
3231,3232,44.547213,0.437767
3232,3233,44.560996,0.456207
3233,3234,44.574779,0.463236
3234,3235,44.588562,0.392104
3235,3236,44.602345,0.413504
3236,3237,44.616128,0.443008
3237,3238,44.629912,0.465438
3238,3239,44.643695,0.399643
3239,3240,44.657478,0.463961
3240,3241,44.671261,0.372320
3241,3242,44.685044,0.461643
3242,3243,44.698827,0.431838
3243,3244,44.712611,0.481358
3244,3245,44.726394,0.466889
3245,3246,44.740177,0.519724
3246,3247,44.753960,0.409404
3247,3248,44.767743,0.413455
3248,3249,44.781526,0.496200
3249,3250,44.795310,0.412166
3250,3251,44.809093,0.519904
3251,3252,44.822876,0.424755
3252,3253,44.836659,0.390328
3253,3254,44.850442,0.425691
3254,3255,44.864225,0.420431
3255,3256,44.878009,0.449642
3256,3257,44.891792,0.410078
3257,3258,44.905575,0.436822
3258,3259,44.919358,0.438942
3259,3260,44.933141,0.499461
3260,3261,44.946925,0.403390
3261,3262,44.960708,0.440125
3262,3263,44.974491,0.462243
3263,3264,44.988274,0.458901
3264,3265,45.002057,0.461586
3265,3266,45.015840,0.484080
3266,3267,45.029624,0.420096
3267,3268,45.043407,0.394772
3268,3269,45.057190,0.466843
3269,3270,45.070973,0.374213
3270,3271,45.084756,0.457794
3271,3272,45.098539,0.529798
3272,3273,45.112323,0.406933
3273,3274,45.126106,0.434792
3274,3275,45.139889,0.363044
3275,3276,45.153672,0.392940
3276,3277,45.167455,0.426919
3277,3278,45.181238,0.441275
3278,3279,45.195022,0.454497
3279,3280,45.208805,0.468179
3280,3281,45.222588,0.374601
3281,3282,45.236371,0.460913
3282,3283,45.250154,0.433066
3283,3284,45.263937,0.425458
3284,3285,45.277721,0.515651
3285,3286,45.291504,0.557458
3286,3287,45.305287,0.416140
3287,3288,45.319070,0.416798
3288,3289,45.332853,0.525015
3289,3290,45.346636,0.484681
3290,3291,45.360420,0.479052
3291,3292,45.374203,0.441225
3292,3293,45.387986,0.469540
3293,3294,45.401769,0.452879
3294,3295,45.415552,0.404991
3295,3296,45.429336,0.379024
3296,3297,45.443119,0.432620
3297,3298,45.456902,0.454993
3298,3299,45.470685,0.404811
3299,3300,45.484468,0.426938
3300,3301,45.498251,0.480912
3301,3302,45.512035,0.386217
3302,3303,45.525818,0.411793
3303,3304,45.539601,0.471387
3304,3305,45.553384,0.440215
3305,3306,45.567167,0.399927
3306,3307,45.580950,0.409813
3307,3308,45.594734,0.448348
3308,3309,45.608517,0.449566
3309,3310,45.622300,0.421114
3310,3311,45.636083,0.351503
3311,3312,45.649866,0.430766
3312,3313,45.663649,0.371117
3313,3314,45.677433,0.401635
3314,3315,45.691216,0.418342
3315,3316,45.704999,0.466829
3316,3317,45.718782,0.415964
3317,3318,45.732565,0.457022
3318,3319,45.746348,0.433100
3319,3320,45.760132,0.412134
3320,3321,45.773915,0.420441
3321,3322,45.787698,0.429013
3322,3323,45.801481,0.502264
3323,3324,45.815264,0.422199
3324,3325,45.829048,0.375700
3325,3326,45.842831,0.479589
3326,3327,45.856614,0.473600
3327,3328,45.870397,0.399337
3328,3329,45.884180,0.466464
3329,3330,45.897963,0.421589
3330,3331,45.911747,0.419005
3331,3332,45.925530,0.496336
3332,3333,45.939313,0.376301
3333,3334,45.953096,0.536303
3334,3335,45.966879,0.438270
3335,3336,45.980662,0.445780
3336,3337,45.994446,0.459801
3337,3338,46.008229,0.442873
3338,3339,46.022012,0.490842
3339,3340,46.035795,0.438162
3340,3341,46.049578,0.348508
3341,3342,46.063361,0.426952
3342,3343,46.077145,0.404803
3343,3344,46.090928,0.467122
3344,3345,46.104711,0.465655
3345,3346,46.118494,0.395259
3346,3347,46.132277,0.423825
3347,3348,46.146060,0.491111
3348,3349,46.159844,0.505477
3349,3350,46.173627,0.484186
3350,3351,46.187410,0.433054
3351,3352,46.201193,0.480026
3352,3353,46.214976,0.424630
3353,3354,46.228760,0.421494
3354,3355,46.242543,0.425986
3355,3356,46.256326,0.445866
3356,3357,46.270109,0.416936
3357,3358,46.283892,0.417789
3358,3359,46.297675,0.451183
3359,3360,46.311459,0.362322
3360,3361,46.325242,0.447497
3361,3362,46.339025,0.454835
3362,3363,46.352808,0.382214
3363,3364,46.366591,0.445754
3364,3365,46.380374,0.470063
3365,3366,46.394158,0.487531
3366,3367,46.407941,0.549043
3367,3368,46.421724,0.459526
3368,3369,46.435507,0.446528
3369,3370,46.449290,0.473317
3370,3371,46.463073,0.515994
3371,3372,46.476857,0.463360
3372,3373,46.490640,0.463623
3373,3374,46.504423,0.429971
3374,3375,46.518206,0.403367
3375,3376,46.531989,0.423476
3376,3377,46.545772,0.421370
3377,3378,46.559556,0.402933
3378,3379,46.573339,0.383586
3379,3380,46.587122,0.489559
3380,3381,46.600905,0.431701
3381,3382,46.614688,0.408355
3382,3383,46.628472,0.403964
3383,3384,46.642255,0.487022
3384,3385,46.656038,0.426827
3385,3386,46.669821,0.451416
3386,3387,46.683604,0.472027
3387,3388,46.697387,0.437951
3388,3389,46.711171,0.442705
3389,3390,46.724954,0.428605
3390,3391,46.738737,0.432963
3391,3392,46.752520,0.441543
3392,3393,46.766303,0.488813
3393,3394,46.780086,0.414404
3394,3395,46.793870,0.447258
3395,3396,46.807653,0.368891
3396,3397,46.821436,0.446246
3397,3398,46.835219,0.463089
3398,3399,46.849002,0.399675
3399,3400,46.862785,0.412405
3400,3401,46.876569,0.437246
3401,3402,46.890352,0.521917
3402,3403,46.904135,0.486592
3403,3404,46.917918,0.466376
3404,3405,46.931701,0.470482
3405,3406,46.945484,0.352035
3406,3407,46.959268,0.390929
3407,3408,46.973051,0.515317
3408,3409,46.986834,0.464398
3409,3410,47.000617,0.458967
3410,3411,47.014400,0.473857
3411,3412,47.028184,0.456398
3412,3413,47.041967,0.435718
3413,3414,47.055750,0.483864
3414,3415,47.069533,0.483686
3415,3416,47.083316,0.504790
3416,3417,47.097099,0.436561
3417,3418,47.110883,0.410330
3418,3419,47.124666,0.439889
3419,3420,47.138449,0.444804
3420,3421,47.152232,0.390046
3421,3422,47.166015,0.424101
3422,3423,47.179798,0.509135
3423,3424,47.193582,0.416544
3424,3425,47.207365,0.391146
3425,3426,47.221148,0.455107
3426,3427,47.234931,0.490615
3427,3428,47.248714,0.482681
3428,3429,47.262497,0.474939
3429,3430,47.276281,0.469282
3430,3431,47.290064,0.445031
3431,3432,47.303847,0.490415
3432,3433,47.317630,0.406961
3433,3434,47.331413,0.441987
3434,3435,47.345196,0.504344
3435,3436,47.358980,0.448977
3436,3437,47.372763,0.452422
3437,3438,47.386546,0.476013
3438,3439,47.400329,0.448693
3439,3440,47.414112,0.402268
3440,3441,47.427895,0.491135
3441,3442,47.441679,0.400354
3442,3443,47.455462,0.452638
3443,3444,47.469245,0.408274
3444,3445,47.483028,0.432251
3445,3446,47.496811,0.436768
3446,3447,47.510595,0.443589
3447,3448,47.524378,0.455042
3448,3449,47.538161,0.423964
3449,3450,47.551944,0.470248
3450,3451,47.565727,0.423444
3451,3452,47.579510,0.527140
3452,3453,47.593294,0.451763
3453,3454,47.607077,0.414470
3454,3455,47.620860,0.505330
3455,3456,47.634643,0.452662
3456,3457,47.648426,0.431666
3457,3458,47.662209,0.501951
3458,3459,47.675993,0.462855
3459,3460,47.689776,0.463931
3460,3461,47.703559,0.374219
3461,3462,47.717342,0.487827
3462,3463,47.731125,0.459362
3463,3464,47.744908,0.408177
3464,3465,47.758692,0.357871
3465,3466,47.772475,0.426604
3466,3467,47.786258,0.442576
3467,3468,47.800041,0.411517
3468,3469,47.813824,0.567274
3469,3470,47.827607,0.488969
3470,3471,47.841391,0.409183
3471,3472,47.855174,0.394468
3472,3473,47.868957,0.411941
3473,3474,47.882740,0.368508
3474,3475,47.896523,0.448333
3475,3476,47.910307,0.508611
3476,3477,47.924090,0.518892
3477,3478,47.937873,0.436841
3478,3479,47.951656,0.433030
3479,3480,47.965439,0.439637
3480,3481,47.979222,0.467524
3481,3482,47.993006,0.593204
3482,3483,48.006789,0.420170
3483,3484,48.020572,0.482307
3484,3485,48.034355,0.444158
3485,3486,48.048138,0.408717
3486,3487,48.061921,0.450015
3487,3488,48.075705,0.512251
3488,3489,48.089488,0.465953
3489,3490,48.103271,0.441040
3490,3491,48.117054,0.445414
3491,3492,48.130837,0.477454
3492,3493,48.144620,0.427028
3493,3494,48.158404,0.406181
3494,3495,48.172187,0.403082
3495,3496,48.185970,0.467504
3496,3497,48.199753,0.423373
3497,3498,48.213536,0.414105
3498,3499,48.227319,0.378899
3499,3500,48.241103,0.413968
3500,3501,48.254886,0.382170
3501,3502,48.268669,0.479754
3502,3503,48.282452,0.437375
3503,3504,48.296235,0.423011
3504,3505,48.310019,0.450622
3505,3506,48.323802,0.446403
3506,3507,48.337585,0.445125
3507,3508,48.351368,0.429819
3508,3509,48.365151,0.383482
3509,3510,48.378934,0.451492
3510,3511,48.392718,0.450695
3511,3512,48.406501,0.494254
3512,3513,48.420284,0.401939
3513,3514,48.434067,0.386852
3514,3515,48.447850,0.460251
3515,3516,48.461633,0.484847
3516,3517,48.475417,0.463771
3517,3518,48.489200,0.369014
3518,3519,48.502983,0.393224
3519,3520,48.516766,0.459366
3520,3521,48.530549,0.416162
3521,3522,48.544332,0.439985
3522,3523,48.558116,0.419391
3523,3524,48.571899,0.377795
3524,3525,48.585682,0.412533
3525,3526,48.599465,0.394211
3526,3527,48.613248,0.493752
3527,3528,48.627031,0.483917
3528,3529,48.640815,0.451646
3529,3530,48.654598,0.495260
3530,3531,48.668381,0.404362
3531,3532,48.682164,0.454011
3532,3533,48.695947,0.450056
3533,3534,48.709731,0.485595
3534,3535,48.723514,0.510300
3535,3536,48.737297,0.389962
3536,3537,48.751080,0.476031
3537,3538,48.764863,0.475880
3538,3539,48.778646,0.426283
3539,3540,48.792430,0.434949
3540,3541,48.806213,0.402276
3541,3542,48.819996,0.448579
3542,3543,48.833779,0.447149
3543,3544,48.847562,0.466913
3544,3545,48.861345,0.481166
3545,3546,48.875129,0.422605
3546,3547,48.888912,0.492515
3547,3548,48.902695,0.462826
3548,3549,48.916478,0.426745
3549,3550,48.930261,0.370672
3550,3551,48.944044,0.448103
3551,3552,48.957828,0.470013
3552,3553,48.971611,0.442975
3553,3554,48.985394,0.446934
3554,3555,48.999177,0.393862
3555,3556,49.012960,0.404240
3556,3557,49.026743,0.410260
3557,3558,49.040527,0.411158
3558,3559,49.054310,0.384059
3559,3560,49.068093,0.457434
3560,3561,49.081876,0.409728
3561,3562,49.095659,0.395723
3562,3563,49.109443,0.489915
3563,3564,49.123226,0.439944
3564,3565,49.137009,0.425705
3565,3566,49.150792,0.456537
3566,3567,49.164575,0.440223
3567,3568,49.178358,0.455241
3568,3569,49.192142,0.444313
3569,3570,49.205925,0.465605
3570,3571,49.219708,0.475369
3571,3572,49.233491,0.481366
3572,3573,49.247274,0.474959
3573,3574,49.261057,0.449011
3574,3575,49.274841,0.492386
3575,3576,49.288624,0.437564
3576,3577,49.302407,0.467167
3577,3578,49.316190,0.377717
3578,3579,49.329973,0.472297
3579,3580,49.343756,0.392998
3580,3581,49.357540,0.463462
3581,3582,49.371323,0.397755
3582,3583,49.385106,0.400837
3583,3584,49.398889,0.414765
3584,3585,49.412672,0.479261
3585,3586,49.426455,0.423190
3586,3587,49.440239,0.450550
3587,3588,49.454022,0.515712
3588,3589,49.467805,0.431525
3589,3590,49.481588,0.441016
3590,3591,49.495371,0.458203
3591,3592,49.509154,0.417485
3592,3593,49.522938,0.404952
3593,3594,49.536721,0.449539
3594,3595,49.550504,0.423342
3595,3596,49.564287,0.469762
3596,3597,49.578070,0.410251
3597,3598,49.591854,0.512277
3598,3599,49.605637,0.479784
3599,3600,49.619420,0.415812
3600,3601,49.633203,0.405320
3601,3602,49.646986,0.441595
3602,3603,49.660769,0.503561
3603,3604,49.674553,0.397929
3604,3605,49.688336,0.421349
3605,3606,49.702119,0.502390
3606,3607,49.715902,0.518875
3607,3608,49.729685,0.376355
3608,3609,49.743468,0.399242
3609,3610,49.757252,0.371848
3610,3611,49.771035,0.492189
3611,3612,49.784818,0.429876
3612,3613,49.798601,0.387459
3613,3614,49.812384,0.428041
3614,3615,49.826167,0.430086
3615,3616,49.839951,0.451229
3616,3617,49.853734,0.396949
3617,3618,49.867517,0.439109
3618,3619,49.881300,0.370248
3619,3620,49.895083,0.367127
3620,3621,49.908866,0.475482
3621,3622,49.922650,0.434226
3622,3623,49.936433,0.486197
3623,3624,49.950216,0.475130
3624,3625,49.963999,0.533846
3625,3626,49.977782,0.461129
3626,3627,49.991566,0.460499
3627,3628,50.005349,0.446068
3628,3629,50.019132,0.387965
3629,3630,50.032915,0.422086
3630,3631,50.046698,0.450394
3631,3632,50.060481,0.431438
3632,3633,50.074265,0.422447
3633,3634,50.088048,0.403333
3634,3635,50.101831,0.367002
3635,3636,50.115614,0.465021
3636,3637,50.129397,0.388248
3637,3638,50.143180,0.415332
3638,3639,50.156964,0.442479
3639,3640,50.170747,0.490703
3640,3641,50.184530,0.350250
3641,3642,50.198313,0.415254
3642,3643,50.212096,0.434693
3643,3644,50.225879,0.468654
3644,3645,50.239663,0.410674
3645,3646,50.253446,0.398267
3646,3647,50.267229,0.560943
3647,3648,50.281012,0.465480
3648,3649,50.294795,0.427462
3649,3650,50.308578,0.448080
3650,3651,50.322362,0.497209
3651,3652,50.336145,0.500153
3652,3653,50.349928,0.533431
3653,3654,50.363711,0.481552
3654,3655,50.377494,0.484750
3655,3656,50.391278,0.453622
3656,3657,50.405061,0.476722
3657,3658,50.418844,0.418822
3658,3659,50.432627,0.448225
3659,3660,50.446410,0.448059
3660,3661,50.460193,0.430195
3661,3662,50.473977,0.468118
3662,3663,50.487760,0.422183
3663,3664,50.501543,0.367049
3664,3665,50.515326,0.390315
3665,3666,50.529109,0.490508
3666,3667,50.542892,0.440586
3667,3668,50.556676,0.521966
3668,3669,50.570459,0.443145
3669,3670,50.584242,0.412800
3670,3671,50.598025,0.405914
3671,3672,50.611808,0.375197
3672,3673,50.625591,0.445756
3673,3674,50.639375,0.418276
3674,3675,50.653158,0.405194
3675,3676,50.666941,0.413022
3676,3677,50.680724,0.387530
3677,3678,50.694507,0.455428
3678,3679,50.708290,0.501376
3679,3680,50.722074,0.403643
3680,3681,50.735857,0.434930
3681,3682,50.749640,0.461272
3682,3683,50.763423,0.429799
3683,3684,50.777206,0.420606
3684,3685,50.790990,0.434665
3685,3686,50.804773,0.425449
3686,3687,50.818556,0.453215
3687,3688,50.832339,0.520355
3688,3689,50.846122,0.406879
3689,3690,50.859905,0.404803
3690,3691,50.873689,0.456802
3691,3692,50.887472,0.437730
3692,3693,50.901255,0.411692
3693,3694,50.915038,0.410321
3694,3695,50.928821,0.502670
3695,3696,50.942604,0.433674
3696,3697,50.956388,0.412384
3697,3698,50.970171,0.416946
3698,3699,50.983954,0.453349
3699,3700,50.997737,0.516991
3700,3701,51.011520,0.428499
3701,3702,51.025303,0.480099
3702,3703,51.039087,0.477003
3703,3704,51.052870,0.441009
3704,3705,51.066653,0.469052
3705,3706,51.080436,0.481252
3706,3707,51.094219,0.444338
3707,3708,51.108002,0.464548
3708,3709,51.121786,0.493702
3709,3710,51.135569,0.360085
3710,3711,51.149352,0.540054
3711,3712,51.163135,0.377345
3712,3713,51.176918,0.463872
3713,3714,51.190702,0.414734
3714,3715,51.204485,0.482597
3715,3716,51.218268,0.415919
3716,3717,51.232051,0.436476
3717,3718,51.245834,0.419161
3718,3719,51.259617,0.376688
3719,3720,51.273401,0.337888
3720,3721,51.287184,0.364779
3721,3722,51.300967,0.393495
3722,3723,51.314750,0.443563
3723,3724,51.328533,0.426785
3724,3725,51.342316,0.467538
3725,3726,51.356100,0.375404
3726,3727,51.369883,0.387154
3727,3728,51.383666,0.367584
3728,3729,51.397449,0.394699
3729,3730,51.411232,0.468901
3730,3731,51.425015,0.441587
3731,3732,51.438799,0.392920
3732,3733,51.452582,0.429705
3733,3734,51.466365,0.477191
3734,3735,51.480148,0.409359
3735,3736,51.493931,0.463583
3736,3737,51.507714,0.391616
3737,3738,51.521498,0.355533
3738,3739,51.535281,0.514320
3739,3740,51.549064,0.420916
3740,3741,51.562847,0.441734
3741,3742,51.576630,0.409994
3742,3743,51.590413,0.365149
3743,3744,51.604197,0.436871
3744,3745,51.617980,0.385234
3745,3746,51.631763,0.470070
3746,3747,51.645546,0.448986
3747,3748,51.659329,0.405019
3748,3749,51.673113,0.438286
3749,3750,51.686896,0.497378
3750,3751,51.700679,0.455548
3751,3752,51.714462,0.400312
3752,3753,51.728245,0.496577
3753,3754,51.742028,0.441470
3754,3755,51.755812,0.459187
3755,3756,51.769595,0.489020
3756,3757,51.783378,0.409672
3757,3758,51.797161,0.445977
3758,3759,51.810944,0.463038
3759,3760,51.824727,0.454617
3760,3761,51.838511,0.461718
3761,3762,51.852294,0.450229
3762,3763,51.866077,0.443063
3763,3764,51.879860,0.358836
3764,3765,51.893643,0.369577
3765,3766,51.907426,0.406304
3766,3767,51.921210,0.468847
3767,3768,51.934993,0.498293
3768,3769,51.948776,0.395482
3769,3770,51.962559,0.495326
3770,3771,51.976342,0.391895
3771,3772,51.990125,0.476758
3772,3773,52.003909,0.484958
3773,3774,52.017692,0.431843
3774,3775,52.031475,0.416807
3775,3776,52.045258,0.558182
3776,3777,52.059041,0.520730
3777,3778,52.072825,0.438996
3778,3779,52.086608,0.449835
3779,3780,52.100391,0.442161
3780,3781,52.114174,0.483070
3781,3782,52.127957,0.475869
3782,3783,52.141740,0.418638
3783,3784,52.155524,0.397322
3784,3785,52.169307,0.439640
3785,3786,52.183090,0.442985
3786,3787,52.196873,0.432124
3787,3788,52.210656,0.483820
3788,3789,52.224439,0.425579
3789,3790,52.238223,0.494246
3790,3791,52.252006,0.435362
3791,3792,52.265789,0.478910
3792,3793,52.279572,0.458961
3793,3794,52.293355,0.367477
3794,3795,52.307138,0.491963
3795,3796,52.320922,0.419502
3796,3797,52.334705,0.507677
3797,3798,52.348488,0.445842
3798,3799,52.362271,0.469142
3799,3800,52.376054,0.463105
3800,3801,52.389837,0.420288
3801,3802,52.403621,0.438421
3802,3803,52.417404,0.371926
3803,3804,52.431187,0.510774
3804,3805,52.444970,0.474080
3805,3806,52.458753,0.395113
3806,3807,52.472537,0.416984
3807,3808,52.486320,0.452512
3808,3809,52.500103,0.449052
3809,3810,52.513886,0.432109
3810,3811,52.527669,0.470920
3811,3812,52.541452,0.369317
3812,3813,52.555236,0.468534
3813,3814,52.569019,0.456717
3814,3815,52.582802,0.395756
3815,3816,52.596585,0.484191
3816,3817,52.610368,0.405982
3817,3818,52.624151,0.365109
3818,3819,52.637935,0.496989
3819,3820,52.651718,0.515229
3820,3821,52.665501,0.434896
3821,3822,52.679284,0.412727
3822,3823,52.693067,0.470623
3823,3824,52.706850,0.464522
3824,3825,52.720634,0.493537
3825,3826,52.734417,0.396378
3826,3827,52.748200,0.453179
3827,3828,52.761983,0.465366
3828,3829,52.775766,0.447850
3829,3830,52.789549,0.399572
3830,3831,52.803333,0.517642
3831,3832,52.817116,0.472640
3832,3833,52.830899,0.398516
3833,3834,52.844682,0.444681
3834,3835,52.858465,0.469617
3835,3836,52.872249,0.511960
3836,3837,52.886032,0.347756
3837,3838,52.899815,0.390763
3838,3839,52.913598,0.453011
3839,3840,52.927381,0.436808
3840,3841,52.941164,0.435247
3841,3842,52.954948,0.416518
3842,3843,52.968731,0.384717
3843,3844,52.982514,0.451796
3844,3845,52.996297,0.451704
3845,3846,53.010080,0.467183
3846,3847,53.023863,0.382859
3847,3848,53.037647,0.396111
3848,3849,53.051430,0.437676
3849,3850,53.065213,0.397922
3850,3851,53.078996,0.374415
3851,3852,53.092779,0.443138
3852,3853,53.106562,0.412377
3853,3854,53.120346,0.470618
3854,3855,53.134129,0.399369
3855,3856,53.147912,0.448289
3856,3857,53.161695,0.400914
3857,3858,53.175478,0.422599
3858,3859,53.189261,0.388596
3859,3860,53.203045,0.499276
3860,3861,53.216828,0.479875
3861,3862,53.230611,0.441612
3862,3863,53.244394,0.439400
3863,3864,53.258177,0.400220
3864,3865,53.271961,0.503534
3865,3866,53.285744,0.465188
3866,3867,53.299527,0.375851
3867,3868,53.313310,0.474870
3868,3869,53.327093,0.446020
3869,3870,53.340876,0.462121
3870,3871,53.354660,0.392712
3871,3872,53.368443,0.397857
3872,3873,53.382226,0.473331
3873,3874,53.396009,0.356681
3874,3875,53.409792,0.447733
3875,3876,53.423575,0.443901
3876,3877,53.437359,0.472804
3877,3878,53.451142,0.403478
3878,3879,53.464925,0.406512
3879,3880,53.478708,0.472262
3880,3881,53.492491,0.433458
3881,3882,53.506274,0.366509
3882,3883,53.520058,0.398312
3883,3884,53.533841,0.555616
3884,3885,53.547624,0.457493
3885,3886,53.561407,0.418081
3886,3887,53.575190,0.442051
3887,3888,53.588973,0.422204
3888,3889,53.602757,0.400518
3889,3890,53.616540,0.466393
3890,3891,53.630323,0.470991
3891,3892,53.644106,0.461638
3892,3893,53.657889,0.369902
3893,3894,53.671672,0.415811
3894,3895,53.685456,0.427124
3895,3896,53.699239,0.435680
3896,3897,53.713022,0.515098
3897,3898,53.726805,0.482487
3898,3899,53.740588,0.472435
3899,3900,53.754372,0.435863
3900,3901,53.768155,0.490408
3901,3902,53.781938,0.406929
3902,3903,53.795721,0.467975
3903,3904,53.809504,0.442259
3904,3905,53.823287,0.406580
3905,3906,53.837071,0.490551
3906,3907,53.850854,0.483848
3907,3908,53.864637,0.448740
3908,3909,53.878420,0.533909
3909,3910,53.892203,0.367663
3910,3911,53.905986,0.339201
3911,3912,53.919770,0.415229
3912,3913,53.933553,0.421002
3913,3914,53.947336,0.374051
3914,3915,53.961119,0.419480
3915,3916,53.974902,0.473588
3916,3917,53.988685,0.458526
3917,3918,54.002469,0.449495
3918,3919,54.016252,0.483828
3919,3920,54.030035,0.415895
3920,3921,54.043818,0.475947
3921,3922,54.057601,0.390972
3922,3923,54.071384,0.431257
3923,3924,54.085168,0.382387
3924,3925,54.098951,0.494652
3925,3926,54.112734,0.406773
3926,3927,54.126517,0.434695
3927,3928,54.140300,0.518491
3928,3929,54.154084,0.434471
3929,3930,54.167867,0.465950
3930,3931,54.181650,0.478337
3931,3932,54.195433,0.444240
3932,3933,54.209216,0.403103
3933,3934,54.222999,0.449868
3934,3935,54.236783,0.404805
3935,3936,54.250566,0.455200
3936,3937,54.264349,0.484899
3937,3938,54.278132,0.490124
3938,3939,54.291915,0.424842
3939,3940,54.305698,0.503851
3940,3941,54.319482,0.434262
3941,3942,54.333265,0.529248
3942,3943,54.347048,0.424008
3943,3944,54.360831,0.468405
3944,3945,54.374614,0.437448
3945,3946,54.388397,0.544661
3946,3947,54.402181,0.423761
3947,3948,54.415964,0.431191
3948,3949,54.429747,0.397954
3949,3950,54.443530,0.454638
3950,3951,54.457313,0.470669
3951,3952,54.471096,0.467821
3952,3953,54.484880,0.475537
3953,3954,54.498663,0.443597
3954,3955,54.512446,0.416628
3955,3956,54.526229,0.439790
3956,3957,54.540012,0.402004
3957,3958,54.553796,0.488599
3958,3959,54.567579,0.449777
3959,3960,54.581362,0.410570
3960,3961,54.595145,0.461787
3961,3962,54.608928,0.455487
3962,3963,54.622711,0.355960
3963,3964,54.636495,0.355611
3964,3965,54.650278,0.468665
3965,3966,54.664061,0.466227
3966,3967,54.677844,0.363052
3967,3968,54.691627,0.443367
3968,3969,54.705410,0.516764
3969,3970,54.719194,0.402537
3970,3971,54.732977,0.504446
3971,3972,54.746760,0.469753
3972,3973,54.760543,0.444222
3973,3974,54.774326,0.444481
3974,3975,54.788109,0.449306
3975,3976,54.801893,0.397979
3976,3977,54.815676,0.423044
3977,3978,54.829459,0.462881
3978,3979,54.843242,0.454990
3979,3980,54.857025,0.489498
3980,3981,54.870808,0.443393
3981,3982,54.884592,0.542992
3982,3983,54.898375,0.384819
3983,3984,54.912158,0.352874
3984,3985,54.925941,0.440004
3985,3986,54.939724,0.387679
3986,3987,54.953508,0.434652
3987,3988,54.967291,0.405721
3988,3989,54.981074,0.363053
3989,3990,54.994857,0.407591
3990,3991,55.008640,0.419797
3991,3992,55.022423,0.486914
3992,3993,55.036207,0.457980
3993,3994,55.049990,0.386767
3994,3995,55.063773,0.428901
3995,3996,55.077556,0.423916
3996,3997,55.091339,0.448650
3997,3998,55.105122,0.448346
3998,3999,55.118906,0.446438
3999,4000,55.132689,0.482872
4000,4001,55.146472,0.517693
4001,4002,55.160255,0.415445
4002,4003,55.174038,0.416315
4003,4004,55.187821,0.409340
4004,4005,55.201605,0.465914
4005,4006,55.215388,0.471210
4006,4007,55.229171,0.432791
4007,4008,55.242954,0.461163
4008,4009,55.256737,0.443994
4009,4010,55.270520,0.464499
4010,4011,55.284304,0.498333
4011,4012,55.298087,0.422047
4012,4013,55.311870,0.386253
4013,4014,55.325653,0.460955
4014,4015,55.339436,0.478245
4015,4016,55.353220,0.414060
4016,4017,55.367003,0.482259
4017,4018,55.380786,0.411971
4018,4019,55.394569,0.482736
4019,4020,55.408352,0.469657
4020,4021,55.422135,0.393513
4021,4022,55.435919,0.477025
4022,4023,55.449702,0.525294
4023,4024,55.463485,0.421667
4024,4025,55.477268,0.409458
4025,4026,55.491051,0.366777
4026,4027,55.504834,0.421707
4027,4028,55.518618,0.373371
4028,4029,55.532401,0.387266
4029,4030,55.546184,0.469710
4030,4031,55.559967,0.441069
4031,4032,55.573750,0.464965
4032,4033,55.587533,0.458523
4033,4034,55.601317,0.380106
4034,4035,55.615100,0.432802
4035,4036,55.628883,0.450573
4036,4037,55.642666,0.378116
4037,4038,55.656449,0.456965
4038,4039,55.670232,0.415452
4039,4040,55.684016,0.440758
4040,4041,55.697799,0.489238
4041,4042,55.711582,0.444373
4042,4043,55.725365,0.405715
4043,4044,55.739148,0.378150
4044,4045,55.752931,0.434641
4045,4046,55.766715,0.416892
4046,4047,55.780498,0.475510
4047,4048,55.794281,0.410482
4048,4049,55.808064,0.414974
4049,4050,55.821847,0.460797
4050,4051,55.835631,0.453160
4051,4052,55.849414,0.399982
4052,4053,55.863197,0.383536
4053,4054,55.876980,0.359789
4054,4055,55.890763,0.445337
4055,4056,55.904546,0.430862
4056,4057,55.918330,0.389122
4057,4058,55.932113,0.443294
4058,4059,55.945896,0.422651
4059,4060,55.959679,0.409668
4060,4061,55.973462,0.341659
4061,4062,55.987245,0.423436
4062,4063,56.001029,0.476141
4063,4064,56.014812,0.422761
4064,4065,56.028595,0.419972
4065,4066,56.042378,0.410148
4066,4067,56.056161,0.414813
4067,4068,56.069944,0.410969
4068,4069,56.083728,0.406958
4069,4070,56.097511,0.435496
4070,4071,56.111294,0.433826
4071,4072,56.125077,0.449852
4072,4073,56.138860,0.374636
4073,4074,56.152643,0.419754
4074,4075,56.166427,0.382374
4075,4076,56.180210,0.422472
4076,4077,56.193993,0.435817
4077,4078,56.207776,0.432673
4078,4079,56.221559,0.399383
4079,4080,56.235343,0.497013
4080,4081,56.249126,0.441174
4081,4082,56.262909,0.348600
4082,4083,56.276692,0.497038
4083,4084,56.290475,0.541240
4084,4085,56.304258,0.447981
4085,4086,56.318042,0.500789
4086,4087,56.331825,0.438156
4087,4088,56.345608,0.464699
4088,4089,56.359391,0.500510
4089,4090,56.373174,0.386368
4090,4091,56.386957,0.443225
4091,4092,56.400741,0.425793
4092,4093,56.414524,0.470420
4093,4094,56.428307,0.408530
4094,4095,56.442090,0.514393
4095,4096,56.455873,0.402892
4096,4097,56.469656,0.461298
4097,4098,56.483440,0.490640
4098,4099,56.497223,0.439212
4099,4100,56.511006,0.395109
4100,4101,56.524789,0.490637
4101,4102,56.538572,0.415189
4102,4103,56.552355,0.492830
4103,4104,56.566139,0.412591
4104,4105,56.579922,0.418561
4105,4106,56.593705,0.396441
4106,4107,56.607488,0.476005
4107,4108,56.621271,0.502126
4108,4109,56.635055,0.398181
4109,4110,56.648838,0.401343
4110,4111,56.662621,0.422002
4111,4112,56.676404,0.462227
4112,4113,56.690187,0.428563
4113,4114,56.703970,0.505965
4114,4115,56.717754,0.392922
4115,4116,56.731537,0.454552
4116,4117,56.745320,0.440544
4117,4118,56.759103,0.503429
4118,4119,56.772886,0.490582
4119,4120,56.786669,0.419696
4120,4121,56.800453,0.489351
4121,4122,56.814236,0.416066
4122,4123,56.828019,0.419530
4123,4124,56.841802,0.432364
4124,4125,56.855585,0.414967
4125,4126,56.869368,0.470398
4126,4127,56.883152,0.401455
4127,4128,56.896935,0.423785
4128,4129,56.910718,0.424388
4129,4130,56.924501,0.483453
4130,4131,56.938284,0.334998
4131,4132,56.952067,0.419934
4132,4133,56.965851,0.486128
4133,4134,56.979634,0.475510
4134,4135,56.993417,0.480499
4135,4136,57.007200,0.497763
4136,4137,57.020983,0.442611
4137,4138,57.034767,0.498555
4138,4139,57.048550,0.425169
4139,4140,57.062333,0.471743
4140,4141,57.076116,0.452333
4141,4142,57.089899,0.375481
4142,4143,57.103682,0.432402
4143,4144,57.117466,0.440849
4144,4145,57.131249,0.423763
4145,4146,57.145032,0.437556
4146,4147,57.158815,0.459983
4147,4148,57.172598,0.362168
4148,4149,57.186381,0.427116
4149,4150,57.200165,0.368218
4150,4151,57.213948,0.399731
4151,4152,57.227731,0.510552
4152,4153,57.241514,0.468440
4153,4154,57.255297,0.478985
4154,4155,57.269080,0.375401
4155,4156,57.282864,0.483202
4156,4157,57.296647,0.395718
4157,4158,57.310430,0.399553
4158,4159,57.324213,0.552063
4159,4160,57.337996,0.385509
4160,4161,57.351779,0.395730
4161,4162,57.365563,0.408358
4162,4163,57.379346,0.392362
4163,4164,57.393129,0.412169
4164,4165,57.406912,0.439460
4165,4166,57.420695,0.399268
4166,4167,57.434479,0.452000
4167,4168,57.448262,0.519504
4168,4169,57.462045,0.437507
4169,4170,57.475828,0.434898
4170,4171,57.489611,0.404942
4171,4172,57.503394,0.400482
4172,4173,57.517178,0.474849
4173,4174,57.530961,0.393229
4174,4175,57.544744,0.390923
4175,4176,57.558527,0.523616
4176,4177,57.572310,0.505332
4177,4178,57.586093,0.457133
4178,4179,57.599877,0.390553
4179,4180,57.613660,0.399137
4180,4181,57.627443,0.515848
4181,4182,57.641226,0.391606
4182,4183,57.655009,0.496522
4183,4184,57.668792,0.494563
4184,4185,57.682576,0.416644
4185,4186,57.696359,0.440527
4186,4187,57.710142,0.454818
4187,4188,57.723925,0.485286
4188,4189,57.737708,0.454616
4189,4190,57.751491,0.456739
4190,4191,57.765275,0.360261
4191,4192,57.779058,0.460450
4192,4193,57.792841,0.420082
4193,4194,57.806624,0.437424
4194,4195,57.820407,0.433435
4195,4196,57.834190,0.430772
4196,4197,57.847974,0.399184
4197,4198,57.861757,0.422720
4198,4199,57.875540,0.435343
4199,4200,57.889323,0.368226
4200,4201,57.903106,0.454089
4201,4202,57.916890,0.449290
4202,4203,57.930673,0.431369
4203,4204,57.944456,0.480297
4204,4205,57.958239,0.513280
4205,4206,57.972022,0.489915
4206,4207,57.985805,0.452796
4207,4208,57.999589,0.480027
4208,4209,58.013372,0.462011
4209,4210,58.027155,0.412035
4210,4211,58.040938,0.410956
4211,4212,58.054721,0.467063
4212,4213,58.068504,0.419682
4213,4214,58.082288,0.498703
4214,4215,58.096071,0.460228
4215,4216,58.109854,0.383567
4216,4217,58.123637,0.457854
4217,4218,58.137420,0.442812
4218,4219,58.151203,0.436588
4219,4220,58.164987,0.426823
4220,4221,58.178770,0.375333
4221,4222,58.192553,0.415109
4222,4223,58.206336,0.412252
4223,4224,58.220119,0.401627
4224,4225,58.233902,0.455557
4225,4226,58.247686,0.407330
4226,4227,58.261469,0.435672
4227,4228,58.275252,0.403882
4228,4229,58.289035,0.449644
4229,4230,58.302818,0.496735
4230,4231,58.316602,0.416525
4231,4232,58.330385,0.503685
4232,4233,58.344168,0.366751
4233,4234,58.357951,0.488201
4234,4235,58.371734,0.440136
4235,4236,58.385517,0.410151
4236,4237,58.399301,0.521803
4237,4238,58.413084,0.403657
4238,4239,58.426867,0.388813
4239,4240,58.440650,0.437407
4240,4241,58.454433,0.487003
4241,4242,58.468216,0.391759
4242,4243,58.482000,0.413928
4243,4244,58.495783,0.387685
4244,4245,58.509566,0.471832
4245,4246,58.523349,0.433608
4246,4247,58.537132,0.445827
4247,4248,58.550915,0.438391
4248,4249,58.564699,0.404724
4249,4250,58.578482,0.478525
4250,4251,58.592265,0.435403
4251,4252,58.606048,0.382736
4252,4253,58.619831,0.438977
4253,4254,58.633614,0.438064
4254,4255,58.647398,0.418197
4255,4256,58.661181,0.420032
4256,4257,58.674964,0.492796
4257,4258,58.688747,0.449746
4258,4259,58.702530,0.464473
4259,4260,58.716314,0.427773
4260,4261,58.730097,0.510439
4261,4262,58.743880,0.487754
4262,4263,58.757663,0.394837
4263,4264,58.771446,0.462119
4264,4265,58.785229,0.410747
4265,4266,58.799013,0.403914
4266,4267,58.812796,0.420783
4267,4268,58.826579,0.405806
4268,4269,58.840362,0.464690
4269,4270,58.854145,0.403274
4270,4271,58.867928,0.390596
4271,4272,58.881712,0.418877
4272,4273,58.895495,0.457480
4273,4274,58.909278,0.483056
4274,4275,58.923061,0.352945
4275,4276,58.936844,0.469187
4276,4277,58.950627,0.428366
4277,4278,58.964411,0.461804
4278,4279,58.978194,0.406125
4279,4280,58.991977,0.449595
4280,4281,59.005760,0.448312
4281,4282,59.019543,0.415307
4282,4283,59.033326,0.458403
4283,4284,59.047110,0.434219
4284,4285,59.060893,0.430560
4285,4286,59.074676,0.469191
4286,4287,59.088459,0.399396
4287,4288,59.102242,0.412079
4288,4289,59.116026,0.463990
4289,4290,59.129809,0.445032
4290,4291,59.143592,0.404014
4291,4292,59.157375,0.425692
4292,4293,59.171158,0.463762
4293,4294,59.184941,0.493182
4294,4295,59.198725,0.420141
4295,4296,59.212508,0.452807
4296,4297,59.226291,0.489094
4297,4298,59.240074,0.499151
4298,4299,59.253857,0.469441
4299,4300,59.267640,0.472337
4300,4301,59.281424,0.466969
4301,4302,59.295207,0.455803
4302,4303,59.308990,0.385428
4303,4304,59.322773,0.412153
4304,4305,59.336556,0.434383
4305,4306,59.350339,0.427197
4306,4307,59.364123,0.426742
4307,4308,59.377906,0.458664
4308,4309,59.391689,0.405439
4309,4310,59.405472,0.413364
4310,4311,59.419255,0.387075
4311,4312,59.433038,0.383019
4312,4313,59.446822,0.344118
4313,4314,59.460605,0.434161
4314,4315,59.474388,0.469902
4315,4316,59.488171,0.440867
4316,4317,59.501954,0.469222
4317,4318,59.515738,0.394881
4318,4319,59.529521,0.527041
4319,4320,59.543304,0.422801
4320,4321,59.557087,0.465002
4321,4322,59.570870,0.427570
4322,4323,59.584653,0.442152
4323,4324,59.598437,0.439474
4324,4325,59.612220,0.484398
4325,4326,59.626003,0.426583
4326,4327,59.639786,0.458943
4327,4328,59.653569,0.355865
4328,4329,59.667352,0.381525
4329,4330,59.681136,0.446275
4330,4331,59.694919,0.452187
4331,4332,59.708702,0.412434
4332,4333,59.722485,0.485675
4333,4334,59.736268,0.386097
4334,4335,59.750051,0.423195
4335,4336,59.763835,0.432765
4336,4337,59.777618,0.483125
4337,4338,59.791401,0.392287
4338,4339,59.805184,0.456962
4339,4340,59.818967,0.473431
4340,4341,59.832750,0.408649
4341,4342,59.846534,0.367577
4342,4343,59.860317,0.417622
4343,4344,59.874100,0.421609
4344,4345,59.887883,0.386314
4345,4346,59.901666,0.442225
4346,4347,59.915449,0.471690
4347,4348,59.929233,0.495935
4348,4349,59.943016,0.518491
4349,4350,59.956799,0.531146
4350,4351,59.970582,0.461401
4351,4352,59.984365,0.507131
4352,4353,59.998149,0.453776
4353,4354,60.011932,0.444989
4354,4355,60.025715,0.483220
4355,4356,60.039498,0.446894
4356,4357,60.053281,0.449089
4357,4358,60.067064,0.395193
4358,4359,60.080848,0.507464
4359,4360,60.094631,0.384732
4360,4361,60.108414,0.565180
4361,4362,60.122197,0.377240
4362,4363,60.135980,0.425808
4363,4364,60.149763,0.449841
4364,4365,60.163547,0.415037
4365,4366,60.177330,0.509239
4366,4367,60.191113,0.415560
4367,4368,60.204896,0.350838
4368,4369,60.218679,0.407370
4369,4370,60.232462,0.488248
4370,4371,60.246246,0.488882
4371,4372,60.260029,0.468351
4372,4373,60.273812,0.459146
4373,4374,60.287595,0.471353
4374,4375,60.301378,0.407108
4375,4376,60.315161,0.455294
4376,4377,60.328945,0.443125
4377,4378,60.342728,0.399497
4378,4379,60.356511,0.429679
4379,4380,60.370294,0.516465
4380,4381,60.384077,0.441956
4381,4382,60.397861,0.405635
4382,4383,60.411644,0.452480
4383,4384,60.425427,0.393816
4384,4385,60.439210,0.402897
4385,4386,60.452993,0.425961
4386,4387,60.466776,0.440056
4387,4388,60.480560,0.478633
4388,4389,60.494343,0.417814
4389,4390,60.508126,0.396760
4390,4391,60.521909,0.404935
4391,4392,60.535692,0.451049
4392,4393,60.549475,0.438754
4393,4394,60.563259,0.414237
4394,4395,60.577042,0.456165
4395,4396,60.590825,0.431526
4396,4397,60.604608,0.454141
4397,4398,60.618391,0.494234
4398,4399,60.632174,0.436882
4399,4400,60.645958,0.464759
4400,4401,60.659741,0.383771
4401,4402,60.673524,0.445813
4402,4403,60.687307,0.350991
4403,4404,60.701090,0.475045
4404,4405,60.714873,0.441488
4405,4406,60.728657,0.417243
4406,4407,60.742440,0.418667
4407,4408,60.756223,0.380605
4408,4409,60.770006,0.452447
4409,4410,60.783789,0.466935
4410,4411,60.797573,0.447864
4411,4412,60.811356,0.425399
4412,4413,60.825139,0.459760
4413,4414,60.838922,0.499738
4414,4415,60.852705,0.485590
4415,4416,60.866488,0.440527
4416,4417,60.880272,0.483340
4417,4418,60.894055,0.506284
4418,4419,60.907838,0.438453
4419,4420,60.921621,0.441743
4420,4421,60.935404,0.473999
4421,4422,60.949187,0.453644
4422,4423,60.962971,0.320447
4423,4424,60.976754,0.486534
4424,4425,60.990537,0.424843
4425,4426,61.004320,0.411603
4426,4427,61.018103,0.369481
4427,4428,61.031886,0.427735
4428,4429,61.045670,0.436577
4429,4430,61.059453,0.513153
4430,4431,61.073236,0.401279
4431,4432,61.087019,0.490895
4432,4433,61.100802,0.551065
4433,4434,61.114585,0.366949
4434,4435,61.128369,0.432315
4435,4436,61.142152,0.413796
4436,4437,61.155935,0.352176
4437,4438,61.169718,0.455265
4438,4439,61.183501,0.488422
4439,4440,61.197285,0.480225
4440,4441,61.211068,0.475812
4441,4442,61.224851,0.412025
4442,4443,61.238634,0.493109
4443,4444,61.252417,0.423256
4444,4445,61.266200,0.488147
4445,4446,61.279984,0.439822
4446,4447,61.293767,0.494117
4447,4448,61.307550,0.399263
4448,4449,61.321333,0.401745
4449,4450,61.335116,0.425692
4450,4451,61.348899,0.401361
4451,4452,61.362683,0.591631
4452,4453,61.376466,0.469417
4453,4454,61.390249,0.405707
4454,4455,61.404032,0.422108
4455,4456,61.417815,0.428406
4456,4457,61.431598,0.400024
4457,4458,61.445382,0.440661
4458,4459,61.459165,0.494705
4459,4460,61.472948,0.444535
4460,4461,61.486731,0.354103
4461,4462,61.500514,0.451056
4462,4463,61.514297,0.432679
4463,4464,61.528081,0.431401
4464,4465,61.541864,0.499091
4465,4466,61.555647,0.412282
4466,4467,61.569430,0.389358
4467,4468,61.583213,0.397963
4468,4469,61.596997,0.408317
4469,4470,61.610780,0.432424
4470,4471,61.624563,0.421343
4471,4472,61.638346,0.454739
4472,4473,61.652129,0.437452
4473,4474,61.665912,0.461313
4474,4475,61.679696,0.500178
4475,4476,61.693479,0.430387
4476,4477,61.707262,0.451410
4477,4478,61.721045,0.486935
4478,4479,61.734828,0.439213
4479,4480,61.748611,0.539739
4480,4481,61.762395,0.394505
4481,4482,61.776178,0.511497
4482,4483,61.789961,0.394104
4483,4484,61.803744,0.394817
4484,4485,61.817527,0.429212
4485,4486,61.831310,0.420861
4486,4487,61.845094,0.476839
4487,4488,61.858877,0.462571
4488,4489,61.872660,0.462508
4489,4490,61.886443,0.405365
4490,4491,61.900226,0.436284
4491,4492,61.914009,0.453873
4492,4493,61.927793,0.477464
4493,4494,61.941576,0.441065
4494,4495,61.955359,0.387826
4495,4496,61.969142,0.486075
4496,4497,61.982925,0.406194
4497,4498,61.996708,0.398094
4498,4499,62.010492,0.476403
4499,4500,62.024275,0.463878
4500,4501,62.038058,0.492626
4501,4502,62.051841,0.467275
4502,4503,62.065624,0.397555
4503,4504,62.079408,0.488811
4504,4505,62.093191,0.415979
4505,4506,62.106974,0.421189
4506,4507,62.120757,0.469112
4507,4508,62.134540,0.484959
4508,4509,62.148323,0.431861
4509,4510,62.162107,0.413918
4510,4511,62.175890,0.395139
4511,4512,62.189673,0.520354
4512,4513,62.203456,0.412721
4513,4514,62.217239,0.411848
4514,4515,62.231022,0.394755
4515,4516,62.244806,0.485047
4516,4517,62.258589,0.399545
4517,4518,62.272372,0.453627
4518,4519,62.286155,0.464577
4519,4520,62.299938,0.478930
4520,4521,62.313721,0.447297
4521,4522,62.327505,0.461535
4522,4523,62.341288,0.485584
4523,4524,62.355071,0.493924
4524,4525,62.368854,0.500685
4525,4526,62.382637,0.461837
4526,4527,62.396420,0.414444
4527,4528,62.410204,0.470638
4528,4529,62.423987,0.441607
4529,4530,62.437770,0.454641
4530,4531,62.451553,0.491476
4531,4532,62.465336,0.474557
4532,4533,62.479120,0.491859
4533,4534,62.492903,0.460408
4534,4535,62.506686,0.424930
4535,4536,62.520469,0.431358
4536,4537,62.534252,0.418071
4537,4538,62.548035,0.416089
4538,4539,62.561819,0.383421
4539,4540,62.575602,0.387479
4540,4541,62.589385,0.471610
4541,4542,62.603168,0.417783
4542,4543,62.616951,0.486093
4543,4544,62.630734,0.518907
4544,4545,62.644518,0.415353
4545,4546,62.658301,0.417968
4546,4547,62.672084,0.388006
4547,4548,62.685867,0.440955
4548,4549,62.699650,0.389992
4549,4550,62.713433,0.432617
4550,4551,62.727217,0.457610
4551,4552,62.741000,0.383269
4552,4553,62.754783,0.467870
4553,4554,62.768566,0.421032
4554,4555,62.782349,0.496873
4555,4556,62.796132,0.378384
4556,4557,62.809916,0.426636
4557,4558,62.823699,0.340752
4558,4559,62.837482,0.496420
4559,4560,62.851265,0.461174
4560,4561,62.865048,0.458636
4561,4562,62.878832,0.467107
4562,4563,62.892615,0.379361
4563,4564,62.906398,0.434907
4564,4565,62.920181,0.474874
4565,4566,62.933964,0.411704
4566,4567,62.947747,0.451407
4567,4568,62.961531,0.410212
4568,4569,62.975314,0.456365
4569,4570,62.989097,0.430995
4570,4571,63.002880,0.479601
4571,4572,63.016663,0.430949
4572,4573,63.030446,0.431937
4573,4574,63.044230,0.479434
4574,4575,63.058013,0.464042
4575,4576,63.071796,0.439031
4576,4577,63.085579,0.458413
4577,4578,63.099362,0.436705
4578,4579,63.113145,0.467626
4579,4580,63.126929,0.346517
4580,4581,63.140712,0.392404
4581,4582,63.154495,0.517367
4582,4583,63.168278,0.467232
4583,4584,63.182061,0.526196
4584,4585,63.195844,0.433057
4585,4586,63.209628,0.415580
4586,4587,63.223411,0.405461
4587,4588,63.237194,0.414884
4588,4589,63.250977,0.440406
4589,4590,63.264760,0.450352
4590,4591,63.278544,0.352914
4591,4592,63.292327,0.460251
4592,4593,63.306110,0.448466
4593,4594,63.319893,0.345257
4594,4595,63.333676,0.496017
4595,4596,63.347459,0.406007
4596,4597,63.361243,0.385105
4597,4598,63.375026,0.473653
4598,4599,63.388809,0.460718
4599,4600,63.402592,0.457239
4600,4601,63.416375,0.413057
4601,4602,63.430158,0.455527
4602,4603,63.443942,0.421469
4603,4604,63.457725,0.447184
4604,4605,63.471508,0.473224
4605,4606,63.485291,0.404434
4606,4607,63.499074,0.480685
4607,4608,63.512857,0.411516
4608,4609,63.526641,0.443653
4609,4610,63.540424,0.486259
4610,4611,63.554207,0.466229
4611,4612,63.567990,0.414902
4612,4613,63.581773,0.395383
4613,4614,63.595556,0.394139
4614,4615,63.609340,0.477604
4615,4616,63.623123,0.400534
4616,4617,63.636906,0.474715
4617,4618,63.650689,0.507669
4618,4619,63.664472,0.419828
4619,4620,63.678256,0.405994
4620,4621,63.692039,0.450838
4621,4622,63.705822,0.496404
4622,4623,63.719605,0.468290
4623,4624,63.733388,0.452111
4624,4625,63.747171,0.436501
4625,4626,63.760955,0.397518
4626,4627,63.774738,0.416414
4627,4628,63.788521,0.413546
4628,4629,63.802304,0.460885
4629,4630,63.816087,0.426702
4630,4631,63.829870,0.429074
4631,4632,63.843654,0.473986
4632,4633,63.857437,0.459403
4633,4634,63.871220,0.479257
4634,4635,63.885003,0.505647
4635,4636,63.898786,0.451890
4636,4637,63.912569,0.402970
4637,4638,63.926353,0.356029
4638,4639,63.940136,0.431683
4639,4640,63.953919,0.490295
4640,4641,63.967702,0.449644
4641,4642,63.981485,0.416183
4642,4643,63.995268,0.467965
4643,4644,64.009052,0.430119
4644,4645,64.022835,0.394319
4645,4646,64.036618,0.471106
4646,4647,64.050401,0.402574
4647,4648,64.064184,0.450254
4648,4649,64.077967,0.473134
4649,4650,64.091751,0.509292
4650,4651,64.105534,0.431479
4651,4652,64.119317,0.453895
4652,4653,64.133100,0.460228
4653,4654,64.146883,0.467963
4654,4655,64.160667,0.381879
4655,4656,64.174450,0.481347
4656,4657,64.188233,0.453241
4657,4658,64.202016,0.377039
4658,4659,64.215799,0.440698
4659,4660,64.229582,0.416208
4660,4661,64.243366,0.485000
4661,4662,64.257149,0.463066
4662,4663,64.270932,0.393217
4663,4664,64.284715,0.480310
4664,4665,64.298498,0.441730
4665,4666,64.312281,0.452157
4666,4667,64.326065,0.492980
4667,4668,64.339848,0.384394
4668,4669,64.353631,0.430940
4669,4670,64.367414,0.412203
4670,4671,64.381197,0.468407
4671,4672,64.394980,0.444318
4672,4673,64.408764,0.462887
4673,4674,64.422547,0.427740
4674,4675,64.436330,0.426273
4675,4676,64.450113,0.365374
4676,4677,64.463896,0.451670
4677,4678,64.477679,0.561701
4678,4679,64.491463,0.453242
4679,4680,64.505246,0.499604
4680,4681,64.519029,0.367922
4681,4682,64.532812,0.401579
4682,4683,64.546595,0.430803
4683,4684,64.560379,0.424664
4684,4685,64.574162,0.420395
4685,4686,64.587945,0.472903
4686,4687,64.601728,0.429133
4687,4688,64.615511,0.403020
4688,4689,64.629294,0.480047
4689,4690,64.643078,0.401762
4690,4691,64.656861,0.413950
4691,4692,64.670644,0.413445
4692,4693,64.684427,0.465218
4693,4694,64.698210,0.430383
4694,4695,64.711993,0.481136
4695,4696,64.725777,0.382981
4696,4697,64.739560,0.394484
4697,4698,64.753343,0.373485
4698,4699,64.767126,0.489181
4699,4700,64.780909,0.424867
4700,4701,64.794692,0.494102
4701,4702,64.808476,0.427084
4702,4703,64.822259,0.437435
4703,4704,64.836042,0.430348
4704,4705,64.849825,0.435871
4705,4706,64.863608,0.413138
4706,4707,64.877391,0.421503
4707,4708,64.891175,0.440988
4708,4709,64.904958,0.432666
4709,4710,64.918741,0.466747
4710,4711,64.932524,0.486720
4711,4712,64.946307,0.418052
4712,4713,64.960091,0.561755
4713,4714,64.973874,0.472399
4714,4715,64.987657,0.373509
4715,4716,65.001440,0.425137
4716,4717,65.015223,0.458465
4717,4718,65.029006,0.383951
4718,4719,65.042790,0.482750
4719,4720,65.056573,0.495473
4720,4721,65.070356,0.446956
4721,4722,65.084139,0.471813
4722,4723,65.097922,0.393882
4723,4724,65.111705,0.427112
4724,4725,65.125489,0.521785
4725,4726,65.139272,0.403304
4726,4727,65.153055,0.486853
4727,4728,65.166838,0.387443
4728,4729,65.180621,0.463927
4729,4730,65.194404,0.500869
4730,4731,65.208188,0.369629
4731,4732,65.221971,0.440527
4732,4733,65.235754,0.473057
4733,4734,65.249537,0.522771
4734,4735,65.263320,0.350792
4735,4736,65.277103,0.427523
4736,4737,65.290887,0.363684
4737,4738,65.304670,0.480698
4738,4739,65.318453,0.496008
4739,4740,65.332236,0.468943
4740,4741,65.346019,0.413041
4741,4742,65.359803,0.412775
4742,4743,65.373586,0.421660
4743,4744,65.387369,0.373473
4744,4745,65.401152,0.409790
4745,4746,65.414935,0.332709
4746,4747,65.428718,0.425097
4747,4748,65.442502,0.424633
4748,4749,65.456285,0.481902
4749,4750,65.470068,0.373059
4750,4751,65.483851,0.387703
4751,4752,65.497634,0.451093
4752,4753,65.511417,0.433585
4753,4754,65.525201,0.411733
4754,4755,65.538984,0.454295
4755,4756,65.552767,0.449630
4756,4757,65.566550,0.403494
4757,4758,65.580333,0.474280
4758,4759,65.594116,0.469140
4759,4760,65.607900,0.469039
4760,4761,65.621683,0.448713
4761,4762,65.635466,0.457182
4762,4763,65.649249,0.437507
4763,4764,65.663032,0.448168
4764,4765,65.676815,0.462444
4765,4766,65.690599,0.455284
4766,4767,65.704382,0.372494
4767,4768,65.718165,0.429641
4768,4769,65.731948,0.537857
4769,4770,65.745731,0.474710
4770,4771,65.759515,0.420084
4771,4772,65.773298,0.414860
4772,4773,65.787081,0.369410
4773,4774,65.800864,0.422558
4774,4775,65.814647,0.421236
4775,4776,65.828430,0.456859
4776,4777,65.842214,0.538649
4777,4778,65.855997,0.457238
4778,4779,65.869780,0.403803
4779,4780,65.883563,0.470270
4780,4781,65.897346,0.438964
4781,4782,65.911129,0.439966
4782,4783,65.924913,0.436880
4783,4784,65.938696,0.454245
4784,4785,65.952479,0.513118
4785,4786,65.966262,0.471680
4786,4787,65.980045,0.363781
4787,4788,65.993828,0.461027
4788,4789,66.007612,0.472097
4789,4790,66.021395,0.363784
4790,4791,66.035178,0.404090
4791,4792,66.048961,0.405711
4792,4793,66.062744,0.428767
4793,4794,66.076527,0.452125
4794,4795,66.090311,0.412581
4795,4796,66.104094,0.388613
4796,4797,66.117877,0.378172
4797,4798,66.131660,0.482700
4798,4799,66.145443,0.441484
4799,4800,66.159226,0.514860
4800,4801,66.173010,0.424115
4801,4802,66.186793,0.416830
4802,4803,66.200576,0.422126
4803,4804,66.214359,0.478685
4804,4805,66.228142,0.471316
4805,4806,66.241926,0.439593
4806,4807,66.255709,0.460021
4807,4808,66.269492,0.429206
4808,4809,66.283275,0.459792
4809,4810,66.297058,0.438582
4810,4811,66.310841,0.471662
4811,4812,66.324625,0.426747
4812,4813,66.338408,0.404134
4813,4814,66.352191,0.418130
4814,4815,66.365974,0.488558
4815,4816,66.379757,0.439288
4816,4817,66.393540,0.448511
4817,4818,66.407324,0.514384
4818,4819,66.421107,0.431557
4819,4820,66.434890,0.466236
4820,4821,66.448673,0.425793
4821,4822,66.462456,0.473426
4822,4823,66.476239,0.409549
4823,4824,66.490023,0.381806
4824,4825,66.503806,0.410700
4825,4826,66.517589,0.395448
4826,4827,66.531372,0.482402
4827,4828,66.545155,0.433312
4828,4829,66.558938,0.427467
4829,4830,66.572722,0.428621
4830,4831,66.586505,0.442505
4831,4832,66.600288,0.502821
4832,4833,66.614071,0.396393
4833,4834,66.627854,0.421585
4834,4835,66.641638,0.504309
4835,4836,66.655421,0.458056
4836,4837,66.669204,0.432964
4837,4838,66.682987,0.473392
4838,4839,66.696770,0.499506
4839,4840,66.710553,0.397401
4840,4841,66.724337,0.469656
4841,4842,66.738120,0.474318
4842,4843,66.751903,0.353119
4843,4844,66.765686,0.410260
4844,4845,66.779469,0.410888
4845,4846,66.793252,0.506809
4846,4847,66.807036,0.518565
4847,4848,66.820819,0.372372
4848,4849,66.834602,0.444692
4849,4850,66.848385,0.433569
4850,4851,66.862168,0.458378
4851,4852,66.875951,0.382175
4852,4853,66.889735,0.450754
4853,4854,66.903518,0.466707
4854,4855,66.917301,0.445367
4855,4856,66.931084,0.458521
4856,4857,66.944867,0.518867
4857,4858,66.958650,0.460974
4858,4859,66.972434,0.482766
4859,4860,66.986217,0.432120
4860,4861,67.000000,0.423916
4861,4862,67.013783,0.446440
4862,4863,67.027566,0.357174
4863,4864,67.041350,0.465239
4864,4865,67.055133,0.485137
4865,4866,67.068916,0.505991
4866,4867,67.082699,0.387372
4867,4868,67.096482,0.454322
4868,4869,67.110265,0.335040
4869,4870,67.124049,0.480334
4870,4871,67.137832,0.410693
4871,4872,67.151615,0.504202
4872,4873,67.165398,0.527967
4873,4874,67.179181,0.478962
4874,4875,67.192964,0.524213
4875,4876,67.206748,0.375911
4876,4877,67.220531,0.414080
4877,4878,67.234314,0.477273
4878,4879,67.248097,0.425691
4879,4880,67.261880,0.365051
4880,4881,67.275663,0.355991
4881,4882,67.289447,0.414101
4882,4883,67.303230,0.391029
4883,4884,67.317013,0.430984
4884,4885,67.330796,0.501841
4885,4886,67.344579,0.380943
4886,4887,67.358362,0.477977
4887,4888,67.372146,0.510760
4888,4889,67.385929,0.419106
4889,4890,67.399712,0.419972
4890,4891,67.413495,0.449856
4891,4892,67.427278,0.432099
4892,4893,67.441062,0.461199
4893,4894,67.454845,0.439926
4894,4895,67.468628,0.416915
4895,4896,67.482411,0.454404
4896,4897,67.496194,0.449303
4897,4898,67.509977,0.347098
4898,4899,67.523761,0.399656
4899,4900,67.537544,0.415272
4900,4901,67.551327,0.448947
4901,4902,67.565110,0.390619
4902,4903,67.578893,0.419199
4903,4904,67.592676,0.506476
4904,4905,67.606460,0.422036
4905,4906,67.620243,0.396516
4906,4907,67.634026,0.409613
4907,4908,67.647809,0.399485
4908,4909,67.661592,0.474479
4909,4910,67.675375,0.448075
4910,4911,67.689159,0.472717
4911,4912,67.702942,0.427648
4912,4913,67.716725,0.419826
4913,4914,67.730508,0.463068
4914,4915,67.744291,0.410636
4915,4916,67.758074,0.467909
4916,4917,67.771858,0.519258
4917,4918,67.785641,0.448530
4918,4919,67.799424,0.435276
4919,4920,67.813207,0.420961
4920,4921,67.826990,0.411610
4921,4922,67.840774,0.386695
4922,4923,67.854557,0.428700
4923,4924,67.868340,0.381656
4924,4925,67.882123,0.476674
4925,4926,67.895906,0.387284
4926,4927,67.909689,0.378978
4927,4928,67.923473,0.488534
4928,4929,67.937256,0.411495
4929,4930,67.951039,0.436510
4930,4931,67.964822,0.397768
4931,4932,67.978605,0.431228
4932,4933,67.992388,0.447107
4933,4934,68.006172,0.482979
4934,4935,68.019955,0.436885
4935,4936,68.033738,0.368516
4936,4937,68.047521,0.365260
4937,4938,68.061304,0.495474
4938,4939,68.075087,0.471336
4939,4940,68.088871,0.474273
4940,4941,68.102654,0.437023
4941,4942,68.116437,0.402723
4942,4943,68.130220,0.363996
4943,4944,68.144003,0.490594
4944,4945,68.157786,0.454956
4945,4946,68.171570,0.371434
4946,4947,68.185353,0.362769
4947,4948,68.199136,0.410375
4948,4949,68.212919,0.492299
4949,4950,68.226702,0.388968
4950,4951,68.240485,0.463139
4951,4952,68.254269,0.494463
4952,4953,68.268052,0.426183
4953,4954,68.281835,0.419236
4954,4955,68.295618,0.491697
4955,4956,68.309401,0.450009
4956,4957,68.323185,0.452756
4957,4958,68.336968,0.473642
4958,4959,68.350751,0.444821
4959,4960,68.364534,0.394640
4960,4961,68.378317,0.430805
4961,4962,68.392100,0.413155
4962,4963,68.405884,0.441471
4963,4964,68.419667,0.517537
4964,4965,68.433450,0.404746
4965,4966,68.447233,0.461553
4966,4967,68.461016,0.420393
4967,4968,68.474799,0.471725
4968,4969,68.488583,0.411442
4969,4970,68.502366,0.461638
4970,4971,68.516149,0.467566
4971,4972,68.529932,0.483355
4972,4973,68.543715,0.455016
4973,4974,68.557498,0.421910
4974,4975,68.571282,0.458398
4975,4976,68.585065,0.475272
4976,4977,68.598848,0.438320
4977,4978,68.612631,0.454767
4978,4979,68.626414,0.455033
4979,4980,68.640197,0.446792
4980,4981,68.653981,0.424013
4981,4982,68.667764,0.446414
4982,4983,68.681547,0.483608
4983,4984,68.695330,0.454780
4984,4985,68.709113,0.412093
4985,4986,68.722897,0.476471
4986,4987,68.736680,0.451503
4987,4988,68.750463,0.457869
4988,4989,68.764246,0.435953
4989,4990,68.778029,0.385116
4990,4991,68.791812,0.428086
4991,4992,68.805596,0.393771
4992,4993,68.819379,0.426266
4993,4994,68.833162,0.437990
4994,4995,68.846945,0.451092
4995,4996,68.860728,0.415764
4996,4997,68.874511,0.428813
4997,4998,68.888295,0.485622
4998,4999,68.902078,0.384222
4999,5000,68.915861,0.423323
5000,5001,68.929644,0.432259
5001,5002,68.943427,0.449534
5002,5003,68.957210,0.385415
5003,5004,68.970994,0.363411
5004,5005,68.984777,0.439511
5005,5006,68.998560,0.387791
5006,5007,69.012343,0.430745
5007,5008,69.026126,0.500122
5008,5009,69.039909,0.440378
5009,5010,69.053693,0.452253
5010,5011,69.067476,0.435495
5011,5012,69.081259,0.427571
5012,5013,69.095042,0.447534
5013,5014,69.108825,0.436409
5014,5015,69.122609,0.379616
5015,5016,69.136392,0.375958
5016,5017,69.150175,0.411385
5017,5018,69.163958,0.466595
5018,5019,69.177741,0.456225
5019,5020,69.191524,0.433433
5020,5021,69.205308,0.450907
5021,5022,69.219091,0.436152
5022,5023,69.232874,0.440552
5023,5024,69.246657,0.428153
5024,5025,69.260440,0.389316
5025,5026,69.274223,0.437599
5026,5027,69.288007,0.451326
5027,5028,69.301790,0.495098
5028,5029,69.315573,0.443559
5029,5030,69.329356,0.431459
5030,5031,69.343139,0.452508
5031,5032,69.356922,0.445968
5032,5033,69.370706,0.377258
5033,5034,69.384489,0.421326
5034,5035,69.398272,0.361351
5035,5036,69.412055,0.444773
5036,5037,69.425838,0.432773
5037,5038,69.439621,0.420124
5038,5039,69.453405,0.454622
5039,5040,69.467188,0.365987
5040,5041,69.480971,0.496849
5041,5042,69.494754,0.422625
5042,5043,69.508537,0.472582
5043,5044,69.522321,0.431595
5044,5045,69.536104,0.452986
5045,5046,69.549887,0.468643
5046,5047,69.563670,0.454760
5047,5048,69.577453,0.457089
5048,5049,69.591236,0.489633
5049,5050,69.605020,0.409960
5050,5051,69.618803,0.434531
5051,5052,69.632586,0.429967
5052,5053,69.646369,0.434961
5053,5054,69.660152,0.456626
5054,5055,69.673935,0.396782
5055,5056,69.687719,0.375252
5056,5057,69.701502,0.451939
5057,5058,69.715285,0.455257
5058,5059,69.729068,0.457741
5059,5060,69.742851,0.469069
5060,5061,69.756634,0.425167
5061,5062,69.770418,0.404016
5062,5063,69.784201,0.437335
5063,5064,69.797984,0.499098
5064,5065,69.811767,0.465704
5065,5066,69.825550,0.515376
5066,5067,69.839333,0.355253
5067,5068,69.853117,0.430437
5068,5069,69.866900,0.455200
5069,5070,69.880683,0.464700
5070,5071,69.894466,0.415886
5071,5072,69.908249,0.440053
5072,5073,69.922033,0.362157
5073,5074,69.935816,0.501731
5074,5075,69.949599,0.382502
5075,5076,69.963382,0.376931
5076,5077,69.977165,0.348972
5077,5078,69.990948,0.405515
5078,5079,70.004732,0.507303
5079,5080,70.018515,0.485857
5080,5081,70.032298,0.498825
5081,5082,70.046081,0.417363
5082,5083,70.059864,0.427009
5083,5084,70.073647,0.407705
5084,5085,70.087431,0.461390
5085,5086,70.101214,0.461158
5086,5087,70.114997,0.412712
5087,5088,70.128780,0.512219
5088,5089,70.142563,0.339955
5089,5090,70.156346,0.468307
5090,5091,70.170130,0.411992
5091,5092,70.183913,0.418748
5092,5093,70.197696,0.464758
5093,5094,70.211479,0.394927
5094,5095,70.225262,0.434588
5095,5096,70.239045,0.412293
5096,5097,70.252829,0.409146
5097,5098,70.266612,0.441666
5098,5099,70.280395,0.414094
5099,5100,70.294178,0.427120
5100,5101,70.307961,0.408254
5101,5102,70.321744,0.453193
5102,5103,70.335528,0.467255
5103,5104,70.349311,0.461745
5104,5105,70.363094,0.457955
5105,5106,70.376877,0.342093
5106,5107,70.390660,0.382292
5107,5108,70.404444,0.343623
5108,5109,70.418227,0.440943
5109,5110,70.432010,0.437375
5110,5111,70.445793,0.426209
5111,5112,70.459576,0.441241
5112,5113,70.473359,0.416947
5113,5114,70.487143,0.491620
5114,5115,70.500926,0.467698
5115,5116,70.514709,0.396201
5116,5117,70.528492,0.404501
5117,5118,70.542275,0.447509
5118,5119,70.556058,0.436821
5119,5120,70.569842,0.398151
5120,5121,70.583625,0.411768
5121,5122,70.597408,0.482257
5122,5123,70.611191,0.443335
5123,5124,70.624974,0.423713
5124,5125,70.638757,0.438916
5125,5126,70.652541,0.379110
5126,5127,70.666324,0.401241
5127,5128,70.680107,0.418149
5128,5129,70.693890,0.396037
5129,5130,70.707673,0.441251
5130,5131,70.721456,0.386794
5131,5132,70.735240,0.439463
5132,5133,70.749023,0.371730
5133,5134,70.762806,0.407920
5134,5135,70.776589,0.440490
5135,5136,70.790372,0.480509
5136,5137,70.804156,0.433781
5137,5138,70.817939,0.305420
5138,5139,70.831722,0.430999
5139,5140,70.845505,0.373039
5140,5141,70.859288,0.492582
5141,5142,70.873071,0.420392
5142,5143,70.886855,0.418408
5143,5144,70.900638,0.513471
5144,5145,70.914421,0.442671
5145,5146,70.928204,0.411414
5146,5147,70.941987,0.466919
5147,5148,70.955770,0.411766
5148,5149,70.969554,0.414192
5149,5150,70.983337,0.441100
5150,5151,70.997120,0.486220
5151,5152,71.010903,0.447028
5152,5153,71.024686,0.435158
5153,5154,71.038469,0.402476
5154,5155,71.052253,0.426988
5155,5156,71.066036,0.434735
5156,5157,71.079819,0.505625
5157,5158,71.093602,0.407210
5158,5159,71.107385,0.506043
5159,5160,71.121168,0.414382
5160,5161,71.134952,0.513984
5161,5162,71.148735,0.464453
5162,5163,71.162518,0.420084
5163,5164,71.176301,0.344779
5164,5165,71.190084,0.469051
5165,5166,71.203868,0.508729
5166,5167,71.217651,0.473875
5167,5168,71.231434,0.424105
5168,5169,71.245217,0.364785
5169,5170,71.259000,0.370866
5170,5171,71.272783,0.467139
5171,5172,71.286567,0.385106
5172,5173,71.300350,0.500408
5173,5174,71.314133,0.421046
5174,5175,71.327916,0.429881
5175,5176,71.341699,0.464497
5176,5177,71.355482,0.471040
5177,5178,71.369266,0.503848
5178,5179,71.383049,0.436590
5179,5180,71.396832,0.442002
5180,5181,71.410615,0.382657
5181,5182,71.424398,0.417387
5182,5183,71.438181,0.353837
5183,5184,71.451965,0.498762
5184,5185,71.465748,0.476547
5185,5186,71.479531,0.470010
5186,5187,71.493314,0.366114
5187,5188,71.507097,0.448821
5188,5189,71.520880,0.427101
5189,5190,71.534664,0.428719
5190,5191,71.548447,0.507977
5191,5192,71.562230,0.453097
5192,5193,71.576013,0.460225
5193,5194,71.589796,0.391839
5194,5195,71.603580,0.487201
5195,5196,71.617363,0.429310
5196,5197,71.631146,0.364373
5197,5198,71.644929,0.453782
5198,5199,71.658712,0.466903
5199,5200,71.672495,0.452973
5200,5201,71.686279,0.406653
5201,5202,71.700062,0.471763
5202,5203,71.713845,0.482635
5203,5204,71.727628,0.430486
5204,5205,71.741411,0.474021
5205,5206,71.755194,0.541060
5206,5207,71.768978,0.406187
5207,5208,71.782761,0.471384
5208,5209,71.796544,0.468946
5209,5210,71.810327,0.453510
5210,5211,71.824110,0.406602
5211,5212,71.837893,0.429924
5212,5213,71.851677,0.410106
5213,5214,71.865460,0.474345
5214,5215,71.879243,0.401546
5215,5216,71.893026,0.422148
5216,5217,71.906809,0.463089
5217,5218,71.920592,0.397969
5218,5219,71.934376,0.425330
5219,5220,71.948159,0.462027
5220,5221,71.961942,0.510425
5221,5222,71.975725,0.420714
5222,5223,71.989508,0.413655
5223,5224,72.003292,0.472581
5224,5225,72.017075,0.381965
5225,5226,72.030858,0.446764
5226,5227,72.044641,0.404786
5227,5228,72.058424,0.483192
5228,5229,72.072207,0.417617
5229,5230,72.085991,0.422255
5230,5231,72.099774,0.393528
5231,5232,72.113557,0.422914
5232,5233,72.127340,0.443125
5233,5234,72.141123,0.446537
5234,5235,72.154906,0.542953
5235,5236,72.168690,0.435716
5236,5237,72.182473,0.381152
5237,5238,72.196256,0.433010
5238,5239,72.210039,0.437559
5239,5240,72.223822,0.402004
5240,5241,72.237605,0.479840
5241,5242,72.251389,0.500378
5242,5243,72.265172,0.414760
5243,5244,72.278955,0.462445
5244,5245,72.292738,0.407275
5245,5246,72.306521,0.414681
5246,5247,72.320304,0.471520
5247,5248,72.334088,0.509871
5248,5249,72.347871,0.425720
5249,5250,72.361654,0.515075
5250,5251,72.375437,0.517956
5251,5252,72.389220,0.409762
5252,5253,72.403003,0.446368
5253,5254,72.416787,0.465279
5254,5255,72.430570,0.454486
5255,5256,72.444353,0.405468
5256,5257,72.458136,0.453446
5257,5258,72.471919,0.477423
5258,5259,72.485703,0.414714
5259,5260,72.499486,0.441698
5260,5261,72.513269,0.495829
5261,5262,72.527052,0.395139
5262,5263,72.540835,0.426726
5263,5264,72.554618,0.460980
5264,5265,72.568402,0.398643
5265,5266,72.582185,0.489542
5266,5267,72.595968,0.440454
5267,5268,72.609751,0.555517
5268,5269,72.623534,0.398469
5269,5270,72.637317,0.426712
5270,5271,72.651101,0.456916
5271,5272,72.664884,0.442581
5272,5273,72.678667,0.415951
5273,5274,72.692450,0.427232
5274,5275,72.706233,0.526289
5275,5276,72.720016,0.499908
5276,5277,72.733800,0.323779
5277,5278,72.747583,0.467911
5278,5279,72.761366,0.459195
5279,5280,72.775149,0.459382
5280,5281,72.788932,0.412003
5281,5282,72.802715,0.405358
5282,5283,72.816499,0.443969
5283,5284,72.830282,0.358802
5284,5285,72.844065,0.490655
5285,5286,72.857848,0.366547
5286,5287,72.871631,0.417060
5287,5288,72.885415,0.434853
5288,5289,72.899198,0.355901
5289,5290,72.912981,0.436215
5290,5291,72.926764,0.424563
5291,5292,72.940547,0.450510
5292,5293,72.954330,0.459631
5293,5294,72.968114,0.429315
5294,5295,72.981897,0.551355
5295,5296,72.995680,0.439396
5296,5297,73.009463,0.420214
5297,5298,73.023246,0.443909
5298,5299,73.037029,0.421014
5299,5300,73.050813,0.541301
5300,5301,73.064596,0.450754
5301,5302,73.078379,0.428025
5302,5303,73.092162,0.498516
5303,5304,73.105945,0.463573
5304,5305,73.119728,0.517266
5305,5306,73.133512,0.399923
5306,5307,73.147295,0.419363
5307,5308,73.161078,0.526974
5308,5309,73.174861,0.405605
5309,5310,73.188644,0.434616
5310,5311,73.202427,0.549339
5311,5312,73.216211,0.392515
5312,5313,73.229994,0.513161
5313,5314,73.243777,0.455639
5314,5315,73.257560,0.438031
5315,5316,73.271343,0.451600
5316,5317,73.285127,0.406443
5317,5318,73.298910,0.450871
5318,5319,73.312693,0.438318
5319,5320,73.326476,0.469183
5320,5321,73.340259,0.383228
5321,5322,73.354042,0.420087
5322,5323,73.367826,0.375804
5323,5324,73.381609,0.436069
5324,5325,73.395392,0.461210
5325,5326,73.409175,0.406018
5326,5327,73.422958,0.417447
5327,5328,73.436741,0.471120
5328,5329,73.450525,0.400354
5329,5330,73.464308,0.482143
5330,5331,73.478091,0.451548
5331,5332,73.491874,0.435947
5332,5333,73.505657,0.393253
5333,5334,73.519440,0.430843
5334,5335,73.533224,0.489704
5335,5336,73.547007,0.450566
5336,5337,73.560790,0.364163
5337,5338,73.574573,0.468908
5338,5339,73.588356,0.361240
5339,5340,73.602139,0.457929
5340,5341,73.615923,0.425704
5341,5342,73.629706,0.537491
5342,5343,73.643489,0.432883
5343,5344,73.657272,0.478255
5344,5345,73.671055,0.347025
5345,5346,73.684839,0.474187
5346,5347,73.698622,0.417385
5347,5348,73.712405,0.467799
5348,5349,73.726188,0.419778
5349,5350,73.739971,0.458123
5350,5351,73.753754,0.421230
5351,5352,73.767538,0.389539
5352,5353,73.781321,0.392955
5353,5354,73.795104,0.396383
5354,5355,73.808887,0.439454
5355,5356,73.822670,0.407149
5356,5357,73.836453,0.455666
5357,5358,73.850237,0.456838
5358,5359,73.864020,0.410955
5359,5360,73.877803,0.395876
5360,5361,73.891586,0.403749
5361,5362,73.905369,0.519614
5362,5363,73.919152,0.459822
5363,5364,73.932936,0.428376
5364,5365,73.946719,0.497956
5365,5366,73.960502,0.483119
5366,5367,73.974285,0.412690
5367,5368,73.988068,0.458222
5368,5369,74.001851,0.438875
5369,5370,74.015635,0.503210
5370,5371,74.029418,0.472135
5371,5372,74.043201,0.436473
5372,5373,74.056984,0.498669
5373,5374,74.070767,0.468937
5374,5375,74.084551,0.407630
5375,5376,74.098334,0.357845
5376,5377,74.112117,0.458968
5377,5378,74.125900,0.474758
5378,5379,74.139683,0.480827
5379,5380,74.153466,0.535427
5380,5381,74.167250,0.524566
5381,5382,74.181033,0.451479
5382,5383,74.194816,0.436444
5383,5384,74.208599,0.443197
5384,5385,74.222382,0.464699
5385,5386,74.236165,0.476262
5386,5387,74.249949,0.393594
5387,5388,74.263732,0.422373
5388,5389,74.277515,0.495259
5389,5390,74.291298,0.406695
5390,5391,74.305081,0.467366
5391,5392,74.318864,0.358972
5392,5393,74.332648,0.464453
5393,5394,74.346431,0.447969
5394,5395,74.360214,0.496046
5395,5396,74.373997,0.456289
5396,5397,74.387780,0.439679
5397,5398,74.401563,0.515522
5398,5399,74.415347,0.410249
5399,5400,74.429130,0.419647
5400,5401,74.442913,0.491639
5401,5402,74.456696,0.446928
5402,5403,74.470479,0.489403
5403,5404,74.484262,0.453429
5404,5405,74.498046,0.407865
5405,5406,74.511829,0.445003
5406,5407,74.525612,0.465286
5407,5408,74.539395,0.537222
5408,5409,74.553178,0.405294
5409,5410,74.566962,0.410406
5410,5411,74.580745,0.491135
5411,5412,74.594528,0.440340
5412,5413,74.608311,0.400117
5413,5414,74.622094,0.355003
5414,5415,74.635877,0.430140
5415,5416,74.649661,0.443307
5416,5417,74.663444,0.461973
5417,5418,74.677227,0.454024
5418,5419,74.691010,0.457040
5419,5420,74.704793,0.419635
5420,5421,74.718576,0.426372
5421,5422,74.732360,0.450709
5422,5423,74.746143,0.452689
5423,5424,74.759926,0.424727
5424,5425,74.773709,0.477495
5425,5426,74.787492,0.445821
5426,5427,74.801275,0.405893
5427,5428,74.815059,0.465080
5428,5429,74.828842,0.496841
5429,5430,74.842625,0.499512
5430,5431,74.856408,0.431201
5431,5432,74.870191,0.425903
5432,5433,74.883974,0.431243
5433,5434,74.897758,0.414805
5434,5435,74.911541,0.374949
5435,5436,74.925324,0.481652
5436,5437,74.939107,0.405779
5437,5438,74.952890,0.414892
5438,5439,74.966674,0.480088
5439,5440,74.980457,0.487616
5440,5441,74.994240,0.462618
5441,5442,75.008023,0.442462
5442,5443,75.021806,0.439927
5443,5444,75.035589,0.500245
5444,5445,75.049373,0.392152
5445,5446,75.063156,0.454487
5446,5447,75.076939,0.447503
5447,5448,75.090722,0.403545
5448,5449,75.104505,0.401520
5449,5450,75.118288,0.444756
5450,5451,75.132072,0.530058
5451,5452,75.145855,0.451250
5452,5453,75.159638,0.395918
5453,5454,75.173421,0.364962
5454,5455,75.187204,0.532651
5455,5456,75.200987,0.423502
5456,5457,75.214771,0.454570
5457,5458,75.228554,0.463281
5458,5459,75.242337,0.395497
5459,5460,75.256120,0.478761
5460,5461,75.269903,0.531654
5461,5462,75.283686,0.384136
5462,5463,75.297470,0.393452
5463,5464,75.311253,0.463503
5464,5465,75.325036,0.499052
5465,5466,75.338819,0.403596
5466,5467,75.352602,0.375323
5467,5468,75.366386,0.349992
5468,5469,75.380169,0.496714
5469,5470,75.393952,0.456723
5470,5471,75.407735,0.464934
5471,5472,75.421518,0.500709
5472,5473,75.435301,0.442875
5473,5474,75.449085,0.432060
5474,5475,75.462868,0.389156
5475,5476,75.476651,0.544347
5476,5477,75.490434,0.483747
5477,5478,75.504217,0.416498
5478,5479,75.518000,0.380221
5479,5480,75.531784,0.480600
5480,5481,75.545567,0.405248
5481,5482,75.559350,0.467291
5482,5483,75.573133,0.377298
5483,5484,75.586916,0.471717
5484,5485,75.600699,0.430073
5485,5486,75.614483,0.428235
5486,5487,75.628266,0.435298
5487,5488,75.642049,0.392192
5488,5489,75.655832,0.447905
5489,5490,75.669615,0.424151
5490,5491,75.683398,0.364612
5491,5492,75.697182,0.541095
5492,5493,75.710965,0.366538
5493,5494,75.724748,0.382446
5494,5495,75.738531,0.349964
5495,5496,75.752314,0.495501
5496,5497,75.766098,0.438116
5497,5498,75.779881,0.367544
5498,5499,75.793664,0.494674
5499,5500,75.807447,0.529924
5500,5501,75.821230,0.426173
5501,5502,75.835013,0.387357
5502,5503,75.848797,0.376900
5503,5504,75.862580,0.406902
5504,5505,75.876363,0.391242
5505,5506,75.890146,0.383024
5506,5507,75.903929,0.458270
5507,5508,75.917712,0.442724
5508,5509,75.931496,0.459426
5509,5510,75.945279,0.483903
5510,5511,75.959062,0.420382
5511,5512,75.972845,0.395025
5512,5513,75.986628,0.483326
5513,5514,76.000411,0.434892
5514,5515,76.014195,0.425714
5515,5516,76.027978,0.391058
5516,5517,76.041761,0.395261
5517,5518,76.055544,0.439866
5518,5519,76.069327,0.488963
5519,5520,76.083110,0.449443
5520,5521,76.096894,0.488649
5521,5522,76.110677,0.452837
5522,5523,76.124460,0.475841
5523,5524,76.138243,0.472452
5524,5525,76.152026,0.432460
5525,5526,76.165810,0.399777
5526,5527,76.179593,0.439704
5527,5528,76.193376,0.455710
5528,5529,76.207159,0.459316
5529,5530,76.220942,0.432558
5530,5531,76.234725,0.389549
5531,5532,76.248509,0.487982
5532,5533,76.262292,0.472713
5533,5534,76.276075,0.447548
5534,5535,76.289858,0.420596
5535,5536,76.303641,0.444000
5536,5537,76.317424,0.401927
5537,5538,76.331208,0.473332
5538,5539,76.344991,0.481946
5539,5540,76.358774,0.440159
5540,5541,76.372557,0.390951
5541,5542,76.386340,0.392554
5542,5543,76.400123,0.432720
5543,5544,76.413907,0.443455
5544,5545,76.427690,0.428774
5545,5546,76.441473,0.403372
5546,5547,76.455256,0.459344
5547,5548,76.469039,0.508063
5548,5549,76.482822,0.506612
5549,5550,76.496606,0.404080
5550,5551,76.510389,0.455230
5551,5552,76.524172,0.382277
5552,5553,76.537955,0.414663
5553,5554,76.551738,0.453156
5554,5555,76.565521,0.523361
5555,5556,76.579305,0.411155
5556,5557,76.593088,0.518981
5557,5558,76.606871,0.436665
5558,5559,76.620654,0.505984
5559,5560,76.634437,0.545638
5560,5561,76.648221,0.459045
5561,5562,76.662004,0.398301
5562,5563,76.675787,0.420248
5563,5564,76.689570,0.442404
5564,5565,76.703353,0.441971
5565,5566,76.717136,0.498730
5566,5567,76.730920,0.416551
5567,5568,76.744703,0.403645
5568,5569,76.758486,0.514393
5569,5570,76.772269,0.380295
5570,5571,76.786052,0.433134
5571,5572,76.799835,0.419296
5572,5573,76.813619,0.437589
5573,5574,76.827402,0.427462
5574,5575,76.841185,0.451024
5575,5576,76.854968,0.396929
5576,5577,76.868751,0.421566
5577,5578,76.882534,0.418462
5578,5579,76.896318,0.439718
5579,5580,76.910101,0.414760
5580,5581,76.923884,0.456883
5581,5582,76.937667,0.412772
5582,5583,76.951450,0.437751
5583,5584,76.965233,0.462814
5584,5585,76.979017,0.495813
5585,5586,76.992800,0.462998
5586,5587,77.006583,0.395968
5587,5588,77.020366,0.447849
5588,5589,77.034149,0.510339
5589,5590,77.047933,0.394785
5590,5591,77.061716,0.416480
5591,5592,77.075499,0.376990
5592,5593,77.089282,0.356617
5593,5594,77.103065,0.367582
5594,5595,77.116848,0.453086
5595,5596,77.130632,0.460142
5596,5597,77.144415,0.427155
5597,5598,77.158198,0.495850
5598,5599,77.171981,0.500896
5599,5600,77.185764,0.385152
5600,5601,77.199547,0.437642
5601,5602,77.213331,0.417007
5602,5603,77.227114,0.357303
5603,5604,77.240897,0.492597
5604,5605,77.254680,0.448212
5605,5606,77.268463,0.490581
5606,5607,77.282246,0.473248
5607,5608,77.296030,0.451445
5608,5609,77.309813,0.555423
5609,5610,77.323596,0.463926
5610,5611,77.337379,0.412972
5611,5612,77.351162,0.468360
5612,5613,77.364945,0.450709
5613,5614,77.378729,0.401483
5614,5615,77.392512,0.375352
5615,5616,77.406295,0.435662
5616,5617,77.420078,0.429608
5617,5618,77.433861,0.472563
5618,5619,77.447645,0.523445
5619,5620,77.461428,0.394368
5620,5621,77.475211,0.508989
5621,5622,77.488994,0.461046
5622,5623,77.502777,0.468385
5623,5624,77.516560,0.505970
5624,5625,77.530344,0.373056
5625,5626,77.544127,0.513961
5626,5627,77.557910,0.432951
5627,5628,77.571693,0.452677
5628,5629,77.585476,0.471247
5629,5630,77.599259,0.497787
5630,5631,77.613043,0.413135
5631,5632,77.626826,0.392763
5632,5633,77.640609,0.403078
5633,5634,77.654392,0.418921
5634,5635,77.668175,0.467681
5635,5636,77.681958,0.517480
5636,5637,77.695742,0.439073
5637,5638,77.709525,0.484838
5638,5639,77.723308,0.398961
5639,5640,77.737091,0.370382
5640,5641,77.750874,0.360340
5641,5642,77.764657,0.431304
5642,5643,77.778441,0.447307
5643,5644,77.792224,0.501011
5644,5645,77.806007,0.398890
5645,5646,77.819790,0.456907
5646,5647,77.833573,0.418524
5647,5648,77.847357,0.435634
5648,5649,77.861140,0.417162
5649,5650,77.874923,0.436928
5650,5651,77.888706,0.413803
5651,5652,77.902489,0.483571
5652,5653,77.916272,0.395172
5653,5654,77.930056,0.405090
5654,5655,77.943839,0.369798
5655,5656,77.957622,0.473376
5656,5657,77.971405,0.439083
5657,5658,77.985188,0.464190
5658,5659,77.998971,0.409540
5659,5660,78.012755,0.415410
5660,5661,78.026538,0.458317
5661,5662,78.040321,0.384147
