frame_index,frame_number_1based,integrated_time_s,raw_std
0,1,0.013783,0.489440
1,2,0.027566,0.479363
2,3,0.041350,0.466565
3,4,0.055133,0.438143
4,5,0.068916,0.422338
5,6,0.082699,0.464348
6,7,0.096482,0.369323
7,8,0.110265,0.478296
8,9,0.124049,0.447323
9,10,0.137832,0.360309
10,11,0.151615,0.425894
11,12,0.165398,0.457968
12,13,0.179181,0.402916
13,14,0.192964,0.471523
14,15,0.206748,0.423437
15,16,0.220531,0.349978
16,17,0.234314,0.430671
17,18,0.248097,0.453304
18,19,0.261880,0.381706
19,20,0.275663,0.517260
20,21,0.289447,0.482617
21,22,0.303230,0.433681
22,23,0.317013,0.470531
23,24,0.330796,0.485462
24,25,0.344579,0.396634
25,26,0.358362,0.453330
26,27,0.372146,0.479658
27,28,0.385929,0.397652
28,29,0.399712,0.447239
29,30,0.413495,0.396096
30,31,0.427278,0.499900
31,32,0.441062,0.441240
32,33,0.454845,0.420356
33,34,0.468628,0.433256
34,35,0.482411,0.484282
35,36,0.496194,0.410717
36,37,0.509977,0.464468
37,38,0.523761,0.491730
38,39,0.537544,0.385118
39,40,0.551327,0.416744
40,41,0.565110,0.424099
41,42,0.578893,0.447798
42,43,0.592676,0.417426
43,44,0.606460,0.470831
44,45,0.620243,0.485526
45,46,0.634026,0.450923
46,47,0.647809,0.374579
47,48,0.661592,0.428687
48,49,0.675375,0.472329
49,50,0.689159,0.411901
50,51,0.702942,0.518657
51,52,0.716725,0.478558
52,53,0.730508,0.439550
53,54,0.744291,0.472198
54,55,0.758074,0.463104
55,56,0.771858,0.444480
56,57,0.785641,0.534621
57,58,0.799424,0.408570
58,59,0.813207,0.416722
59,60,0.826990,0.386446
60,61,0.840774,0.456290
61,62,0.854557,0.446841
62,63,0.868340,0.428051
63,64,0.882123,0.411977
64,65,0.895906,0.470743
65,66,0.909689,0.546388
66,67,0.923473,0.482210
67,68,0.937256,0.409225
68,69,0.951039,0.414715
69,70,0.964822,0.464093
70,71,0.978605,0.410932
71,72,0.992388,0.380565
72,73,1.006172,0.414671
73,74,1.019955,0.505893
74,75,1.033738,0.475452
75,76,1.047521,0.433792
76,77,1.061304,0.490653
77,78,1.075087,0.412932
78,79,1.088871,0.423974
79,80,1.102654,0.389133
80,81,1.116437,0.384759
81,82,1.130220,0.429526
82,83,1.144003,0.431146
83,84,1.157786,0.392687
84,85,1.171570,0.446064
85,86,1.185353,0.436772
86,87,1.199136,0.488889
87,88,1.212919,0.434509
88,89,1.226702,0.383140
89,90,1.240485,0.442004
90,91,1.254269,0.415392
91,92,1.268052,0.388488
92,93,1.281835,0.421838
93,94,1.295618,0.392573
94,95,1.309401,0.430355
95,96,1.323185,0.415872
96,97,1.336968,0.415009
97,98,1.350751,0.463767
98,99,1.364534,0.342983
99,100,1.378317,0.508059
100,101,1.392100,0.466333
101,102,1.405884,0.498591
102,103,1.419667,0.435538
103,104,1.433450,0.500508
104,105,1.447233,0.396167
105,106,1.461016,0.381713
106,107,1.474799,0.438064
107,108,1.488583,0.394082
108,109,1.502366,0.541757
109,110,1.516149,0.466520
110,111,1.529932,0.462794
111,112,1.543715,0.453528
112,113,1.557498,0.515000
113,114,1.571282,0.409056
114,115,1.585065,0.422557
115,116,1.598848,0.497297
116,117,1.612631,0.369079
117,118,1.626414,0.471687
118,119,1.640197,0.403040
119,120,1.653981,0.436208
120,121,1.667764,0.425292
121,122,1.681547,0.485440
122,123,1.695330,0.427432
123,124,1.709113,0.447699
124,125,1.722897,0.386256
125,126,1.736680,0.482569
126,127,1.750463,0.406978
127,128,1.764246,0.386435
128,129,1.778029,0.487382
129,130,1.791812,0.392705
130,131,1.805596,0.479814
131,132,1.819379,0.452478
132,133,1.833162,0.422676
133,134,1.846945,0.416102
134,135,1.860728,0.373265
135,136,1.874511,0.459919
136,137,1.888295,0.425212
137,138,1.902078,0.448621
138,139,1.915861,0.398828
139,140,1.929644,0.415831
140,141,1.943427,0.413008
141,142,1.957210,0.367251
142,143,1.970994,0.483793
143,144,1.984777,0.469820
144,145,1.998560,0.397286
145,146,2.012343,0.435852
146,147,2.026126,0.453394
147,148,2.039909,0.368288
148,149,2.053693,0.441286
149,150,2.067476,0.397750
150,151,2.081259,0.469433
151,152,2.095042,0.470843
152,153,2.108825,0.421091
153,154,2.122609,0.419019
154,155,2.136392,0.485310
155,156,2.150175,0.507421
156,157,2.163958,0.446304
157,158,2.177741,0.466768
158,159,2.191524,0.446849
159,160,2.205308,0.467808
160,161,2.219091,0.535439
161,162,2.232874,0.440665
162,163,2.246657,0.520012
163,164,2.260440,0.384384
164,165,2.274223,0.472727
165,166,2.288007,0.461927
166,167,2.301790,0.396803
167,168,2.315573,0.421350
168,169,2.329356,0.470295
169,170,2.343139,0.445370
170,171,2.356922,0.390595
171,172,2.370706,0.443168
172,173,2.384489,0.453004
173,174,2.398272,0.458424
174,175,2.412055,0.395123
175,176,2.425838,0.408347
176,177,2.439621,0.421613
177,178,2.453405,0.415579
178,179,2.467188,0.357137
179,180,2.480971,0.465560
180,181,2.494754,0.445349
181,182,2.508537,0.423282
182,183,2.522321,0.392567
183,184,2.536104,0.420698
184,185,2.549887,0.436184
185,186,2.563670,0.366541
186,187,2.577453,0.438801
187,188,2.591236,0.478548
188,189,2.605020,0.500133
189,190,2.618803,0.405213
190,191,2.632586,0.509102
191,192,2.646369,0.440526
192,193,2.660152,0.490654
193,194,2.673935,0.454915
194,195,2.687719,0.494468
195,196,2.701502,0.498881
196,197,2.715285,0.469660
197,198,2.729068,0.518063
198,199,2.742851,0.392601
199,200,2.756634,0.478508
200,201,2.770418,0.453984
201,202,2.784201,0.427175
202,203,2.797984,0.397725
203,204,2.811767,0.378318
204,205,2.825550,0.425795
205,206,2.839333,0.440265
206,207,2.853117,0.449621
207,208,2.866900,0.481371
208,209,2.880683,0.417552
209,210,2.894466,0.501807
210,211,2.908249,0.438008
211,212,2.922033,0.433851
212,213,2.935816,0.435825
213,214,2.949599,0.416911
214,215,2.963382,0.426146
215,216,2.977165,0.407332
216,217,2.990948,0.416792
217,218,3.004732,0.450921
218,219,3.018515,0.481211
219,220,3.032298,0.366405
220,221,3.046081,0.409567
221,222,3.059864,0.409399
222,223,3.073647,0.401861
223,224,3.087431,0.389201
224,225,3.101214,0.454202
225,226,3.114997,0.409353
226,227,3.128780,0.473667
227,228,3.142563,0.398779
228,229,3.156346,0.454392
229,230,3.170130,0.459842
230,231,3.183913,0.439064
231,232,3.197696,0.524259
232,233,3.211479,0.410710
233,234,3.225262,0.414021
234,235,3.239045,0.477719
235,236,3.252829,0.368433
236,237,3.266612,0.472904
237,238,3.280395,0.402848
238,239,3.294178,0.466647
239,240,3.307961,0.451596
240,241,3.321744,0.413377
241,242,3.335528,0.482893
242,243,3.349311,0.426287
243,244,3.363094,0.416387
244,245,3.376877,0.450105
245,246,3.390660,0.481056
246,247,3.404444,0.445085
247,248,3.418227,0.566560
248,249,3.432010,0.429312
249,250,3.445793,0.477989
250,251,3.459576,0.378007
251,252,3.473359,0.499573
252,253,3.487143,0.454756
253,254,3.500926,0.397800
254,255,3.514709,0.448216
255,256,3.528492,0.400748
256,257,3.542275,0.464460
257,258,3.556058,0.411125
258,259,3.569842,0.461484
259,260,3.583625,0.441151
260,261,3.597408,0.431627
261,262,3.611191,0.455601
262,263,3.624974,0.378352
263,264,3.638757,0.429882
264,265,3.652541,0.444426
265,266,3.666324,0.427417
266,267,3.680107,0.466640
267,268,3.693890,0.502043
268,269,3.707673,0.515753
269,270,3.721456,0.483152
270,271,3.735240,0.454609
271,272,3.749023,0.379583
272,273,3.762806,0.463947
273,274,3.776589,0.464151
274,275,3.790372,0.429032
275,276,3.804156,0.514664
276,277,3.817939,0.403171
277,278,3.831722,0.455558
278,279,3.845505,0.493793
279,280,3.859288,0.422135
280,281,3.873071,0.487960
281,282,3.886855,0.428156
282,283,3.900638,0.433714
283,284,3.914421,0.477922
284,285,3.928204,0.431747
285,286,3.941987,0.459091
286,287,3.955770,0.382839
287,288,3.969554,0.424596
288,289,3.983337,0.416341
289,290,3.997120,0.319865
290,291,4.010903,0.400786
291,292,4.024686,0.481928
292,293,4.038469,0.413369
293,294,4.052253,0.449356
294,295,4.066036,0.468700
295,296,4.079819,0.481867
296,297,4.093602,0.470501
297,298,4.107385,0.412526
298,299,4.121168,0.431548
299,300,4.134952,0.401163
300,301,4.148735,0.426843
301,302,4.162518,0.455790
302,303,4.176301,0.432962
303,304,4.190084,0.449953
304,305,4.203868,0.395588
305,306,4.217651,0.500564
306,307,4.231434,0.436340
307,308,4.245217,0.467112
308,309,4.259000,0.404517
309,310,4.272783,0.409883
310,311,4.286567,0.504325
311,312,4.300350,0.473894
312,313,4.314133,0.424446
313,314,4.327916,0.450415
314,315,4.341699,0.465564
315,316,4.355482,0.301632
316,317,4.369266,0.503622
317,318,4.383049,0.397097
318,319,4.396832,0.426276
319,320,4.410615,0.448874
320,321,4.424398,0.462338
321,322,4.438181,0.479417
322,323,4.451965,0.489608
323,324,4.465748,0.425055
324,325,4.479531,0.383228
325,326,4.493314,0.497966
326,327,4.507097,0.436573
327,328,4.520880,0.363847
328,329,4.534664,0.493524
329,330,4.548447,0.433694
330,331,4.562230,0.393448
331,332,4.576013,0.489370
332,333,4.589796,0.463575
333,334,4.603580,0.478202
334,335,4.617363,0.390991
335,336,4.631146,0.484446
336,337,4.644929,0.471681
337,338,4.658712,0.423246
338,339,4.672495,0.427797
339,340,4.686279,0.431705
340,341,4.700062,0.388656
341,342,4.713845,0.457482
342,343,4.727628,0.424271
343,344,4.741411,0.424005
344,345,4.755194,0.432304
345,346,4.768978,0.476528
346,347,4.782761,0.434070
347,348,4.796544,0.425927
348,349,4.810327,0.373134
349,350,4.824110,0.430361
350,351,4.837893,0.496343
351,352,4.851677,0.444134
352,353,4.865460,0.481373
353,354,4.879243,0.364273
354,355,4.893026,0.420959
355,356,4.906809,0.387439
356,357,4.920592,0.381130
357,358,4.934376,0.515401
358,359,4.948159,0.402423
359,360,4.961942,0.400662
360,361,4.975725,0.445684
361,362,4.989508,0.476543
362,363,5.003292,0.446442
363,364,5.017075,0.459075
364,365,5.030858,0.456497
365,366,5.044641,0.382809
366,367,5.058424,0.377096
367,368,5.072207,0.410835
368,369,5.085991,0.482611
369,370,5.099774,0.375032
370,371,5.113557,0.458013
371,372,5.127340,0.493589
372,373,5.141123,0.441382
373,374,5.154906,0.417071
374,375,5.168690,0.481562
375,376,5.182473,0.373333
376,377,5.196256,0.423893
377,378,5.210039,0.425885
378,379,5.223822,0.443186
379,380,5.237605,0.411990
380,381,5.251389,0.415767
381,382,5.265172,0.498125
382,383,5.278955,0.447908
383,384,5.292738,0.425337
384,385,5.306521,0.399296
385,386,5.320304,0.461534
386,387,5.334088,0.442107
387,388,5.347871,0.463662
388,389,5.361654,0.454895
389,390,5.375437,0.496070
390,391,5.389220,0.532602
391,392,5.403003,0.415383
392,393,5.416787,0.393336
393,394,5.430570,0.500391
394,395,5.444353,0.414438
395,396,5.458136,0.417172
396,397,5.471919,0.524003
397,398,5.485703,0.454403
398,399,5.499486,0.458452
399,400,5.513269,0.436198
400,401,5.527052,0.468671
401,402,5.540835,0.439222
402,403,5.554618,0.393636
403,404,5.568402,0.349239
404,405,5.582185,0.439023
405,406,5.595968,0.460777
406,407,5.609751,0.379331
407,408,5.623534,0.415852
408,409,5.637317,0.461948
409,410,5.651101,0.407296
410,411,5.664884,0.442044
411,412,5.678667,0.388100
412,413,5.692450,0.503430
413,414,5.706233,0.436447
414,415,5.720016,0.445239
415,416,5.733800,0.431630
416,417,5.747583,0.488245
417,418,5.761366,0.394356
418,419,5.775149,0.468725
419,420,5.788932,0.402293
420,421,5.802715,0.469991
421,422,5.816499,0.351826
422,423,5.830282,0.509074
423,424,5.844065,0.511967
424,425,5.857848,0.429354
425,426,5.871631,0.442973
426,427,5.885415,0.426589
427,428,5.899198,0.428759
428,429,5.912981,0.431516
429,430,5.926764,0.481136
430,431,5.940547,0.432346
431,432,5.954330,0.457663
432,433,5.968114,0.485082
433,434,5.981897,0.448868
434,435,5.995680,0.411757
435,436,6.009463,0.377068
436,437,6.023246,0.552018
437,438,6.037029,0.442557
438,439,6.050813,0.481610
439,440,6.064596,0.434581
440,441,6.078379,0.481190
441,442,6.092162,0.466920
442,443,6.105945,0.409578
443,444,6.119728,0.353701
444,445,6.133512,0.395083
445,446,6.147295,0.389927
446,447,6.161078,0.409226
447,448,6.174861,0.416934
448,449,6.188644,0.445195
449,450,6.202427,0.459305
450,451,6.216211,0.440629
451,452,6.229994,0.413425
452,453,6.243777,0.402067
453,454,6.257560,0.416937
454,455,6.271343,0.390452
455,456,6.285127,0.413633
456,457,6.298910,0.492047
457,458,6.312693,0.406684
458,459,6.326476,0.482678
459,460,6.340259,0.400848
460,461,6.354042,0.395821
461,462,6.367826,0.458516
462,463,6.381609,0.497591
463,464,6.395392,0.486047
464,465,6.409175,0.433112
465,466,6.422958,0.431027
466,467,6.436741,0.386200
467,468,6.450525,0.384508
468,469,6.464308,0.314043
469,470,6.478091,0.409473
470,471,6.491874,0.418964
471,472,6.505657,0.441705
472,473,6.519440,0.460726
473,474,6.533224,0.474184
474,475,6.547007,0.492059
475,476,6.560790,0.499807
476,477,6.574573,0.340590
477,478,6.588356,0.439927
478,479,6.602139,0.407732
479,480,6.615923,0.374743
480,481,6.629706,0.470053
481,482,6.643489,0.494044
482,483,6.657272,0.448640
483,484,6.671055,0.425252
484,485,6.684839,0.425864
485,486,6.698622,0.411626
486,487,6.712405,0.404777
487,488,6.726188,0.408157
488,489,6.739971,0.367358
489,490,6.753754,0.406447
490,491,6.767538,0.425628
491,492,6.781321,0.403263
492,493,6.795104,0.482902
493,494,6.808887,0.471915
494,495,6.822670,0.336402
495,496,6.836453,0.469673
496,497,6.850237,0.462113
497,498,6.864020,0.354217
498,499,6.877803,0.505908
499,500,6.891586,0.461454
500,501,6.905369,0.453457
501,502,6.919152,0.420655
502,503,6.932936,0.415469
503,504,6.946719,0.434401
504,505,6.960502,0.427953
505,506,6.974285,0.464132
506,507,6.988068,0.398819
507,508,7.001851,0.496323
508,509,7.015635,0.462956
509,510,7.029418,0.416871
510,511,7.043201,0.483952
511,512,7.056984,0.424113
512,513,7.070767,0.484312
513,514,7.084551,0.436716
514,515,7.098334,0.426290
515,516,7.112117,0.381955
516,517,7.125900,0.475022
517,518,7.139683,0.371117
518,519,7.153466,0.455746
519,520,7.167250,0.497426
520,521,7.181033,0.429762
521,522,7.194816,0.464009
522,523,7.208599,0.406316
523,524,7.222382,0.465201
524,525,7.236165,0.451504
525,526,7.249949,0.367013
526,527,7.263732,0.444059
527,528,7.277515,0.403829
528,529,7.291298,0.428566
529,530,7.305081,0.419524
530,531,7.318864,0.404582
531,532,7.332648,0.418265
532,533,7.346431,0.413735
533,534,7.360214,0.440972
534,535,7.373997,0.433409
535,536,7.387780,0.444348
536,537,7.401563,0.354576
537,538,7.415347,0.410389
538,539,7.429130,0.443231
539,540,7.442913,0.436683
540,541,7.456696,0.504521
541,542,7.470479,0.425227
542,543,7.484262,0.397487
543,544,7.498046,0.421756
544,545,7.511829,0.494729
545,546,7.525612,0.451990
546,547,7.539395,0.477247
547,548,7.553178,0.449500
548,549,7.566962,0.474289
549,550,7.580745,0.416089
550,551,7.594528,0.490393
551,552,7.608311,0.447694
552,553,7.622094,0.425093
553,554,7.635877,0.407148
554,555,7.649661,0.478795
555,556,7.663444,0.436284
556,557,7.677227,0.393426
557,558,7.691010,0.409047
558,559,7.704793,0.402022
559,560,7.718576,0.456528
560,561,7.732360,0.439472
561,562,7.746143,0.450137
562,563,7.759926,0.494463
563,564,7.773709,0.407992
564,565,7.787492,0.369179
565,566,7.801275,0.406939
566,567,7.815059,0.372505
567,568,7.828842,0.437524
568,569,7.842625,0.462626
569,570,7.856408,0.475048
570,571,7.870191,0.440197
571,572,7.883974,0.447297
572,573,7.897758,0.381991
573,574,7.911541,0.468923
574,575,7.925324,0.424921
575,576,7.939107,0.326095
576,577,7.952890,0.487611
577,578,7.966674,0.510393
578,579,7.980457,0.390790
579,580,7.994240,0.458031
580,581,8.008023,0.418530
581,582,8.021806,0.398394
582,583,8.035589,0.475489
583,584,8.049373,0.505039
584,585,8.063156,0.421788
585,586,8.076939,0.508116
586,587,8.090722,0.396298
587,588,8.104505,0.401134
588,589,8.118288,0.448746
589,590,8.132072,0.512049
590,591,8.145855,0.525144
591,592,8.159638,0.463477
592,593,8.173421,0.415302
593,594,8.187204,0.418024
594,595,8.200987,0.496945
595,596,8.214771,0.407258
596,597,8.228554,0.376155
597,598,8.242337,0.429235
598,599,8.256120,0.405854
599,600,8.269903,0.430452
600,601,8.283686,0.453777
601,602,8.297470,0.401684
602,603,8.311253,0.442343
603,604,8.325036,0.394030
604,605,8.338819,0.421857
605,606,8.352602,0.479000
606,607,8.366386,0.420341
607,608,8.380169,0.519721
608,609,8.393952,0.412927
609,610,8.407735,0.436519
610,611,8.421518,0.405965
611,612,8.435301,0.425448
612,613,8.449085,0.397746
613,614,8.462868,0.366214
614,615,8.476651,0.497891
615,616,8.490434,0.435658
616,617,8.504217,0.369864
617,618,8.518000,0.409792
618,619,8.531784,0.430459
619,620,8.545567,0.414631
620,621,8.559350,0.456044
621,622,8.573133,0.413409
622,623,8.586916,0.461441
623,624,8.600699,0.372815
624,625,8.614483,0.393768
625,626,8.628266,0.467605
626,627,8.642049,0.447710
627,628,8.655832,0.446759
628,629,8.669615,0.480577
629,630,8.683398,0.393070
630,631,8.697182,0.424714
631,632,8.710965,0.444580
632,633,8.724748,0.374568
633,634,8.738531,0.432820
634,635,8.752314,0.428049
635,636,8.766098,0.501045
636,637,8.779881,0.369461
637,638,8.793664,0.462313
638,639,8.807447,0.407042
639,640,8.821230,0.476877
640,641,8.835013,0.466147
641,642,8.848797,0.367211
642,643,8.862580,0.431809
643,644,8.876363,0.435110
644,645,8.890146,0.427098
645,646,8.903929,0.475933
646,647,8.917712,0.412487
647,648,8.931496,0.336712
648,649,8.945279,0.394944
649,650,8.959062,0.431507
650,651,8.972845,0.384203
651,652,8.986628,0.479427
652,653,9.000411,0.407102
653,654,9.014195,0.478940
654,655,9.027978,0.426386
655,656,9.041761,0.476707
656,657,9.055544,0.415896
657,658,9.069327,0.448760
658,659,9.083110,0.402016
659,660,9.096894,0.414379
660,661,9.110677,0.467397
661,662,9.124460,0.411061
662,663,9.138243,0.491786
663,664,9.152026,0.426508
664,665,9.165810,0.396103
665,666,9.179593,0.423046
666,667,9.193376,0.467070
667,668,9.207159,0.370582
668,669,9.220942,0.409877
669,670,9.234725,0.465737
670,671,9.248509,0.424894
671,672,9.262292,0.428451
672,673,9.276075,0.433663
673,674,9.289858,0.388865
674,675,9.303641,0.466152
675,676,9.317424,0.463102
676,677,9.331208,0.359996
677,678,9.344991,0.422259
678,679,9.358774,0.465533
679,680,9.372557,0.355959
680,681,9.386340,0.450902
681,682,9.400123,0.449271
682,683,9.413907,0.425793
683,684,9.427690,0.414327
684,685,9.441473,0.482289
685,686,9.455256,0.472522
686,687,9.469039,0.471271
687,688,9.482822,0.393399
688,689,9.496606,0.436396
689,690,9.510389,0.415394
690,691,9.524172,0.472795
691,692,9.537955,0.426925
692,693,9.551738,0.439870
693,694,9.565521,0.505389
694,695,9.579305,0.442792
695,696,9.593088,0.475816
696,697,9.606871,0.480622
697,698,9.620654,0.416849
698,699,9.634437,0.409798
699,700,9.648221,0.439571
700,701,9.662004,0.380916
701,702,9.675787,0.431006
702,703,9.689570,0.408392
703,704,9.703353,0.439409
704,705,9.717136,0.498322
705,706,9.730920,0.477157
706,707,9.744703,0.465975
707,708,9.758486,0.402839
708,709,9.772269,0.480921
709,710,9.786052,0.437084
710,711,9.799835,0.383236
711,712,9.813619,0.483796
712,713,9.827402,0.402862
713,714,9.841185,0.472911
714,715,9.854968,0.440517
715,716,9.868751,0.504427
716,717,9.882534,0.473086
717,718,9.896318,0.416811
718,719,9.910101,0.426156
719,720,9.923884,0.492706
720,721,9.937667,0.549395
721,722,9.951450,0.397395
722,723,9.965233,0.517496
723,724,9.979017,0.469169
724,725,9.992800,0.473646
725,726,10.006583,0.389933
726,727,10.020366,0.424453
727,728,10.034149,0.396243
728,729,10.047933,0.440974
729,730,10.061716,0.442113
730,731,10.075499,0.449869
731,732,10.089282,0.461513
732,733,10.103065,0.482321
733,734,10.116848,0.422559
734,735,10.130632,0.427542
735,736,10.144415,0.444324
736,737,10.158198,0.402004
737,738,10.171981,0.453626
738,739,10.185764,0.408074
739,740,10.199547,0.454029
740,741,10.213331,0.428345
741,742,10.227114,0.412278
742,743,10.240897,0.401234
743,744,10.254680,0.447735
744,745,10.268463,0.439564
745,746,10.282246,0.475532
746,747,10.296030,0.377055
747,748,10.309813,0.392332
748,749,10.323596,0.420077
749,750,10.337379,0.439737
750,751,10.351162,0.455667
751,752,10.364945,0.485786
752,753,10.378729,0.440361
753,754,10.392512,0.415113
754,755,10.406295,0.422744
755,756,10.420078,0.405308
756,757,10.433861,0.429279
757,758,10.447645,0.412698
758,759,10.461428,0.339593
759,760,10.475211,0.416814
760,761,10.488994,0.477411
761,762,10.502777,0.372591
762,763,10.516560,0.394467
763,764,10.530344,0.416963
764,765,10.544127,0.422199
765,766,10.557910,0.445960
766,767,10.571693,0.453675
767,768,10.585476,0.439242
768,769,10.599259,0.437338
769,770,10.613043,0.455040
770,771,10.626826,0.485521
771,772,10.640609,0.453720
772,773,10.654392,0.416015
773,774,10.668175,0.428027
774,775,10.681958,0.469283
775,776,10.695742,0.443112
776,777,10.709525,0.409843
777,778,10.723308,0.432040
778,779,10.737091,0.485741
779,780,10.750874,0.437680
780,781,10.764657,0.421875
781,782,10.778441,0.481738
782,783,10.792224,0.437451
783,784,10.806007,0.391378
784,785,10.819790,0.498049
785,786,10.833573,0.412340
786,787,10.847357,0.474199
787,788,10.861140,0.414565
788,789,10.874923,0.392073
789,790,10.888706,0.428804
790,791,10.902489,0.496742
791,792,10.916272,0.432175
792,793,10.930056,0.445957
793,794,10.943839,0.368369
794,795,10.957622,0.597254
795,796,10.971405,0.476364
796,797,10.985188,0.452884
797,798,10.998971,0.478858
798,799,11.012755,0.363214
799,800,11.026538,0.414644
800,801,11.040321,0.427534
801,802,11.054104,0.427561
802,803,11.067887,0.427256
803,804,11.081670,0.500001
804,805,11.095454,0.396614
805,806,11.109237,0.366445
806,807,11.123020,0.430069
807,808,11.136803,0.493784
808,809,11.150586,0.454435
809,810,11.164369,0.508846
810,811,11.178153,0.458907
811,812,11.191936,0.428116
812,813,11.205719,0.421500
813,814,11.219502,0.447773
814,815,11.233285,0.385380
815,816,11.247069,0.415586
816,817,11.260852,0.417362
817,818,11.274635,0.444609
818,819,11.288418,0.427573
819,820,11.302201,0.398207
820,821,11.315984,0.475619
821,822,11.329768,0.433215
822,823,11.343551,0.456582
823,824,11.357334,0.522864
824,825,11.371117,0.478581
825,826,11.384900,0.444203
826,827,11.398683,0.469916
827,828,11.412467,0.398674
828,829,11.426250,0.412759
829,830,11.440033,0.384552
830,831,11.453816,0.409925
831,832,11.467599,0.457290
832,833,11.481382,0.443315
833,834,11.495166,0.474854
834,835,11.508949,0.425252
835,836,11.522732,0.484401
836,837,11.536515,0.468438
837,838,11.550298,0.387965
838,839,11.564081,0.462425
839,840,11.577865,0.435730
840,841,11.591648,0.426444
841,842,11.605431,0.452828
842,843,11.619214,0.400760
843,844,11.632997,0.460391
844,845,11.646780,0.438457
845,846,11.660564,0.352230
846,847,11.674347,0.449338
847,848,11.688130,0.473979
848,849,11.701913,0.431476
849,850,11.715696,0.430972
850,851,11.729480,0.364267
851,852,11.743263,0.349946
852,853,11.757046,0.394723
853,854,11.770829,0.511503
854,855,11.784612,0.444575
855,856,11.798395,0.421879
856,857,11.812179,0.380277
857,858,11.825962,0.450834
858,859,11.839745,0.394588
859,860,11.853528,0.371340
860,861,11.867311,0.460130
861,862,11.881094,0.432347
862,863,11.894878,0.467833
863,864,11.908661,0.439114
864,865,11.922444,0.487572
865,866,11.936227,0.402464
866,867,11.950010,0.437698
867,868,11.963793,0.454256
868,869,11.977577,0.379760
869,870,11.991360,0.428348
870,871,12.005143,0.395868
871,872,12.018926,0.400399
872,873,12.032709,0.418936
873,874,12.046492,0.427247
874,875,12.060276,0.475318
875,876,12.074059,0.456317
876,877,12.087842,0.363742
877,878,12.101625,0.506449
878,879,12.115408,0.516322
879,880,12.129192,0.433384
880,881,12.142975,0.469158
881,882,12.156758,0.458009
882,883,12.170541,0.407669
883,884,12.184324,0.424013
884,885,12.198107,0.401546
885,886,12.211891,0.461802
886,887,12.225674,0.457444
887,888,12.239457,0.510748
888,889,12.253240,0.506283
889,890,12.267023,0.448506
890,891,12.280806,0.488489
891,892,12.294590,0.476521
892,893,12.308373,0.476131
893,894,12.322156,0.395208
894,895,12.335939,0.437352
895,896,12.349722,0.416785
896,897,12.363505,0.542970
897,898,12.377289,0.464849
898,899,12.391072,0.494963
899,900,12.404855,0.390706
900,901,12.418638,0.487508
901,902,12.432421,0.481916
902,903,12.446204,0.432481
903,904,12.459988,0.473479
904,905,12.473771,0.470229
905,906,12.487554,0.384133
906,907,12.501337,0.427492
907,908,12.515120,0.472724
908,909,12.528904,0.449743
909,910,12.542687,0.442536
910,911,12.556470,0.462205
911,912,12.570253,0.354750
912,913,12.584036,0.479743
913,914,12.597819,0.437702
914,915,12.611603,0.400758
915,916,12.625386,0.451624
916,917,12.639169,0.416587
917,918,12.652952,0.402189
918,919,12.666735,0.442879
919,920,12.680518,0.437666
920,921,12.694302,0.444452
921,922,12.708085,0.449777
922,923,12.721868,0.455646
923,924,12.735651,0.503730
924,925,12.749434,0.412168
925,926,12.763217,0.440227
926,927,12.777001,0.435301
927,928,12.790784,0.454436
928,929,12.804567,0.367697
929,930,12.818350,0.514061
930,931,12.832133,0.428557
931,932,12.845916,0.432406
932,933,12.859700,0.327865
933,934,12.873483,0.436517
934,935,12.887266,0.464438
935,936,12.901049,0.404575
936,937,12.914832,0.515340
937,938,12.928616,0.353145
938,939,12.942399,0.392881
939,940,12.956182,0.397008
940,941,12.969965,0.551094
941,942,12.983748,0.419974
942,943,12.997531,0.446674
943,944,13.011315,0.419208
944,945,13.025098,0.384082
945,946,13.038881,0.418213
946,947,13.052664,0.428929
947,948,13.066447,0.447440
948,949,13.080230,0.464748
949,950,13.094014,0.513408
950,951,13.107797,0.528685
951,952,13.121580,0.472998
952,953,13.135363,0.430456
953,954,13.149146,0.403790
954,955,13.162929,0.553333
955,956,13.176713,0.466527
956,957,13.190496,0.410203
957,958,13.204279,0.400420
958,959,13.218062,0.402831
959,960,13.231845,0.450037
960,961,13.245628,0.416734
961,962,13.259412,0.508074
962,963,13.273195,0.478059
963,964,13.286978,0.531664
964,965,13.300761,0.432189
965,966,13.314544,0.461218
966,967,13.328328,0.338741
967,968,13.342111,0.386740
968,969,13.355894,0.381414
969,970,13.369677,0.460353
970,971,13.383460,0.453145
971,972,13.397243,0.457863
972,973,13.411027,0.422834
973,974,13.424810,0.465100
974,975,13.438593,0.453493
975,976,13.452376,0.404669
976,977,13.466159,0.467364
977,978,13.479942,0.403297
978,979,13.493726,0.454515
979,980,13.507509,0.446644
980,981,13.521292,0.400960
981,982,13.535075,0.443574
982,983,13.548858,0.511935
983,984,13.562641,0.473623
984,985,13.576425,0.484610
985,986,13.590208,0.471921
986,987,13.603991,0.486612
987,988,13.617774,0.518469
988,989,13.631557,0.412991
989,990,13.645340,0.443497
990,991,13.659124,0.487608
991,992,13.672907,0.446065
992,993,13.686690,0.498858
993,994,13.700473,0.354578
994,995,13.714256,0.457943
995,996,13.728039,0.410724
996,997,13.741823,0.472576
997,998,13.755606,0.414118
998,999,13.769389,0.534214
999,1000,13.783172,0.496890
1000,1001,13.796955,0.456816
1001,1002,13.810739,0.478757
1002,1003,13.824522,0.507405
1003,1004,13.838305,0.386090
1004,1005,13.852088,0.455336
1005,1006,13.865871,0.477661
1006,1007,13.879654,0.379321
1007,1008,13.893438,0.502574
1008,1009,13.907221,0.498770
1009,1010,13.921004,0.443458
1010,1011,13.934787,0.420263
1011,1012,13.948570,0.431552
1012,1013,13.962353,0.464015
1013,1014,13.976137,0.397301
1014,1015,13.989920,0.484424
1015,1016,14.003703,0.490593
1016,1017,14.017486,0.441711
1017,1018,14.031269,0.499365
1018,1019,14.045052,0.388533
1019,1020,14.058836,0.410258
1020,1021,14.072619,0.447664
1021,1022,14.086402,0.427951
1022,1023,14.100185,0.433626
1023,1024,14.113968,0.358608
1024,1025,14.127751,0.431529
1025,1026,14.141535,0.457556
1026,1027,14.155318,0.412356
1027,1028,14.169101,0.445307
1028,1029,14.182884,0.441431
1029,1030,14.196667,0.400156
1030,1031,14.210451,0.426286
1031,1032,14.224234,0.420004
1032,1033,14.238017,0.452493
1033,1034,14.251800,0.416765
1034,1035,14.265583,0.488272
1035,1036,14.279366,0.472936
1036,1037,14.293150,0.458896
1037,1038,14.306933,0.427252
1038,1039,14.320716,0.361310
1039,1040,14.334499,0.395356
1040,1041,14.348282,0.487990
1041,1042,14.362065,0.481074
1042,1043,14.375849,0.438500
1043,1044,14.389632,0.387873
1044,1045,14.403415,0.414422
1045,1046,14.417198,0.480167
1046,1047,14.430981,0.531852
1047,1048,14.444764,0.417709
1048,1049,14.458548,0.470584
1049,1050,14.472331,0.389190
1050,1051,14.486114,0.393130
1051,1052,14.499897,0.425392
1052,1053,14.513680,0.447048
1053,1054,14.527463,0.420493
1054,1055,14.541247,0.497840
1055,1056,14.555030,0.435149
1056,1057,14.568813,0.435285
1057,1058,14.582596,0.462658
1058,1059,14.596379,0.402071
1059,1060,14.610163,0.455962
1060,1061,14.623946,0.438079
1061,1062,14.637729,0.493980
1062,1063,14.651512,0.408132
1063,1064,14.665295,0.416460
1064,1065,14.679078,0.376065
1065,1066,14.692862,0.399121
1066,1067,14.706645,0.405468
1067,1068,14.720428,0.389530
1068,1069,14.734211,0.427190
1069,1070,14.747994,0.393139
1070,1071,14.761777,0.455770
1071,1072,14.775561,0.481277
1072,1073,14.789344,0.435682
1073,1074,14.803127,0.472982
1074,1075,14.816910,0.421964
1075,1076,14.830693,0.479561
1076,1077,14.844476,0.435152
1077,1078,14.858260,0.443305
1078,1079,14.872043,0.418976
1079,1080,14.885826,0.432251
1080,1081,14.899609,0.465258
1081,1082,14.913392,0.461768
1082,1083,14.927175,0.419573
1083,1084,14.940959,0.465411
1084,1085,14.954742,0.463874
1085,1086,14.968525,0.466907
1086,1087,14.982308,0.440748
1087,1088,14.996091,0.476441
1088,1089,15.009875,0.440781
1089,1090,15.023658,0.435056
1090,1091,15.037441,0.409006
1091,1092,15.051224,0.434384
1092,1093,15.065007,0.476834
1093,1094,15.078790,0.351072
1094,1095,15.092574,0.416916
1095,1096,15.106357,0.356867
1096,1097,15.120140,0.384274
1097,1098,15.133923,0.410341
1098,1099,15.147706,0.308493
1099,1100,15.161489,0.435867
1100,1101,15.175273,0.405136
1101,1102,15.189056,0.447188
1102,1103,15.202839,0.427602
1103,1104,15.216622,0.427266
1104,1105,15.230405,0.401981
1105,1106,15.244188,0.527628
1106,1107,15.257972,0.347626
1107,1108,15.271755,0.408699
1108,1109,15.285538,0.373469
1109,1110,15.299321,0.418193
1110,1111,15.313104,0.468664
1111,1112,15.326887,0.465667
1112,1113,15.340671,0.427822
1113,1114,15.354454,0.521398
1114,1115,15.368237,0.441277
1115,1116,15.382020,0.478777
1116,1117,15.395803,0.420659
1117,1118,15.409587,0.469373
1118,1119,15.423370,0.437943
1119,1120,15.437153,0.431193
1120,1121,15.450936,0.390856
1121,1122,15.464719,0.485229
1122,1123,15.478502,0.448769
1123,1124,15.492286,0.422787
1124,1125,15.506069,0.414997
1125,1126,15.519852,0.413669
1126,1127,15.533635,0.382571
1127,1128,15.547418,0.408842
1128,1129,15.561201,0.427727
1129,1130,15.574985,0.418035
1130,1131,15.588768,0.424862
1131,1132,15.602551,0.476999
1132,1133,15.616334,0.435513
1133,1134,15.630117,0.374657
1134,1135,15.643900,0.487419
1135,1136,15.657684,0.418905
1136,1137,15.671467,0.426441
1137,1138,15.685250,0.511942
1138,1139,15.699033,0.442018
1139,1140,15.712816,0.439588
1140,1141,15.726599,0.375483
1141,1142,15.740383,0.462854
1142,1143,15.754166,0.443118
1143,1144,15.767949,0.442499
1144,1145,15.781732,0.452424
1145,1146,15.795515,0.379976
1146,1147,15.809298,0.387265
1147,1148,15.823082,0.425128
1148,1149,15.836865,0.429530
1149,1150,15.850648,0.422413
1150,1151,15.864431,0.420287
1151,1152,15.878214,0.478792
1152,1153,15.891998,0.391979
1153,1154,15.905781,0.463950
1154,1155,15.919564,0.425829
1155,1156,15.933347,0.400361
1156,1157,15.947130,0.378199
1157,1158,15.960913,0.435470
1158,1159,15.974697,0.435044
1159,1160,15.988480,0.457194
1160,1161,16.002263,0.428440
1161,1162,16.016046,0.488044
1162,1163,16.029829,0.373127
1163,1164,16.043612,0.350384
1164,1165,16.057396,0.530778
1165,1166,16.071179,0.424410
1166,1167,16.084962,0.374339
1167,1168,16.098745,0.492322
1168,1169,16.112528,0.414621
1169,1170,16.126311,0.419943
1170,1171,16.140095,0.455835
1171,1172,16.153878,0.450215
1172,1173,16.167661,0.478178
1173,1174,16.181444,0.457703
1174,1175,16.195227,0.450821
1175,1176,16.209010,0.343919
1176,1177,16.222794,0.467292
1177,1178,16.236577,0.400295
1178,1179,16.250360,0.454875
1179,1180,16.264143,0.434977
1180,1181,16.277926,0.410347
1181,1182,16.291710,0.388460
1182,1183,16.305493,0.368213
1183,1184,16.319276,0.371426
1184,1185,16.333059,0.412983
1185,1186,16.346842,0.405181
1186,1187,16.360625,0.406775
1187,1188,16.374409,0.495441
1188,1189,16.388192,0.486805
1189,1190,16.401975,0.451557
1190,1191,16.415758,0.386810
1191,1192,16.429541,0.381735
1192,1193,16.443324,0.546605
1193,1194,16.457108,0.410997
1194,1195,16.470891,0.467923
1195,1196,16.484674,0.370632
1196,1197,16.498457,0.430258
1197,1198,16.512240,0.432501
1198,1199,16.526023,0.427088
1199,1200,16.539807,0.439699
1200,1201,16.553590,0.395283
1201,1202,16.567373,0.457737
1202,1203,16.581156,0.450149
1203,1204,16.594939,0.461457
1204,1205,16.608722,0.397935
1205,1206,16.622506,0.428886
1206,1207,16.636289,0.490108
1207,1208,16.650072,0.462167
1208,1209,16.663855,0.442354
1209,1210,16.677638,0.437809
1210,1211,16.691422,0.462133
1211,1212,16.705205,0.380503
1212,1213,16.718988,0.409496
1213,1214,16.732771,0.463281
1214,1215,16.746554,0.501868
1215,1216,16.760337,0.516828
1216,1217,16.774121,0.441876
1217,1218,16.787904,0.438246
1218,1219,16.801687,0.505852
1219,1220,16.815470,0.447891
1220,1221,16.829253,0.411200
1221,1222,16.843036,0.473993
1222,1223,16.856820,0.418718
1223,1224,16.870603,0.453770
1224,1225,16.884386,0.475649
1225,1226,16.898169,0.479478
1226,1227,16.911952,0.390285
1227,1228,16.925735,0.431146
1228,1229,16.939519,0.476944
1229,1230,16.953302,0.441329
1230,1231,16.967085,0.453384
1231,1232,16.980868,0.433287
1232,1233,16.994651,0.433629
1233,1234,17.008434,0.432123
1234,1235,17.022218,0.421724
1235,1236,17.036001,0.398344
1236,1237,17.049784,0.428936
1237,1238,17.063567,0.471999
1238,1239,17.077350,0.452450
1239,1240,17.091134,0.423748
1240,1241,17.104917,0.448494
1241,1242,17.118700,0.495290
1242,1243,17.132483,0.391187
1243,1244,17.146266,0.509331
1244,1245,17.160049,0.421743
1245,1246,17.173833,0.385903
1246,1247,17.187616,0.431816
1247,1248,17.201399,0.434810
1248,1249,17.215182,0.431008
1249,1250,17.228965,0.492633
1250,1251,17.242748,0.407887
1251,1252,17.256532,0.449690
1252,1253,17.270315,0.400584
1253,1254,17.284098,0.390957
1254,1255,17.297881,0.491608
1255,1256,17.311664,0.461410
1256,1257,17.325447,0.402636
1257,1258,17.339231,0.394217
1258,1259,17.353014,0.397585
1259,1260,17.366797,0.455242
1260,1261,17.380580,0.345112
1261,1262,17.394363,0.439233
1262,1263,17.408146,0.490825
1263,1264,17.421930,0.489093
1264,1265,17.435713,0.460386
1265,1266,17.449496,0.432395
1266,1267,17.463279,0.478214
1267,1268,17.477062,0.397949
1268,1269,17.490846,0.480709
1269,1270,17.504629,0.404335
1270,1271,17.518412,0.469865
1271,1272,17.532195,0.516461
1272,1273,17.545978,0.413790
1273,1274,17.559761,0.445465
1274,1275,17.573545,0.414328
1275,1276,17.587328,0.321225
1276,1277,17.601111,0.377956
1277,1278,17.614894,0.435827
1278,1279,17.628677,0.432406
1279,1280,17.642460,0.416789
1280,1281,17.656244,0.408957
1281,1282,17.670027,0.383256
1282,1283,17.683810,0.432222
1283,1284,17.697593,0.435308
1284,1285,17.711376,0.355411
1285,1286,17.725159,0.440716
1286,1287,17.738943,0.440100
1287,1288,17.752726,0.418401
1288,1289,17.766509,0.417051
1289,1290,17.780292,0.457092
1290,1291,17.794075,0.517243
1291,1292,17.807858,0.475661
1292,1293,17.821642,0.474356
1293,1294,17.835425,0.483512
1294,1295,17.849208,0.441879
1295,1296,17.862991,0.441659
1296,1297,17.876774,0.481769
1297,1298,17.890557,0.404850
1298,1299,17.904341,0.424308
1299,1300,17.918124,0.512251
1300,1301,17.931907,0.409565
1301,1302,17.945690,0.487312
1302,1303,17.959473,0.477468
1303,1304,17.973257,0.429829
1304,1305,17.987040,0.423068
1305,1306,18.000823,0.443115
1306,1307,18.014606,0.441018
1307,1308,18.028389,0.445751
1308,1309,18.042172,0.385080
1309,1310,18.055956,0.414404
1310,1311,18.069739,0.428962
1311,1312,18.083522,0.396106
1312,1313,18.097305,0.435018
1313,1314,18.111088,0.447741
1314,1315,18.124871,0.409040
1315,1316,18.138655,0.531308
1316,1317,18.152438,0.423520
1317,1318,18.166221,0.415099
1318,1319,18.180004,0.465179
1319,1320,18.193787,0.423232
1320,1321,18.207570,0.402389
1321,1322,18.221354,0.341091
1322,1323,18.235137,0.419146
1323,1324,18.248920,0.500341
1324,1325,18.262703,0.350803
1325,1326,18.276486,0.476391
1326,1327,18.290269,0.454737
1327,1328,18.304053,0.517855
1328,1329,18.317836,0.407925
1329,1330,18.331619,0.370443
1330,1331,18.345402,0.475534
1331,1332,18.359185,0.452594
1332,1333,18.372969,0.507065
1333,1334,18.386752,0.440322
1334,1335,18.400535,0.460431
1335,1336,18.414318,0.453434
1336,1337,18.428101,0.392618
1337,1338,18.441884,0.490918
1338,1339,18.455668,0.402461
1339,1340,18.469451,0.474533
1340,1341,18.483234,0.337043
1341,1342,18.497017,0.403256
1342,1343,18.510800,0.484305
1343,1344,18.524583,0.466805
1344,1345,18.538367,0.374530
1345,1346,18.552150,0.409535
1346,1347,18.565933,0.496236
1347,1348,18.579716,0.357077
1348,1349,18.593499,0.454312
1349,1350,18.607282,0.381371
1350,1351,18.621066,0.451339
1351,1352,18.634849,0.446838
1352,1353,18.648632,0.517987
1353,1354,18.662415,0.448167
1354,1355,18.676198,0.415279
1355,1356,18.689981,0.477058
1356,1357,18.703765,0.362698
1357,1358,18.717548,0.461654
1358,1359,18.731331,0.420227
1359,1360,18.745114,0.478394
1360,1361,18.758897,0.380228
1361,1362,18.772681,0.456968
1362,1363,18.786464,0.424151
1363,1364,18.800247,0.405442
1364,1365,18.814030,0.436168
1365,1366,18.827813,0.454092
1366,1367,18.841596,0.465569
1367,1368,18.855380,0.436317
1368,1369,18.869163,0.352456
1369,1370,18.882946,0.438832
1370,1371,18.896729,0.473636
1371,1372,18.910512,0.391719
1372,1373,18.924295,0.464040
1373,1374,18.938079,0.450360
1374,1375,18.951862,0.434667
1375,1376,18.965645,0.443925
1376,1377,18.979428,0.455672
1377,1378,18.993211,0.438920
1378,1379,19.006994,0.437087
1379,1380,19.020778,0.414224
1380,1381,19.034561,0.343449
1381,1382,19.048344,0.389382
1382,1383,19.062127,0.496210
1383,1384,19.075910,0.417477
1384,1385,19.089693,0.531018
1385,1386,19.103477,0.442332
1386,1387,19.117260,0.479867
1387,1388,19.131043,0.355576
1388,1389,19.144826,0.502269
1389,1390,19.158609,0.470373
1390,1391,19.172393,0.435154
1391,1392,19.186176,0.433204
1392,1393,19.199959,0.483069
1393,1394,19.213742,0.407132
1394,1395,19.227525,0.515348
1395,1396,19.241308,0.471357
1396,1397,19.255092,0.430574
1397,1398,19.268875,0.507746
1398,1399,19.282658,0.395461
1399,1400,19.296441,0.436615
1400,1401,19.310224,0.473668
1401,1402,19.324007,0.474633
1402,1403,19.337791,0.464332
1403,1404,19.351574,0.393129
1404,1405,19.365357,0.443604
1405,1406,19.379140,0.345476
1406,1407,19.392923,0.499891
1407,1408,19.406706,0.553053
1408,1409,19.420490,0.460176
1409,1410,19.434273,0.447698
1410,1411,19.448056,0.352021
1411,1412,19.461839,0.413079
1412,1413,19.475622,0.429673
1413,1414,19.489405,0.431048
1414,1415,19.503189,0.442336
1415,1416,19.516972,0.438678
1416,1417,19.530755,0.429023
1417,1418,19.544538,0.432633
1418,1419,19.558321,0.452013
1419,1420,19.572105,0.468152
1420,1421,19.585888,0.441940
1421,1422,19.599671,0.418695
1422,1423,19.613454,0.475531
1423,1424,19.627237,0.428759
1424,1425,19.641020,0.468252
1425,1426,19.654804,0.474066
1426,1427,19.668587,0.449126
1427,1428,19.682370,0.445075
1428,1429,19.696153,0.457257
1429,1430,19.709936,0.362472
1430,1431,19.723719,0.507910
1431,1432,19.737503,0.438432
1432,1433,19.751286,0.423283
1433,1434,19.765069,0.536406
1434,1435,19.778852,0.419387
1435,1436,19.792635,0.404653
1436,1437,19.806418,0.446090
1437,1438,19.820202,0.445679
1438,1439,19.833985,0.435237
1439,1440,19.847768,0.437896
1440,1441,19.861551,0.397028
1441,1442,19.875334,0.436654
1442,1443,19.889117,0.408483
1443,1444,19.902901,0.370607
1444,1445,19.916684,0.444138
1445,1446,19.930467,0.425269
1446,1447,19.944250,0.463417
1447,1448,19.958033,0.416490
1448,1449,19.971816,0.393077
1449,1450,19.985600,0.455566
1450,1451,19.999383,0.416121
1451,1452,20.013166,0.537588
1452,1453,20.026949,0.488265
1453,1454,20.040732,0.507559
1454,1455,20.054516,0.463602
1455,1456,20.068299,0.340074
1456,1457,20.082082,0.379260
1457,1458,20.095865,0.417643
1458,1459,20.109648,0.428841
1459,1460,20.123431,0.490287
1460,1461,20.137215,0.484504
1461,1462,20.150998,0.430314
1462,1463,20.164781,0.497143
1463,1464,20.178564,0.405986
1464,1465,20.192347,0.429210
1465,1466,20.206130,0.480634
1466,1467,20.219914,0.437500
1467,1468,20.233697,0.532099
1468,1469,20.247480,0.372359
1469,1470,20.261263,0.466623
1470,1471,20.275046,0.413867
1471,1472,20.288829,0.481395
1472,1473,20.302613,0.388959
1473,1474,20.316396,0.444478
1474,1475,20.330179,0.470390
1475,1476,20.343962,0.426515
1476,1477,20.357745,0.494714
1477,1478,20.371528,0.462170
1478,1479,20.385312,0.438029
1479,1480,20.399095,0.469743
1480,1481,20.412878,0.440856
1481,1482,20.426661,0.453992
1482,1483,20.440444,0.474349
1483,1484,20.454228,0.445293
1484,1485,20.468011,0.399780
1485,1486,20.481794,0.461915
1486,1487,20.495577,0.377726
1487,1488,20.509360,0.480883
1488,1489,20.523143,0.536243
1489,1490,20.536927,0.434540
1490,1491,20.550710,0.494387
1491,1492,20.564493,0.500550
1492,1493,20.578276,0.388962
1493,1494,20.592059,0.455037
1494,1495,20.605842,0.443997
1495,1496,20.619626,0.427279
1496,1497,20.633409,0.456737
1497,1498,20.647192,0.350617
1498,1499,20.660975,0.419033
1499,1500,20.674758,0.420501
1500,1501,20.688541,0.454840
1501,1502,20.702325,0.456774
1502,1503,20.716108,0.476608
1503,1504,20.729891,0.418639
1504,1505,20.743674,0.391166
1505,1506,20.757457,0.525277
1506,1507,20.771240,0.491004
1507,1508,20.785024,0.396771
1508,1509,20.798807,0.448672
1509,1510,20.812590,0.443008
1510,1511,20.826373,0.406755
1511,1512,20.840156,0.541509
1512,1513,20.853940,0.495150
1513,1514,20.867723,0.451024
1514,1515,20.881506,0.431714
1515,1516,20.895289,0.446180
1516,1517,20.909072,0.388114
1517,1518,20.922855,0.542520
1518,1519,20.936639,0.419676
1519,1520,20.950422,0.412864
1520,1521,20.964205,0.466316
1521,1522,20.977988,0.384199
1522,1523,20.991771,0.427214
1523,1524,21.005554,0.481206
1524,1525,21.019338,0.428743
1525,1526,21.033121,0.476908
1526,1527,21.046904,0.453845
1527,1528,21.060687,0.414274
1528,1529,21.074470,0.462519
1529,1530,21.088253,0.372551
1530,1531,21.102037,0.442216
1531,1532,21.115820,0.440731
1532,1533,21.129603,0.387564
1533,1534,21.143386,0.451864
1534,1535,21.157169,0.442383
1535,1536,21.170952,0.417215
1536,1537,21.184736,0.462324
1537,1538,21.198519,0.583214
1538,1539,21.212302,0.419894
1539,1540,21.226085,0.402518
1540,1541,21.239868,0.466260
1541,1542,21.253652,0.385450
1542,1543,21.267435,0.404394
1543,1544,21.281218,0.469488
1544,1545,21.295001,0.498533
1545,1546,21.308784,0.512472
1546,1547,21.322567,0.429715
1547,1548,21.336351,0.362086
1548,1549,21.350134,0.546136
1549,1550,21.363917,0.419527
1550,1551,21.377700,0.457472
1551,1552,21.391483,0.479835
1552,1553,21.405266,0.437874
1553,1554,21.419050,0.381682
1554,1555,21.432833,0.384072
1555,1556,21.446616,0.325234
1556,1557,21.460399,0.434957
1557,1558,21.474182,0.523645
1558,1559,21.487965,0.421993
1559,1560,21.501749,0.475404
1560,1561,21.515532,0.437159
1561,1562,21.529315,0.418523
1562,1563,21.543098,0.411443
1563,1564,21.556881,0.437252
1564,1565,21.570664,0.460217
1565,1566,21.584448,0.534729
1566,1567,21.598231,0.457564
1567,1568,21.612014,0.499028
1568,1569,21.625797,0.415519
1569,1570,21.639580,0.474264
1570,1571,21.653364,0.523461
1571,1572,21.667147,0.492427
1572,1573,21.680930,0.414843
1573,1574,21.694713,0.374705
1574,1575,21.708496,0.411651
1575,1576,21.722279,0.506772
1576,1577,21.736063,0.425892
1577,1578,21.749846,0.431239
1578,1579,21.763629,0.421080
1579,1580,21.777412,0.393894
1580,1581,21.791195,0.416791
1581,1582,21.804978,0.451213
1582,1583,21.818762,0.369392
1583,1584,21.832545,0.474464
1584,1585,21.846328,0.498222
1585,1586,21.860111,0.398051
1586,1587,21.873894,0.464222
1587,1588,21.887677,0.394203
1588,1589,21.901461,0.445140
1589,1590,21.915244,0.449017
1590,1591,21.929027,0.504809
1591,1592,21.942810,0.421269
1592,1593,21.956593,0.474819
1593,1594,21.970376,0.465657
1594,1595,21.984160,0.445118
1595,1596,21.997943,0.474102
1596,1597,22.011726,0.394543
1597,1598,22.025509,0.406386
1598,1599,22.039292,0.346260
1599,1600,22.053075,0.412465
1600,1601,22.066859,0.501963
1601,1602,22.080642,0.508422
1602,1603,22.094425,0.452601
1603,1604,22.108208,0.414146
1604,1605,22.121991,0.470868
1605,1606,22.135775,0.412550
1606,1607,22.149558,0.474818
1607,1608,22.163341,0.463928
1608,1609,22.177124,0.484606
1609,1610,22.190907,0.493172
1610,1611,22.204690,0.441935
1611,1612,22.218474,0.319788
1612,1613,22.232257,0.502241
1613,1614,22.246040,0.458682
1614,1615,22.259823,0.408130
1615,1616,22.273606,0.482218
1616,1617,22.287389,0.439670
1617,1618,22.301173,0.499511
1618,1619,22.314956,0.438627
1619,1620,22.328739,0.426732
1620,1621,22.342522,0.475167
1621,1622,22.356305,0.436033
1622,1623,22.370088,0.516606
1623,1624,22.383872,0.493218
1624,1625,22.397655,0.457957
1625,1626,22.411438,0.427261
1626,1627,22.425221,0.516266
1627,1628,22.439004,0.429014
1628,1629,22.452787,0.377952
1629,1630,22.466571,0.416570
1630,1631,22.480354,0.405838
1631,1632,22.494137,0.449449
1632,1633,22.507920,0.425230
1633,1634,22.521703,0.482265
1634,1635,22.535487,0.432696
1635,1636,22.549270,0.389025
1636,1637,22.563053,0.425527
1637,1638,22.576836,0.381551
1638,1639,22.590619,0.433487
1639,1640,22.604402,0.449625
1640,1641,22.618186,0.343519
1641,1642,22.631969,0.494437
1642,1643,22.645752,0.423189
1643,1644,22.659535,0.441022
1644,1645,22.673318,0.392994
1645,1646,22.687101,0.331046
1646,1647,22.700885,0.430440
1647,1648,22.714668,0.394164
1648,1649,22.728451,0.424384
1649,1650,22.742234,0.454833
1650,1651,22.756017,0.408529
1651,1652,22.769800,0.449891
1652,1653,22.783584,0.435455
1653,1654,22.797367,0.443720
1654,1655,22.811150,0.370451
1655,1656,22.824933,0.412002
1656,1657,22.838716,0.434596
1657,1658,22.852499,0.389210
1658,1659,22.866283,0.428971
1659,1660,22.880066,0.422865
1660,1661,22.893849,0.374555
1661,1662,22.907632,0.399952
1662,1663,22.921415,0.415565
1663,1664,22.935199,0.478305
1664,1665,22.948982,0.439308
1665,1666,22.962765,0.463130
1666,1667,22.976548,0.376795
1667,1668,22.990331,0.381412
1668,1669,23.004114,0.450415
1669,1670,23.017898,0.516332
1670,1671,23.031681,0.487357
1671,1672,23.045464,0.383637
1672,1673,23.059247,0.445894
1673,1674,23.073030,0.397679
1674,1675,23.086813,0.527446
1675,1676,23.100597,0.471812
1676,1677,23.114380,0.462947
1677,1678,23.128163,0.459908
1678,1679,23.141946,0.413876
1679,1680,23.155729,0.407405
1680,1681,23.169512,0.456059
1681,1682,23.183296,0.389230
1682,1683,23.197079,0.403327
1683,1684,23.210862,0.477776
1684,1685,23.224645,0.408645
1685,1686,23.238428,0.480188
1686,1687,23.252211,0.398434
1687,1688,23.265995,0.477642
1688,1689,23.279778,0.499086
1689,1690,23.293561,0.418925
1690,1691,23.307344,0.388031
1691,1692,23.321127,0.445088
1692,1693,23.334911,0.412373
1693,1694,23.348694,0.393322
1694,1695,23.362477,0.428324
1695,1696,23.376260,0.497359
1696,1697,23.390043,0.371884
1697,1698,23.403826,0.455974
1698,1699,23.417610,0.488404
1699,1700,23.431393,0.443634
1700,1701,23.445176,0.484597
1701,1702,23.458959,0.379873
1702,1703,23.472742,0.439945
1703,1704,23.486525,0.418879
1704,1705,23.500309,0.473589
1705,1706,23.514092,0.473575
1706,1707,23.527875,0.395817
1707,1708,23.541658,0.433489
1708,1709,23.555441,0.432398
1709,1710,23.569224,0.437345
1710,1711,23.583008,0.417720
1711,1712,23.596791,0.454071
1712,1713,23.610574,0.467464
1713,1714,23.624357,0.470415
1714,1715,23.638140,0.437340
1715,1716,23.651923,0.445045
1716,1717,23.665707,0.465543
1717,1718,23.679490,0.429438
1718,1719,23.693273,0.467343
1719,1720,23.707056,0.434508
1720,1721,23.720839,0.439910
1721,1722,23.734623,0.382860
1722,1723,23.748406,0.430286
1723,1724,23.762189,0.459778
1724,1725,23.775972,0.416572
1725,1726,23.789755,0.481025
1726,1727,23.803538,0.449888
1727,1728,23.817322,0.406561
1728,1729,23.831105,0.377656
1729,1730,23.844888,0.453977
1730,1731,23.858671,0.414323
1731,1732,23.872454,0.393728
1732,1733,23.886237,0.409510
1733,1734,23.900021,0.383064
1734,1735,23.913804,0.417358
1735,1736,23.927587,0.435324
1736,1737,23.941370,0.440371
1737,1738,23.955153,0.413233
1738,1739,23.968936,0.483185
1739,1740,23.982720,0.422280
1740,1741,23.996503,0.441907
1741,1742,24.010286,0.425964
1742,1743,24.024069,0.413114
1743,1744,24.037852,0.391061
1744,1745,24.051635,0.417024
1745,1746,24.065419,0.503437
1746,1747,24.079202,0.458744
1747,1748,24.092985,0.448407
1748,1749,24.106768,0.390892
1749,1750,24.120551,0.404426
1750,1751,24.134334,0.465662
1751,1752,24.148118,0.416535
1752,1753,24.161901,0.452060
1753,1754,24.175684,0.491613
1754,1755,24.189467,0.452730
1755,1756,24.203250,0.426872
1756,1757,24.217034,0.453687
1757,1758,24.230817,0.491156
1758,1759,24.244600,0.424995
1759,1760,24.258383,0.409659
1760,1761,24.272166,0.433309
1761,1762,24.285949,0.393405
1762,1763,24.299733,0.445668
1763,1764,24.313516,0.454409
1764,1765,24.327299,0.413668
1765,1766,24.341082,0.433677
1766,1767,24.354865,0.477452
1767,1768,24.368648,0.455836
1768,1769,24.382432,0.473373
1769,1770,24.396215,0.424285
1770,1771,24.409998,0.424525
1771,1772,24.423781,0.443019
1772,1773,24.437564,0.439464
1773,1774,24.451347,0.465654
1774,1775,24.465131,0.433355
1775,1776,24.478914,0.425370
1776,1777,24.492697,0.464617
1777,1778,24.506480,0.452228
1778,1779,24.520263,0.418847
1779,1780,24.534046,0.485606
1780,1781,24.547830,0.397478
1781,1782,24.561613,0.347611
1782,1783,24.575396,0.382208
1783,1784,24.589179,0.469726
1784,1785,24.602962,0.467069
1785,1786,24.616746,0.431752
1786,1787,24.630529,0.461914
1787,1788,24.644312,0.420253
1788,1789,24.658095,0.425924
1789,1790,24.671878,0.460424
1790,1791,24.685661,0.460380
1791,1792,24.699445,0.432892
1792,1793,24.713228,0.375770
1793,1794,24.727011,0.511755
1794,1795,24.740794,0.465026
1795,1796,24.754577,0.435993
1796,1797,24.768360,0.438960
1797,1798,24.782144,0.385743
1798,1799,24.795927,0.441342
1799,1800,24.809710,0.418844
1800,1801,24.823493,0.474226
1801,1802,24.837276,0.447585
1802,1803,24.851059,0.396651
1803,1804,24.864843,0.439953
1804,1805,24.878626,0.407280
1805,1806,24.892409,0.414740
1806,1807,24.906192,0.462508
1807,1808,24.919975,0.450517
1808,1809,24.933758,0.419921
1809,1810,24.947542,0.488684
1810,1811,24.961325,0.438140
1811,1812,24.975108,0.522738
1812,1813,24.988891,0.487073
1813,1814,25.002674,0.477662
1814,1815,25.016458,0.463574
1815,1816,25.030241,0.447896
1816,1817,25.044024,0.386141
1817,1818,25.057807,0.433172
1818,1819,25.071590,0.443177
1819,1820,25.085373,0.479542
1820,1821,25.099157,0.394616
1821,1822,25.112940,0.511620
1822,1823,25.126723,0.396917
1823,1824,25.140506,0.439941
1824,1825,25.154289,0.436042
1825,1826,25.168072,0.433232
1826,1827,25.181856,0.347117
1827,1828,25.195639,0.413966
1828,1829,25.209422,0.495343
1829,1830,25.223205,0.439831
1830,1831,25.236988,0.435301
1831,1832,25.250771,0.418272
1832,1833,25.264555,0.438781
1833,1834,25.278338,0.458378
1834,1835,25.292121,0.390218
1835,1836,25.305904,0.475832
1836,1837,25.319687,0.415233
1837,1838,25.333470,0.527748
1838,1839,25.347254,0.481255
1839,1840,25.361037,0.390182
1840,1841,25.374820,0.458891
1841,1842,25.388603,0.396120
1842,1843,25.402386,0.401079
1843,1844,25.416170,0.483639
1844,1845,25.429953,0.394489
1845,1846,25.443736,0.437929
1846,1847,25.457519,0.389322
1847,1848,25.471302,0.428633
1848,1849,25.485085,0.414736
1849,1850,25.498869,0.395244
1850,1851,25.512652,0.455333
1851,1852,25.526435,0.401490
1852,1853,25.540218,0.510549
1853,1854,25.554001,0.439475
1854,1855,25.567784,0.442246
1855,1856,25.581568,0.398742
1856,1857,25.595351,0.395541
1857,1858,25.609134,0.476282
1858,1859,25.622917,0.458683
1859,1860,25.636700,0.493220
1860,1861,25.650483,0.361017
1861,1862,25.664267,0.434617
1862,1863,25.678050,0.453488
1863,1864,25.691833,0.406209
1864,1865,25.705616,0.362778
1865,1866,25.719399,0.392883
1866,1867,25.733182,0.487721
1867,1868,25.746966,0.394199
1868,1869,25.760749,0.435567
1869,1870,25.774532,0.358583
1870,1871,25.788315,0.538608
1871,1872,25.802098,0.430412
1872,1873,25.815882,0.441317
1873,1874,25.829665,0.448970
1874,1875,25.843448,0.510851
1875,1876,25.857231,0.378893
1876,1877,25.871014,0.409714
1877,1878,25.884797,0.469767
1878,1879,25.898581,0.396929
1879,1880,25.912364,0.427736
1880,1881,25.926147,0.420434
1881,1882,25.939930,0.378176
1882,1883,25.953713,0.449118
1883,1884,25.967496,0.506231
1884,1885,25.981280,0.412215
1885,1886,25.995063,0.441709
1886,1887,26.008846,0.448049
1887,1888,26.022629,0.371209
1888,1889,26.036412,0.426340
1889,1890,26.050195,0.369237
1890,1891,26.063979,0.425177
1891,1892,26.077762,0.412878
1892,1893,26.091545,0.423646
1893,1894,26.105328,0.502999
1894,1895,26.119111,0.453142
1895,1896,26.132894,0.421094
1896,1897,26.146678,0.490476
1897,1898,26.160461,0.466009
1898,1899,26.174244,0.392237
1899,1900,26.188027,0.395974
1900,1901,26.201810,0.523781
1901,1902,26.215593,0.398488
1902,1903,26.229377,0.465800
1903,1904,26.243160,0.470831
1904,1905,26.256943,0.437033
1905,1906,26.270726,0.392219
1906,1907,26.284509,0.371436
1907,1908,26.298293,0.437449
1908,1909,26.312076,0.346732
1909,1910,26.325859,0.437208
1910,1911,26.339642,0.434496
1911,1912,26.353425,0.395016
1912,1913,26.367208,0.396546
1913,1914,26.380992,0.401448
1914,1915,26.394775,0.419146
1915,1916,26.408558,0.419088
1916,1917,26.422341,0.457801
1917,1918,26.436124,0.406652
1918,1919,26.449907,0.467948
1919,1920,26.463691,0.426809
1920,1921,26.477474,0.487064
1921,1922,26.491257,0.402444
1922,1923,26.505040,0.472502
1923,1924,26.518823,0.401596
1924,1925,26.532606,0.478511
1925,1926,26.546390,0.507689
1926,1927,26.560173,0.396772
1927,1928,26.573956,0.456759
1928,1929,26.587739,0.437855
1929,1930,26.601522,0.452273
1930,1931,26.615305,0.386865
1931,1932,26.629089,0.435125
1932,1933,26.642872,0.357717
1933,1934,26.656655,0.445987
1934,1935,26.670438,0.396481
1935,1936,26.684221,0.427884
1936,1937,26.698005,0.446842
1937,1938,26.711788,0.469975
1938,1939,26.725571,0.391400
1939,1940,26.739354,0.475728
1940,1941,26.753137,0.426788
1941,1942,26.766920,0.422116
1942,1943,26.780704,0.395739
1943,1944,26.794487,0.461510
1944,1945,26.808270,0.367749
1945,1946,26.822053,0.469317
1946,1947,26.835836,0.433228
1947,1948,26.849619,0.423548
1948,1949,26.863403,0.410332
1949,1950,26.877186,0.441600
1950,1951,26.890969,0.444288
1951,1952,26.904752,0.402894
1952,1953,26.918535,0.485633
1953,1954,26.932318,0.519709
1954,1955,26.946102,0.384559
1955,1956,26.959885,0.444079
1956,1957,26.973668,0.475943
1957,1958,26.987451,0.402711
1958,1959,27.001234,0.417143
1959,1960,27.015017,0.397020
1960,1961,27.028801,0.517955
1961,1962,27.042584,0.426625
1962,1963,27.056367,0.408179
1963,1964,27.070150,0.382340
1964,1965,27.083933,0.429929
1965,1966,27.097717,0.392495
1966,1967,27.111500,0.440181
1967,1968,27.125283,0.461646
1968,1969,27.139066,0.417870
1969,1970,27.152849,0.452385
1970,1971,27.166632,0.419280
1971,1972,27.180416,0.484404
1972,1973,27.194199,0.465903
1973,1974,27.207982,0.485767
1974,1975,27.221765,0.412101
1975,1976,27.235548,0.413679
1976,1977,27.249331,0.488617
1977,1978,27.263115,0.434307
1978,1979,27.276898,0.406988
1979,1980,27.290681,0.390145
1980,1981,27.304464,0.361703
1981,1982,27.318247,0.434137
1982,1983,27.332030,0.432833
1983,1984,27.345814,0.388219
1984,1985,27.359597,0.426905
1985,1986,27.373380,0.436654
1986,1987,27.387163,0.422918
1987,1988,27.400946,0.501114
1988,1989,27.414729,0.450959
1989,1990,27.428513,0.447231
1990,1991,27.442296,0.477084
1991,1992,27.456079,0.592827
1992,1993,27.469862,0.456974
1993,1994,27.483645,0.318640
1994,1995,27.497429,0.414832
1995,1996,27.511212,0.432702
1996,1997,27.524995,0.339306
1997,1998,27.538778,0.489274
1998,1999,27.552561,0.494780
1999,2000,27.566344,0.449795
2000,2001,27.580128,0.479711
2001,2002,27.593911,0.404776
2002,2003,27.607694,0.431784
2003,2004,27.621477,0.388486
2004,2005,27.635260,0.412128
2005,2006,27.649043,0.442263
2006,2007,27.662827,0.422917
2007,2008,27.676610,0.412612
2008,2009,27.690393,0.409429
2009,2010,27.704176,0.362089
2010,2011,27.717959,0.406303
2011,2012,27.731742,0.456005
2012,2013,27.745526,0.402948
2013,2014,27.759309,0.396994
2014,2015,27.773092,0.366182
2015,2016,27.786875,0.365213
2016,2017,27.800658,0.452186
2017,2018,27.814441,0.451376
2018,2019,27.828225,0.440738
2019,2020,27.842008,0.444004
2020,2021,27.855791,0.356636
2021,2022,27.869574,0.434269
2022,2023,27.883357,0.486662
2023,2024,27.897141,0.518222
2024,2025,27.910924,0.402606
2025,2026,27.924707,0.441607
2026,2027,27.938490,0.388977
2027,2028,27.952273,0.469787
2028,2029,27.966056,0.412684
2029,2030,27.979840,0.452314
2030,2031,27.993623,0.467019
2031,2032,28.007406,0.405398
2032,2033,28.021189,0.395805
2033,2034,28.034972,0.444399
2034,2035,28.048755,0.488297
2035,2036,28.062539,0.420469
2036,2037,28.076322,0.402051
2037,2038,28.090105,0.441795
2038,2039,28.103888,0.455771
2039,2040,28.117671,0.447743
2040,2041,28.131454,0.492363
2041,2042,28.145238,0.453573
2042,2043,28.159021,0.556222
2043,2044,28.172804,0.473468
2044,2045,28.186587,0.476462
2045,2046,28.200370,0.445023
2046,2047,28.214153,0.456466
2047,2048,28.227937,0.485279
2048,2049,28.241720,0.433936
2049,2050,28.255503,0.450248
2050,2051,28.269286,0.461564
2051,2052,28.283069,0.443582
2052,2053,28.296852,0.430194
2053,2054,28.310636,0.486650
2054,2055,28.324419,0.485714
2055,2056,28.338202,0.366537
2056,2057,28.351985,0.448126
2057,2058,28.365768,0.428313
2058,2059,28.379552,0.485307
2059,2060,28.393335,0.396410
2060,2061,28.407118,0.405982
2061,2062,28.420901,0.387712
2062,2063,28.434684,0.455126
2063,2064,28.448467,0.424091
2064,2065,28.462251,0.490618
2065,2066,28.476034,0.451474
2066,2067,28.489817,0.408567
2067,2068,28.503600,0.556278
2068,2069,28.517383,0.473022
2069,2070,28.531166,0.449623
2070,2071,28.544950,0.426190
2071,2072,28.558733,0.436628
2072,2073,28.572516,0.435310
2073,2074,28.586299,0.455042
2074,2075,28.600082,0.405362
2075,2076,28.613865,0.413756
2076,2077,28.627649,0.534772
2077,2078,28.641432,0.445976
2078,2079,28.655215,0.434745
2079,2080,28.668998,0.416125
2080,2081,28.682781,0.472254
2081,2082,28.696564,0.397519
2082,2083,28.710348,0.415868
2083,2084,28.724131,0.424112
2084,2085,28.737914,0.402389
2085,2086,28.751697,0.382990
2086,2087,28.765480,0.382537
2087,2088,28.779264,0.465800
2088,2089,28.793047,0.438253
2089,2090,28.806830,0.382797
2090,2091,28.820613,0.435937
2091,2092,28.834396,0.408323
2092,2093,28.848179,0.471869
2093,2094,28.861963,0.421430
2094,2095,28.875746,0.389284
2095,2096,28.889529,0.416295
2096,2097,28.903312,0.395910
2097,2098,28.917095,0.380084
2098,2099,28.930878,0.406182
2099,2100,28.944662,0.418324
2100,2101,28.958445,0.420944
2101,2102,28.972228,0.389336
2102,2103,28.986011,0.494118
2103,2104,28.999794,0.410598
2104,2105,29.013577,0.392449
2105,2106,29.027361,0.500193
2106,2107,29.041144,0.407148
2107,2108,29.054927,0.486625
2108,2109,29.068710,0.342854
2109,2110,29.082493,0.479083
2110,2111,29.096276,0.399501
2111,2112,29.110060,0.506184
2112,2113,29.123843,0.434612
2113,2114,29.137626,0.441151
2114,2115,29.151409,0.468794
2115,2116,29.165192,0.477091
2116,2117,29.178976,0.458689
2117,2118,29.192759,0.478163
2118,2119,29.206542,0.531736
2119,2120,29.220325,0.458869
2120,2121,29.234108,0.395217
2121,2122,29.247891,0.395339
2122,2123,29.261675,0.473090
2123,2124,29.275458,0.473160
2124,2125,29.289241,0.452530
2125,2126,29.303024,0.395878
2126,2127,29.316807,0.404444
2127,2128,29.330590,0.448074
2128,2129,29.344374,0.409857
2129,2130,29.358157,0.400504
2130,2131,29.371940,0.426490
2131,2132,29.385723,0.430185
2132,2133,29.399506,0.440979
2133,2134,29.413289,0.402447
2134,2135,29.427073,0.463273
2135,2136,29.440856,0.428851
2136,2137,29.454639,0.381063
2137,2138,29.468422,0.452680
2138,2139,29.482205,0.417961
2139,2140,29.495988,0.494669
2140,2141,29.509772,0.454576
2141,2142,29.523555,0.405842
2142,2143,29.537338,0.409505
2143,2144,29.551121,0.397288
2144,2145,29.564904,0.484519
2145,2146,29.578688,0.473190
2146,2147,29.592471,0.477078
2147,2148,29.606254,0.446832
2148,2149,29.620037,0.425475
2149,2150,29.633820,0.399456
2150,2151,29.647603,0.518862
2151,2152,29.661387,0.474031
2152,2153,29.675170,0.399243
2153,2154,29.688953,0.407179
2154,2155,29.702736,0.382798
2155,2156,29.716519,0.438393
2156,2157,29.730302,0.492777
2157,2158,29.744086,0.477819
2158,2159,29.757869,0.472261
2159,2160,29.771652,0.389329
2160,2161,29.785435,0.489022
2161,2162,29.799218,0.421636
2162,2163,29.813001,0.471968
2163,2164,29.826785,0.441892
2164,2165,29.840568,0.603736
2165,2166,29.854351,0.474786
2166,2167,29.868134,0.454245
2167,2168,29.881917,0.387224
2168,2169,29.895700,0.446769
2169,2170,29.909484,0.408987
2170,2171,29.923267,0.494462
2171,2172,29.937050,0.445456
2172,2173,29.950833,0.489969
2173,2174,29.964616,0.347475
2174,2175,29.978400,0.440991
2175,2176,29.992183,0.410508
2176,2177,30.005966,0.417011
2177,2178,30.019749,0.408901
2178,2179,30.033532,0.413474
2179,2180,30.047315,0.446778
2180,2181,30.061099,0.427968
2181,2182,30.074882,0.466919
2182,2183,30.088665,0.454683
2183,2184,30.102448,0.472217
2184,2185,30.116231,0.460542
2185,2186,30.130014,0.411900
2186,2187,30.143798,0.389769
2187,2188,30.157581,0.455788
2188,2189,30.171364,0.471657
2189,2190,30.185147,0.456863
2190,2191,30.198930,0.486554
2191,2192,30.212713,0.393322
2192,2193,30.226497,0.472886
2193,2194,30.240280,0.542114
2194,2195,30.254063,0.359768
2195,2196,30.267846,0.434316
2196,2197,30.281629,0.395124
2197,2198,30.295412,0.487542
2198,2199,30.309196,0.391255
2199,2200,30.322979,0.453253
2200,2201,30.336762,0.430688
2201,2202,30.350545,0.417427
2202,2203,30.364328,0.453230
2203,2204,30.378111,0.535273
2204,2205,30.391895,0.448119
2205,2206,30.405678,0.452831
2206,2207,30.419461,0.391298
2207,2208,30.433244,0.439986
2208,2209,30.447027,0.399155
2209,2210,30.460811,0.484254
2210,2211,30.474594,0.417396
2211,2212,30.488377,0.424056
2212,2213,30.502160,0.413954
2213,2214,30.515943,0.415490
2214,2215,30.529726,0.431119
2215,2216,30.543510,0.420618
2216,2217,30.557293,0.434247
2217,2218,30.571076,0.410984
2218,2219,30.584859,0.411684
2219,2220,30.598642,0.419244
2220,2221,30.612425,0.408763
2221,2222,30.626209,0.434736
2222,2223,30.639992,0.440058
2223,2224,30.653775,0.493674
2224,2225,30.667558,0.430478
2225,2226,30.681341,0.407446
2226,2227,30.695124,0.477722
2227,2228,30.708908,0.405522
2228,2229,30.722691,0.483305
2229,2230,30.736474,0.423590
2230,2231,30.750257,0.425872
2231,2232,30.764040,0.435049
2232,2233,30.777823,0.428860
2233,2234,30.791607,0.442390
2234,2235,30.805390,0.370404
2235,2236,30.819173,0.404566
2236,2237,30.832956,0.400896
2237,2238,30.846739,0.462339
2238,2239,30.860523,0.444532
2239,2240,30.874306,0.442327
2240,2241,30.888089,0.493641
2241,2242,30.901872,0.459311
2242,2243,30.915655,0.439207
2243,2244,30.929438,0.462056
2244,2245,30.943222,0.517227
2245,2246,30.957005,0.466855
2246,2247,30.970788,0.396371
2247,2248,30.984571,0.436139
2248,2249,30.998354,0.400280
2249,2250,31.012137,0.391782
2250,2251,31.025921,0.404381
2251,2252,31.039704,0.389924
2252,2253,31.053487,0.450744
2253,2254,31.067270,0.495370
2254,2255,31.081053,0.441792
2255,2256,31.094836,0.400527
2256,2257,31.108620,0.370040
2257,2258,31.122403,0.472803
2258,2259,31.136186,0.473839
2259,2260,31.149969,0.488738
2260,2261,31.163752,0.368223
2261,2262,31.177535,0.465464
2262,2263,31.191319,0.443973
2263,2264,31.205102,0.390325
2264,2265,31.218885,0.353477
2265,2266,31.232668,0.404506
2266,2267,31.246451,0.473087
2267,2268,31.260235,0.452069
2268,2269,31.274018,0.485001
2269,2270,31.287801,0.441117
2270,2271,31.301584,0.490655
2271,2272,31.315367,0.469144
2272,2273,31.329150,0.413213
2273,2274,31.342934,0.414859
2274,2275,31.356717,0.377579
2275,2276,31.370500,0.452710
2276,2277,31.384283,0.415354
2277,2278,31.398066,0.450801
2278,2279,31.411849,0.487473
2279,2280,31.425633,0.456746
2280,2281,31.439416,0.441527
2281,2282,31.453199,0.460779
2282,2283,31.466982,0.352483
2283,2284,31.480765,0.461475
2284,2285,31.494548,0.440030
2285,2286,31.508332,0.449799
2286,2287,31.522115,0.323019
2287,2288,31.535898,0.378188
2288,2289,31.549681,0.442999
2289,2290,31.563464,0.444931
2290,2291,31.577247,0.432463
2291,2292,31.591031,0.479582
2292,2293,31.604814,0.487040
2293,2294,31.618597,0.418354
2294,2295,31.632380,0.418857
2295,2296,31.646163,0.450929
2296,2297,31.659947,0.437432
2297,2298,31.673730,0.443267
2298,2299,31.687513,0.404838
2299,2300,31.701296,0.431347
2300,2301,31.715079,0.441488
2301,2302,31.728862,0.415956
2302,2303,31.742646,0.434677
2303,2304,31.756429,0.448775
2304,2305,31.770212,0.403941
2305,2306,31.783995,0.439776
2306,2307,31.797778,0.344351
2307,2308,31.811561,0.420823
2308,2309,31.825345,0.446099
2309,2310,31.839128,0.424475
2310,2311,31.852911,0.385818
2311,2312,31.866694,0.466354
2312,2313,31.880477,0.528483
2313,2314,31.894260,0.439437
2314,2315,31.908044,0.432551
2315,2316,31.921827,0.467909
2316,2317,31.935610,0.502206
2317,2318,31.949393,0.446724
2318,2319,31.963176,0.436855
2319,2320,31.976959,0.432402
2320,2321,31.990743,0.413222
2321,2322,32.004526,0.507865
2322,2323,32.018309,0.478470
2323,2324,32.032092,0.428517
2324,2325,32.045875,0.391793
2325,2326,32.059659,0.445265
2326,2327,32.073442,0.493590
2327,2328,32.087225,0.397762
2328,2329,32.101008,0.488778
2329,2330,32.114791,0.424520
2330,2331,32.128574,0.350591
2331,2332,32.142358,0.411788
2332,2333,32.156141,0.420999
2333,2334,32.169924,0.422925
2334,2335,32.183707,0.353715
2335,2336,32.197490,0.461949
2336,2337,32.211273,0.468657
2337,2338,32.225057,0.471181
2338,2339,32.238840,0.423973
2339,2340,32.252623,0.462636
2340,2341,32.266406,0.372915
2341,2342,32.280189,0.430678
2342,2343,32.293972,0.477846
2343,2344,32.307756,0.394840
2344,2345,32.321539,0.423050
2345,2346,32.335322,0.466477
2346,2347,32.349105,0.468566
2347,2348,32.362888,0.460046
2348,2349,32.376671,0.477845
2349,2350,32.390455,0.468807
2350,2351,32.404238,0.462280
2351,2352,32.418021,0.472002
2352,2353,32.431804,0.449466
2353,2354,32.445587,0.461046
2354,2355,32.459370,0.457990
2355,2356,32.473154,0.369339
2356,2357,32.486937,0.454497
2357,2358,32.500720,0.453005
2358,2359,32.514503,0.433836
2359,2360,32.528286,0.512414
2360,2361,32.542070,0.406168
2361,2362,32.555853,0.466677
2362,2363,32.569636,0.509316
2363,2364,32.583419,0.383258
2364,2365,32.597202,0.442972
2365,2366,32.610985,0.400439
2366,2367,32.624769,0.394843
2367,2368,32.638552,0.486748
2368,2369,32.652335,0.427586
2369,2370,32.666118,0.482838
2370,2371,32.679901,0.444951
2371,2372,32.693684,0.482520
2372,2373,32.707468,0.451287
2373,2374,32.721251,0.451386
2374,2375,32.735034,0.446439
2375,2376,32.748817,0.463340
2376,2377,32.762600,0.403550
2377,2378,32.776383,0.412933
2378,2379,32.790167,0.448095
2379,2380,32.803950,0.483923
2380,2381,32.817733,0.415849
2381,2382,32.831516,0.488428
2382,2383,32.845299,0.457670
2383,2384,32.859082,0.412195
2384,2385,32.872866,0.460999
2385,2386,32.886649,0.455324
2386,2387,32.900432,0.462474
2387,2388,32.914215,0.431762
2388,2389,32.927998,0.533001
2389,2390,32.941782,0.469473
2390,2391,32.955565,0.472475
2391,2392,32.969348,0.416047
2392,2393,32.983131,0.387836
2393,2394,32.996914,0.412346
2394,2395,33.010697,0.423635
2395,2396,33.024481,0.412680
2396,2397,33.038264,0.490230
2397,2398,33.052047,0.450291
2398,2399,33.065830,0.489090
2399,2400,33.079613,0.395043
2400,2401,33.093396,0.454701
2401,2402,33.107180,0.504209
2402,2403,33.120963,0.465573
2403,2404,33.134746,0.395439
2404,2405,33.148529,0.461272
2405,2406,33.162312,0.416544
2406,2407,33.176095,0.499559
2407,2408,33.189879,0.409452
2408,2409,33.203662,0.453025
2409,2410,33.217445,0.426381
2410,2411,33.231228,0.484330
2411,2412,33.245011,0.434119
2412,2413,33.258794,0.432735
2413,2414,33.272578,0.393840
2414,2415,33.286361,0.399508
2415,2416,33.300144,0.413669
2416,2417,33.313927,0.440236
2417,2418,33.327710,0.398494
2418,2419,33.341494,0.410457
2419,2420,33.355277,0.419884
2420,2421,33.369060,0.453746
2421,2422,33.382843,0.417895
2422,2423,33.396626,0.407961
2423,2424,33.410409,0.478670
2424,2425,33.424193,0.485938
2425,2426,33.437976,0.428308
2426,2427,33.451759,0.420319
2427,2428,33.465542,0.364150
2428,2429,33.479325,0.397729
2429,2430,33.493108,0.443560
2430,2431,33.506892,0.400962
2431,2432,33.520675,0.475614
2432,2433,33.534458,0.472279
2433,2434,33.548241,0.394214
2434,2435,33.562024,0.443687
2435,2436,33.575807,0.474283
2436,2437,33.589591,0.428845
2437,2438,33.603374,0.427048
2438,2439,33.617157,0.355386
2439,2440,33.630940,0.452371
2440,2441,33.644723,0.478327
2441,2442,33.658506,0.473229
2442,2443,33.672290,0.426078
2443,2444,33.686073,0.448489
2444,2445,33.699856,0.507722
2445,2446,33.713639,0.437453
2446,2447,33.727422,0.382514
2447,2448,33.741206,0.463686
2448,2449,33.754989,0.508187
2449,2450,33.768772,0.398407
2450,2451,33.782555,0.381017
2451,2452,33.796338,0.403416
2452,2453,33.810121,0.494789
2453,2454,33.823905,0.439971
2454,2455,33.837688,0.416839
2455,2456,33.851471,0.395455
2456,2457,33.865254,0.468391
2457,2458,33.879037,0.495402
2458,2459,33.892820,0.472683
2459,2460,33.906604,0.423827
2460,2461,33.920387,0.438326
2461,2462,33.934170,0.446828
2462,2463,33.947953,0.470083
2463,2464,33.961736,0.428731
2464,2465,33.975519,0.406702
2465,2466,33.989303,0.359445
2466,2467,34.003086,0.444313
2467,2468,34.016869,0.525047
2468,2469,34.030652,0.446401
2469,2470,34.044435,0.428155
2470,2471,34.058218,0.386484
2471,2472,34.072002,0.536272
2472,2473,34.085785,0.484415
2473,2474,34.099568,0.472023
2474,2475,34.113351,0.385180
2475,2476,34.127134,0.432228
2476,2477,34.140918,0.447615
2477,2478,34.154701,0.421895
2478,2479,34.168484,0.422123
2479,2480,34.182267,0.478852
2480,2481,34.196050,0.521743
2481,2482,34.209833,0.459309
2482,2483,34.223617,0.414642
2483,2484,34.237400,0.490234
2484,2485,34.251183,0.453435
2485,2486,34.264966,0.440661
2486,2487,34.278749,0.460794
2487,2488,34.292532,0.459859
2488,2489,34.306316,0.428132
2489,2490,34.320099,0.402954
2490,2491,34.333882,0.498682
2491,2492,34.347665,0.465309
2492,2493,34.361448,0.528481
2493,2494,34.375231,0.434827
2494,2495,34.389015,0.485966
2495,2496,34.402798,0.494566
2496,2497,34.416581,0.486353
2497,2498,34.430364,0.421519
2498,2499,34.444147,0.395973
2499,2500,34.457930,0.441628
2500,2501,34.471714,0.366281
2501,2502,34.485497,0.420349
2502,2503,34.499280,0.394831
2503,2504,34.513063,0.503502
2504,2505,34.526846,0.438356
2505,2506,34.540630,0.444518
2506,2507,34.554413,0.514479
2507,2508,34.568196,0.517920
2508,2509,34.581979,0.402732
2509,2510,34.595762,0.437292
2510,2511,34.609545,0.478771
2511,2512,34.623329,0.497620
2512,2513,34.637112,0.440134
2513,2514,34.650895,0.383780
2514,2515,34.664678,0.472326
2515,2516,34.678461,0.427781
2516,2517,34.692244,0.462128
2517,2518,34.706028,0.445612
2518,2519,34.719811,0.398557
2519,2520,34.733594,0.427508
2520,2521,34.747377,0.384346
2521,2522,34.761160,0.459433
2522,2523,34.774943,0.462623
2523,2524,34.788727,0.427867
2524,2525,34.802510,0.471736
2525,2526,34.816293,0.418923
2526,2527,34.830076,0.453497
2527,2528,34.843859,0.448838
2528,2529,34.857642,0.437363
2529,2530,34.871426,0.500121
2530,2531,34.885209,0.484504
2531,2532,34.898992,0.438211
2532,2533,34.912775,0.371751
2533,2534,34.926558,0.397403
2534,2535,34.940341,0.365055
2535,2536,34.954125,0.465862
2536,2537,34.967908,0.428894
2537,2538,34.981691,0.436565
2538,2539,34.995474,0.435797
2539,2540,35.009257,0.499208
2540,2541,35.023041,0.467394
2541,2542,35.036824,0.404741
2542,2543,35.050607,0.426104
2543,2544,35.064390,0.517168
2544,2545,35.078173,0.423077
2545,2546,35.091956,0.508248
2546,2547,35.105740,0.420338
2547,2548,35.119523,0.441325
2548,2549,35.133306,0.385463
2549,2550,35.147089,0.448359
2550,2551,35.160872,0.391927
2551,2552,35.174655,0.399961
2552,2553,35.188439,0.419438
2553,2554,35.202222,0.477408
2554,2555,35.216005,0.476363
2555,2556,35.229788,0.441170
2556,2557,35.243571,0.468002
2557,2558,35.257354,0.484021
2558,2559,35.271138,0.398679
2559,2560,35.284921,0.378984
2560,2561,35.298704,0.467743
2561,2562,35.312487,0.376981
2562,2563,35.326270,0.390027
2563,2564,35.340053,0.449843
2564,2565,35.353837,0.354206
2565,2566,35.367620,0.439389
2566,2567,35.381403,0.427681
2567,2568,35.395186,0.426846
2568,2569,35.408969,0.437251
2569,2570,35.422753,0.420958
2570,2571,35.436536,0.359513
2571,2572,35.450319,0.479281
2572,2573,35.464102,0.407790
2573,2574,35.477885,0.405693
2574,2575,35.491668,0.452118
2575,2576,35.505452,0.385809
2576,2577,35.519235,0.422707
2577,2578,35.533018,0.405883
2578,2579,35.546801,0.461733
2579,2580,35.560584,0.465230
2580,2581,35.574367,0.378937
2581,2582,35.588151,0.419862
2582,2583,35.601934,0.408848
2583,2584,35.615717,0.431903
2584,2585,35.629500,0.493139
2585,2586,35.643283,0.433966
2586,2587,35.657066,0.468150
2587,2588,35.670850,0.442025
2588,2589,35.684633,0.448985
2589,2590,35.698416,0.479693
2590,2591,35.712199,0.414134
2591,2592,35.725982,0.419606
2592,2593,35.739765,0.457134
2593,2594,35.753549,0.409141
2594,2595,35.767332,0.413284
2595,2596,35.781115,0.441100
2596,2597,35.794898,0.496725
2597,2598,35.808681,0.495360
2598,2599,35.822465,0.516273
2599,2600,35.836248,0.440340
2600,2601,35.850031,0.503803
2601,2602,35.863814,0.450543
2602,2603,35.877597,0.421687
2603,2604,35.891380,0.429244
2604,2605,35.905164,0.499410
2605,2606,35.918947,0.455906
2606,2607,35.932730,0.530765
2607,2608,35.946513,0.397551
2608,2609,35.960296,0.438458
2609,2610,35.974079,0.380899
2610,2611,35.987863,0.423941
2611,2612,36.001646,0.504288
2612,2613,36.015429,0.465632
2613,2614,36.029212,0.405200
2614,2615,36.042995,0.434381
2615,2616,36.056778,0.343288
2616,2617,36.070562,0.524841
2617,2618,36.084345,0.414674
2618,2619,36.098128,0.435550
2619,2620,36.111911,0.450004
2620,2621,36.125694,0.521936
2621,2622,36.139477,0.441162
2622,2623,36.153261,0.449683
2623,2624,36.167044,0.406879
2624,2625,36.180827,0.456389
2625,2626,36.194610,0.435733
2626,2627,36.208393,0.416094
2627,2628,36.222177,0.470127
2628,2629,36.235960,0.458303
2629,2630,36.249743,0.483871
2630,2631,36.263526,0.446396
2631,2632,36.277309,0.461267
2632,2633,36.291092,0.360874
2633,2634,36.304876,0.452097
2634,2635,36.318659,0.451995
2635,2636,36.332442,0.482335
2636,2637,36.346225,0.450909
2637,2638,36.360008,0.396872
2638,2639,36.373791,0.458471
2639,2640,36.387575,0.508222
2640,2641,36.401358,0.508311
2641,2642,36.415141,0.441954
2642,2643,36.428924,0.459320
2643,2644,36.442707,0.393059
2644,2645,36.456490,0.395185
2645,2646,36.470274,0.404411
2646,2647,36.484057,0.460287
2647,2648,36.497840,0.390185
2648,2649,36.511623,0.427157
2649,2650,36.525406,0.454077
2650,2651,36.539189,0.456618
2651,2652,36.552973,0.385304
2652,2653,36.566756,0.485053
2653,2654,36.580539,0.444982
2654,2655,36.594322,0.433429
2655,2656,36.608105,0.492940
2656,2657,36.621889,0.448126
2657,2658,36.635672,0.468058
2658,2659,36.649455,0.403958
2659,2660,36.663238,0.396413
2660,2661,36.677021,0.471403
2661,2662,36.690804,0.422953
2662,2663,36.704588,0.423184
2663,2664,36.718371,0.409408
2664,2665,36.732154,0.461156
2665,2666,36.745937,0.489701
2666,2667,36.759720,0.460387
2667,2668,36.773503,0.504510
2668,2669,36.787287,0.418515
2669,2670,36.801070,0.414741
2670,2671,36.814853,0.462807
2671,2672,36.828636,0.436890
2672,2673,36.842419,0.438839
2673,2674,36.856202,0.454163
2674,2675,36.869986,0.405784
2675,2676,36.883769,0.490516
2676,2677,36.897552,0.428270
2677,2678,36.911335,0.488870
2678,2679,36.925118,0.383751
2679,2680,36.938901,0.412840
2680,2681,36.952685,0.438129
2681,2682,36.966468,0.430516
2682,2683,36.980251,0.453006
2683,2684,36.994034,0.363031
2684,2685,37.007817,0.465241
2685,2686,37.021600,0.415070
2686,2687,37.035384,0.493675
2687,2688,37.049167,0.391028
2688,2689,37.062950,0.437573
2689,2690,37.076733,0.345491
2690,2691,37.090516,0.433369
2691,2692,37.104300,0.412015
2692,2693,37.118083,0.579475
2693,2694,37.131866,0.426961
2694,2695,37.145649,0.418734
2695,2696,37.159432,0.397795
2696,2697,37.173215,0.387293
2697,2698,37.186999,0.386646
2698,2699,37.200782,0.396723
2699,2700,37.214565,0.517773
2700,2701,37.228348,0.390942
2701,2702,37.242131,0.447361
2702,2703,37.255914,0.443624
2703,2704,37.269698,0.430879
2704,2705,37.283481,0.448627
2705,2706,37.297264,0.503221
2706,2707,37.311047,0.505296
2707,2708,37.324830,0.426150
2708,2709,37.338613,0.404445
2709,2710,37.352397,0.421878
2710,2711,37.366180,0.431943
2711,2712,37.379963,0.385867
2712,2713,37.393746,0.418814
2713,2714,37.407529,0.399479
2714,2715,37.421312,0.460278
2715,2716,37.435096,0.393057
2716,2717,37.448879,0.422692
2717,2718,37.462662,0.476536
2718,2719,37.476445,0.438187
2719,2720,37.490228,0.437276
2720,2721,37.504012,0.454910
2721,2722,37.517795,0.462055
2722,2723,37.531578,0.461128
2723,2724,37.545361,0.452330
2724,2725,37.559144,0.425561
2725,2726,37.572927,0.444186
2726,2727,37.586711,0.422453
2727,2728,37.600494,0.484253
2728,2729,37.614277,0.398611
2729,2730,37.628060,0.483917
2730,2731,37.641843,0.506047
2731,2732,37.655626,0.393941
2732,2733,37.669410,0.461944
2733,2734,37.683193,0.437992
2734,2735,37.696976,0.450329
2735,2736,37.710759,0.376183
2736,2737,37.724542,0.508374
2737,2738,37.738325,0.386257
2738,2739,37.752109,0.444360
2739,2740,37.765892,0.438614
2740,2741,37.779675,0.409660
2741,2742,37.793458,0.516939
2742,2743,37.807241,0.476541
2743,2744,37.821024,0.447911
2744,2745,37.834808,0.372274
2745,2746,37.848591,0.396125
2746,2747,37.862374,0.414658
2747,2748,37.876157,0.568770
2748,2749,37.889940,0.372552
2749,2750,37.903724,0.445996
2750,2751,37.917507,0.454079
2751,2752,37.931290,0.440785
2752,2753,37.945073,0.350166
2753,2754,37.958856,0.463654
2754,2755,37.972639,0.430470
2755,2756,37.986423,0.478157
2756,2757,38.000206,0.430359
2757,2758,38.013989,0.397454
2758,2759,38.027772,0.419923
2759,2760,38.041555,0.431391
2760,2761,38.055338,0.404223
2761,2762,38.069122,0.362640
2762,2763,38.082905,0.441223
2763,2764,38.096688,0.434298
2764,2765,38.110471,0.477396
2765,2766,38.124254,0.466003
2766,2767,38.138037,0.482815
2767,2768,38.151821,0.465601
2768,2769,38.165604,0.501988
2769,2770,38.179387,0.511034
2770,2771,38.193170,0.460770
2771,2772,38.206953,0.448770
2772,2773,38.220736,0.438173
2773,2774,38.234520,0.441649
2774,2775,38.248303,0.452270
2775,2776,38.262086,0.485189
2776,2777,38.275869,0.425213
2777,2778,38.289652,0.438170
2778,2779,38.303436,0.453731
2779,2780,38.317219,0.476425
2780,2781,38.331002,0.389630
2781,2782,38.344785,0.405815
2782,2783,38.358568,0.469199
2783,2784,38.372351,0.472236
2784,2785,38.386135,0.463075
2785,2786,38.399918,0.418586
2786,2787,38.413701,0.408839
2787,2788,38.427484,0.467967
2788,2789,38.441267,0.426059
2789,2790,38.455050,0.389231
2790,2791,38.468834,0.448759
2791,2792,38.482617,0.447578
2792,2793,38.496400,0.464286
2793,2794,38.510183,0.439297
2794,2795,38.523966,0.425906
2795,2796,38.537749,0.455131
2796,2797,38.551533,0.400374
2797,2798,38.565316,0.407069
2798,2799,38.579099,0.423181
2799,2800,38.592882,0.438930
2800,2801,38.606665,0.404538
2801,2802,38.620448,0.464810
2802,2803,38.634232,0.440263
2803,2804,38.648015,0.441021
2804,2805,38.661798,0.388828
2805,2806,38.675581,0.511829
2806,2807,38.689364,0.417330
2807,2808,38.703148,0.428019
2808,2809,38.716931,0.469508
2809,2810,38.730714,0.381201
2810,2811,38.744497,0.514742
2811,2812,38.758280,0.401823
2812,2813,38.772063,0.499116
2813,2814,38.785847,0.412902
2814,2815,38.799630,0.440434
2815,2816,38.813413,0.383221
2816,2817,38.827196,0.463917
2817,2818,38.840979,0.423566
2818,2819,38.854762,0.510767
2819,2820,38.868546,0.427624
2820,2821,38.882329,0.466861
2821,2822,38.896112,0.411780
2822,2823,38.909895,0.444194
2823,2824,38.923678,0.390667
2824,2825,38.937461,0.415223
2825,2826,38.951245,0.368336
2826,2827,38.965028,0.424823
2827,2828,38.978811,0.456641
2828,2829,38.992594,0.452108
2829,2830,39.006377,0.431879
2830,2831,39.020160,0.446828
2831,2832,39.033944,0.394139
2832,2833,39.047727,0.416332
2833,2834,39.061510,0.489657
2834,2835,39.075293,0.427274
2835,2836,39.089076,0.446979
2836,2837,39.102859,0.431037
2837,2838,39.116643,0.420090
2838,2839,39.130426,0.449181
2839,2840,39.144209,0.392158
2840,2841,39.157992,0.406123
2841,2842,39.171775,0.424214
2842,2843,39.185559,0.513623
2843,2844,39.199342,0.457989
2844,2845,39.213125,0.465424
2845,2846,39.226908,0.436872
2846,2847,39.240691,0.415495
2847,2848,39.254474,0.529339
2848,2849,39.268258,0.447761
2849,2850,39.282041,0.491363
2850,2851,39.295824,0.447041
2851,2852,39.309607,0.375270
2852,2853,39.323390,0.445150
2853,2854,39.337173,0.481472
2854,2855,39.350957,0.401789
2855,2856,39.364740,0.448846
2856,2857,39.378523,0.404869
2857,2858,39.392306,0.445378
2858,2859,39.406089,0.427799
2859,2860,39.419872,0.454571
2860,2861,39.433656,0.403003
2861,2862,39.447439,0.370980
2862,2863,39.461222,0.408788
2863,2864,39.475005,0.474977
2864,2865,39.488788,0.399215
2865,2866,39.502571,0.405806
2866,2867,39.516355,0.485579
2867,2868,39.530138,0.456114
2868,2869,39.543921,0.482245
2869,2870,39.557704,0.473389
2870,2871,39.571487,0.401143
2871,2872,39.585271,0.381058
2872,2873,39.599054,0.427112
2873,2874,39.612837,0.484727
2874,2875,39.626620,0.414464
2875,2876,39.640403,0.458671
2876,2877,39.654186,0.419795
2877,2878,39.667970,0.418325
2878,2879,39.681753,0.442075
2879,2880,39.695536,0.397426
2880,2881,39.709319,0.444690
2881,2882,39.723102,0.444973
2882,2883,39.736885,0.437064
2883,2884,39.750669,0.434305
2884,2885,39.764452,0.487851
2885,2886,39.778235,0.444676
2886,2887,39.792018,0.463636
2887,2888,39.805801,0.456286
2888,2889,39.819584,0.430750
2889,2890,39.833368,0.425773
2890,2891,39.847151,0.504767
2891,2892,39.860934,0.415086
2892,2893,39.874717,0.437619
2893,2894,39.888500,0.423105
2894,2895,39.902283,0.383922
2895,2896,39.916067,0.433315
2896,2897,39.929850,0.433620
2897,2898,39.943633,0.525791
2898,2899,39.957416,0.422691
2899,2900,39.971199,0.503058
2900,2901,39.984983,0.479176
2901,2902,39.998766,0.443005
2902,2903,40.012549,0.420218
2903,2904,40.026332,0.447909
2904,2905,40.040115,0.467861
2905,2906,40.053898,0.384377
2906,2907,40.067682,0.392833
2907,2908,40.081465,0.556848
2908,2909,40.095248,0.426880
2909,2910,40.109031,0.447536
2910,2911,40.122814,0.388809
2911,2912,40.136597,0.451203
2912,2913,40.150381,0.371850
2913,2914,40.164164,0.453767
2914,2915,40.177947,0.494458
2915,2916,40.191730,0.388663
2916,2917,40.205513,0.492574
2917,2918,40.219296,0.492933
2918,2919,40.233080,0.478423
2919,2920,40.246863,0.367994
2920,2921,40.260646,0.412245
2921,2922,40.274429,0.426561
2922,2923,40.288212,0.381675
2923,2924,40.301995,0.483408
2924,2925,40.315779,0.448425
2925,2926,40.329562,0.388453
2926,2927,40.343345,0.520681
2927,2928,40.357128,0.432170
2928,2929,40.370911,0.401030
2929,2930,40.384695,0.411379
2930,2931,40.398478,0.392193
2931,2932,40.412261,0.363728
2932,2933,40.426044,0.405641
2933,2934,40.439827,0.483930
2934,2935,40.453610,0.442083
2935,2936,40.467394,0.432215
2936,2937,40.481177,0.393500
2937,2938,40.494960,0.440209
2938,2939,40.508743,0.411592
2939,2940,40.522526,0.404728
2940,2941,40.536309,0.381918
2941,2942,40.550093,0.420572
2942,2943,40.563876,0.462695
2943,2944,40.577659,0.431319
2944,2945,40.591442,0.445959
2945,2946,40.605225,0.411607
2946,2947,40.619008,0.426320
2947,2948,40.632792,0.431957
2948,2949,40.646575,0.485825
2949,2950,40.660358,0.384685
2950,2951,40.674141,0.391712
2951,2952,40.687924,0.401679
2952,2953,40.701707,0.487532
2953,2954,40.715491,0.484107
2954,2955,40.729274,0.439724
2955,2956,40.743057,0.461621
2956,2957,40.756840,0.483833
2957,2958,40.770623,0.436962
2958,2959,40.784407,0.403035
2959,2960,40.798190,0.423962
2960,2961,40.811973,0.409452
2961,2962,40.825756,0.416871
2962,2963,40.839539,0.449538
2963,2964,40.853322,0.436888
2964,2965,40.867106,0.447268
2965,2966,40.880889,0.391410
2966,2967,40.894672,0.410446
2967,2968,40.908455,0.413377
2968,2969,40.922238,0.445534
2969,2970,40.936021,0.404940
2970,2971,40.949805,0.413234
2971,2972,40.963588,0.367026
2972,2973,40.977371,0.514630
2973,2974,40.991154,0.475292
2974,2975,41.004937,0.441146
2975,2976,41.018720,0.394883
2976,2977,41.032504,0.395243
2977,2978,41.046287,0.462671
2978,2979,41.060070,0.395577
2979,2980,41.073853,0.490080
2980,2981,41.087636,0.343159
2981,2982,41.101419,0.470512
2982,2983,41.115203,0.479739
2983,2984,41.128986,0.462314
2984,2985,41.142769,0.434966
2985,2986,41.156552,0.452727
2986,2987,41.170335,0.401504
2987,2988,41.184118,0.417896
2988,2989,41.197902,0.444930
2989,2990,41.211685,0.491422
2990,2991,41.225468,0.463711
2991,2992,41.239251,0.465094
2992,2993,41.253034,0.469628
2993,2994,41.266818,0.390180
2994,2995,41.280601,0.459958
2995,2996,41.294384,0.455658
2996,2997,41.308167,0.531918
2997,2998,41.321950,0.407701
2998,2999,41.335733,0.469830
2999,3000,41.349517,0.455420
3000,3001,41.363300,0.414105
3001,3002,41.377083,0.445855
3002,3003,41.390866,0.423407
3003,3004,41.404649,0.415847
3004,3005,41.418432,0.379118
3005,3006,41.432216,0.423135
3006,3007,41.445999,0.403567
3007,3008,41.459782,0.389932
3008,3009,41.473565,0.436253
3009,3010,41.487348,0.416589
3010,3011,41.501131,0.434932
3011,3012,41.514915,0.467490
3012,3013,41.528698,0.393397
3013,3014,41.542481,0.431847
3014,3015,41.556264,0.465365
3015,3016,41.570047,0.464988
3016,3017,41.583830,0.432223
3017,3018,41.597614,0.465515
3018,3019,41.611397,0.476184
3019,3020,41.625180,0.467927
3020,3021,41.638963,0.407695
3021,3022,41.652746,0.467408
3022,3023,41.666530,0.475135
3023,3024,41.680313,0.426427
3024,3025,41.694096,0.474004
3025,3026,41.707879,0.450669
3026,3027,41.721662,0.408675
3027,3028,41.735445,0.500939
3028,3029,41.749229,0.468496
3029,3030,41.763012,0.341005
3030,3031,41.776795,0.485691
3031,3032,41.790578,0.400523
3032,3033,41.804361,0.503290
3033,3034,41.818144,0.464623
3034,3035,41.831928,0.396196
3035,3036,41.845711,0.466229
3036,3037,41.859494,0.426048
3037,3038,41.873277,0.390857
3038,3039,41.887060,0.504499
3039,3040,41.900843,0.373865
3040,3041,41.914627,0.388724
3041,3042,41.928410,0.344406
3042,3043,41.942193,0.446652
3043,3044,41.955976,0.458640
3044,3045,41.969759,0.409893
3045,3046,41.983542,0.440344
3046,3047,41.997326,0.466737
3047,3048,42.011109,0.414087
3048,3049,42.024892,0.556270
3049,3050,42.038675,0.440989
3050,3051,42.052458,0.485733
3051,3052,42.066242,0.381927
3052,3053,42.080025,0.454329
3053,3054,42.093808,0.417624
3054,3055,42.107591,0.458567
3055,3056,42.121374,0.344949
3056,3057,42.135157,0.426321
3057,3058,42.148941,0.430650
3058,3059,42.162724,0.431956
3059,3060,42.176507,0.446988
3060,3061,42.190290,0.420804
3061,3062,42.204073,0.362748
3062,3063,42.217856,0.329085
3063,3064,42.231640,0.426734
3064,3065,42.245423,0.501045
3065,3066,42.259206,0.441214
3066,3067,42.272989,0.405976
3067,3068,42.286772,0.409120
3068,3069,42.300555,0.462783
3069,3070,42.314339,0.427542
3070,3071,42.328122,0.429443
3071,3072,42.341905,0.411937
3072,3073,42.355688,0.411878
3073,3074,42.369471,0.458231
3074,3075,42.383254,0.477414
3075,3076,42.397038,0.465767
3076,3077,42.410821,0.429672
3077,3078,42.424604,0.414499
3078,3079,42.438387,0.483958
3079,3080,42.452170,0.478909
3080,3081,42.465954,0.350503
3081,3082,42.479737,0.490569
3082,3083,42.493520,0.419929
3083,3084,42.507303,0.419091
3084,3085,42.521086,0.428508
3085,3086,42.534869,0.438879
3086,3087,42.548653,0.531925
3087,3088,42.562436,0.425508
3088,3089,42.576219,0.462447
3089,3090,42.590002,0.451768
3090,3091,42.603785,0.420197
3091,3092,42.617568,0.416549
3092,3093,42.631352,0.409256
3093,3094,42.645135,0.490276
3094,3095,42.658918,0.421374
3095,3096,42.672701,0.447050
3096,3097,42.686484,0.461187
3097,3098,42.700267,0.471719
3098,3099,42.714051,0.487598
3099,3100,42.727834,0.357670
3100,3101,42.741617,0.358395
3101,3102,42.755400,0.440800
3102,3103,42.769183,0.461583
3103,3104,42.782966,0.422716
3104,3105,42.796750,0.422153
3105,3106,42.810533,0.450547
3106,3107,42.824316,0.414421
3107,3108,42.838099,0.403914
3108,3109,42.851882,0.529950
3109,3110,42.865666,0.555482
3110,3111,42.879449,0.378991
3111,3112,42.893232,0.473490
3112,3113,42.907015,0.493226
3113,3114,42.920798,0.398722
3114,3115,42.934581,0.522601
3115,3116,42.948365,0.472321
3116,3117,42.962148,0.384461
3117,3118,42.975931,0.461528
3118,3119,42.989714,0.473996
3119,3120,43.003497,0.477807
3120,3121,43.017280,0.462143
3121,3122,43.031064,0.384256
3122,3123,43.044847,0.510510
3123,3124,43.058630,0.407143
3124,3125,43.072413,0.477807
3125,3126,43.086196,0.533071
3126,3127,43.099979,0.462424
3127,3128,43.113763,0.513501
3128,3129,43.127546,0.394822
3129,3130,43.141329,0.497885
3130,3131,43.155112,0.409330
3131,3132,43.168895,0.477924
3132,3133,43.182678,0.410458
3133,3134,43.196462,0.465524
3134,3135,43.210245,0.398562
3135,3136,43.224028,0.497246
3136,3137,43.237811,0.399679
3137,3138,43.251594,0.388417
3138,3139,43.265377,0.451706
3139,3140,43.279161,0.449521
3140,3141,43.292944,0.370114
3141,3142,43.306727,0.478087
3142,3143,43.320510,0.414307
3143,3144,43.334293,0.420746
3144,3145,43.348077,0.467375
3145,3146,43.361860,0.429294
3146,3147,43.375643,0.371201
3147,3148,43.389426,0.478409
3148,3149,43.403209,0.485269
3149,3150,43.416992,0.485644
3150,3151,43.430776,0.542415
3151,3152,43.444559,0.504222
3152,3153,43.458342,0.428538
3153,3154,43.472125,0.421590
3154,3155,43.485908,0.449473
3155,3156,43.499691,0.436786
3156,3157,43.513475,0.476997
3157,3158,43.527258,0.474871
3158,3159,43.541041,0.451995
3159,3160,43.554824,0.397602
3160,3161,43.568607,0.424408
3161,3162,43.582390,0.436818
3162,3163,43.596174,0.427808
3163,3164,43.609957,0.405517
3164,3165,43.623740,0.443184
3165,3166,43.637523,0.467695
3166,3167,43.651306,0.429143
3167,3168,43.665089,0.481094
3168,3169,43.678873,0.372350
3169,3170,43.692656,0.499167
3170,3171,43.706439,0.420516
3171,3172,43.720222,0.390534
3172,3173,43.734005,0.451575
3173,3174,43.747789,0.444359
3174,3175,43.761572,0.361674
3175,3176,43.775355,0.415229
3176,3177,43.789138,0.463980
3177,3178,43.802921,0.371000
3178,3179,43.816704,0.525589
3179,3180,43.830488,0.398126
3180,3181,43.844271,0.455290
3181,3182,43.858054,0.491206
3182,3183,43.871837,0.405841
3183,3184,43.885620,0.418222
3184,3185,43.899403,0.409404
3185,3186,43.913187,0.488587
3186,3187,43.926970,0.450320
3187,3188,43.940753,0.528411
3188,3189,43.954536,0.500217
3189,3190,43.968319,0.444938
3190,3191,43.982102,0.415656
3191,3192,43.995886,0.371200
3192,3193,44.009669,0.590015
3193,3194,44.023452,0.445690
3194,3195,44.037235,0.469607
3195,3196,44.051018,0.430003
3196,3197,44.064801,0.540188
3197,3198,44.078585,0.487803
3198,3199,44.092368,0.458672
3199,3200,44.106151,0.455171
3200,3201,44.119934,0.391689
3201,3202,44.133717,0.405475
3202,3203,44.147501,0.386485
3203,3204,44.161284,0.400951
3204,3205,44.175067,0.471064
3205,3206,44.188850,0.441170
3206,3207,44.202633,0.424687
3207,3208,44.216416,0.406472
3208,3209,44.230200,0.489835
3209,3210,44.243983,0.462061
3210,3211,44.257766,0.423635
3211,3212,44.271549,0.425954
3212,3213,44.285332,0.511360
3213,3214,44.299115,0.505644
3214,3215,44.312899,0.418355
3215,3216,44.326682,0.485341
3216,3217,44.340465,0.484684
3217,3218,44.354248,0.516060
3218,3219,44.368031,0.413778
3219,3220,44.381814,0.471713
3220,3221,44.395598,0.497123
3221,3222,44.409381,0.512578
3222,3223,44.423164,0.385933
3223,3224,44.436947,0.409432
3224,3225,44.450730,0.418031
3225,3226,44.464513,0.403516
3226,3227,44.478297,0.377074
3227,3228,44.492080,0.420144
3228,3229,44.505863,0.386202
3229,3230,44.519646,0.406884
3230,3231,44.533429,0.477628
3231,3232,44.547213,0.475597
3232,3233,44.560996,0.435635
3233,3234,44.574779,0.513116
3234,3235,44.588562,0.444358
3235,3236,44.602345,0.376398
3236,3237,44.616128,0.414407
3237,3238,44.629912,0.469733
3238,3239,44.643695,0.435303
3239,3240,44.657478,0.370288
3240,3241,44.671261,0.456210
3241,3242,44.685044,0.513288
3242,3243,44.698827,0.441221
3243,3244,44.712611,0.383364
3244,3245,44.726394,0.420611
3245,3246,44.740177,0.419711
3246,3247,44.753960,0.437601
3247,3248,44.767743,0.468317
3248,3249,44.781526,0.453316
3249,3250,44.795310,0.484315
3250,3251,44.809093,0.467326
3251,3252,44.822876,0.403704
3252,3253,44.836659,0.411212
3253,3254,44.850442,0.395807
3254,3255,44.864225,0.453358
3255,3256,44.878009,0.427717
3256,3257,44.891792,0.496326
3257,3258,44.905575,0.463438
3258,3259,44.919358,0.405021
3259,3260,44.933141,0.430887
3260,3261,44.946925,0.374435
3261,3262,44.960708,0.397362
3262,3263,44.974491,0.382877
3263,3264,44.988274,0.404867
3264,3265,45.002057,0.415648
3265,3266,45.015840,0.486470
3266,3267,45.029624,0.386883
3267,3268,45.043407,0.418361
3268,3269,45.057190,0.431051
3269,3270,45.070973,0.465552
3270,3271,45.084756,0.415337
3271,3272,45.098539,0.386236
3272,3273,45.112323,0.401109
3273,3274,45.126106,0.465308
3274,3275,45.139889,0.469423
3275,3276,45.153672,0.493769
3276,3277,45.167455,0.430451
3277,3278,45.181238,0.508048
3278,3279,45.195022,0.394270
3279,3280,45.208805,0.417286
3280,3281,45.222588,0.400319
3281,3282,45.236371,0.473042
3282,3283,45.250154,0.377234
3283,3284,45.263937,0.475629
3284,3285,45.277721,0.477958
3285,3286,45.291504,0.416198
3286,3287,45.305287,0.422026
3287,3288,45.319070,0.452864
3288,3289,45.332853,0.367950
3289,3290,45.346636,0.458253
3290,3291,45.360420,0.376212
3291,3292,45.374203,0.372326
3292,3293,45.387986,0.400771
3293,3294,45.401769,0.412201
3294,3295,45.415552,0.491015
3295,3296,45.429336,0.459870
3296,3297,45.443119,0.457381
3297,3298,45.456902,0.445480
3298,3299,45.470685,0.538419
3299,3300,45.484468,0.463097
3300,3301,45.498251,0.405273
3301,3302,45.512035,0.441423
3302,3303,45.525818,0.451659
3303,3304,45.539601,0.516274
3304,3305,45.553384,0.405942
3305,3306,45.567167,0.451989
3306,3307,45.580950,0.438217
3307,3308,45.594734,0.520580
3308,3309,45.608517,0.476446
3309,3310,45.622300,0.478181
3310,3311,45.636083,0.435675
3311,3312,45.649866,0.395286
3312,3313,45.663649,0.511340
3313,3314,45.677433,0.430543
3314,3315,45.691216,0.479118
3315,3316,45.704999,0.444374
3316,3317,45.718782,0.427476
3317,3318,45.732565,0.493252
3318,3319,45.746348,0.442936
3319,3320,45.760132,0.432593
3320,3321,45.773915,0.449326
3321,3322,45.787698,0.327097
3322,3323,45.801481,0.491939
3323,3324,45.815264,0.459059
3324,3325,45.829048,0.419573
3325,3326,45.842831,0.389875
3326,3327,45.856614,0.421304
3327,3328,45.870397,0.414702
3328,3329,45.884180,0.430427
3329,3330,45.897963,0.417990
3330,3331,45.911747,0.446876
3331,3332,45.925530,0.440113
3332,3333,45.939313,0.425961
3333,3334,45.953096,0.421161
3334,3335,45.966879,0.363611
3335,3336,45.980662,0.436546
3336,3337,45.994446,0.333972
3337,3338,46.008229,0.480963
3338,3339,46.022012,0.392926
3339,3340,46.035795,0.435353
3340,3341,46.049578,0.513857
3341,3342,46.063361,0.449493
3342,3343,46.077145,0.420910
3343,3344,46.090928,0.401941
3344,3345,46.104711,0.508927
3345,3346,46.118494,0.415966
3346,3347,46.132277,0.428295
3347,3348,46.146060,0.493894
3348,3349,46.159844,0.440315
3349,3350,46.173627,0.404802
3350,3351,46.187410,0.406655
3351,3352,46.201193,0.462502
3352,3353,46.214976,0.399085
3353,3354,46.228760,0.411024
3354,3355,46.242543,0.445259
3355,3356,46.256326,0.452058
3356,3357,46.270109,0.429871
3357,3358,46.283892,0.407840
3358,3359,46.297675,0.367968
3359,3360,46.311459,0.397500
3360,3361,46.325242,0.413696
3361,3362,46.339025,0.423911
3362,3363,46.352808,0.448940
3363,3364,46.366591,0.425071
3364,3365,46.380374,0.406810
3365,3366,46.394158,0.457338
3366,3367,46.407941,0.451880
3367,3368,46.421724,0.443806
3368,3369,46.435507,0.521143
3369,3370,46.449290,0.440127
3370,3371,46.463073,0.428377
3371,3372,46.476857,0.411423
3372,3373,46.490640,0.468184
3373,3374,46.504423,0.446942
3374,3375,46.518206,0.480376
3375,3376,46.531989,0.399611
3376,3377,46.545772,0.400483
3377,3378,46.559556,0.451620
3378,3379,46.573339,0.452720
3379,3380,46.587122,0.509124
3380,3381,46.600905,0.437468
3381,3382,46.614688,0.530582
3382,3383,46.628472,0.462638
3383,3384,46.642255,0.415459
3384,3385,46.656038,0.439681
3385,3386,46.669821,0.463749
3386,3387,46.683604,0.429242
3387,3388,46.697387,0.437782
3388,3389,46.711171,0.423329
3389,3390,46.724954,0.397285
3390,3391,46.738737,0.401519
3391,3392,46.752520,0.418471
3392,3393,46.766303,0.444090
3393,3394,46.780086,0.424918
3394,3395,46.793870,0.513619
3395,3396,46.807653,0.476501
3396,3397,46.821436,0.431144
3397,3398,46.835219,0.480990
3398,3399,46.849002,0.426430
3399,3400,46.862785,0.427298
3400,3401,46.876569,0.463382
3401,3402,46.890352,0.441290
3402,3403,46.904135,0.496966
3403,3404,46.917918,0.415859
3404,3405,46.931701,0.496636
3405,3406,46.945484,0.459050
3406,3407,46.959268,0.371550
3407,3408,46.973051,0.399386
3408,3409,46.986834,0.373466
3409,3410,47.000617,0.372690
3410,3411,47.014400,0.408830
3411,3412,47.028184,0.423987
3412,3413,47.041967,0.511477
3413,3414,47.055750,0.435722
3414,3415,47.069533,0.538283
3415,3416,47.083316,0.446599
3416,3417,47.097099,0.438873
3417,3418,47.110883,0.443905
3418,3419,47.124666,0.425022
3419,3420,47.138449,0.478121
3420,3421,47.152232,0.393517
3421,3422,47.166015,0.459161
3422,3423,47.179798,0.429218
3423,3424,47.193582,0.435983
3424,3425,47.207365,0.417630
3425,3426,47.221148,0.450049
3426,3427,47.234931,0.528270
3427,3428,47.248714,0.407817
3428,3429,47.262497,0.472780
3429,3430,47.276281,0.369881
3430,3431,47.290064,0.420947
3431,3432,47.303847,0.411979
3432,3433,47.317630,0.394415
3433,3434,47.331413,0.403871
3434,3435,47.345196,0.525483
3435,3436,47.358980,0.465318
3436,3437,47.372763,0.484317
3437,3438,47.386546,0.452966
3438,3439,47.400329,0.446428
3439,3440,47.414112,0.527985
3440,3441,47.427895,0.461908
3441,3442,47.441679,0.426045
3442,3443,47.455462,0.458112
3443,3444,47.469245,0.485158
3444,3445,47.483028,0.427194
3445,3446,47.496811,0.411299
3446,3447,47.510595,0.447688
3447,3448,47.524378,0.458899
3448,3449,47.538161,0.439211
3449,3450,47.551944,0.401316
3450,3451,47.565727,0.439248
3451,3452,47.579510,0.433829
3452,3453,47.593294,0.393666
3453,3454,47.607077,0.342887
3454,3455,47.620860,0.465561
3455,3456,47.634643,0.438193
3456,3457,47.648426,0.409044
3457,3458,47.662209,0.427912
3458,3459,47.675993,0.386608
3459,3460,47.689776,0.437189
3460,3461,47.703559,0.346903
3461,3462,47.717342,0.379289
3462,3463,47.731125,0.357873
3463,3464,47.744908,0.453150
3464,3465,47.758692,0.425287
3465,3466,47.772475,0.397359
3466,3467,47.786258,0.456229
3467,3468,47.800041,0.395813
3468,3469,47.813824,0.381195
3469,3470,47.827607,0.418895
3470,3471,47.841391,0.330805
3471,3472,47.855174,0.455579
3472,3473,47.868957,0.388117
3473,3474,47.882740,0.424741
3474,3475,47.896523,0.414847
3475,3476,47.910307,0.430894
3476,3477,47.924090,0.415235
3477,3478,47.937873,0.410924
3478,3479,47.951656,0.438799
3479,3480,47.965439,0.509023
3480,3481,47.979222,0.437634
3481,3482,47.993006,0.443718
3482,3483,48.006789,0.485143
3483,3484,48.020572,0.406411
3484,3485,48.034355,0.430597
3485,3486,48.048138,0.433636
3486,3487,48.061921,0.408057
3487,3488,48.075705,0.412892
3488,3489,48.089488,0.460191
3489,3490,48.103271,0.424227
3490,3491,48.117054,0.474572
3491,3492,48.130837,0.474029
3492,3493,48.144620,0.420455
3493,3494,48.158404,0.451565
3494,3495,48.172187,0.473585
3495,3496,48.185970,0.446921
3496,3497,48.199753,0.436989
3497,3498,48.213536,0.450999
3498,3499,48.227319,0.422763
3499,3500,48.241103,0.358963
3500,3501,48.254886,0.450989
3501,3502,48.268669,0.390754
3502,3503,48.282452,0.428635
3503,3504,48.296235,0.477173
3504,3505,48.310019,0.431673
3505,3506,48.323802,0.434236
3506,3507,48.337585,0.472990
3507,3508,48.351368,0.458305
3508,3509,48.365151,0.399656
3509,3510,48.378934,0.412858
3510,3511,48.392718,0.443444
3511,3512,48.406501,0.437826
3512,3513,48.420284,0.368367
3513,3514,48.434067,0.431874
3514,3515,48.447850,0.404154
3515,3516,48.461633,0.405279
3516,3517,48.475417,0.344410
3517,3518,48.489200,0.401502
3518,3519,48.502983,0.497536
3519,3520,48.516766,0.458604
3520,3521,48.530549,0.409765
3521,3522,48.544332,0.405886
3522,3523,48.558116,0.541877
3523,3524,48.571899,0.391840
3524,3525,48.585682,0.451080
3525,3526,48.599465,0.480355
3526,3527,48.613248,0.399968
3527,3528,48.627031,0.384356
3528,3529,48.640815,0.420497
3529,3530,48.654598,0.448065
3530,3531,48.668381,0.458502
3531,3532,48.682164,0.382619
3532,3533,48.695947,0.368397
3533,3534,48.709731,0.505006
3534,3535,48.723514,0.421432
3535,3536,48.737297,0.411025
3536,3537,48.751080,0.410509
3537,3538,48.764863,0.419055
3538,3539,48.778646,0.376718
3539,3540,48.792430,0.423988
3540,3541,48.806213,0.436296
3541,3542,48.819996,0.425310
3542,3543,48.833779,0.428320
3543,3544,48.847562,0.369215
3544,3545,48.861345,0.400129
3545,3546,48.875129,0.430867
3546,3547,48.888912,0.509307
3547,3548,48.902695,0.479780
3548,3549,48.916478,0.421670
3549,3550,48.930261,0.410748
3550,3551,48.944044,0.470908
3551,3552,48.957828,0.371524
3552,3553,48.971611,0.481695
3553,3554,48.985394,0.419713
3554,3555,48.999177,0.399477
3555,3556,49.012960,0.443185
3556,3557,49.026743,0.521596
3557,3558,49.040527,0.478522
3558,3559,49.054310,0.458953
3559,3560,49.068093,0.488172
3560,3561,49.081876,0.477697
3561,3562,49.095659,0.414757
3562,3563,49.109443,0.501773
3563,3564,49.123226,0.405691
3564,3565,49.137009,0.389851
3565,3566,49.150792,0.344538
3566,3567,49.164575,0.486873
3567,3568,49.178358,0.481940
3568,3569,49.192142,0.360410
3569,3570,49.205925,0.404418
3570,3571,49.219708,0.431645
3571,3572,49.233491,0.384845
3572,3573,49.247274,0.474035
3573,3574,49.261057,0.403758
3574,3575,49.274841,0.440293
3575,3576,49.288624,0.439961
3576,3577,49.302407,0.413879
3577,3578,49.316190,0.477939
3578,3579,49.329973,0.444977
3579,3580,49.343756,0.436460
3580,3581,49.357540,0.461397
3581,3582,49.371323,0.420431
3582,3583,49.385106,0.468976
3583,3584,49.398889,0.436534
3584,3585,49.412672,0.507069
3585,3586,49.426455,0.528385
3586,3587,49.440239,0.426518
3587,3588,49.454022,0.430136
3588,3589,49.467805,0.379554
3589,3590,49.481588,0.446716
3590,3591,49.495371,0.434672
3591,3592,49.509154,0.458399
3592,3593,49.522938,0.432728
3593,3594,49.536721,0.389960
3594,3595,49.550504,0.379429
3595,3596,49.564287,0.442435
3596,3597,49.578070,0.391040
3597,3598,49.591854,0.479144
3598,3599,49.605637,0.423468
3599,3600,49.619420,0.450897
3600,3601,49.633203,0.433889
3601,3602,49.646986,0.487719
3602,3603,49.660769,0.391410
3603,3604,49.674553,0.420267
3604,3605,49.688336,0.432375
3605,3606,49.702119,0.450606
3606,3607,49.715902,0.478750
3607,3608,49.729685,0.492922
3608,3609,49.743468,0.451248
3609,3610,49.757252,0.462830
3610,3611,49.771035,0.443729
3611,3612,49.784818,0.361355
3612,3613,49.798601,0.458760
3613,3614,49.812384,0.383408
3614,3615,49.826167,0.372978
3615,3616,49.839951,0.441743
3616,3617,49.853734,0.424386
3617,3618,49.867517,0.420245
3618,3619,49.881300,0.414759
3619,3620,49.895083,0.459157
3620,3621,49.908866,0.417991
3621,3622,49.922650,0.408669
3622,3623,49.936433,0.429512
3623,3624,49.950216,0.377688
3624,3625,49.963999,0.470552
3625,3626,49.977782,0.409639
3626,3627,49.991566,0.470604
3627,3628,50.005349,0.342463
3628,3629,50.019132,0.508114
3629,3630,50.032915,0.394699
3630,3631,50.046698,0.408074
3631,3632,50.060481,0.469334
3632,3633,50.074265,0.420216
3633,3634,50.088048,0.437673
3634,3635,50.101831,0.430307
3635,3636,50.115614,0.396552
3636,3637,50.129397,0.441602
3637,3638,50.143180,0.401813
3638,3639,50.156964,0.454917
3639,3640,50.170747,0.423700
3640,3641,50.184530,0.439536
3641,3642,50.198313,0.431510
3642,3643,50.212096,0.464031
3643,3644,50.225879,0.460191
3644,3645,50.239663,0.463294
3645,3646,50.253446,0.415076
3646,3647,50.267229,0.400645
3647,3648,50.281012,0.425077
3648,3649,50.294795,0.489309
3649,3650,50.308578,0.466299
3650,3651,50.322362,0.494845
3651,3652,50.336145,0.504938
3652,3653,50.349928,0.431060
3653,3654,50.363711,0.425722
3654,3655,50.377494,0.400884
3655,3656,50.391278,0.459476
3656,3657,50.405061,0.428180
3657,3658,50.418844,0.416831
3658,3659,50.432627,0.451247
3659,3660,50.446410,0.490505
3660,3661,50.460193,0.460345
3661,3662,50.473977,0.439609
3662,3663,50.487760,0.447717
3663,3664,50.501543,0.410346
3664,3665,50.515326,0.441411
3665,3666,50.529109,0.426390
3666,3667,50.542892,0.480979
3667,3668,50.556676,0.421264
3668,3669,50.570459,0.395330
3669,3670,50.584242,0.404115
3670,3671,50.598025,0.415394
3671,3672,50.611808,0.417448
3672,3673,50.625591,0.368888
3673,3674,50.639375,0.398933
3674,3675,50.653158,0.392478
3675,3676,50.666941,0.387153
3676,3677,50.680724,0.492311
3677,3678,50.694507,0.416784
3678,3679,50.708290,0.438188
3679,3680,50.722074,0.487383
3680,3681,50.735857,0.425856
3681,3682,50.749640,0.405598
3682,3683,50.763423,0.387229
3683,3684,50.777206,0.412943
3684,3685,50.790990,0.415082
3685,3686,50.804773,0.509336
3686,3687,50.818556,0.449105
3687,3688,50.832339,0.405476
3688,3689,50.846122,0.433566
3689,3690,50.859905,0.370798
3690,3691,50.873689,0.459340
3691,3692,50.887472,0.374670
3692,3693,50.901255,0.487319
3693,3694,50.915038,0.467100
3694,3695,50.928821,0.450522
3695,3696,50.942604,0.493868
3696,3697,50.956388,0.414415
3697,3698,50.970171,0.455809
3698,3699,50.983954,0.441538
3699,3700,50.997737,0.414885
3700,3701,51.011520,0.447585
3701,3702,51.025303,0.430688
3702,3703,51.039087,0.378754
3703,3704,51.052870,0.450313
3704,3705,51.066653,0.361943
3705,3706,51.080436,0.438131
3706,3707,51.094219,0.445912
3707,3708,51.108002,0.477883
3708,3709,51.121786,0.397651
3709,3710,51.135569,0.468195
3710,3711,51.149352,0.493406
3711,3712,51.163135,0.444971
3712,3713,51.176918,0.512960
3713,3714,51.190702,0.471175
3714,3715,51.204485,0.426702
3715,3716,51.218268,0.417381
3716,3717,51.232051,0.436179
3717,3718,51.245834,0.495788
3718,3719,51.259617,0.461526
3719,3720,51.273401,0.432049
3720,3721,51.287184,0.420458
3721,3722,51.300967,0.451867
3722,3723,51.314750,0.419343
3723,3724,51.328533,0.410814
3724,3725,51.342316,0.393002
3725,3726,51.356100,0.404191
3726,3727,51.369883,0.413654
3727,3728,51.383666,0.409730
3728,3729,51.397449,0.479266
3729,3730,51.411232,0.355077
3730,3731,51.425015,0.399267
3731,3732,51.438799,0.534208
3732,3733,51.452582,0.459556
3733,3734,51.466365,0.389192
3734,3735,51.480148,0.435859
3735,3736,51.493931,0.461981
3736,3737,51.507714,0.426020
3737,3738,51.521498,0.440761
3738,3739,51.535281,0.448131
3739,3740,51.549064,0.421810
3740,3741,51.562847,0.449437
3741,3742,51.576630,0.462738
3742,3743,51.590413,0.438683
3743,3744,51.604197,0.426853
3744,3745,51.617980,0.432750
3745,3746,51.631763,0.493590
3746,3747,51.645546,0.416600
3747,3748,51.659329,0.488329
3748,3749,51.673113,0.432999
3749,3750,51.686896,0.416713
3750,3751,51.700679,0.367660
3751,3752,51.714462,0.492543
3752,3753,51.728245,0.373748
3753,3754,51.742028,0.496728
3754,3755,51.755812,0.384828
3755,3756,51.769595,0.425557
3756,3757,51.783378,0.538224
3757,3758,51.797161,0.439903
3758,3759,51.810944,0.416618
3759,3760,51.824727,0.364620
3760,3761,51.838511,0.415543
3761,3762,51.852294,0.417002
3762,3763,51.866077,0.537742
3763,3764,51.879860,0.458879
3764,3765,51.893643,0.450407
3765,3766,51.907426,0.471343
3766,3767,51.921210,0.417577
3767,3768,51.934993,0.420250
3768,3769,51.948776,0.406746
3769,3770,51.962559,0.450276
3770,3771,51.976342,0.417979
3771,3772,51.990125,0.348636
3772,3773,52.003909,0.448411
3773,3774,52.017692,0.449687
3774,3775,52.031475,0.480304
3775,3776,52.045258,0.436448
3776,3777,52.059041,0.435449
3777,3778,52.072825,0.482228
3778,3779,52.086608,0.401765
3779,3780,52.100391,0.457784
3780,3781,52.114174,0.416268
3781,3782,52.127957,0.338587
3782,3783,52.141740,0.497264
3783,3784,52.155524,0.410462
3784,3785,52.169307,0.402404
3785,3786,52.183090,0.425991
3786,3787,52.196873,0.446132
3787,3788,52.210656,0.365504
3788,3789,52.224439,0.482381
3789,3790,52.238223,0.415322
3790,3791,52.252006,0.465002
3791,3792,52.265789,0.480623
3792,3793,52.279572,0.475776
3793,3794,52.293355,0.428093
3794,3795,52.307138,0.453776
3795,3796,52.320922,0.479679
3796,3797,52.334705,0.480332
3797,3798,52.348488,0.423498
3798,3799,52.362271,0.377724
3799,3800,52.376054,0.428277
3800,3801,52.389837,0.482071
3801,3802,52.403621,0.469867
3802,3803,52.417404,0.507130
3803,3804,52.431187,0.491499
3804,3805,52.444970,0.468402
3805,3806,52.458753,0.454262
3806,3807,52.472537,0.407138
3807,3808,52.486320,0.376030
3808,3809,52.500103,0.464108
3809,3810,52.513886,0.457820
3810,3811,52.527669,0.500478
3811,3812,52.541452,0.438570
3812,3813,52.555236,0.397643
3813,3814,52.569019,0.367802
3814,3815,52.582802,0.454416
3815,3816,52.596585,0.401006
3816,3817,52.610368,0.443477
3817,3818,52.624151,0.366760
3818,3819,52.637935,0.472376
3819,3820,52.651718,0.410751
3820,3821,52.665501,0.452037
3821,3822,52.679284,0.454189
3822,3823,52.693067,0.471690
3823,3824,52.706850,0.505970
3824,3825,52.720634,0.361241
3825,3826,52.734417,0.452601
3826,3827,52.748200,0.450774
3827,3828,52.761983,0.422421
3828,3829,52.775766,0.434941
3829,3830,52.789549,0.436751
3830,3831,52.803333,0.429954
3831,3832,52.817116,0.386843
3832,3833,52.830899,0.529058
3833,3834,52.844682,0.387758
3834,3835,52.858465,0.411517
3835,3836,52.872249,0.430242
3836,3837,52.886032,0.478019
3837,3838,52.899815,0.428599
3838,3839,52.913598,0.445405
3839,3840,52.927381,0.433618
3840,3841,52.941164,0.424808
3841,3842,52.954948,0.395818
3842,3843,52.968731,0.486499
3843,3844,52.982514,0.475292
3844,3845,52.996297,0.437661
3845,3846,53.010080,0.514007
3846,3847,53.023863,0.401529
3847,3848,53.037647,0.427776
3848,3849,53.051430,0.466599
3849,3850,53.065213,0.378421
3850,3851,53.078996,0.374086
3851,3852,53.092779,0.402442
3852,3853,53.106562,0.442328
3853,3854,53.120346,0.457579
3854,3855,53.134129,0.455551
3855,3856,53.147912,0.354474
3856,3857,53.161695,0.456599
3857,3858,53.175478,0.436430
3858,3859,53.189261,0.400630
3859,3860,53.203045,0.416873
3860,3861,53.216828,0.395635
3861,3862,53.230611,0.445863
3862,3863,53.244394,0.486126
3863,3864,53.258177,0.413729
3864,3865,53.271961,0.427660
3865,3866,53.285744,0.509050
3866,3867,53.299527,0.381859
3867,3868,53.313310,0.445750
3868,3869,53.327093,0.422032
3869,3870,53.340876,0.416931
3870,3871,53.354660,0.375891
3871,3872,53.368443,0.485493
3872,3873,53.382226,0.430536
3873,3874,53.396009,0.452615
3874,3875,53.409792,0.394580
3875,3876,53.423575,0.476287
3876,3877,53.437359,0.492546
3877,3878,53.451142,0.358122
3878,3879,53.464925,0.437596
3879,3880,53.478708,0.410017
3880,3881,53.492491,0.389236
3881,3882,53.506274,0.437495
3882,3883,53.520058,0.435844
3883,3884,53.533841,0.475334
3884,3885,53.547624,0.392809
3885,3886,53.561407,0.429848
3886,3887,53.575190,0.395718
3887,3888,53.588973,0.467371
3888,3889,53.602757,0.421045
3889,3890,53.616540,0.468458
3890,3891,53.630323,0.422275
3891,3892,53.644106,0.403165
3892,3893,53.657889,0.454120
3893,3894,53.671672,0.412400
3894,3895,53.685456,0.440663
3895,3896,53.699239,0.526415
3896,3897,53.713022,0.458514
3897,3898,53.726805,0.390373
3898,3899,53.740588,0.422261
3899,3900,53.754372,0.428801
3900,3901,53.768155,0.422073
3901,3902,53.781938,0.455205
3902,3903,53.795721,0.419028
3903,3904,53.809504,0.461751
3904,3905,53.823287,0.385476
3905,3906,53.837071,0.466138
3906,3907,53.850854,0.398505
3907,3908,53.864637,0.411974
3908,3909,53.878420,0.399899
3909,3910,53.892203,0.452874
3910,3911,53.905986,0.390399
3911,3912,53.919770,0.495306
3912,3913,53.933553,0.445232
3913,3914,53.947336,0.444310
3914,3915,53.961119,0.406077
3915,3916,53.974902,0.440835
3916,3917,53.988685,0.400339
3917,3918,54.002469,0.360369
3918,3919,54.016252,0.426686
3919,3920,54.030035,0.396272
3920,3921,54.043818,0.434498
3921,3922,54.057601,0.442897
3922,3923,54.071384,0.414179
3923,3924,54.085168,0.488310
3924,3925,54.098951,0.398161
3925,3926,54.112734,0.428598
3926,3927,54.126517,0.394809
3927,3928,54.140300,0.430080
3928,3929,54.154084,0.400289
3929,3930,54.167867,0.368471
3930,3931,54.181650,0.364808
3931,3932,54.195433,0.396696
3932,3933,54.209216,0.384239
3933,3934,54.222999,0.411907
3934,3935,54.236783,0.440285
3935,3936,54.250566,0.450152
3936,3937,54.264349,0.461146
3937,3938,54.278132,0.421978
3938,3939,54.291915,0.460197
3939,3940,54.305698,0.361795
3940,3941,54.319482,0.441135
3941,3942,54.333265,0.478684
3942,3943,54.347048,0.492181
3943,3944,54.360831,0.443943
3944,3945,54.374614,0.388622
3945,3946,54.388397,0.412409
3946,3947,54.402181,0.459751
3947,3948,54.415964,0.465909
3948,3949,54.429747,0.449316
3949,3950,54.443530,0.444940
3950,3951,54.457313,0.468915
3951,3952,54.471096,0.419541
3952,3953,54.484880,0.400693
3953,3954,54.498663,0.425072
3954,3955,54.512446,0.488488
3955,3956,54.526229,0.439836
3956,3957,54.540012,0.488301
3957,3958,54.553796,0.428977
3958,3959,54.567579,0.431245
3959,3960,54.581362,0.437944
3960,3961,54.595145,0.284741
3961,3962,54.608928,0.456062
3962,3963,54.622711,0.444968
3963,3964,54.636495,0.369817
3964,3965,54.650278,0.491981
3965,3966,54.664061,0.490151
3966,3967,54.677844,0.419663
3967,3968,54.691627,0.406530
3968,3969,54.705410,0.491822
3969,3970,54.719194,0.435841
3970,3971,54.732977,0.510477
3971,3972,54.746760,0.408229
3972,3973,54.760543,0.415183
3973,3974,54.774326,0.442716
3974,3975,54.788109,0.376187
3975,3976,54.801893,0.521776
3976,3977,54.815676,0.411074
3977,3978,54.829459,0.421019
3978,3979,54.843242,0.422314
3979,3980,54.857025,0.416204
3980,3981,54.870808,0.416753
3981,3982,54.884592,0.447783
3982,3983,54.898375,0.592468
3983,3984,54.912158,0.470603
3984,3985,54.925941,0.408158
3985,3986,54.939724,0.480085
3986,3987,54.953508,0.422266
3987,3988,54.967291,0.385458
3988,3989,54.981074,0.367310
3989,3990,54.994857,0.396388
3990,3991,55.008640,0.440219
3991,3992,55.022423,0.489061
3992,3993,55.036207,0.435058
3993,3994,55.049990,0.422010
3994,3995,55.063773,0.432125
3995,3996,55.077556,0.428788
3996,3997,55.091339,0.448993
3997,3998,55.105122,0.443166
3998,3999,55.118906,0.438108
3999,4000,55.132689,0.427893
4000,4001,55.146472,0.508836
4001,4002,55.160255,0.455509
4002,4003,55.174038,0.419170
4003,4004,55.187821,0.449718
4004,4005,55.201605,0.421161
4005,4006,55.215388,0.493577
4006,4007,55.229171,0.539669
4007,4008,55.242954,0.506326
4008,4009,55.256737,0.418911
4009,4010,55.270520,0.455514
4010,4011,55.284304,0.422241
4011,4012,55.298087,0.463335
4012,4013,55.311870,0.409379
4013,4014,55.325653,0.456998
4014,4015,55.339436,0.453035
4015,4016,55.353220,0.470278
4016,4017,55.367003,0.479692
4017,4018,55.380786,0.394625
4018,4019,55.394569,0.532166
4019,4020,55.408352,0.431663
4020,4021,55.422135,0.445490
4021,4022,55.435919,0.407667
4022,4023,55.449702,0.379392
4023,4024,55.463485,0.339470
4024,4025,55.477268,0.435276
4025,4026,55.491051,0.469607
4026,4027,55.504834,0.403754
4027,4028,55.518618,0.399585
4028,4029,55.532401,0.435730
4029,4030,55.546184,0.360797
4030,4031,55.559967,0.436761
4031,4032,55.573750,0.524383
4032,4033,55.587533,0.424385
4033,4034,55.601317,0.444231
4034,4035,55.615100,0.456227
4035,4036,55.628883,0.362209
4036,4037,55.642666,0.404989
4037,4038,55.656449,0.418971
4038,4039,55.670232,0.413523
4039,4040,55.684016,0.425432
4040,4041,55.697799,0.448276
4041,4042,55.711582,0.355551
4042,4043,55.725365,0.427178
4043,4044,55.739148,0.398697
4044,4045,55.752931,0.429586
4045,4046,55.766715,0.413532
4046,4047,55.780498,0.378023
4047,4048,55.794281,0.445452
4048,4049,55.808064,0.453500
4049,4050,55.821847,0.490794
4050,4051,55.835631,0.488273
4051,4052,55.849414,0.419568
4052,4053,55.863197,0.456089
4053,4054,55.876980,0.433137
4054,4055,55.890763,0.458693
4055,4056,55.904546,0.445522
4056,4057,55.918330,0.373930
4057,4058,55.932113,0.517306
4058,4059,55.945896,0.515149
4059,4060,55.959679,0.373575
4060,4061,55.973462,0.434489
4061,4062,55.987245,0.492058
4062,4063,56.001029,0.422982
4063,4064,56.014812,0.379879
4064,4065,56.028595,0.484175
4065,4066,56.042378,0.504601
4066,4067,56.056161,0.389044
4067,4068,56.069944,0.398199
4068,4069,56.083728,0.435526
4069,4070,56.097511,0.433410
4070,4071,56.111294,0.379766
4071,4072,56.125077,0.442934
4072,4073,56.138860,0.453002
4073,4074,56.152643,0.437992
4074,4075,56.166427,0.412313
4075,4076,56.180210,0.504696
4076,4077,56.193993,0.414203
4077,4078,56.207776,0.417489
4078,4079,56.221559,0.481964
4079,4080,56.235343,0.469211
4080,4081,56.249126,0.341743
4081,4082,56.262909,0.444803
4082,4083,56.276692,0.461894
4083,4084,56.290475,0.444957
4084,4085,56.304258,0.439399
4085,4086,56.318042,0.422039
4086,4087,56.331825,0.443512
4087,4088,56.345608,0.508900
4088,4089,56.359391,0.400247
4089,4090,56.373174,0.391235
4090,4091,56.386957,0.462748
4091,4092,56.400741,0.446436
4092,4093,56.414524,0.501107
4093,4094,56.428307,0.503968
4094,4095,56.442090,0.381538
4095,4096,56.455873,0.420989
4096,4097,56.469656,0.425889
4097,4098,56.483440,0.453166
4098,4099,56.497223,0.451314
4099,4100,56.511006,0.410033
4100,4101,56.524789,0.427409
4101,4102,56.538572,0.477780
4102,4103,56.552355,0.449003
4103,4104,56.566139,0.403180
4104,4105,56.579922,0.481339
4105,4106,56.593705,0.402594
4106,4107,56.607488,0.397541
4107,4108,56.621271,0.407080
4108,4109,56.635055,0.472224
4109,4110,56.648838,0.429844
4110,4111,56.662621,0.480709
4111,4112,56.676404,0.482370
4112,4113,56.690187,0.379690
4113,4114,56.703970,0.429395
4114,4115,56.717754,0.414083
4115,4116,56.731537,0.425903
4116,4117,56.745320,0.526412
4117,4118,56.759103,0.478272
4118,4119,56.772886,0.475744
4119,4120,56.786669,0.497719
4120,4121,56.800453,0.443812
4121,4122,56.814236,0.413739
4122,4123,56.828019,0.436867
4123,4124,56.841802,0.418020
4124,4125,56.855585,0.441123
4125,4126,56.869368,0.413822
4126,4127,56.883152,0.437979
4127,4128,56.896935,0.430016
4128,4129,56.910718,0.414170
4129,4130,56.924501,0.431765
4130,4131,56.938284,0.379343
4131,4132,56.952067,0.396212
4132,4133,56.965851,0.421051
4133,4134,56.979634,0.494524
4134,4135,56.993417,0.391267
4135,4136,57.007200,0.430898
4136,4137,57.020983,0.485194
4137,4138,57.034767,0.455433
4138,4139,57.048550,0.454905
4139,4140,57.062333,0.344888
4140,4141,57.076116,0.416750
4141,4142,57.089899,0.394975
4142,4143,57.103682,0.350017
4143,4144,57.117466,0.395070
4144,4145,57.131249,0.452523
4145,4146,57.145032,0.411047
4146,4147,57.158815,0.481153
4147,4148,57.172598,0.439115
4148,4149,57.186381,0.454401
4149,4150,57.200165,0.450801
4150,4151,57.213948,0.435656
4151,4152,57.227731,0.487083
4152,4153,57.241514,0.406734
4153,4154,57.255297,0.425913
4154,4155,57.269080,0.473139
4155,4156,57.282864,0.412774
4156,4157,57.296647,0.435934
4157,4158,57.310430,0.465484
4158,4159,57.324213,0.410498
4159,4160,57.337996,0.384938
4160,4161,57.351779,0.485599
4161,4162,57.365563,0.493419
4162,4163,57.379346,0.423851
4163,4164,57.393129,0.400095
4164,4165,57.406912,0.440176
4165,4166,57.420695,0.488140
4166,4167,57.434479,0.389187
4167,4168,57.448262,0.385024
4168,4169,57.462045,0.447514
4169,4170,57.475828,0.376635
4170,4171,57.489611,0.434245
4171,4172,57.503394,0.374046
4172,4173,57.517178,0.462697
4173,4174,57.530961,0.431438
4174,4175,57.544744,0.503639
4175,4176,57.558527,0.499420
4176,4177,57.572310,0.374909
4177,4178,57.586093,0.471680
4178,4179,57.599877,0.458036
4179,4180,57.613660,0.379802
4180,4181,57.627443,0.396932
4181,4182,57.641226,0.550821
4182,4183,57.655009,0.456850
4183,4184,57.668792,0.459842
4184,4185,57.682576,0.475129
4185,4186,57.696359,0.482879
4186,4187,57.710142,0.475831
4187,4188,57.723925,0.538888
4188,4189,57.737708,0.493164
4189,4190,57.751491,0.387523
4190,4191,57.765275,0.407269
4191,4192,57.779058,0.447895
4192,4193,57.792841,0.346292
4193,4194,57.806624,0.448692
4194,4195,57.820407,0.407021
4195,4196,57.834190,0.519820
4196,4197,57.847974,0.353980
4197,4198,57.861757,0.432143
4198,4199,57.875540,0.400719
4199,4200,57.889323,0.467580
4200,4201,57.903106,0.460313
4201,4202,57.916890,0.468547
4202,4203,57.930673,0.425982
4203,4204,57.944456,0.406235
4204,4205,57.958239,0.479078
4205,4206,57.972022,0.432772
4206,4207,57.985805,0.392010
4207,4208,57.999589,0.415591
4208,4209,58.013372,0.425712
4209,4210,58.027155,0.430200
4210,4211,58.040938,0.443038
4211,4212,58.054721,0.447557
4212,4213,58.068504,0.397535
4213,4214,58.082288,0.368241
4214,4215,58.096071,0.450711
4215,4216,58.109854,0.470216
4216,4217,58.123637,0.379129
4217,4218,58.137420,0.443824
4218,4219,58.151203,0.391272
4219,4220,58.164987,0.436883
4220,4221,58.178770,0.413757
4221,4222,58.192553,0.422338
4222,4223,58.206336,0.371215
4223,4224,58.220119,0.413747
4224,4225,58.233902,0.439351
4225,4226,58.247686,0.440110
4226,4227,58.261469,0.484148
4227,4228,58.275252,0.439931
4228,4229,58.289035,0.389997
4229,4230,58.302818,0.404736
4230,4231,58.316602,0.491272
4231,4232,58.330385,0.399278
4232,4233,58.344168,0.518497
4233,4234,58.357951,0.415269
4234,4235,58.371734,0.474162
4235,4236,58.385517,0.441934
4236,4237,58.399301,0.411201
4237,4238,58.413084,0.379341
4238,4239,58.426867,0.409685
4239,4240,58.440650,0.484918
4240,4241,58.454433,0.405807
4241,4242,58.468216,0.405649
4242,4243,58.482000,0.443743
4243,4244,58.495783,0.391374
4244,4245,58.509566,0.421042
4245,4246,58.523349,0.501581
4246,4247,58.537132,0.421783
4247,4248,58.550915,0.492465
4248,4249,58.564699,0.388976
4249,4250,58.578482,0.422416
4250,4251,58.592265,0.468548
4251,4252,58.606048,0.459598
4252,4253,58.619831,0.480682
4253,4254,58.633614,0.426782
4254,4255,58.647398,0.486074
4255,4256,58.661181,0.419422
4256,4257,58.674964,0.425238
4257,4258,58.688747,0.447342
4258,4259,58.702530,0.518006
4259,4260,58.716314,0.419191
4260,4261,58.730097,0.412917
4261,4262,58.743880,0.387959
4262,4263,58.757663,0.426909
4263,4264,58.771446,0.448369
4264,4265,58.785229,0.452400
4265,4266,58.799013,0.468391
4266,4267,58.812796,0.491983
4267,4268,58.826579,0.484082
4268,4269,58.840362,0.412388
4269,4270,58.854145,0.391041
4270,4271,58.867928,0.456474
4271,4272,58.881712,0.394673
4272,4273,58.895495,0.379564
4273,4274,58.909278,0.513715
4274,4275,58.923061,0.399006
4275,4276,58.936844,0.477761
4276,4277,58.950627,0.453449
4277,4278,58.964411,0.513124
4278,4279,58.978194,0.438787
4279,4280,58.991977,0.436807
4280,4281,59.005760,0.420479
4281,4282,59.019543,0.469507
4282,4283,59.033326,0.405885
4283,4284,59.047110,0.502305
4284,4285,59.060893,0.453472
4285,4286,59.074676,0.453886
4286,4287,59.088459,0.456720
4287,4288,59.102242,0.442979
4288,4289,59.116026,0.457829
4289,4290,59.129809,0.414227
4290,4291,59.143592,0.503915
4291,4292,59.157375,0.472194
4292,4293,59.171158,0.417710
4293,4294,59.184941,0.433790
4294,4295,59.198725,0.445703
4295,4296,59.212508,0.470758
4296,4297,59.226291,0.420650
4297,4298,59.240074,0.381377
4298,4299,59.253857,0.521852
4299,4300,59.267640,0.450973
4300,4301,59.281424,0.459839
4301,4302,59.295207,0.443209
4302,4303,59.308990,0.448391
4303,4304,59.322773,0.448828
4304,4305,59.336556,0.383942
4305,4306,59.350339,0.409863
4306,4307,59.364123,0.472079
4307,4308,59.377906,0.419811
4308,4309,59.391689,0.470383
4309,4310,59.405472,0.447468
4310,4311,59.419255,0.443749
4311,4312,59.433038,0.484131
4312,4313,59.446822,0.465195
4313,4314,59.460605,0.351429
4314,4315,59.474388,0.440478
4315,4316,59.488171,0.422965
4316,4317,59.501954,0.442426
4317,4318,59.515738,0.455743
4318,4319,59.529521,0.362171
4319,4320,59.543304,0.482658
4320,4321,59.557087,0.478541
4321,4322,59.570870,0.385179
4322,4323,59.584653,0.455886
4323,4324,59.598437,0.511093
4324,4325,59.612220,0.476174
4325,4326,59.626003,0.467546
4326,4327,59.639786,0.466557
4327,4328,59.653569,0.426453
4328,4329,59.667352,0.437871
4329,4330,59.681136,0.449695
4330,4331,59.694919,0.456953
4331,4332,59.708702,0.398187
4332,4333,59.722485,0.459735
4333,4334,59.736268,0.504331
4334,4335,59.750051,0.457133
4335,4336,59.763835,0.464202
4336,4337,59.777618,0.454642
4337,4338,59.791401,0.424358
4338,4339,59.805184,0.505912
4339,4340,59.818967,0.455151
4340,4341,59.832750,0.491667
4341,4342,59.846534,0.433160
4342,4343,59.860317,0.497404
4343,4344,59.874100,0.441166
4344,4345,59.887883,0.452612
4345,4346,59.901666,0.418860
4346,4347,59.915449,0.441894
4347,4348,59.929233,0.391961
4348,4349,59.943016,0.442089
4349,4350,59.956799,0.501141
4350,4351,59.970582,0.412926
4351,4352,59.984365,0.392898
4352,4353,59.998149,0.458647
4353,4354,60.011932,0.484159
4354,4355,60.025715,0.398095
4355,4356,60.039498,0.443180
4356,4357,60.053281,0.434663
4357,4358,60.067064,0.461234
4358,4359,60.080848,0.393900
4359,4360,60.094631,0.466084
4360,4361,60.108414,0.459975
4361,4362,60.122197,0.414349
4362,4363,60.135980,0.410480
4363,4364,60.149763,0.442305
4364,4365,60.163547,0.423682
4365,4366,60.177330,0.491803
4366,4367,60.191113,0.407508
4367,4368,60.204896,0.440851
4368,4369,60.218679,0.453194
4369,4370,60.232462,0.442847
4370,4371,60.246246,0.474277
4371,4372,60.260029,0.447062
4372,4373,60.273812,0.414734
4373,4374,60.287595,0.372887
4374,4375,60.301378,0.467462
4375,4376,60.315161,0.443515
4376,4377,60.328945,0.404480
4377,4378,60.342728,0.421895
4378,4379,60.356511,0.426611
4379,4380,60.370294,0.462470
4380,4381,60.384077,0.412440
4381,4382,60.397861,0.456219
4382,4383,60.411644,0.463414
4383,4384,60.425427,0.406416
4384,4385,60.439210,0.523046
4385,4386,60.452993,0.435000
4386,4387,60.466776,0.442320
4387,4388,60.480560,0.442825
4388,4389,60.494343,0.467791
4389,4390,60.508126,0.436805
4390,4391,60.521909,0.445778
4391,4392,60.535692,0.458868
4392,4393,60.549475,0.426685
4393,4394,60.563259,0.419268
4394,4395,60.577042,0.435092
4395,4396,60.590825,0.466346
4396,4397,60.604608,0.433963
4397,4398,60.618391,0.396110
4398,4399,60.632174,0.428590
4399,4400,60.645958,0.450447
4400,4401,60.659741,0.482892
4401,4402,60.673524,0.416504
4402,4403,60.687307,0.454760
4403,4404,60.701090,0.497578
4404,4405,60.714873,0.559726
4405,4406,60.728657,0.407837
4406,4407,60.742440,0.439417
4407,4408,60.756223,0.382684
4408,4409,60.770006,0.412764
4409,4410,60.783789,0.503114
4410,4411,60.797573,0.483926
4411,4412,60.811356,0.420397
4412,4413,60.825139,0.489097
4413,4414,60.838922,0.541146
4414,4415,60.852705,0.491236
4415,4416,60.866488,0.490687
4416,4417,60.880272,0.453180
4417,4418,60.894055,0.399573
4418,4419,60.907838,0.398401
4419,4420,60.921621,0.433844
4420,4421,60.935404,0.469367
4421,4422,60.949187,0.434320
4422,4423,60.962971,0.385758
4423,4424,60.976754,0.505757
4424,4425,60.990537,0.489943
4425,4426,61.004320,0.450360
4426,4427,61.018103,0.397576
4427,4428,61.031886,0.441298
4428,4429,61.045670,0.469931
4429,4430,61.059453,0.375677
4430,4431,61.073236,0.438690
4431,4432,61.087019,0.354402
4432,4433,61.100802,0.484219
4433,4434,61.114585,0.568423
4434,4435,61.128369,0.441999
4435,4436,61.142152,0.432887
4436,4437,61.155935,0.470446
4437,4438,61.169718,0.407737
4438,4439,61.183501,0.572134
4439,4440,61.197285,0.486046
4440,4441,61.211068,0.464725
4441,4442,61.224851,0.384387
4442,4443,61.238634,0.541121
4443,4444,61.252417,0.430166
4444,4445,61.266200,0.500973
4445,4446,61.279984,0.446160
4446,4447,61.293767,0.455021
4447,4448,61.307550,0.441568
4448,4449,61.321333,0.463280
4449,4450,61.335116,0.450639
4450,4451,61.348899,0.356572
4451,4452,61.362683,0.371816
4452,4453,61.376466,0.417338
4453,4454,61.390249,0.413333
4454,4455,61.404032,0.465962
4455,4456,61.417815,0.415295
4456,4457,61.431598,0.457323
4457,4458,61.445382,0.480498
4458,4459,61.459165,0.531833
4459,4460,61.472948,0.431589
4460,4461,61.486731,0.429451
4461,4462,61.500514,0.439507
4462,4463,61.514297,0.469429
4463,4464,61.528081,0.455286
4464,4465,61.541864,0.486845
4465,4466,61.555647,0.440813
4466,4467,61.569430,0.464586
4467,4468,61.583213,0.368476
4468,4469,61.596997,0.394442
4469,4470,61.610780,0.430111
4470,4471,61.624563,0.543708
4471,4472,61.638346,0.422191
4472,4473,61.652129,0.459810
4473,4474,61.665912,0.439543
4474,4475,61.679696,0.472570
4475,4476,61.693479,0.426384
4476,4477,61.707262,0.418884
4477,4478,61.721045,0.457080
4478,4479,61.734828,0.433229
4479,4480,61.748611,0.456331
4480,4481,61.762395,0.348703
4481,4482,61.776178,0.417576
4482,4483,61.789961,0.406742
4483,4484,61.803744,0.471835
4484,4485,61.817527,0.426848
4485,4486,61.831310,0.477025
4486,4487,61.845094,0.483244
4487,4488,61.858877,0.410892
4488,4489,61.872660,0.393931
4489,4490,61.886443,0.469025
4490,4491,61.900226,0.402956
4491,4492,61.914009,0.469288
4492,4493,61.927793,0.461227
4493,4494,61.941576,0.482013
4494,4495,61.955359,0.495495
4495,4496,61.969142,0.373941
4496,4497,61.982925,0.398060
4497,4498,61.996708,0.492029
4498,4499,62.010492,0.457131
4499,4500,62.024275,0.489181
4500,4501,62.038058,0.413091
4501,4502,62.051841,0.431701
4502,4503,62.065624,0.458697
4503,4504,62.079408,0.425554
4504,4505,62.093191,0.485987
4505,4506,62.106974,0.439398
4506,4507,62.120757,0.447855
4507,4508,62.134540,0.395042
4508,4509,62.148323,0.468609
4509,4510,62.162107,0.382840
4510,4511,62.175890,0.439980
4511,4512,62.189673,0.483038
4512,4513,62.203456,0.490280
4513,4514,62.217239,0.426520
4514,4515,62.231022,0.446940
4515,4516,62.244806,0.434646
4516,4517,62.258589,0.476481
4517,4518,62.272372,0.415735
4518,4519,62.286155,0.478134
4519,4520,62.299938,0.439306
4520,4521,62.313721,0.459146
4521,4522,62.327505,0.424401
4522,4523,62.341288,0.546208
4523,4524,62.355071,0.460524
4524,4525,62.368854,0.443609
4525,4526,62.382637,0.434811
4526,4527,62.396420,0.420110
4527,4528,62.410204,0.460470
4528,4529,62.423987,0.478377
4529,4530,62.437770,0.391072
4530,4531,62.451553,0.367405
4531,4532,62.465336,0.470666
4532,4533,62.479120,0.401881
4533,4534,62.492903,0.377807
4534,4535,62.506686,0.423953
4535,4536,62.520469,0.456249
4536,4537,62.534252,0.432626
4537,4538,62.548035,0.446460
4538,4539,62.561819,0.423590
4539,4540,62.575602,0.446566
4540,4541,62.589385,0.489847
4541,4542,62.603168,0.441143
4542,4543,62.616951,0.394314
4543,4544,62.630734,0.424575
4544,4545,62.644518,0.484093
4545,4546,62.658301,0.432498
4546,4547,62.672084,0.455527
4547,4548,62.685867,0.440651
4548,4549,62.699650,0.463318
4549,4550,62.713433,0.473728
4550,4551,62.727217,0.490495
4551,4552,62.741000,0.391711
4552,4553,62.754783,0.430081
4553,4554,62.768566,0.413783
4554,4555,62.782349,0.395008
4555,4556,62.796132,0.436383
4556,4557,62.809916,0.422925
4557,4558,62.823699,0.399247
4558,4559,62.837482,0.446954
4559,4560,62.851265,0.471061
4560,4561,62.865048,0.379989
4561,4562,62.878832,0.444744
4562,4563,62.892615,0.416092
4563,4564,62.906398,0.357027
4564,4565,62.920181,0.467353
4565,4566,62.933964,0.426707
4566,4567,62.947747,0.390806
4567,4568,62.961531,0.418326
4568,4569,62.975314,0.433785
4569,4570,62.989097,0.433079
4570,4571,63.002880,0.439443
4571,4572,63.016663,0.468564
4572,4573,63.030446,0.386060
4573,4574,63.044230,0.493172
4574,4575,63.058013,0.454236
4575,4576,63.071796,0.445421
4576,4577,63.085579,0.441758
4577,4578,63.099362,0.399969
4578,4579,63.113145,0.424896
4579,4580,63.126929,0.413252
4580,4581,63.140712,0.457488
4581,4582,63.154495,0.460548
4582,4583,63.168278,0.387675
4583,4584,63.182061,0.379745
4584,4585,63.195844,0.512885
4585,4586,63.209628,0.391777
4586,4587,63.223411,0.450108
4587,4588,63.237194,0.467698
4588,4589,63.250977,0.467263
4589,4590,63.264760,0.393693
4590,4591,63.278544,0.457800
4591,4592,63.292327,0.408819
4592,4593,63.306110,0.466064
4593,4594,63.319893,0.440115
4594,4595,63.333676,0.441676
4595,4596,63.347459,0.376712
4596,4597,63.361243,0.467265
4597,4598,63.375026,0.499420
4598,4599,63.388809,0.488157
4599,4600,63.402592,0.455980
4600,4601,63.416375,0.376261
4601,4602,63.430158,0.463000
4602,4603,63.443942,0.417208
4603,4604,63.457725,0.466137
4604,4605,63.471508,0.426540
4605,4606,63.485291,0.493491
4606,4607,63.499074,0.455298
4607,4608,63.512857,0.445551
4608,4609,63.526641,0.517277
4609,4610,63.540424,0.417458
4610,4611,63.554207,0.402791
4611,4612,63.567990,0.445072
4612,4613,63.581773,0.466272
4613,4614,63.595556,0.406435
4614,4615,63.609340,0.427975
4615,4616,63.623123,0.422175
4616,4617,63.636906,0.530618
4617,4618,63.650689,0.424393
4618,4619,63.664472,0.379712
4619,4620,63.678256,0.444219
4620,4621,63.692039,0.399491
4621,4622,63.705822,0.490407
4622,4623,63.719605,0.339251
4623,4624,63.733388,0.420544
4624,4625,63.747171,0.446303
4625,4626,63.760955,0.446952
4626,4627,63.774738,0.407060
4627,4628,63.788521,0.532115
4628,4629,63.802304,0.378647
4629,4630,63.816087,0.517704
4630,4631,63.829870,0.452216
4631,4632,63.843654,0.429214
4632,4633,63.857437,0.462130
4633,4634,63.871220,0.428713
4634,4635,63.885003,0.465270
4635,4636,63.898786,0.453962
4636,4637,63.912569,0.473790
4637,4638,63.926353,0.400212
4638,4639,63.940136,0.445130
4639,4640,63.953919,0.428925
4640,4641,63.967702,0.405088
4641,4642,63.981485,0.443081
4642,4643,63.995268,0.525914
4643,4644,64.009052,0.352403
4644,4645,64.022835,0.484674
4645,4646,64.036618,0.438036
4646,4647,64.050401,0.447866
4647,4648,64.064184,0.459970
4648,4649,64.077967,0.475184
4649,4650,64.091751,0.433012
4650,4651,64.105534,0.348640
4651,4652,64.119317,0.480633
4652,4653,64.133100,0.458925
4653,4654,64.146883,0.463901
4654,4655,64.160667,0.306195
4655,4656,64.174450,0.422410
4656,4657,64.188233,0.457508
4657,4658,64.202016,0.405163
4658,4659,64.215799,0.489593
4659,4660,64.229582,0.399433
4660,4661,64.243366,0.458779
4661,4662,64.257149,0.383969
4662,4663,64.270932,0.447940
4663,4664,64.284715,0.456355
4664,4665,64.298498,0.394706
4665,4666,64.312281,0.459084
4666,4667,64.326065,0.369938
4667,4668,64.339848,0.381267
4668,4669,64.353631,0.469322
4669,4670,64.367414,0.445694
4670,4671,64.381197,0.505029
4671,4672,64.394980,0.404228
4672,4673,64.408764,0.476218
4673,4674,64.422547,0.437216
4674,4675,64.436330,0.426446
4675,4676,64.450113,0.426587
4676,4677,64.463896,0.460573
4677,4678,64.477679,0.464172
4678,4679,64.491463,0.444783
4679,4680,64.505246,0.449840
4680,4681,64.519029,0.439044
4681,4682,64.532812,0.463680
4682,4683,64.546595,0.417179
4683,4684,64.560379,0.414415
4684,4685,64.574162,0.437149
4685,4686,64.587945,0.441405
4686,4687,64.601728,0.484241
4687,4688,64.615511,0.533186
4688,4689,64.629294,0.474639
4689,4690,64.643078,0.498965
4690,4691,64.656861,0.439691
4691,4692,64.670644,0.437815
4692,4693,64.684427,0.435549
4693,4694,64.698210,0.526193
4694,4695,64.711993,0.456369
4695,4696,64.725777,0.403691
4696,4697,64.739560,0.463833
4697,4698,64.753343,0.435691
4698,4699,64.767126,0.445700
4699,4700,64.780909,0.414709
4700,4701,64.794692,0.381095
4701,4702,64.808476,0.491895
4702,4703,64.822259,0.372075
4703,4704,64.836042,0.476030
4704,4705,64.849825,0.455819
4705,4706,64.863608,0.453080
4706,4707,64.877391,0.464483
4707,4708,64.891175,0.463466
4708,4709,64.904958,0.384827
4709,4710,64.918741,0.471994
4710,4711,64.932524,0.421151
4711,4712,64.946307,0.382709
4712,4713,64.960091,0.453051
4713,4714,64.973874,0.403322
4714,4715,64.987657,0.507430
4715,4716,65.001440,0.471032
4716,4717,65.015223,0.429939
4717,4718,65.029006,0.362116
4718,4719,65.042790,0.410448
4719,4720,65.056573,0.529604
4720,4721,65.070356,0.491338
4721,4722,65.084139,0.484680
4722,4723,65.097922,0.438712
4723,4724,65.111705,0.376718
4724,4725,65.125489,0.446352
4725,4726,65.139272,0.423510
4726,4727,65.153055,0.436372
4727,4728,65.166838,0.426849
4728,4729,65.180621,0.487665
4729,4730,65.194404,0.398282
4730,4731,65.208188,0.421266
4731,4732,65.221971,0.408364
4732,4733,65.235754,0.439140
4733,4734,65.249537,0.369331
4734,4735,65.263320,0.430475
4735,4736,65.277103,0.412915
4736,4737,65.290887,0.425286
4737,4738,65.304670,0.440151
4738,4739,65.318453,0.485168
4739,4740,65.332236,0.436147
4740,4741,65.346019,0.485154
4741,4742,65.359803,0.427965
4742,4743,65.373586,0.459125
4743,4744,65.387369,0.396742
4744,4745,65.401152,0.482335
4745,4746,65.414935,0.372204
4746,4747,65.428718,0.457889
4747,4748,65.442502,0.458109
4748,4749,65.456285,0.397933
4749,4750,65.470068,0.511062
4750,4751,65.483851,0.382924
4751,4752,65.497634,0.424095
4752,4753,65.511417,0.488540
4753,4754,65.525201,0.463178
4754,4755,65.538984,0.456490
4755,4756,65.552767,0.411638
4756,4757,65.566550,0.392200
4757,4758,65.580333,0.428821
4758,4759,65.594116,0.397353
4759,4760,65.607900,0.427478
4760,4761,65.621683,0.391386
4761,4762,65.635466,0.458314
4762,4763,65.649249,0.358513
4763,4764,65.663032,0.380783
4764,4765,65.676815,0.444104
4765,4766,65.690599,0.440262
4766,4767,65.704382,0.439781
4767,4768,65.718165,0.494477
4768,4769,65.731948,0.438266
4769,4770,65.745731,0.492796
4770,4771,65.759515,0.414448
4771,4772,65.773298,0.365156
4772,4773,65.787081,0.492339
4773,4774,65.800864,0.429472
4774,4775,65.814647,0.437982
4775,4776,65.828430,0.408343
4776,4777,65.842214,0.510107
4777,4778,65.855997,0.433151
4778,4779,65.869780,0.511567
4779,4780,65.883563,0.442668
4780,4781,65.897346,0.387923
4781,4782,65.911129,0.440347
4782,4783,65.924913,0.393057
4783,4784,65.938696,0.445136
4784,4785,65.952479,0.386613
4785,4786,65.966262,0.501514
4786,4787,65.980045,0.421528
4787,4788,65.993828,0.494761
4788,4789,66.007612,0.407213
4789,4790,66.021395,0.470357
4790,4791,66.035178,0.361664
4791,4792,66.048961,0.397825
4792,4793,66.062744,0.437271
4793,4794,66.076527,0.473289
4794,4795,66.090311,0.462857
4795,4796,66.104094,0.457561
4796,4797,66.117877,0.456459
4797,4798,66.131660,0.408936
4798,4799,66.145443,0.406623
4799,4800,66.159226,0.438207
4800,4801,66.173010,0.426633
4801,4802,66.186793,0.373898
4802,4803,66.200576,0.345598
4803,4804,66.214359,0.436423
4804,4805,66.228142,0.409759
4805,4806,66.241926,0.385699
4806,4807,66.255709,0.464655
4807,4808,66.269492,0.499686
4808,4809,66.283275,0.492395
4809,4810,66.297058,0.406772
4810,4811,66.310841,0.432270
4811,4812,66.324625,0.422303
4812,4813,66.338408,0.484252
4813,4814,66.352191,0.488485
4814,4815,66.365974,0.476069
4815,4816,66.379757,0.350394
4816,4817,66.393540,0.437458
4817,4818,66.407324,0.474083
4818,4819,66.421107,0.445134
4819,4820,66.434890,0.427786
4820,4821,66.448673,0.500118
4821,4822,66.462456,0.470924
4822,4823,66.476239,0.504290
4823,4824,66.490023,0.415733
4824,4825,66.503806,0.448391
4825,4826,66.517589,0.525131
4826,4827,66.531372,0.421884
4827,4828,66.545155,0.413135
4828,4829,66.558938,0.471161
4829,4830,66.572722,0.434109
4830,4831,66.586505,0.503705
4831,4832,66.600288,0.427370
4832,4833,66.614071,0.518404
4833,4834,66.627854,0.431198
4834,4835,66.641638,0.444077
4835,4836,66.655421,0.496753
4836,4837,66.669204,0.440044
4837,4838,66.682987,0.391665
4838,4839,66.696770,0.465412
4839,4840,66.710553,0.435181
4840,4841,66.724337,0.346374
4841,4842,66.738120,0.394195
4842,4843,66.751903,0.453642
4843,4844,66.765686,0.459098
4844,4845,66.779469,0.463374
4845,4846,66.793252,0.457712
4846,4847,66.807036,0.463116
4847,4848,66.820819,0.471191
4848,4849,66.834602,0.478541
4849,4850,66.848385,0.351068
4850,4851,66.862168,0.443987
4851,4852,66.875951,0.415842
4852,4853,66.889735,0.421628
4853,4854,66.903518,0.448069
4854,4855,66.917301,0.417630
4855,4856,66.931084,0.428276
4856,4857,66.944867,0.510278
4857,4858,66.958650,0.475916
4858,4859,66.972434,0.403866
4859,4860,66.986217,0.373066
4860,4861,67.000000,0.405611
4861,4862,67.013783,0.424519
4862,4863,67.027566,0.417536
4863,4864,67.041350,0.396277
4864,4865,67.055133,0.390589
4865,4866,67.068916,0.410845
4866,4867,67.082699,0.316700
4867,4868,67.096482,0.405426
4868,4869,67.110265,0.438218
4869,4870,67.124049,0.383236
4870,4871,67.137832,0.453216
4871,4872,67.151615,0.481445
4872,4873,67.165398,0.420863
4873,4874,67.179181,0.393840
4874,4875,67.192964,0.481814
4875,4876,67.206748,0.418706
4876,4877,67.220531,0.416833
4877,4878,67.234314,0.428869
4878,4879,67.248097,0.506108
4879,4880,67.261880,0.359237
4880,4881,67.275663,0.408045
4881,4882,67.289447,0.436210
4882,4883,67.303230,0.440059
4883,4884,67.317013,0.441694
4884,4885,67.330796,0.428715
4885,4886,67.344579,0.492577
4886,4887,67.358362,0.431013
4887,4888,67.372146,0.427968
4888,4889,67.385929,0.457072
4889,4890,67.399712,0.391717
4890,4891,67.413495,0.356790
4891,4892,67.427278,0.420237
4892,4893,67.441062,0.514805
4893,4894,67.454845,0.458258
4894,4895,67.468628,0.432250
4895,4896,67.482411,0.436043
4896,4897,67.496194,0.391311
4897,4898,67.509977,0.447988
4898,4899,67.523761,0.437664
4899,4900,67.537544,0.439586
4900,4901,67.551327,0.350462
4901,4902,67.565110,0.476519
4902,4903,67.578893,0.456121
4903,4904,67.592676,0.401093
4904,4905,67.606460,0.414750
4905,4906,67.620243,0.420968
4906,4907,67.634026,0.513573
4907,4908,67.647809,0.443167
4908,4909,67.661592,0.439055
4909,4910,67.675375,0.392261
4910,4911,67.689159,0.533919
4911,4912,67.702942,0.409197
4912,4913,67.716725,0.461914
4913,4914,67.730508,0.394870
4914,4915,67.744291,0.393519
4915,4916,67.758074,0.431442
4916,4917,67.771858,0.375075
4917,4918,67.785641,0.432061
4918,4919,67.799424,0.387428
4919,4920,67.813207,0.484870
4920,4921,67.826990,0.567440
4921,4922,67.840774,0.416409
4922,4923,67.854557,0.414545
4923,4924,67.868340,0.449340
4924,4925,67.882123,0.462521
4925,4926,67.895906,0.448453
4926,4927,67.909689,0.438930
4927,4928,67.923473,0.430210
4928,4929,67.937256,0.463575
4929,4930,67.951039,0.438902
4930,4931,67.964822,0.451382
4931,4932,67.978605,0.447913
4932,4933,67.992388,0.515826
4933,4934,68.006172,0.431434
4934,4935,68.019955,0.453757
4935,4936,68.033738,0.415654
4936,4937,68.047521,0.426302
4937,4938,68.061304,0.411465
4938,4939,68.075087,0.430630
4939,4940,68.088871,0.452095
4940,4941,68.102654,0.434950
4941,4942,68.116437,0.440022
4942,4943,68.130220,0.411298
4943,4944,68.144003,0.428817
4944,4945,68.157786,0.542667
4945,4946,68.171570,0.385162
4946,4947,68.185353,0.441494
4947,4948,68.199136,0.458038
4948,4949,68.212919,0.438907
4949,4950,68.226702,0.395923
4950,4951,68.240485,0.430356
4951,4952,68.254269,0.436917
4952,4953,68.268052,0.459069
4953,4954,68.281835,0.396127
4954,4955,68.295618,0.450439
4955,4956,68.309401,0.420539
4956,4957,68.323185,0.444604
4957,4958,68.336968,0.422384
4958,4959,68.350751,0.461824
4959,4960,68.364534,0.442676
4960,4961,68.378317,0.417325
4961,4962,68.392100,0.396770
4962,4963,68.405884,0.444011
4963,4964,68.419667,0.478134
4964,4965,68.433450,0.431201
4965,4966,68.447233,0.388523
4966,4967,68.461016,0.412203
4967,4968,68.474799,0.426538
4968,4969,68.488583,0.407773
4969,4970,68.502366,0.435971
4970,4971,68.516149,0.446916
4971,4972,68.529932,0.480375
4972,4973,68.543715,0.458717
4973,4974,68.557498,0.455861
4974,4975,68.571282,0.418679
4975,4976,68.585065,0.407984
4976,4977,68.598848,0.489727
4977,4978,68.612631,0.389405
4978,4979,68.626414,0.499906
4979,4980,68.640197,0.400990
4980,4981,68.653981,0.506955
4981,4982,68.667764,0.416086
4982,4983,68.681547,0.479748
4983,4984,68.695330,0.518750
4984,4985,68.709113,0.484958
4985,4986,68.722897,0.495691
4986,4987,68.736680,0.398625
4987,4988,68.750463,0.383474
4988,4989,68.764246,0.409529
4989,4990,68.778029,0.476332
4990,4991,68.791812,0.487386
4991,4992,68.805596,0.409148
4992,4993,68.819379,0.429541
4993,4994,68.833162,0.468745
4994,4995,68.846945,0.358874
4995,4996,68.860728,0.397363
4996,4997,68.874511,0.422826
4997,4998,68.888295,0.443571
4998,4999,68.902078,0.409096
4999,5000,68.915861,0.422006
5000,5001,68.929644,0.432782
5001,5002,68.943427,0.436361
5002,5003,68.957210,0.484853
5003,5004,68.970994,0.418826
5004,5005,68.984777,0.436044
5005,5006,68.998560,0.462514
5006,5007,69.012343,0.452833
5007,5008,69.026126,0.487378
5008,5009,69.039909,0.408275
5009,5010,69.053693,0.460747
5010,5011,69.067476,0.467381
5011,5012,69.081259,0.474857
5012,5013,69.095042,0.394194
5013,5014,69.108825,0.419532
5014,5015,69.122609,0.491445
5015,5016,69.136392,0.407880
5016,5017,69.150175,0.473339
5017,5018,69.163958,0.457310
5018,5019,69.177741,0.426522
5019,5020,69.191524,0.439291
5020,5021,69.205308,0.467453
5021,5022,69.219091,0.477005
5022,5023,69.232874,0.383598
5023,5024,69.246657,0.470777
5024,5025,69.260440,0.493074
5025,5026,69.274223,0.417790
5026,5027,69.288007,0.471878
5027,5028,69.301790,0.518385
5028,5029,69.315573,0.441688
5029,5030,69.329356,0.429871
5030,5031,69.343139,0.453066
5031,5032,69.356922,0.419843
5032,5033,69.370706,0.436090
5033,5034,69.384489,0.510544
5034,5035,69.398272,0.398660
5035,5036,69.412055,0.439337
5036,5037,69.425838,0.487250
5037,5038,69.439621,0.453200
5038,5039,69.453405,0.471959
5039,5040,69.467188,0.413355
5040,5041,69.480971,0.520823
5041,5042,69.494754,0.479849
5042,5043,69.508537,0.406814
5043,5044,69.522321,0.331189
5044,5045,69.536104,0.395658
5045,5046,69.549887,0.412543
5046,5047,69.563670,0.505917
5047,5048,69.577453,0.449399
5048,5049,69.591236,0.436387
5049,5050,69.605020,0.458546
5050,5051,69.618803,0.436910
5051,5052,69.632586,0.457306
5052,5053,69.646369,0.449434
5053,5054,69.660152,0.425414
5054,5055,69.673935,0.433675
5055,5056,69.687719,0.455760
5056,5057,69.701502,0.452787
5057,5058,69.715285,0.401177
5058,5059,69.729068,0.465780
5059,5060,69.742851,0.466444
5060,5061,69.756634,0.407316
5061,5062,69.770418,0.452225
5062,5063,69.784201,0.473110
5063,5064,69.797984,0.410951
5064,5065,69.811767,0.438187
5065,5066,69.825550,0.460632
5066,5067,69.839333,0.512020
5067,5068,69.853117,0.422047
5068,5069,69.866900,0.483583
5069,5070,69.880683,0.431826
5070,5071,69.894466,0.408547
5071,5072,69.908249,0.487404
5072,5073,69.922033,0.373207
5073,5074,69.935816,0.456423
5074,5075,69.949599,0.484868
5075,5076,69.963382,0.420871
5076,5077,69.977165,0.393468
5077,5078,69.990948,0.465197
5078,5079,70.004732,0.486946
5079,5080,70.018515,0.460971
5080,5081,70.032298,0.440828
5081,5082,70.046081,0.460726
5082,5083,70.059864,0.426753
5083,5084,70.073647,0.387437
5084,5085,70.087431,0.425973
5085,5086,70.101214,0.423704
5086,5087,70.114997,0.389476
5087,5088,70.128780,0.314492
5088,5089,70.142563,0.374699
5089,5090,70.156346,0.440182
5090,5091,70.170130,0.451833
5091,5092,70.183913,0.472237
5092,5093,70.197696,0.473573
5093,5094,70.211479,0.409061
5094,5095,70.225262,0.482591
5095,5096,70.239045,0.470370
5096,5097,70.252829,0.467043
5097,5098,70.266612,0.362798
5098,5099,70.280395,0.459673
5099,5100,70.294178,0.470827
5100,5101,70.307961,0.437999
5101,5102,70.321744,0.386028
5102,5103,70.335528,0.455752
5103,5104,70.349311,0.447812
5104,5105,70.363094,0.410997
5105,5106,70.376877,0.385398
5106,5107,70.390660,0.484698
5107,5108,70.404444,0.390190
5108,5109,70.418227,0.401207
5109,5110,70.432010,0.401662
5110,5111,70.445793,0.500625
5111,5112,70.459576,0.450325
5112,5113,70.473359,0.379469
5113,5114,70.487143,0.376350
5114,5115,70.500926,0.474663
5115,5116,70.514709,0.409463
5116,5117,70.528492,0.442686
5117,5118,70.542275,0.453922
5118,5119,70.556058,0.401339
5119,5120,70.569842,0.470964
5120,5121,70.583625,0.451187
5121,5122,70.597408,0.411321
5122,5123,70.611191,0.420418
5123,5124,70.624974,0.400049
5124,5125,70.638757,0.438433
5125,5126,70.652541,0.416291
5126,5127,70.666324,0.503891
5127,5128,70.680107,0.457631
5128,5129,70.693890,0.443312
5129,5130,70.707673,0.371287
5130,5131,70.721456,0.423186
5131,5132,70.735240,0.450357
5132,5133,70.749023,0.431867
5133,5134,70.762806,0.343149
5134,5135,70.776589,0.426553
5135,5136,70.790372,0.477767
5136,5137,70.804156,0.458971
5137,5138,70.817939,0.461552
5138,5139,70.831722,0.501508
5139,5140,70.845505,0.453126
5140,5141,70.859288,0.453865
5141,5142,70.873071,0.470483
5142,5143,70.886855,0.491182
5143,5144,70.900638,0.397780
5144,5145,70.914421,0.418379
5145,5146,70.928204,0.422898
5146,5147,70.941987,0.404430
5147,5148,70.955770,0.465288
5148,5149,70.969554,0.480997
5149,5150,70.983337,0.450328
5150,5151,70.997120,0.491109
5151,5152,71.010903,0.427039
5152,5153,71.024686,0.414808
5153,5154,71.038469,0.474489
5154,5155,71.052253,0.499081
5155,5156,71.066036,0.472107
5156,5157,71.079819,0.511672
5157,5158,71.093602,0.459077
5158,5159,71.107385,0.458397
5159,5160,71.121168,0.369601
5160,5161,71.134952,0.412341
5161,5162,71.148735,0.410148
5162,5163,71.162518,0.477769
5163,5164,71.176301,0.393051
5164,5165,71.190084,0.447159
5165,5166,71.203868,0.395709
5166,5167,71.217651,0.424120
5167,5168,71.231434,0.441225
5168,5169,71.245217,0.432738
5169,5170,71.259000,0.527325
5170,5171,71.272783,0.404401
5171,5172,71.286567,0.489158
5172,5173,71.300350,0.464008
5173,5174,71.314133,0.433013
5174,5175,71.327916,0.372184
5175,5176,71.341699,0.477871
5176,5177,71.355482,0.490727
5177,5178,71.369266,0.403111
5178,5179,71.383049,0.432814
5179,5180,71.396832,0.490002
5180,5181,71.410615,0.364592
5181,5182,71.424398,0.455215
5182,5183,71.438181,0.454172
5183,5184,71.451965,0.455406
5184,5185,71.465748,0.405843
5185,5186,71.479531,0.469973
5186,5187,71.493314,0.478750
5187,5188,71.507097,0.438577
5188,5189,71.520880,0.462903
5189,5190,71.534664,0.421952
5190,5191,71.548447,0.352450
5191,5192,71.562230,0.408961
5192,5193,71.576013,0.472120
5193,5194,71.589796,0.428755
5194,5195,71.603580,0.407369
5195,5196,71.617363,0.536445
5196,5197,71.631146,0.442201
5197,5198,71.644929,0.524690
5198,5199,71.658712,0.507534
5199,5200,71.672495,0.425879
5200,5201,71.686279,0.479994
5201,5202,71.700062,0.457648
5202,5203,71.713845,0.457020
5203,5204,71.727628,0.389432
5204,5205,71.741411,0.429370
5205,5206,71.755194,0.334883
5206,5207,71.768978,0.394765
5207,5208,71.782761,0.391025
5208,5209,71.796544,0.502056
5209,5210,71.810327,0.424740
5210,5211,71.824110,0.427247
5211,5212,71.837893,0.441303
5212,5213,71.851677,0.496321
5213,5214,71.865460,0.498703
5214,5215,71.879243,0.491131
5215,5216,71.893026,0.494094
5216,5217,71.906809,0.496855
5217,5218,71.920592,0.428287
5218,5219,71.934376,0.428061
5219,5220,71.948159,0.407246
5220,5221,71.961942,0.495469
5221,5222,71.975725,0.454831
5222,5223,71.989508,0.422751
5223,5224,72.003292,0.462298
5224,5225,72.017075,0.386330
5225,5226,72.030858,0.399100
5226,5227,72.044641,0.378577
5227,5228,72.058424,0.424463
5228,5229,72.072207,0.466370
5229,5230,72.085991,0.429755
5230,5231,72.099774,0.378365
5231,5232,72.113557,0.482522
5232,5233,72.127340,0.434674
5233,5234,72.141123,0.437517
5234,5235,72.154906,0.456926
5235,5236,72.168690,0.349367
5236,5237,72.182473,0.394184
5237,5238,72.196256,0.431115
5238,5239,72.210039,0.474894
5239,5240,72.223822,0.403247
5240,5241,72.237605,0.418509
5241,5242,72.251389,0.416249
5242,5243,72.265172,0.444927
5243,5244,72.278955,0.437338
5244,5245,72.292738,0.430707
5245,5246,72.306521,0.390877
5246,5247,72.320304,0.401509
5247,5248,72.334088,0.490917
5248,5249,72.347871,0.403292
5249,5250,72.361654,0.427260
5250,5251,72.375437,0.468524
5251,5252,72.389220,0.399677
5252,5253,72.403003,0.398415
5253,5254,72.416787,0.498248
5254,5255,72.430570,0.520610
5255,5256,72.444353,0.439667
5256,5257,72.458136,0.457702
5257,5258,72.471919,0.395785
5258,5259,72.485703,0.530649
5259,5260,72.499486,0.385331
5260,5261,72.513269,0.392531
5261,5262,72.527052,0.424851
5262,5263,72.540835,0.461084
5263,5264,72.554618,0.486950
5264,5265,72.568402,0.414288
5265,5266,72.582185,0.433456
5266,5267,72.595968,0.504025
5267,5268,72.609751,0.483100
5268,5269,72.623534,0.406364
5269,5270,72.637317,0.397502
5270,5271,72.651101,0.324344
5271,5272,72.664884,0.425672
5272,5273,72.678667,0.473080
5273,5274,72.692450,0.414674
5274,5275,72.706233,0.377157
5275,5276,72.720016,0.405238
5276,5277,72.733800,0.457399
5277,5278,72.747583,0.445889
5278,5279,72.761366,0.524890
5279,5280,72.775149,0.419638
5280,5281,72.788932,0.436013
5281,5282,72.802715,0.399182
5282,5283,72.816499,0.452971
5283,5284,72.830282,0.413872
5284,5285,72.844065,0.481333
5285,5286,72.857848,0.430907
5286,5287,72.871631,0.439154
5287,5288,72.885415,0.498052
5288,5289,72.899198,0.412591
5289,5290,72.912981,0.407642
5290,5291,72.926764,0.487325
5291,5292,72.940547,0.412878
5292,5293,72.954330,0.419457
5293,5294,72.968114,0.409881
5294,5295,72.981897,0.418001
5295,5296,72.995680,0.415160
5296,5297,73.009463,0.375684
5297,5298,73.023246,0.432568
5298,5299,73.037029,0.423041
5299,5300,73.050813,0.374245
5300,5301,73.064596,0.370849
5301,5302,73.078379,0.484283
5302,5303,73.092162,0.416538
5303,5304,73.105945,0.454862
5304,5305,73.119728,0.463385
5305,5306,73.133512,0.424006
5306,5307,73.147295,0.460132
5307,5308,73.161078,0.391869
5308,5309,73.174861,0.401230
5309,5310,73.188644,0.435477
5310,5311,73.202427,0.443022
5311,5312,73.216211,0.478848
5312,5313,73.229994,0.481788
5313,5314,73.243777,0.412424
5314,5315,73.257560,0.513260
5315,5316,73.271343,0.462635
5316,5317,73.285127,0.407938
5317,5318,73.298910,0.467159
5318,5319,73.312693,0.415260
5319,5320,73.326476,0.449629
5320,5321,73.340259,0.447279
5321,5322,73.354042,0.462487
5322,5323,73.367826,0.466953
5323,5324,73.381609,0.428770
5324,5325,73.395392,0.479164
5325,5326,73.409175,0.466800
5326,5327,73.422958,0.542172
5327,5328,73.436741,0.389005
5328,5329,73.450525,0.425275
5329,5330,73.464308,0.448015
5330,5331,73.478091,0.448113
5331,5332,73.491874,0.414442
5332,5333,73.505657,0.482727
5333,5334,73.519440,0.377449
5334,5335,73.533224,0.395267
5335,5336,73.547007,0.441004
5336,5337,73.560790,0.435896
5337,5338,73.574573,0.374141
5338,5339,73.588356,0.496034
5339,5340,73.602139,0.400203
5340,5341,73.615923,0.428119
5341,5342,73.629706,0.420788
5342,5343,73.643489,0.351693
5343,5344,73.657272,0.395922
5344,5345,73.671055,0.475208
5345,5346,73.684839,0.366621
5346,5347,73.698622,0.434874
5347,5348,73.712405,0.400373
5348,5349,73.726188,0.475344
5349,5350,73.739971,0.485412
5350,5351,73.753754,0.409924
5351,5352,73.767538,0.403328
5352,5353,73.781321,0.425586
5353,5354,73.795104,0.462877
5354,5355,73.808887,0.501967
5355,5356,73.822670,0.465279
5356,5357,73.836453,0.500719
5357,5358,73.850237,0.399436
5358,5359,73.864020,0.466261
5359,5360,73.877803,0.384920
5360,5361,73.891586,0.446914
5361,5362,73.905369,0.457006
5362,5363,73.919152,0.415027
5363,5364,73.932936,0.399743
5364,5365,73.946719,0.479306
5365,5366,73.960502,0.474395
5366,5367,73.974285,0.421246
5367,5368,73.988068,0.355984
5368,5369,74.001851,0.391643
5369,5370,74.015635,0.473898
5370,5371,74.029418,0.426124
5371,5372,74.043201,0.424147
5372,5373,74.056984,0.475318
5373,5374,74.070767,0.399749
5374,5375,74.084551,0.407742
5375,5376,74.098334,0.434112
5376,5377,74.112117,0.434512
5377,5378,74.125900,0.420009
5378,5379,74.139683,0.441099
5379,5380,74.153466,0.493529
5380,5381,74.167250,0.411231
5381,5382,74.181033,0.484809
5382,5383,74.194816,0.414150
5383,5384,74.208599,0.470462
5384,5385,74.222382,0.541748
5385,5386,74.236165,0.469253
5386,5387,74.249949,0.429503
5387,5388,74.263732,0.413675
5388,5389,74.277515,0.365730
5389,5390,74.291298,0.474491
5390,5391,74.305081,0.416657
5391,5392,74.318864,0.510666
5392,5393,74.332648,0.442333
5393,5394,74.346431,0.476154
5394,5395,74.360214,0.444903
5395,5396,74.373997,0.473994
5396,5397,74.387780,0.394794
5397,5398,74.401563,0.430989
5398,5399,74.415347,0.479607
5399,5400,74.429130,0.512031
5400,5401,74.442913,0.434580
5401,5402,74.456696,0.414086
5402,5403,74.470479,0.461443
5403,5404,74.484262,0.346376
5404,5405,74.498046,0.447051
5405,5406,74.511829,0.459217
5406,5407,74.525612,0.420043
5407,5408,74.539395,0.511084
5408,5409,74.553178,0.423572
5409,5410,74.566962,0.464143
5410,5411,74.580745,0.411067
5411,5412,74.594528,0.469106
5412,5413,74.608311,0.429048
5413,5414,74.622094,0.446119
5414,5415,74.635877,0.471580
5415,5416,74.649661,0.447616
5416,5417,74.663444,0.463071
5417,5418,74.677227,0.355259
5418,5419,74.691010,0.427109
5419,5420,74.704793,0.480395
5420,5421,74.718576,0.507007
5421,5422,74.732360,0.435439
5422,5423,74.746143,0.465967
5423,5424,74.759926,0.403051
5424,5425,74.773709,0.485393
5425,5426,74.787492,0.416563
5426,5427,74.801275,0.455169
5427,5428,74.815059,0.379910
5428,5429,74.828842,0.459709
5429,5430,74.842625,0.433629
5430,5431,74.856408,0.430195
5431,5432,74.870191,0.434021
5432,5433,74.883974,0.418774
5433,5434,74.897758,0.497125
5434,5435,74.911541,0.453937
5435,5436,74.925324,0.488416
5436,5437,74.939107,0.461800
5437,5438,74.952890,0.445317
5438,5439,74.966674,0.489447
5439,5440,74.980457,0.501220
5440,5441,74.994240,0.414997
5441,5442,75.008023,0.389172
5442,5443,75.021806,0.477617
5443,5444,75.035589,0.419173
5444,5445,75.049373,0.376877
5445,5446,75.063156,0.421279
5446,5447,75.076939,0.467432
5447,5448,75.090722,0.381902
5448,5449,75.104505,0.406934
5449,5450,75.118288,0.412069
5450,5451,75.132072,0.491156
5451,5452,75.145855,0.484044
5452,5453,75.159638,0.439965
5453,5454,75.173421,0.460532
5454,5455,75.187204,0.411909
5455,5456,75.200987,0.535349
5456,5457,75.214771,0.421766
5457,5458,75.228554,0.372230
5458,5459,75.242337,0.460432
5459,5460,75.256120,0.466800
5460,5461,75.269903,0.426785
5461,5462,75.283686,0.461863
5462,5463,75.297470,0.416725
5463,5464,75.311253,0.452356
5464,5465,75.325036,0.374019
5465,5466,75.338819,0.464935
5466,5467,75.352602,0.424971
5467,5468,75.366386,0.386783
5468,5469,75.380169,0.397330
5469,5470,75.393952,0.493049
5470,5471,75.407735,0.497301
5471,5472,75.421518,0.451324
5472,5473,75.435301,0.413255
5473,5474,75.449085,0.460765
5474,5475,75.462868,0.419379
5475,5476,75.476651,0.512389
5476,5477,75.490434,0.445705
5477,5478,75.504217,0.401731
5478,5479,75.518000,0.506018
5479,5480,75.531784,0.471461
5480,5481,75.545567,0.429424
5481,5482,75.559350,0.447571
5482,5483,75.573133,0.427771
5483,5484,75.586916,0.407364
5484,5485,75.600699,0.411845
5485,5486,75.614483,0.510150
5486,5487,75.628266,0.391561
5487,5488,75.642049,0.481441
5488,5489,75.655832,0.423372
5489,5490,75.669615,0.479852
5490,5491,75.683398,0.467635
5491,5492,75.697182,0.389475
5492,5493,75.710965,0.420985
5493,5494,75.724748,0.448296
5494,5495,75.738531,0.466342
5495,5496,75.752314,0.442339
5496,5497,75.766098,0.474090
5497,5498,75.779881,0.432621
5498,5499,75.793664,0.444433
5499,5500,75.807447,0.542871
5500,5501,75.821230,0.433578
5501,5502,75.835013,0.458387
5502,5503,75.848797,0.416760
5503,5504,75.862580,0.469259
5504,5505,75.876363,0.392069
5505,5506,75.890146,0.490893
5506,5507,75.903929,0.423093
5507,5508,75.917712,0.422488
5508,5509,75.931496,0.445799
5509,5510,75.945279,0.435978
5510,5511,75.959062,0.423145
5511,5512,75.972845,0.469603
5512,5513,75.986628,0.421916
5513,5514,76.000411,0.426468
5514,5515,76.014195,0.444994
5515,5516,76.027978,0.398500
5516,5517,76.041761,0.457361
5517,5518,76.055544,0.371379
5518,5519,76.069327,0.495890
5519,5520,76.083110,0.430863
5520,5521,76.096894,0.469589
5521,5522,76.110677,0.489083
5522,5523,76.124460,0.430471
5523,5524,76.138243,0.450450
5524,5525,76.152026,0.347611
5525,5526,76.165810,0.463014
5526,5527,76.179593,0.436025
5527,5528,76.193376,0.421371
5528,5529,76.207159,0.541563
5529,5530,76.220942,0.402926
5530,5531,76.234725,0.510136
5531,5532,76.248509,0.389465
5532,5533,76.262292,0.481421
5533,5534,76.276075,0.456059
5534,5535,76.289858,0.391713
5535,5536,76.303641,0.415544
5536,5537,76.317424,0.433284
5537,5538,76.331208,0.472358
5538,5539,76.344991,0.433962
5539,5540,76.358774,0.465908
5540,5541,76.372557,0.534663
5541,5542,76.386340,0.411021
5542,5543,76.400123,0.429375
5543,5544,76.413907,0.397300
5544,5545,76.427690,0.413599
5545,5546,76.441473,0.476119
5546,5547,76.455256,0.442968
5547,5548,76.469039,0.513338
5548,5549,76.482822,0.429481
5549,5550,76.496606,0.465839
5550,5551,76.510389,0.418714
5551,5552,76.524172,0.358600
5552,5553,76.537955,0.416752
5553,5554,76.551738,0.504609
5554,5555,76.565521,0.444306
5555,5556,76.579305,0.384213
5556,5557,76.593088,0.383410
5557,5558,76.606871,0.465222
5558,5559,76.620654,0.413051
5559,5560,76.634437,0.418122
5560,5561,76.648221,0.473211
5561,5562,76.662004,0.427099
5562,5563,76.675787,0.471412
5563,5564,76.689570,0.373271
5564,5565,76.703353,0.476074
5565,5566,76.717136,0.410393
5566,5567,76.730920,0.550916
5567,5568,76.744703,0.385113
5568,5569,76.758486,0.439369
5569,5570,76.772269,0.409657
5570,5571,76.786052,0.427293
5571,5572,76.799835,0.418064
5572,5573,76.813619,0.429199
5573,5574,76.827402,0.450263
5574,5575,76.841185,0.422283
5575,5576,76.854968,0.399165
5576,5577,76.868751,0.408086
5577,5578,76.882534,0.442794
5578,5579,76.896318,0.420345
5579,5580,76.910101,0.401724
5580,5581,76.923884,0.506235
5581,5582,76.937667,0.416653
5582,5583,76.951450,0.451992
5583,5584,76.965233,0.476197
5584,5585,76.979017,0.413488
5585,5586,76.992800,0.370644
5586,5587,77.006583,0.471579
5587,5588,77.020366,0.461149
5588,5589,77.034149,0.478779
5589,5590,77.047933,0.432828
5590,5591,77.061716,0.458890
5591,5592,77.075499,0.493706
5592,5593,77.089282,0.515000
5593,5594,77.103065,0.444679
5594,5595,77.116848,0.411413
5595,5596,77.130632,0.406799
5596,5597,77.144415,0.366637
5597,5598,77.158198,0.395400
5598,5599,77.171981,0.450323
5599,5600,77.185764,0.453510
5600,5601,77.199547,0.462290
5601,5602,77.213331,0.515576
5602,5603,77.227114,0.469532
5603,5604,77.240897,0.461805
5604,5605,77.254680,0.396992
5605,5606,77.268463,0.537127
5606,5607,77.282246,0.451800
5607,5608,77.296030,0.490870
5608,5609,77.309813,0.447153
5609,5610,77.323596,0.563637
5610,5611,77.337379,0.523849
5611,5612,77.351162,0.421080
5612,5613,77.364945,0.541425
5613,5614,77.378729,0.476741
5614,5615,77.392512,0.441864
5615,5616,77.406295,0.462228
5616,5617,77.420078,0.345908
5617,5618,77.433861,0.425459
5618,5619,77.447645,0.448662
5619,5620,77.461428,0.398064
5620,5621,77.475211,0.438999
5621,5622,77.488994,0.436143
5622,5623,77.502777,0.404088
5623,5624,77.516560,0.455304
5624,5625,77.530344,0.435702
5625,5626,77.544127,0.470188
5626,5627,77.557910,0.443520
5627,5628,77.571693,0.439728
5628,5629,77.585476,0.441892
5629,5630,77.599259,0.413136
5630,5631,77.613043,0.467694
5631,5632,77.626826,0.467416
5632,5633,77.640609,0.420983
5633,5634,77.654392,0.462667
5634,5635,77.668175,0.357768
5635,5636,77.681958,0.417237
5636,5637,77.695742,0.396704
5637,5638,77.709525,0.422300
5638,5639,77.723308,0.417064
5639,5640,77.737091,0.466330
5640,5641,77.750874,0.390946
5641,5642,77.764657,0.460572
5642,5643,77.778441,0.414196
5643,5644,77.792224,0.448467
5644,5645,77.806007,0.493325
5645,5646,77.819790,0.456956
5646,5647,77.833573,0.509780
5647,5648,77.847357,0.388420
5648,5649,77.861140,0.379620
5649,5650,77.874923,0.506434
5650,5651,77.888706,0.403904
5651,5652,77.902489,0.408816
5652,5653,77.916272,0.447197
5653,5654,77.930056,0.438550
5654,5655,77.943839,0.430926
5655,5656,77.957622,0.358013
5656,5657,77.971405,0.421795
5657,5658,77.985188,0.399383
5658,5659,77.998971,0.471694
5659,5660,78.012755,0.356398
5660,5661,78.026538,0.405242
5661,5662,78.040321,0.382382
5662,5663,78.054104,0.377995
5663,5664,78.067887,0.466229
5664,5665,78.081670,0.413992
5665,5666,78.095454,0.484677
5666,5667,78.109237,0.446412
5667,5668,78.123020,0.455954
5668,5669,78.136803,0.428662
5669,5670,78.150586,0.458400
5670,5671,78.164369,0.391184
5671,5672,78.178153,0.496829
5672,5673,78.191936,0.484055
5673,5674,78.205719,0.430886
5674,5675,78.219502,0.463322
5675,5676,78.233285,0.425666
5676,5677,78.247069,0.444156
5677,5678,78.260852,0.471648
5678,5679,78.274635,0.495380
5679,5680,78.288418,0.458603
5680,5681,78.302201,0.474181
5681,5682,78.315984,0.431687
5682,5683,78.329768,0.421014
5683,5684,78.343551,0.420682
5684,5685,78.357334,0.503170
5685,5686,78.371117,0.433870
5686,5687,78.384900,0.430445
5687,5688,78.398683,0.408731
5688,5689,78.412467,0.476647
5689,5690,78.426250,0.389145
5690,5691,78.440033,0.471291
5691,5692,78.453816,0.402902
5692,5693,78.467599,0.468739
5693,5694,78.481382,0.526892
5694,5695,78.495166,0.404830
5695,5696,78.508949,0.383718
5696,5697,78.522732,0.460791
5697,5698,78.536515,0.501374
5698,5699,78.550298,0.462745
5699,5700,78.564081,0.491182
5700,5701,78.577865,0.411347
5701,5702,78.591648,0.466892
5702,5703,78.605431,0.436681
5703,5704,78.619214,0.453725
5704,5705,78.632997,0.488883
5705,5706,78.646780,0.439914
5706,5707,78.660564,0.449099
5707,5708,78.674347,0.422615
5708,5709,78.688130,0.396416
5709,5710,78.701913,0.357820
5710,5711,78.715696,0.464693
5711,5712,78.729480,0.496038
5712,5713,78.743263,0.449637
5713,5714,78.757046,0.388609
5714,5715,78.770829,0.487059
5715,5716,78.784612,0.531820
5716,5717,78.798395,0.395667
5717,5718,78.812179,0.323677
5718,5719,78.825962,0.422172
5719,5720,78.839745,0.437755
5720,5721,78.853528,0.432086
5721,5722,78.867311,0.429809
5722,5723,78.881094,0.448806
5723,5724,78.894878,0.505761
5724,5725,78.908661,0.392356
5725,5726,78.922444,0.371398
5726,5727,78.936227,0.452709
5727,5728,78.950010,0.460095
5728,5729,78.963793,0.416899
5729,5730,78.977577,0.417309
5730,5731,78.991360,0.445917
5731,5732,79.005143,0.455611
5732,5733,79.018926,0.489179
5733,5734,79.032709,0.445886
5734,5735,79.046492,0.383373
5735,5736,79.060276,0.439980
5736,5737,79.074059,0.435017
5737,5738,79.087842,0.465026
5738,5739,79.101625,0.406818
5739,5740,79.115408,0.482667
5740,5741,79.129192,0.427239
5741,5742,79.142975,0.458546
5742,5743,79.156758,0.421013
5743,5744,79.170541,0.520458
5744,5745,79.184324,0.435687
5745,5746,79.198107,0.366707
5746,5747,79.211891,0.500225
5747,5748,79.225674,0.428120
5748,5749,79.239457,0.385899
5749,5750,79.253240,0.483641
5750,5751,79.267023,0.463695
5751,5752,79.280806,0.401913
5752,5753,79.294590,0.418043
5753,5754,79.308373,0.451246
5754,5755,79.322156,0.444215
5755,5756,79.335939,0.378837
5756,5757,79.349722,0.396595
5757,5758,79.363505,0.466157
5758,5759,79.377289,0.397889
5759,5760,79.391072,0.467446
5760,5761,79.404855,0.479249
5761,5762,79.418638,0.405700
5762,5763,79.432421,0.378105
5763,5764,79.446204,0.447890
5764,5765,79.459988,0.395850
5765,5766,79.473771,0.423906
5766,5767,79.487554,0.414012
5767,5768,79.501337,0.438945
5768,5769,79.515120,0.443354
5769,5770,79.528904,0.450723
5770,5771,79.542687,0.379868
5771,5772,79.556470,0.478012
5772,5773,79.570253,0.492253
5773,5774,79.584036,0.365324
5774,5775,79.597819,0.477508
5775,5776,79.611603,0.468729
5776,5777,79.625386,0.413988
5777,5778,79.639169,0.398878
5778,5779,79.652952,0.441486
5779,5780,79.666735,0.511518
5780,5781,79.680518,0.368242
5781,5782,79.694302,0.435308
5782,5783,79.708085,0.552972
5783,5784,79.721868,0.429106
5784,5785,79.735651,0.440474
5785,5786,79.749434,0.440833
5786,5787,79.763217,0.433804
5787,5788,79.777001,0.415369
5788,5789,79.790784,0.432142
5789,5790,79.804567,0.508956
5790,5791,79.818350,0.396838
5791,5792,79.832133,0.450131
5792,5793,79.845916,0.407623
5793,5794,79.859700,0.497028
5794,5795,79.873483,0.437591
5795,5796,79.887266,0.444269
5796,5797,79.901049,0.447588
5797,5798,79.914832,0.449880
5798,5799,79.928616,0.445618
5799,5800,79.942399,0.418470
5800,5801,79.956182,0.460778
5801,5802,79.969965,0.463251
5802,5803,79.983748,0.434540
5803,5804,79.997531,0.487604
5804,5805,80.011315,0.459265
5805,5806,80.025098,0.437680
5806,5807,80.038881,0.444233
5807,5808,80.052664,0.458824
5808,5809,80.066447,0.448402
5809,5810,80.080230,0.534654
5810,5811,80.094014,0.428117
5811,5812,80.107797,0.386319
5812,5813,80.121580,0.419551
5813,5814,80.135363,0.375341
5814,5815,80.149146,0.481761
5815,5816,80.162929,0.483039
5816,5817,80.176713,0.384422
5817,5818,80.190496,0.509806
5818,5819,80.204279,0.442313
5819,5820,80.218062,0.459434
5820,5821,80.231845,0.468577
5821,5822,80.245628,0.446627
5822,5823,80.259412,0.465973
5823,5824,80.273195,0.408340
5824,5825,80.286978,0.414428
5825,5826,80.300761,0.404734
5826,5827,80.314544,0.457587
5827,5828,80.328328,0.384694
5828,5829,80.342111,0.431173
5829,5830,80.355894,0.438330
5830,5831,80.369677,0.416077
5831,5832,80.383460,0.415106
5832,5833,80.397243,0.461207
5833,5834,80.411027,0.443749
5834,5835,80.424810,0.416783
5835,5836,80.438593,0.450988
5836,5837,80.452376,0.454775
5837,5838,80.466159,0.457943
5838,5839,80.479942,0.471264
5839,5840,80.493726,0.428704
5840,5841,80.507509,0.476651
5841,5842,80.521292,0.451044
5842,5843,80.535075,0.429366
5843,5844,80.548858,0.454377
5844,5845,80.562641,0.417060
5845,5846,80.576425,0.434845
5846,5847,80.590208,0.438124
5847,5848,80.603991,0.462444
5848,5849,80.617774,0.424790
5849,5850,80.631557,0.388832
5850,5851,80.645340,0.434567
5851,5852,80.659124,0.450408
5852,5853,80.672907,0.486977
5853,5854,80.686690,0.437280
5854,5855,80.700473,0.453359
5855,5856,80.714256,0.440642
5856,5857,80.728039,0.464335
5857,5858,80.741823,0.381124
5858,5859,80.755606,0.441908
5859,5860,80.769389,0.522505
5860,5861,80.783172,0.428636
5861,5862,80.796955,0.453781
5862,5863,80.810739,0.359706
5863,5864,80.824522,0.415725
5864,5865,80.838305,0.493458
5865,5866,80.852088,0.494031
5866,5867,80.865871,0.482749
5867,5868,80.879654,0.457412
5868,5869,80.893438,0.464739
5869,5870,80.907221,0.429739
5870,5871,80.921004,0.438026
5871,5872,80.934787,0.474511
5872,5873,80.948570,0.484310
5873,5874,80.962353,0.380404
5874,5875,80.976137,0.385580
5875,5876,80.989920,0.448609
5876,5877,81.003703,0.377587
5877,5878,81.017486,0.467534
5878,5879,81.031269,0.440607
5879,5880,81.045052,0.384329
5880,5881,81.058836,0.433328
5881,5882,81.072619,0.392343
5882,5883,81.086402,0.381974
5883,5884,81.100185,0.471300
5884,5885,81.113968,0.442996
5885,5886,81.127751,0.396786
5886,5887,81.141535,0.450262
5887,5888,81.155318,0.424148
5888,5889,81.169101,0.498724
5889,5890,81.182884,0.417559
5890,5891,81.196667,0.502058
5891,5892,81.210451,0.393160
5892,5893,81.224234,0.446383
5893,5894,81.238017,0.402551
5894,5895,81.251800,0.379626
5895,5896,81.265583,0.457633
5896,5897,81.279366,0.443398
5897,5898,81.293150,0.444029
5898,5899,81.306933,0.450752
5899,5900,81.320716,0.430121
5900,5901,81.334499,0.493613
5901,5902,81.348282,0.429102
5902,5903,81.362065,0.449024
5903,5904,81.375849,0.477509
5904,5905,81.389632,0.393054
5905,5906,81.403415,0.454285
5906,5907,81.417198,0.419507
5907,5908,81.430981,0.468073
5908,5909,81.444764,0.436551
5909,5910,81.458548,0.471090
5910,5911,81.472331,0.475901
5911,5912,81.486114,0.413237
5912,5913,81.499897,0.415942
5913,5914,81.513680,0.379383
5914,5915,81.527463,0.489797
5915,5916,81.541247,0.378305
5916,5917,81.555030,0.444767
5917,5918,81.568813,0.435414
5918,5919,81.582596,0.432390
5919,5920,81.596379,0.574934
5920,5921,81.610163,0.469886
5921,5922,81.623946,0.508794
5922,5923,81.637729,0.434636
5923,5924,81.651512,0.477907
5924,5925,81.665295,0.470184
5925,5926,81.679078,0.423874
5926,5927,81.692862,0.427394
5927,5928,81.706645,0.530513
5928,5929,81.720428,0.425673
5929,5930,81.734211,0.530036
5930,5931,81.747994,0.488636
5931,5932,81.761777,0.452855
5932,5933,81.775561,0.426777
5933,5934,81.789344,0.531909
5934,5935,81.803127,0.426467
5935,5936,81.816910,0.471587
5936,5937,81.830693,0.511327
5937,5938,81.844476,0.506117
5938,5939,81.858260,0.371161
5939,5940,81.872043,0.481672
5940,5941,81.885826,0.391328
5941,5942,81.899609,0.374171
5942,5943,81.913392,0.461318
5943,5944,81.927175,0.471317
5944,5945,81.940959,0.450454
5945,5946,81.954742,0.391382
5946,5947,81.968525,0.409103
5947,5948,81.982308,0.464076
5948,5949,81.996091,0.411865
5949,5950,82.009875,0.398010
5950,5951,82.023658,0.495895
5951,5952,82.037441,0.414025
5952,5953,82.051224,0.420722
5953,5954,82.065007,0.483921
5954,5955,82.078790,0.419689
5955,5956,82.092574,0.381751
5956,5957,82.106357,0.457148
5957,5958,82.120140,0.447829
5958,5959,82.133923,0.462915
5959,5960,82.147706,0.417324
5960,5961,82.161489,0.410253
5961,5962,82.175273,0.412325
5962,5963,82.189056,0.420409
5963,5964,82.202839,0.557537
5964,5965,82.216622,0.487768
5965,5966,82.230405,0.444200
5966,5967,82.244188,0.473759
5967,5968,82.257972,0.422561
5968,5969,82.271755,0.391349
5969,5970,82.285538,0.486546
5970,5971,82.299321,0.305549
5971,5972,82.313104,0.451780
5972,5973,82.326887,0.405595
5973,5974,82.340671,0.470365
5974,5975,82.354454,0.402399
5975,5976,82.368237,0.411664
5976,5977,82.382020,0.418779
5977,5978,82.395803,0.446576
5978,5979,82.409587,0.400780
5979,5980,82.423370,0.509675
5980,5981,82.437153,0.407140
5981,5982,82.450936,0.395248
5982,5983,82.464719,0.358256
5983,5984,82.478502,0.356977
5984,5985,82.492286,0.475187
5985,5986,82.506069,0.485745
5986,5987,82.519852,0.419465
5987,5988,82.533635,0.381081
5988,5989,82.547418,0.506638
5989,5990,82.561201,0.369517
5990,5991,82.574985,0.470251
5991,5992,82.588768,0.402355
5992,5993,82.602551,0.467776
5993,5994,82.616334,0.426131
5994,5995,82.630117,0.384879
5995,5996,82.643900,0.442181
5996,5997,82.657684,0.451149
5997,5998,82.671467,0.463087
5998,5999,82.685250,0.422859
5999,6000,82.699033,0.531343
6000,6001,82.712816,0.474116
6001,6002,82.726599,0.403613
6002,6003,82.740383,0.447246
6003,6004,82.754166,0.435632
6004,6005,82.767949,0.415394
6005,6006,82.781732,0.456916
6006,6007,82.795515,0.427520
6007,6008,82.809298,0.437294
6008,6009,82.823082,0.454720
6009,6010,82.836865,0.463637
6010,6011,82.850648,0.356332
6011,6012,82.864431,0.436464
6012,6013,82.878214,0.500798
6013,6014,82.891998,0.402544
6014,6015,82.905781,0.432204
6015,6016,82.919564,0.446781
6016,6017,82.933347,0.471603
6017,6018,82.947130,0.411344
6018,6019,82.960913,0.490073
6019,6020,82.974697,0.400140
6020,6021,82.988480,0.459161
6021,6022,83.002263,0.511055
6022,6023,83.016046,0.443125
6023,6024,83.029829,0.446105
6024,6025,83.043612,0.446570
6025,6026,83.057396,0.397831
6026,6027,83.071179,0.397819
6027,6028,83.084962,0.537548
6028,6029,83.098745,0.402870
6029,6030,83.112528,0.409664
6030,6031,83.126311,0.461050
6031,6032,83.140095,0.471832
6032,6033,83.153878,0.479784
6033,6034,83.167661,0.412228
6034,6035,83.181444,0.416130
6035,6036,83.195227,0.499073
6036,6037,83.209010,0.458822
6037,6038,83.222794,0.489048
6038,6039,83.236577,0.427597
6039,6040,83.250360,0.469329
6040,6041,83.264143,0.462520
6041,6042,83.277926,0.455443
6042,6043,83.291710,0.465813
6043,6044,83.305493,0.495751
6044,6045,83.319276,0.503961
6045,6046,83.333059,0.443109
6046,6047,83.346842,0.407494
6047,6048,83.360625,0.395818
6048,6049,83.374409,0.434661
6049,6050,83.388192,0.398616
6050,6051,83.401975,0.424577
6051,6052,83.415758,0.356444
6052,6053,83.429541,0.418051
6053,6054,83.443324,0.478093
6054,6055,83.457108,0.377572
6055,6056,83.470891,0.446513
6056,6057,83.484674,0.464556
6057,6058,83.498457,0.450533
6058,6059,83.512240,0.444780
6059,6060,83.526023,0.501284
6060,6061,83.539807,0.441239
6061,6062,83.553590,0.503133
6062,6063,83.567373,0.378854
6063,6064,83.581156,0.403904
6064,6065,83.594939,0.429391
6065,6066,83.608722,0.453083
6066,6067,83.622506,0.440017
6067,6068,83.636289,0.429431
6068,6069,83.650072,0.461690
6069,6070,83.663855,0.400387
6070,6071,83.677638,0.479564
6071,6072,83.691422,0.388562
6072,6073,83.705205,0.426257
6073,6074,83.718988,0.465924
6074,6075,83.732771,0.439773
6075,6076,83.746554,0.393006
6076,6077,83.760337,0.433973
6077,6078,83.774121,0.390273
6078,6079,83.787904,0.412879
6079,6080,83.801687,0.438195
6080,6081,83.815470,0.408575
6081,6082,83.829253,0.444951
6082,6083,83.843036,0.427408
6083,6084,83.856820,0.442965
6084,6085,83.870603,0.405364
6085,6086,83.884386,0.373702
6086,6087,83.898169,0.431667
6087,6088,83.911952,0.456043
6088,6089,83.925735,0.391930
6089,6090,83.939519,0.438407
6090,6091,83.953302,0.388815
6091,6092,83.967085,0.405274
6092,6093,83.980868,0.429249
6093,6094,83.994651,0.413226
6094,6095,84.008434,0.381398
6095,6096,84.022218,0.445211
6096,6097,84.036001,0.503257
6097,6098,84.049784,0.444180
6098,6099,84.063567,0.454236
6099,6100,84.077350,0.476203
6100,6101,84.091134,0.384276
6101,6102,84.104917,0.454515
6102,6103,84.118700,0.491017
6103,6104,84.132483,0.512407
6104,6105,84.146266,0.504714
6105,6106,84.160049,0.413734
6106,6107,84.173833,0.459132
6107,6108,84.187616,0.542259
6108,6109,84.201399,0.465300
6109,6110,84.215182,0.450160
6110,6111,84.228965,0.509548
6111,6112,84.242748,0.435540
6112,6113,84.256532,0.500050
6113,6114,84.270315,0.430590
6114,6115,84.284098,0.489007
6115,6116,84.297881,0.488720
6116,6117,84.311664,0.402249
6117,6118,84.325447,0.467684
6118,6119,84.339231,0.432452
6119,6120,84.353014,0.518558
6120,6121,84.366797,0.428180
6121,6122,84.380580,0.425092
6122,6123,84.394363,0.425559
6123,6124,84.408146,0.417058
6124,6125,84.421930,0.387934
6125,6126,84.435713,0.484179
6126,6127,84.449496,0.433301
6127,6128,84.463279,0.367445
6128,6129,84.477062,0.416836
6129,6130,84.490846,0.441025
6130,6131,84.504629,0.338922
6131,6132,84.518412,0.491575
6132,6133,84.532195,0.425673
6133,6134,84.545978,0.468880
6134,6135,84.559761,0.427831
6135,6136,84.573545,0.513588
6136,6137,84.587328,0.395149
6137,6138,84.601111,0.389939
6138,6139,84.614894,0.506882
6139,6140,84.628677,0.400264
6140,6141,84.642460,0.484490
6141,6142,84.656244,0.442162
6142,6143,84.670027,0.456773
6143,6144,84.683810,0.417622
6144,6145,84.697593,0.452848
6145,6146,84.711376,0.411752
6146,6147,84.725159,0.405341
6147,6148,84.738943,0.461803
6148,6149,84.752726,0.464030
6149,6150,84.766509,0.445877
6150,6151,84.780292,0.468929
6151,6152,84.794075,0.418013
6152,6153,84.807858,0.433611
6153,6154,84.821642,0.416670
6154,6155,84.835425,0.438201
6155,6156,84.849208,0.469340
6156,6157,84.862991,0.470765
6157,6158,84.876774,0.466603
6158,6159,84.890557,0.443013
6159,6160,84.904341,0.407527
6160,6161,84.918124,0.454675
6161,6162,84.931907,0.458283
6162,6163,84.945690,0.464330
6163,6164,84.959473,0.472912
6164,6165,84.973257,0.501915
6165,6166,84.987040,0.436786
6166,6167,85.000823,0.428943
6167,6168,85.014606,0.472040
6168,6169,85.028389,0.461322
6169,6170,85.042172,0.365181
6170,6171,85.055956,0.385876
6171,6172,85.069739,0.366140
6172,6173,85.083522,0.420152
6173,6174,85.097305,0.432576
6174,6175,85.111088,0.433380
6175,6176,85.124871,0.427486
6176,6177,85.138655,0.426507
6177,6178,85.152438,0.441129
6178,6179,85.166221,0.500816
6179,6180,85.180004,0.381708
6180,6181,85.193787,0.494938
6181,6182,85.207570,0.428375
6182,6183,85.221354,0.396675
6183,6184,85.235137,0.390630
6184,6185,85.248920,0.497040
6185,6186,85.262703,0.469409
6186,6187,85.276486,0.582321
6187,6188,85.290269,0.440937
6188,6189,85.304053,0.438091
6189,6190,85.317836,0.444896
6190,6191,85.331619,0.406673
6191,6192,85.345402,0.480188
6192,6193,85.359185,0.392814
6193,6194,85.372969,0.432130
6194,6195,85.386752,0.377481
6195,6196,85.400535,0.404757
6196,6197,85.414318,0.430099
6197,6198,85.428101,0.457355
6198,6199,85.441884,0.464408
6199,6200,85.455668,0.481900
6200,6201,85.469451,0.406024
6201,6202,85.483234,0.461060
6202,6203,85.497017,0.487904
6203,6204,85.510800,0.410065
6204,6205,85.524583,0.330908
6205,6206,85.538367,0.417808
6206,6207,85.552150,0.418241
6207,6208,85.565933,0.433256
6208,6209,85.579716,0.420306
6209,6210,85.593499,0.434728
6210,6211,85.607282,0.372892
6211,6212,85.621066,0.480672
6212,6213,85.634849,0.418333
6213,6214,85.648632,0.429767
6214,6215,85.662415,0.423842
6215,6216,85.676198,0.414349
6216,6217,85.689981,0.425700
6217,6218,85.703765,0.498674
6218,6219,85.717548,0.467320
6219,6220,85.731331,0.448325
6220,6221,85.745114,0.425380
6221,6222,85.758897,0.445989
6222,6223,85.772681,0.420679
6223,6224,85.786464,0.411346
6224,6225,85.800247,0.421167
6225,6226,85.814030,0.449375
6226,6227,85.827813,0.491346
6227,6228,85.841596,0.459068
6228,6229,85.855380,0.398212
6229,6230,85.869163,0.450370
6230,6231,85.882946,0.463377
6231,6232,85.896729,0.395058
6232,6233,85.910512,0.485095
6233,6234,85.924295,0.396554
6234,6235,85.938079,0.467200
6235,6236,85.951862,0.400142
6236,6237,85.965645,0.406582
6237,6238,85.979428,0.477747
6238,6239,85.993211,0.449748
6239,6240,86.006994,0.438128
6240,6241,86.020778,0.453636
6241,6242,86.034561,0.453495
6242,6243,86.048344,0.468548
6243,6244,86.062127,0.412821
6244,6245,86.075910,0.430232
6245,6246,86.089693,0.450119
6246,6247,86.103477,0.443007
6247,6248,86.117260,0.491191
6248,6249,86.131043,0.453253
6249,6250,86.144826,0.422903
6250,6251,86.158609,0.400004
6251,6252,86.172393,0.481016
6252,6253,86.186176,0.459182
6253,6254,86.199959,0.432105
6254,6255,86.213742,0.480367
6255,6256,86.227525,0.488874
6256,6257,86.241308,0.504192
6257,6258,86.255092,0.497755
6258,6259,86.268875,0.494826
6259,6260,86.282658,0.413559
6260,6261,86.296441,0.473041
6261,6262,86.310224,0.487246
6262,6263,86.324007,0.471772
6263,6264,86.337791,0.450724
6264,6265,86.351574,0.376955
6265,6266,86.365357,0.457231
6266,6267,86.379140,0.497189
6267,6268,86.392923,0.445594
6268,6269,86.406706,0.448974
6269,6270,86.420490,0.483543
6270,6271,86.434273,0.497082
6271,6272,86.448056,0.495790
6272,6273,86.461839,0.399397
6273,6274,86.475622,0.452021
6274,6275,86.489405,0.440205
6275,6276,86.503189,0.438004
6276,6277,86.516972,0.427410
6277,6278,86.530755,0.376958
6278,6279,86.544538,0.422954
6279,6280,86.558321,0.399078
6280,6281,86.572105,0.481306
6281,6282,86.585888,0.495682
6282,6283,86.599671,0.424861
6283,6284,86.613454,0.490996
6284,6285,86.627237,0.426410
6285,6286,86.641020,0.490530
6286,6287,86.654804,0.473057
6287,6288,86.668587,0.414736
6288,6289,86.682370,0.406517
6289,6290,86.696153,0.445902
6290,6291,86.709936,0.447127
6291,6292,86.723719,0.488722
6292,6293,86.737503,0.482516
6293,6294,86.751286,0.457874
6294,6295,86.765069,0.501226
6295,6296,86.778852,0.417866
6296,6297,86.792635,0.450160
6297,6298,86.806418,0.413085
6298,6299,86.820202,0.425137
6299,6300,86.833985,0.484833
6300,6301,86.847768,0.444861
6301,6302,86.861551,0.463160
6302,6303,86.875334,0.353815
6303,6304,86.889117,0.438637
6304,6305,86.902901,0.513280
6305,6306,86.916684,0.393846
6306,6307,86.930467,0.431834
6307,6308,86.944250,0.465861
6308,6309,86.958033,0.399517
6309,6310,86.971816,0.399652
6310,6311,86.985600,0.386601
6311,6312,86.999383,0.448483
6312,6313,87.013166,0.376066
6313,6314,87.026949,0.453102
6314,6315,87.040732,0.563791
6315,6316,87.054516,0.436435
6316,6317,87.068299,0.523145
6317,6318,87.082082,0.492474
6318,6319,87.095865,0.455509
6319,6320,87.109648,0.454016
6320,6321,87.123431,0.425940
6321,6322,87.137215,0.394228
6322,6323,87.150998,0.406185
6323,6324,87.164781,0.430427
6324,6325,87.178564,0.431509
6325,6326,87.192347,0.461763
6326,6327,87.206130,0.404879
6327,6328,87.219914,0.434123
6328,6329,87.233697,0.435881
6329,6330,87.247480,0.453572
6330,6331,87.261263,0.465883
6331,6332,87.275046,0.385114
6332,6333,87.288829,0.436686
6333,6334,87.302613,0.501857
6334,6335,87.316396,0.398934
6335,6336,87.330179,0.399433
6336,6337,87.343962,0.470182
6337,6338,87.357745,0.338770
6338,6339,87.371528,0.425216
6339,6340,87.385312,0.428562
6340,6341,87.399095,0.476312
6341,6342,87.412878,0.492091
6342,6343,87.426661,0.467951
6343,6344,87.440444,0.465875
6344,6345,87.454228,0.542985
6345,6346,87.468011,0.450980
6346,6347,87.481794,0.442293
6347,6348,87.495577,0.450226
6348,6349,87.509360,0.431699
6349,6350,87.523143,0.379930
6350,6351,87.536927,0.460063
6351,6352,87.550710,0.417471
6352,6353,87.564493,0.341560
6353,6354,87.578276,0.468870
6354,6355,87.592059,0.548954
6355,6356,87.605842,0.462538
6356,6357,87.619626,0.485766
6357,6358,87.633409,0.404855
6358,6359,87.647192,0.339666
6359,6360,87.660975,0.488900
6360,6361,87.674758,0.444618
6361,6362,87.688541,0.468076
6362,6363,87.702325,0.490298
6363,6364,87.716108,0.417566
6364,6365,87.729891,0.376165
6365,6366,87.743674,0.484771
6366,6367,87.757457,0.454216
6367,6368,87.771240,0.364228
6368,6369,87.785024,0.512167
6369,6370,87.798807,0.489189
6370,6371,87.812590,0.427918
6371,6372,87.826373,0.359453
6372,6373,87.840156,0.460533
6373,6374,87.853940,0.401859
6374,6375,87.867723,0.442260
6375,6376,87.881506,0.495939
6376,6377,87.895289,0.483178
6377,6378,87.909072,0.433188
6378,6379,87.922855,0.463572
6379,6380,87.936639,0.501690
6380,6381,87.950422,0.433248
6381,6382,87.964205,0.429823
6382,6383,87.977988,0.418819
6383,6384,87.991771,0.461048
6384,6385,88.005554,0.477266
6385,6386,88.019338,0.474424
6386,6387,88.033121,0.452124
6387,6388,88.046904,0.496790
6388,6389,88.060687,0.433951
6389,6390,88.074470,0.440330
6390,6391,88.088253,0.422201
6391,6392,88.102037,0.470325
6392,6393,88.115820,0.421209
6393,6394,88.129603,0.474590
6394,6395,88.143386,0.423507
6395,6396,88.157169,0.390605
6396,6397,88.170952,0.418709
6397,6398,88.184736,0.485393
6398,6399,88.198519,0.321645
6399,6400,88.212302,0.488552
6400,6401,88.226085,0.480807
6401,6402,88.239868,0.453019
6402,6403,88.253652,0.491740
6403,6404,88.267435,0.482884
6404,6405,88.281218,0.550918
6405,6406,88.295001,0.437377
6406,6407,88.308784,0.566318
6407,6408,88.322567,0.378992
6408,6409,88.336351,0.436975
6409,6410,88.350134,0.523008
6410,6411,88.363917,0.459615
6411,6412,88.377700,0.446622
6412,6413,88.391483,0.489375
6413,6414,88.405266,0.472688
6414,6415,88.419050,0.416505
6415,6416,88.432833,0.521342
6416,6417,88.446616,0.395486
6417,6418,88.460399,0.457706
6418,6419,88.474182,0.436421
6419,6420,88.487965,0.356015
6420,6421,88.501749,0.449606
6421,6422,88.515532,0.381955
6422,6423,88.529315,0.443587
6423,6424,88.543098,0.383586
6424,6425,88.556881,0.495328
6425,6426,88.570664,0.510864
6426,6427,88.584448,0.470430
6427,6428,88.598231,0.475725
6428,6429,88.612014,0.396115
6429,6430,88.625797,0.517366
6430,6431,88.639580,0.442927
6431,6432,88.653364,0.390477
6432,6433,88.667147,0.501556
6433,6434,88.680930,0.418522
6434,6435,88.694713,0.526034
6435,6436,88.708496,0.452555
6436,6437,88.722279,0.355426
6437,6438,88.736063,0.444721
6438,6439,88.749846,0.450961
6439,6440,88.763629,0.487316
6440,6441,88.777412,0.491275
6441,6442,88.791195,0.417899
6442,6443,88.804978,0.439983
6443,6444,88.818762,0.461372
6444,6445,88.832545,0.508662
6445,6446,88.846328,0.359400
6446,6447,88.860111,0.432689
6447,6448,88.873894,0.458303
6448,6449,88.887677,0.416201
6449,6450,88.901461,0.425126
6450,6451,88.915244,0.441952
6451,6452,88.929027,0.415155
6452,6453,88.942810,0.397104
6453,6454,88.956593,0.392220
6454,6455,88.970376,0.470053
6455,6456,88.984160,0.428815
6456,6457,88.997943,0.447647
6457,6458,89.011726,0.472517
6458,6459,89.025509,0.545065
6459,6460,89.039292,0.489753
6460,6461,89.053075,0.518888
6461,6462,89.066859,0.393111
6462,6463,89.080642,0.325095
6463,6464,89.094425,0.423282
6464,6465,89.108208,0.435474
6465,6466,89.121991,0.463481
6466,6467,89.135775,0.415701
6467,6468,89.149558,0.503703
6468,6469,89.163341,0.381219
6469,6470,89.177124,0.484516
6470,6471,89.190907,0.492204
6471,6472,89.204690,0.368780
6472,6473,89.218474,0.418035
6473,6474,89.232257,0.476229
6474,6475,89.246040,0.429244
6475,6476,89.259823,0.408706
6476,6477,89.273606,0.466642
6477,6478,89.287389,0.338300
6478,6479,89.301173,0.366559
6479,6480,89.314956,0.374130
6480,6481,89.328739,0.401100
6481,6482,89.342522,0.422313
6482,6483,89.356305,0.414476
6483,6484,89.370088,0.460338
6484,6485,89.383872,0.479519
6485,6486,89.397655,0.490184
6486,6487,89.411438,0.381503
6487,6488,89.425221,0.494308
6488,6489,89.439004,0.479719
6489,6490,89.452787,0.415011
6490,6491,89.466571,0.408436
6491,6492,89.480354,0.478057
6492,6493,89.494137,0.469588
6493,6494,89.507920,0.482307
6494,6495,89.521703,0.385652
6495,6496,89.535487,0.441740
6496,6497,89.549270,0.449945
6497,6498,89.563053,0.433740
6498,6499,89.576836,0.480128
6499,6500,89.590619,0.419446
6500,6501,89.604402,0.435316
6501,6502,89.618186,0.478822
6502,6503,89.631969,0.410395
6503,6504,89.645752,0.372223
6504,6505,89.659535,0.406844
6505,6506,89.673318,0.358067
6506,6507,89.687101,0.436791
6507,6508,89.700885,0.446189
6508,6509,89.714668,0.440949
6509,6510,89.728451,0.447508
6510,6511,89.742234,0.402930
6511,6512,89.756017,0.421628
6512,6513,89.769800,0.372696
6513,6514,89.783584,0.383041
6514,6515,89.797367,0.447484
6515,6516,89.811150,0.472630
6516,6517,89.824933,0.440928
6517,6518,89.838716,0.441613
6518,6519,89.852499,0.428115
6519,6520,89.866283,0.468225
6520,6521,89.880066,0.491438
6521,6522,89.893849,0.432828
6522,6523,89.907632,0.461416
6523,6524,89.921415,0.374966
6524,6525,89.935199,0.431399
6525,6526,89.948982,0.420319
6526,6527,89.962765,0.372735
6527,6528,89.976548,0.464019
6528,6529,89.990331,0.441407
6529,6530,90.004114,0.441785
6530,6531,90.017898,0.526721
6531,6532,90.031681,0.444294
6532,6533,90.045464,0.419689
6533,6534,90.059247,0.456508
6534,6535,90.073030,0.459414
6535,6536,90.086813,0.339552
6536,6537,90.100597,0.423932
6537,6538,90.114380,0.417501
6538,6539,90.128163,0.462758
6539,6540,90.141946,0.444532
6540,6541,90.155729,0.389037
6541,6542,90.169512,0.483069
6542,6543,90.183296,0.413328
6543,6544,90.197079,0.363093
6544,6545,90.210862,0.430090
6545,6546,90.224645,0.383794
6546,6547,90.238428,0.471613
6547,6548,90.252211,0.477810
6548,6549,90.265995,0.443524
6549,6550,90.279778,0.439047
6550,6551,90.293561,0.426081
6551,6552,90.307344,0.415000
6552,6553,90.321127,0.449978
6553,6554,90.334911,0.464544
6554,6555,90.348694,0.422030
6555,6556,90.362477,0.453677
6556,6557,90.376260,0.379056
6557,6558,90.390043,0.469196
6558,6559,90.403826,0.470777
6559,6560,90.417610,0.515620
6560,6561,90.431393,0.408421
6561,6562,90.445176,0.440567
6562,6563,90.458959,0.460712
6563,6564,90.472742,0.458913
6564,6565,90.486525,0.362938
6565,6566,90.500309,0.414641
6566,6567,90.514092,0.408385
6567,6568,90.527875,0.510443
6568,6569,90.541658,0.413919
6569,6570,90.555441,0.424241
6570,6571,90.569224,0.380406
6571,6572,90.583008,0.470635
6572,6573,90.596791,0.465873
6573,6574,90.610574,0.453412
6574,6575,90.624357,0.476912
6575,6576,90.638140,0.410309
6576,6577,90.651923,0.443803
6577,6578,90.665707,0.463990
6578,6579,90.679490,0.418440
6579,6580,90.693273,0.445816
6580,6581,90.707056,0.343166
6581,6582,90.720839,0.410805
6582,6583,90.734623,0.421361
6583,6584,90.748406,0.455302
6584,6585,90.762189,0.377347
6585,6586,90.775972,0.457377
6586,6587,90.789755,0.419266
6587,6588,90.803538,0.430103
6588,6589,90.817322,0.424256
6589,6590,90.831105,0.456901
6590,6591,90.844888,0.447996
6591,6592,90.858671,0.449396
6592,6593,90.872454,0.370838
6593,6594,90.886237,0.527182
6594,6595,90.900021,0.444438
6595,6596,90.913804,0.389685
6596,6597,90.927587,0.449025
6597,6598,90.941370,0.406287
6598,6599,90.955153,0.428522
6599,6600,90.968936,0.500520
6600,6601,90.982720,0.547904
6601,6602,90.996503,0.425817
6602,6603,91.010286,0.451115
6603,6604,91.024069,0.441286
6604,6605,91.037852,0.434488
6605,6606,91.051635,0.457856
6606,6607,91.065419,0.479550
6607,6608,91.079202,0.449796
6608,6609,91.092985,0.441247
6609,6610,91.106768,0.407864
6610,6611,91.120551,0.431698
6611,6612,91.134334,0.411989
6612,6613,91.148118,0.483184
6613,6614,91.161901,0.543358
6614,6615,91.175684,0.461585
6615,6616,91.189467,0.416813
6616,6617,91.203250,0.508416
6617,6618,91.217034,0.459587
6618,6619,91.230817,0.476079
6619,6620,91.244600,0.417733
6620,6621,91.258383,0.304995
6621,6622,91.272166,0.447988
6622,6623,91.285949,0.453043
6623,6624,91.299733,0.465716
6624,6625,91.313516,0.385365
6625,6626,91.327299,0.496910
6626,6627,91.341082,0.364261
6627,6628,91.354865,0.389129
6628,6629,91.368648,0.497878
6629,6630,91.382432,0.437458
6630,6631,91.396215,0.492175
6631,6632,91.409998,0.447218
6632,6633,91.423781,0.396206
6633,6634,91.437564,0.381694
6634,6635,91.451347,0.454320
6635,6636,91.465131,0.462495
6636,6637,91.478914,0.434127
6637,6638,91.492697,0.480254
6638,6639,91.506480,0.411818
6639,6640,91.520263,0.457222
6640,6641,91.534046,0.491506
6641,6642,91.547830,0.376787
6642,6643,91.561613,0.448981
6643,6644,91.575396,0.445837
6644,6645,91.589179,0.489098
6645,6646,91.602962,0.491206
6646,6647,91.616746,0.473551
6647,6648,91.630529,0.445816
6648,6649,91.644312,0.453065
6649,6650,91.658095,0.403885
6650,6651,91.671878,0.474840
6651,6652,91.685661,0.465227
6652,6653,91.699445,0.399799
6653,6654,91.713228,0.495458
6654,6655,91.727011,0.383290
6655,6656,91.740794,0.508364
6656,6657,91.754577,0.510857
6657,6658,91.768360,0.523447
6658,6659,91.782144,0.445101
6659,6660,91.795927,0.478982
6660,6661,91.809710,0.375577
6661,6662,91.823493,0.463807
6662,6663,91.837276,0.459336
6663,6664,91.851059,0.442672
6664,6665,91.864843,0.435541
6665,6666,91.878626,0.398110
6666,6667,91.892409,0.519256
6667,6668,91.906192,0.468180
6668,6669,91.919975,0.465790
6669,6670,91.933758,0.397039
6670,6671,91.947542,0.468718
6671,6672,91.961325,0.433072
6672,6673,91.975108,0.372554
6673,6674,91.988891,0.500566
6674,6675,92.002674,0.422007
6675,6676,92.016458,0.520667
6676,6677,92.030241,0.439041
6677,6678,92.044024,0.380698
6678,6679,92.057807,0.424101
6679,6680,92.071590,0.397953
6680,6681,92.085373,0.388442
6681,6682,92.099157,0.461702
6682,6683,92.112940,0.463897
6683,6684,92.126723,0.439963
6684,6685,92.140506,0.384084
6685,6686,92.154289,0.444707
6686,6687,92.168072,0.424433
6687,6688,92.181856,0.547265
6688,6689,92.195639,0.460548
6689,6690,92.209422,0.399257
6690,6691,92.223205,0.369535
6691,6692,92.236988,0.388031
6692,6693,92.250771,0.420476
6693,6694,92.264555,0.463468
6694,6695,92.278338,0.389660
6695,6696,92.292121,0.424921
6696,6697,92.305904,0.376736
6697,6698,92.319687,0.459615
6698,6699,92.333470,0.461796
6699,6700,92.347254,0.409690
6700,6701,92.361037,0.443203
6701,6702,92.374820,0.542984
6702,6703,92.388603,0.379882
6703,6704,92.402386,0.430972
6704,6705,92.416170,0.461324
6705,6706,92.429953,0.378861
6706,6707,92.443736,0.490820
6707,6708,92.457519,0.465232
6708,6709,92.471302,0.435570
6709,6710,92.485085,0.402295
6710,6711,92.498869,0.564039
6711,6712,92.512652,0.417629
6712,6713,92.526435,0.408439
6713,6714,92.540218,0.409717
6714,6715,92.554001,0.501336
6715,6716,92.567784,0.447526
6716,6717,92.581568,0.475364
6717,6718,92.595351,0.456788
6718,6719,92.609134,0.408458
6719,6720,92.622917,0.450572
6720,6721,92.636700,0.476819
6721,6722,92.650483,0.465443
6722,6723,92.664267,0.417183
6723,6724,92.678050,0.470184
6724,6725,92.691833,0.473138
6725,6726,92.705616,0.432312
6726,6727,92.719399,0.399069
6727,6728,92.733182,0.424557
6728,6729,92.746966,0.443727
6729,6730,92.760749,0.436395
6730,6731,92.774532,0.468446
6731,6732,92.788315,0.467469
6732,6733,92.802098,0.413798
6733,6734,92.815882,0.411681
6734,6735,92.829665,0.505984
6735,6736,92.843448,0.454430
6736,6737,92.857231,0.405756
6737,6738,92.871014,0.472467
6738,6739,92.884797,0.450991
6739,6740,92.898581,0.502777
6740,6741,92.912364,0.533837
6741,6742,92.926147,0.446824
6742,6743,92.939930,0.419517
6743,6744,92.953713,0.458110
6744,6745,92.967496,0.446955
6745,6746,92.981280,0.443417
6746,6747,92.995063,0.475423
6747,6748,93.008846,0.414986
6748,6749,93.022629,0.491648
6749,6750,93.036412,0.415853
6750,6751,93.050195,0.402823
6751,6752,93.063979,0.449636
6752,6753,93.077762,0.449181
6753,6754,93.091545,0.431261
6754,6755,93.105328,0.446966
6755,6756,93.119111,0.530760
6756,6757,93.132894,0.455504
6757,6758,93.146678,0.394579
6758,6759,93.160461,0.471900
6759,6760,93.174244,0.428361
6760,6761,93.188027,0.411699
6761,6762,93.201810,0.459731
6762,6763,93.215593,0.410376
6763,6764,93.229377,0.471162
6764,6765,93.243160,0.436728
6765,6766,93.256943,0.419934
6766,6767,93.270726,0.481637
6767,6768,93.284509,0.406674
6768,6769,93.298293,0.446071
6769,6770,93.312076,0.429792
6770,6771,93.325859,0.486718
6771,6772,93.339642,0.480153
6772,6773,93.353425,0.402688
6773,6774,93.367208,0.461618
6774,6775,93.380992,0.409058
6775,6776,93.394775,0.527017
6776,6777,93.408558,0.473035
6777,6778,93.422341,0.496274
6778,6779,93.436124,0.510247
6779,6780,93.449907,0.406269
6780,6781,93.463691,0.406066
6781,6782,93.477474,0.502994
6782,6783,93.491257,0.465359
6783,6784,93.505040,0.408151
6784,6785,93.518823,0.482241
6785,6786,93.532606,0.439511
6786,6787,93.546390,0.449045
6787,6788,93.560173,0.444416
6788,6789,93.573956,0.464781
6789,6790,93.587739,0.456612
6790,6791,93.601522,0.406112
6791,6792,93.615305,0.461237
6792,6793,93.629089,0.459894
6793,6794,93.642872,0.433089
6794,6795,93.656655,0.402769
6795,6796,93.670438,0.460680
6796,6797,93.684221,0.447835
6797,6798,93.698005,0.384248
6798,6799,93.711788,0.478435
6799,6800,93.725571,0.519506
6800,6801,93.739354,0.420029
6801,6802,93.753137,0.480531
6802,6803,93.766920,0.496166
6803,6804,93.780704,0.379109
6804,6805,93.794487,0.491997
6805,6806,93.808270,0.390894
6806,6807,93.822053,0.460204
6807,6808,93.835836,0.437860
6808,6809,93.849619,0.411060
6809,6810,93.863403,0.412899
6810,6811,93.877186,0.525137
6811,6812,93.890969,0.426317
6812,6813,93.904752,0.518183
6813,6814,93.918535,0.454196
6814,6815,93.932318,0.488565
6815,6816,93.946102,0.411031
6816,6817,93.959885,0.434475
6817,6818,93.973668,0.488271
6818,6819,93.987451,0.418371
6819,6820,94.001234,0.392196
6820,6821,94.015017,0.462550
6821,6822,94.028801,0.524353
6822,6823,94.042584,0.481658
6823,6824,94.056367,0.370616
6824,6825,94.070150,0.366094
6825,6826,94.083933,0.438419
6826,6827,94.097717,0.445770
6827,6828,94.111500,0.473942
6828,6829,94.125283,0.343135
6829,6830,94.139066,0.408663
6830,6831,94.152849,0.495793
6831,6832,94.166632,0.508099
6832,6833,94.180416,0.449726
6833,6834,94.194199,0.469119
6834,6835,94.207982,0.424509
6835,6836,94.221765,0.501764
6836,6837,94.235548,0.513605
6837,6838,94.249331,0.486421
6838,6839,94.263115,0.538182
6839,6840,94.276898,0.528787
6840,6841,94.290681,0.577955
6841,6842,94.304464,0.387635
6842,6843,94.318247,0.437614
6843,6844,94.332030,0.416348
6844,6845,94.345814,0.466656
6845,6846,94.359597,0.425565
6846,6847,94.373380,0.443456
6847,6848,94.387163,0.441751
6848,6849,94.400946,0.474484
6849,6850,94.414729,0.456275
6850,6851,94.428513,0.461177
6851,6852,94.442296,0.504572
6852,6853,94.456079,0.463908
6853,6854,94.469862,0.454971
6854,6855,94.483645,0.480107
6855,6856,94.497429,0.392476
6856,6857,94.511212,0.383447
6857,6858,94.524995,0.430488
6858,6859,94.538778,0.378211
6859,6860,94.552561,0.430625
6860,6861,94.566344,0.442354
6861,6862,94.580128,0.492103
6862,6863,94.593911,0.501667
6863,6864,94.607694,0.439577
6864,6865,94.621477,0.423434
6865,6866,94.635260,0.466543
6866,6867,94.649043,0.400518
6867,6868,94.662827,0.489330
6868,6869,94.676610,0.412363
6869,6870,94.690393,0.443055
6870,6871,94.704176,0.398462
6871,6872,94.717959,0.478697
6872,6873,94.731742,0.471013
6873,6874,94.745526,0.510305
6874,6875,94.759309,0.441829
6875,6876,94.773092,0.457876
6876,6877,94.786875,0.403185
6877,6878,94.800658,0.400213
6878,6879,94.814441,0.464075
6879,6880,94.828225,0.435935
6880,6881,94.842008,0.417146
6881,6882,94.855791,0.362201
6882,6883,94.869574,0.468721
6883,6884,94.883357,0.401910
6884,6885,94.897141,0.424168
6885,6886,94.910924,0.442956
6886,6887,94.924707,0.456942
6887,6888,94.938490,0.424056
6888,6889,94.952273,0.570063
6889,6890,94.966056,0.445721
6890,6891,94.979840,0.394094
6891,6892,94.993623,0.491829
6892,6893,95.007406,0.461384
6893,6894,95.021189,0.461583
6894,6895,95.034972,0.402462
6895,6896,95.048755,0.473266
6896,6897,95.062539,0.421290
6897,6898,95.076322,0.478810
6898,6899,95.090105,0.378996
6899,6900,95.103888,0.415276
6900,6901,95.117671,0.486002
6901,6902,95.131454,0.413059
6902,6903,95.145238,0.465515
6903,6904,95.159021,0.376748
6904,6905,95.172804,0.473020
6905,6906,95.186587,0.528957
6906,6907,95.200370,0.485579
6907,6908,95.214153,0.426532
6908,6909,95.227937,0.527003
6909,6910,95.241720,0.410865
6910,6911,95.255503,0.408693
6911,6912,95.269286,0.455790
6912,6913,95.283069,0.398328
6913,6914,95.296852,0.415221
6914,6915,95.310636,0.407003
6915,6916,95.324419,0.527514
6916,6917,95.338202,0.460001
6917,6918,95.351985,0.365885
6918,6919,95.365768,0.433957
6919,6920,95.379552,0.450572
6920,6921,95.393335,0.435647
6921,6922,95.407118,0.464526
6922,6923,95.420901,0.429716
6923,6924,95.434684,0.425713
6924,6925,95.448467,0.399230
6925,6926,95.462251,0.435889
6926,6927,95.476034,0.450840
6927,6928,95.489817,0.292287
6928,6929,95.503600,0.417558
6929,6930,95.517383,0.435656
6930,6931,95.531166,0.431396
6931,6932,95.544950,0.361361
6932,6933,95.558733,0.494753
6933,6934,95.572516,0.461911
6934,6935,95.586299,0.447923
6935,6936,95.600082,0.394341
6936,6937,95.613865,0.424045
6937,6938,95.627649,0.355328
6938,6939,95.641432,0.429253
6939,6940,95.655215,0.441360
6940,6941,95.668998,0.433665
6941,6942,95.682781,0.433966
6942,6943,95.696564,0.492495
6943,6944,95.710348,0.486836
6944,6945,95.724131,0.431815
6945,6946,95.737914,0.418631
6946,6947,95.751697,0.410638
6947,6948,95.765480,0.508152
6948,6949,95.779264,0.422283
6949,6950,95.793047,0.413199
6950,6951,95.806830,0.470739
6951,6952,95.820613,0.465012
6952,6953,95.834396,0.437436
6953,6954,95.848179,0.442714
6954,6955,95.861963,0.416897
6955,6956,95.875746,0.427541
6956,6957,95.889529,0.422924
6957,6958,95.903312,0.451869
6958,6959,95.917095,0.411360
6959,6960,95.930878,0.423636
6960,6961,95.944662,0.468756
6961,6962,95.958445,0.441303
6962,6963,95.972228,0.382370
6963,6964,95.986011,0.413271
6964,6965,95.999794,0.387186
6965,6966,96.013577,0.380966
6966,6967,96.027361,0.339846
6967,6968,96.041144,0.457835
6968,6969,96.054927,0.426164
6969,6970,96.068710,0.467929
6970,6971,96.082493,0.426874
6971,6972,96.096276,0.445364
6972,6973,96.110060,0.543889
6973,6974,96.123843,0.519690
6974,6975,96.137626,0.396888
6975,6976,96.151409,0.403892
6976,6977,96.165192,0.417825
6977,6978,96.178976,0.429323
6978,6979,96.192759,0.377520
6979,6980,96.206542,0.385815
6980,6981,96.220325,0.402603
6981,6982,96.234108,0.411656
6982,6983,96.247891,0.394450
6983,6984,96.261675,0.392959
6984,6985,96.275458,0.451768
6985,6986,96.289241,0.410878
6986,6987,96.303024,0.462344
6987,6988,96.316807,0.395876
6988,6989,96.330590,0.401791
6989,6990,96.344374,0.400960
6990,6991,96.358157,0.488506
6991,6992,96.371940,0.445979
6992,6993,96.385723,0.474415
6993,6994,96.399506,0.429042
6994,6995,96.413289,0.439644
6995,6996,96.427073,0.425429
6996,6997,96.440856,0.531983
6997,6998,96.454639,0.381337
6998,6999,96.468422,0.407815
6999,7000,96.482205,0.458193
7000,7001,96.495988,0.368096
7001,7002,96.509772,0.435068
7002,7003,96.523555,0.457523
7003,7004,96.537338,0.414571
7004,7005,96.551121,0.479292
7005,7006,96.564904,0.443754
7006,7007,96.578688,0.474943
7007,7008,96.592471,0.456755
7008,7009,96.606254,0.421616
7009,7010,96.620037,0.359728
7010,7011,96.633820,0.483549
7011,7012,96.647603,0.514756
7012,7013,96.661387,0.407301
7013,7014,96.675170,0.398080
7014,7015,96.688953,0.432871
7015,7016,96.702736,0.416533
7016,7017,96.716519,0.467974
7017,7018,96.730302,0.400649
7018,7019,96.744086,0.453539
7019,7020,96.757869,0.438419
7020,7021,96.771652,0.424238
7021,7022,96.785435,0.453434
7022,7023,96.799218,0.376762
7023,7024,96.813001,0.530367
7024,7025,96.826785,0.444089
7025,7026,96.840568,0.392240
7026,7027,96.854351,0.467207
7027,7028,96.868134,0.384132
7028,7029,96.881917,0.391879
7029,7030,96.895700,0.410953
7030,7031,96.909484,0.543608
7031,7032,96.923267,0.452806
7032,7033,96.937050,0.413609
7033,7034,96.950833,0.386807
7034,7035,96.964616,0.434836
7035,7036,96.978400,0.401867
7036,7037,96.992183,0.550051
7037,7038,97.005966,0.435640
7038,7039,97.019749,0.425281
7039,7040,97.033532,0.415789
7040,7041,97.047315,0.375741
7041,7042,97.061099,0.476895
7042,7043,97.074882,0.420825
7043,7044,97.088665,0.509701
7044,7045,97.102448,0.365019
7045,7046,97.116231,0.434319
7046,7047,97.130014,0.496955
7047,7048,97.143798,0.520115
7048,7049,97.157581,0.405473
7049,7050,97.171364,0.435197
7050,7051,97.185147,0.451715
7051,7052,97.198930,0.443391
7052,7053,97.212713,0.406124
7053,7054,97.226497,0.413630
7054,7055,97.240280,0.450079
7055,7056,97.254063,0.407843
7056,7057,97.267846,0.393287
7057,7058,97.281629,0.506636
7058,7059,97.295412,0.426600
7059,7060,97.309196,0.374352
7060,7061,97.322979,0.415617
7061,7062,97.336762,0.439982
7062,7063,97.350545,0.414326
7063,7064,97.364328,0.357429
7064,7065,97.378111,0.455090
7065,7066,97.391895,0.463834
7066,7067,97.405678,0.443578
7067,7068,97.419461,0.482486
7068,7069,97.433244,0.495504
7069,7070,97.447027,0.432059
7070,7071,97.460811,0.395861
7071,7072,97.474594,0.450010
7072,7073,97.488377,0.492059
7073,7074,97.502160,0.465138
7074,7075,97.515943,0.486080
7075,7076,97.529726,0.508685
7076,7077,97.543510,0.432141
7077,7078,97.557293,0.451390
7078,7079,97.571076,0.419102
7079,7080,97.584859,0.426577
7080,7081,97.598642,0.452966
7081,7082,97.612425,0.454575
7082,7083,97.626209,0.470269
7083,7084,97.639992,0.512994
7084,7085,97.653775,0.455128
7085,7086,97.667558,0.455942
7086,7087,97.681341,0.427086
7087,7088,97.695124,0.435501
7088,7089,97.708908,0.418035
7089,7090,97.722691,0.415898
7090,7091,97.736474,0.452181
7091,7092,97.750257,0.405305
7092,7093,97.764040,0.454667
7093,7094,97.777823,0.513579
7094,7095,97.791607,0.416453
7095,7096,97.805390,0.444028
7096,7097,97.819173,0.433361
7097,7098,97.832956,0.399822
7098,7099,97.846739,0.409459
7099,7100,97.860523,0.419120
7100,7101,97.874306,0.496326
7101,7102,97.888089,0.415707
7102,7103,97.901872,0.358110
7103,7104,97.915655,0.466933
7104,7105,97.929438,0.524351
7105,7106,97.943222,0.456731
7106,7107,97.957005,0.446921
7107,7108,97.970788,0.370915
7108,7109,97.984571,0.412218
7109,7110,97.998354,0.483488
7110,7111,98.012137,0.427375
7111,7112,98.025921,0.443376
7112,7113,98.039704,0.455724
7113,7114,98.053487,0.445293
7114,7115,98.067270,0.434486
7115,7116,98.081053,0.482341
7116,7117,98.094836,0.317876
7117,7118,98.108620,0.433883
7118,7119,98.122403,0.441741
7119,7120,98.136186,0.411818
7120,7121,98.149969,0.433332
7121,7122,98.163752,0.410007
7122,7123,98.177535,0.420723
7123,7124,98.191319,0.420196
7124,7125,98.205102,0.396121
7125,7126,98.218885,0.385085
7126,7127,98.232668,0.456407
7127,7128,98.246451,0.389806
7128,7129,98.260235,0.449501
7129,7130,98.274018,0.409024
7130,7131,98.287801,0.450168
7131,7132,98.301584,0.446422
7132,7133,98.315367,0.388884
7133,7134,98.329150,0.449316
7134,7135,98.342934,0.485855
7135,7136,98.356717,0.480439
7136,7137,98.370500,0.330027
7137,7138,98.384283,0.447739
7138,7139,98.398066,0.424416
7139,7140,98.411849,0.435817
7140,7141,98.425633,0.439409
7141,7142,98.439416,0.409846
7142,7143,98.453199,0.419252
7143,7144,98.466982,0.417738
7144,7145,98.480765,0.443400
7145,7146,98.494548,0.511421
7146,7147,98.508332,0.463161
7147,7148,98.522115,0.439434
7148,7149,98.535898,0.418603
7149,7150,98.549681,0.385242
7150,7151,98.563464,0.472739
7151,7152,98.577247,0.491258
7152,7153,98.591031,0.454335
7153,7154,98.604814,0.481297
7154,7155,98.618597,0.455212
7155,7156,98.632380,0.579659
7156,7157,98.646163,0.480211
7157,7158,98.659947,0.391498
7158,7159,98.673730,0.489131
7159,7160,98.687513,0.332252
7160,7161,98.701296,0.471128
7161,7162,98.715079,0.449032
7162,7163,98.728862,0.399497
7163,7164,98.742646,0.469052
7164,7165,98.756429,0.399337
7165,7166,98.770212,0.356158
7166,7167,98.783995,0.367839
7167,7168,98.797778,0.449413
7168,7169,98.811561,0.507049
7169,7170,98.825345,0.477090
7170,7171,98.839128,0.410669
7171,7172,98.852911,0.420543
7172,7173,98.866694,0.443555
7173,7174,98.880477,0.486027
7174,7175,98.894260,0.386431
7175,7176,98.908044,0.443274
7176,7177,98.921827,0.475713
7177,7178,98.935610,0.449814
7178,7179,98.949393,0.447882
7179,7180,98.963176,0.479185
7180,7181,98.976959,0.379963
7181,7182,98.990743,0.391749
7182,7183,99.004526,0.398463
7183,7184,99.018309,0.439374
7184,7185,99.032092,0.404835
7185,7186,99.045875,0.426688
7186,7187,99.059659,0.426275
7187,7188,99.073442,0.502147
7188,7189,99.087225,0.433934
7189,7190,99.101008,0.514605
7190,7191,99.114791,0.407687
7191,7192,99.128574,0.406432
7192,7193,99.142358,0.431674
7193,7194,99.156141,0.372634
7194,7195,99.169924,0.399745
7195,7196,99.183707,0.528628
7196,7197,99.197490,0.438252
7197,7198,99.211273,0.485289
7198,7199,99.225057,0.454148
7199,7200,99.238840,0.439411
7200,7201,99.252623,0.491187
7201,7202,99.266406,0.372937
7202,7203,99.280189,0.391753
7203,7204,99.293972,0.470489
7204,7205,99.307756,0.432655
7205,7206,99.321539,0.413259
7206,7207,99.335322,0.408868
7207,7208,99.349105,0.393636
7208,7209,99.362888,0.440188
7209,7210,99.376671,0.405465
7210,7211,99.390455,0.446048
7211,7212,99.404238,0.456213
7212,7213,99.418021,0.480326
7213,7214,99.431804,0.478679
7214,7215,99.445587,0.456616
7215,7216,99.459370,0.414566
7216,7217,99.473154,0.425742
7217,7218,99.486937,0.502843
7218,7219,99.500720,0.431312
7219,7220,99.514503,0.537459
7220,7221,99.528286,0.431617
7221,7222,99.542070,0.483496
7222,7223,99.555853,0.395520
7223,7224,99.569636,0.375014
7224,7225,99.583419,0.433801
7225,7226,99.597202,0.415174
7226,7227,99.610985,0.453420
7227,7228,99.624769,0.400165
7228,7229,99.638552,0.385474
7229,7230,99.652335,0.374480
7230,7231,99.666118,0.489597
7231,7232,99.679901,0.464914
7232,7233,99.693684,0.460152
7233,7234,99.707468,0.444112
7234,7235,99.721251,0.383162
7235,7236,99.735034,0.453721
7236,7237,99.748817,0.452992
7237,7238,99.762600,0.445190
7238,7239,99.776383,0.504188
7239,7240,99.790167,0.433436
7240,7241,99.803950,0.445347
7241,7242,99.817733,0.423081
7242,7243,99.831516,0.458307
7243,7244,99.845299,0.481294
7244,7245,99.859082,0.458692
7245,7246,99.872866,0.422332
7246,7247,99.886649,0.452206
7247,7248,99.900432,0.444250
7248,7249,99.914215,0.427390
7249,7250,99.927998,0.433841
7250,7251,99.941782,0.368555
7251,7252,99.955565,0.399244
7252,7253,99.969348,0.407071
7253,7254,99.983131,0.390863
7254,7255,99.996914,0.417554
7255,7256,100.010697,0.520965
7256,7257,100.024481,0.453627
7257,7258,100.038264,0.472178
7258,7259,100.052047,0.441748
7259,7260,100.065830,0.407448
7260,7261,100.079613,0.366473
7261,7262,100.093396,0.405267
7262,7263,100.107180,0.422352
7263,7264,100.120963,0.363171
7264,7265,100.134746,0.418864
7265,7266,100.148529,0.536309
7266,7267,100.162312,0.425271
7267,7268,100.176095,0.475946
7268,7269,100.189879,0.420163
7269,7270,100.203662,0.439090
7270,7271,100.217445,0.464580
7271,7272,100.231228,0.429994
7272,7273,100.245011,0.467240
7273,7274,100.258794,0.414933
7274,7275,100.272578,0.484677
7275,7276,100.286361,0.423682
7276,7277,100.300144,0.358438
7277,7278,100.313927,0.476355
7278,7279,100.327710,0.433031
7279,7280,100.341494,0.402421
7280,7281,100.355277,0.467457
7281,7282,100.369060,0.466739
7282,7283,100.382843,0.382542
7283,7284,100.396626,0.503429
7284,7285,100.410409,0.486849
7285,7286,100.424193,0.456734
7286,7287,100.437976,0.395299
7287,7288,100.451759,0.409607
7288,7289,100.465542,0.435011
7289,7290,100.479325,0.442174
7290,7291,100.493108,0.398680
7291,7292,100.506892,0.367039
7292,7293,100.520675,0.521078
7293,7294,100.534458,0.386384
7294,7295,100.548241,0.430659
7295,7296,100.562024,0.477038
7296,7297,100.575807,0.449463
7297,7298,100.589591,0.405860
7298,7299,100.603374,0.417715
7299,7300,100.617157,0.395408
7300,7301,100.630940,0.447353
7301,7302,100.644723,0.449026
7302,7303,100.658506,0.458755
7303,7304,100.672290,0.472879
7304,7305,100.686073,0.405185
7305,7306,100.699856,0.440192
7306,7307,100.713639,0.380224
7307,7308,100.727422,0.406805
7308,7309,100.741206,0.433115
7309,7310,100.754989,0.444440
7310,7311,100.768772,0.429119
7311,7312,100.782555,0.508635
7312,7313,100.796338,0.508329
7313,7314,100.810121,0.482560
7314,7315,100.823905,0.413219
7315,7316,100.837688,0.522042
7316,7317,100.851471,0.439661
7317,7318,100.865254,0.422969
7318,7319,100.879037,0.403654
7319,7320,100.892820,0.431995
7320,7321,100.906604,0.470044
7321,7322,100.920387,0.442967
7322,7323,100.934170,0.565464
7323,7324,100.947953,0.372287
7324,7325,100.961736,0.451290
7325,7326,100.975519,0.475115
7326,7327,100.989303,0.426556
7327,7328,101.003086,0.515852
7328,7329,101.016869,0.446594
7329,7330,101.030652,0.386496
7330,7331,101.044435,0.507683
7331,7332,101.058218,0.414811
7332,7333,101.072002,0.469910
7333,7334,101.085785,0.420809
7334,7335,101.099568,0.408457
7335,7336,101.113351,0.490746
7336,7337,101.127134,0.419777
7337,7338,101.140918,0.461245
7338,7339,101.154701,0.365889
7339,7340,101.168484,0.361890
7340,7341,101.182267,0.410932
7341,7342,101.196050,0.453412
7342,7343,101.209833,0.410736
7343,7344,101.223617,0.491043
7344,7345,101.237400,0.470602
7345,7346,101.251183,0.361755
7346,7347,101.264966,0.400640
7347,7348,101.278749,0.527073
7348,7349,101.292532,0.474689
7349,7350,101.306316,0.443905
7350,7351,101.320099,0.408797
7351,7352,101.333882,0.391132
7352,7353,101.347665,0.452783
7353,7354,101.361448,0.393510
7354,7355,101.375231,0.505640
7355,7356,101.389015,0.423373
7356,7357,101.402798,0.439231
7357,7358,101.416581,0.434590
7358,7359,101.430364,0.470263
7359,7360,101.444147,0.418771
7360,7361,101.457930,0.387225
7361,7362,101.471714,0.501142
7362,7363,101.485497,0.404172
7363,7364,101.499280,0.446178
7364,7365,101.513063,0.481406
7365,7366,101.526846,0.394791
7366,7367,101.540630,0.516939
7367,7368,101.554413,0.414773
7368,7369,101.568196,0.458889
7369,7370,101.581979,0.400432
7370,7371,101.595762,0.443770
7371,7372,101.609545,0.394623
7372,7373,101.623329,0.457307
7373,7374,101.637112,0.425807
7374,7375,101.650895,0.457061
7375,7376,101.664678,0.494091
7376,7377,101.678461,0.449598
7377,7378,101.692244,0.419604
7378,7379,101.706028,0.506709
7379,7380,101.719811,0.503547
7380,7381,101.733594,0.433008
7381,7382,101.747377,0.395768
7382,7383,101.761160,0.412789
7383,7384,101.774943,0.420440
7384,7385,101.788727,0.508685
7385,7386,101.802510,0.454713
7386,7387,101.816293,0.392535
7387,7388,101.830076,0.407183
7388,7389,101.843859,0.454022
7389,7390,101.857642,0.446948
7390,7391,101.871426,0.518881
7391,7392,101.885209,0.402807
7392,7393,101.898992,0.427337
7393,7394,101.912775,0.448869
7394,7395,101.926558,0.521854
7395,7396,101.940341,0.481652
7396,7397,101.954125,0.464714
7397,7398,101.967908,0.419189
7398,7399,101.981691,0.473240
7399,7400,101.995474,0.451039
7400,7401,102.009257,0.493278
7401,7402,102.023041,0.429026
7402,7403,102.036824,0.475136
7403,7404,102.050607,0.473666
7404,7405,102.064390,0.470894
7405,7406,102.078173,0.488099
7406,7407,102.091956,0.495252
7407,7408,102.105740,0.495839
7408,7409,102.119523,0.540188
7409,7410,102.133306,0.439454
7410,7411,102.147089,0.455881
7411,7412,102.160872,0.381291
7412,7413,102.174655,0.422983
7413,7414,102.188439,0.396451
7414,7415,102.202222,0.433804
7415,7416,102.216005,0.440613
7416,7417,102.229788,0.384531
7417,7418,102.243571,0.427179
7418,7419,102.257354,0.475410
7419,7420,102.271138,0.465422
7420,7421,102.284921,0.418276
7421,7422,102.298704,0.425833
7422,7423,102.312487,0.520906
7423,7424,102.326270,0.421740
7424,7425,102.340053,0.477586
7425,7426,102.353837,0.511372
7426,7427,102.367620,0.386679
7427,7428,102.381403,0.446054
7428,7429,102.395186,0.395680
7429,7430,102.408969,0.443704
7430,7431,102.422753,0.460956
7431,7432,102.436536,0.482922
7432,7433,102.450319,0.507641
7433,7434,102.464102,0.396320
7434,7435,102.477885,0.379272
7435,7436,102.491668,0.503994
7436,7437,102.505452,0.427645
7437,7438,102.519235,0.399063
7438,7439,102.533018,0.397986
7439,7440,102.546801,0.417491
7440,7441,102.560584,0.456183
7441,7442,102.574367,0.381089
7442,7443,102.588151,0.513342
7443,7444,102.601934,0.445221
7444,7445,102.615717,0.455459
7445,7446,102.629500,0.440772
7446,7447,102.643283,0.422162
7447,7448,102.657066,0.382463
7448,7449,102.670850,0.398153
7449,7450,102.684633,0.440094
7450,7451,102.698416,0.371061
7451,7452,102.712199,0.480652
7452,7453,102.725982,0.495210
7453,7454,102.739765,0.445108
7454,7455,102.753549,0.414012
7455,7456,102.767332,0.433555
7456,7457,102.781115,0.432367
7457,7458,102.794898,0.438734
7458,7459,102.808681,0.404309
7459,7460,102.822465,0.441859
7460,7461,102.836248,0.470874
7461,7462,102.850031,0.460195
7462,7463,102.863814,0.463537
7463,7464,102.877597,0.405089
7464,7465,102.891380,0.444792
7465,7466,102.905164,0.422826
7466,7467,102.918947,0.516727
7467,7468,102.932730,0.424836
7468,7469,102.946513,0.474875
7469,7470,102.960296,0.405211
7470,7471,102.974079,0.416951
7471,7472,102.987863,0.435933
7472,7473,103.001646,0.471127
7473,7474,103.015429,0.430642
7474,7475,103.029212,0.448230
7475,7476,103.042995,0.425477
7476,7477,103.056778,0.434225
7477,7478,103.070562,0.469334
7478,7479,103.084345,0.453771
7479,7480,103.098128,0.454309
7480,7481,103.111911,0.443573
7481,7482,103.125694,0.424514
7482,7483,103.139477,0.503912
7483,7484,103.153261,0.488422
7484,7485,103.167044,0.377670
7485,7486,103.180827,0.462131
7486,7487,103.194610,0.423075
7487,7488,103.208393,0.418282
7488,7489,103.222177,0.371961
7489,7490,103.235960,0.378376
7490,7491,103.249743,0.432348
7491,7492,103.263526,0.493465
7492,7493,103.277309,0.412803
7493,7494,103.291092,0.444682
7494,7495,103.304876,0.486703
7495,7496,103.318659,0.500128
7496,7497,103.332442,0.506932
7497,7498,103.346225,0.382272
7498,7499,103.360008,0.475828
7499,7500,103.373791,0.408664
7500,7501,103.387575,0.416207
7501,7502,103.401358,0.473715
7502,7503,103.415141,0.498677
7503,7504,103.428924,0.416154
7504,7505,103.442707,0.511493
7505,7506,103.456490,0.432441
7506,7507,103.470274,0.458406
7507,7508,103.484057,0.395501
7508,7509,103.497840,0.389007
7509,7510,103.511623,0.453421
7510,7511,103.525406,0.507521
7511,7512,103.539189,0.427929
7512,7513,103.552973,0.441705
7513,7514,103.566756,0.446204
7514,7515,103.580539,0.445358
7515,7516,103.594322,0.383041
7516,7517,103.608105,0.443304
7517,7518,103.621889,0.487495
7518,7519,103.635672,0.382543
7519,7520,103.649455,0.455253
7520,7521,103.663238,0.408728
7521,7522,103.677021,0.455062
7522,7523,103.690804,0.403872
7523,7524,103.704588,0.435750
7524,7525,103.718371,0.477170
7525,7526,103.732154,0.392299
7526,7527,103.745937,0.446874
7527,7528,103.759720,0.383390
7528,7529,103.773503,0.449614
7529,7530,103.787287,0.478108
7530,7531,103.801070,0.489259
7531,7532,103.814853,0.422809
7532,7533,103.828636,0.466432
7533,7534,103.842419,0.489635
7534,7535,103.856202,0.417432
7535,7536,103.869986,0.427344
7536,7537,103.883769,0.422870
7537,7538,103.897552,0.377732
7538,7539,103.911335,0.409585
7539,7540,103.925118,0.378589
7540,7541,103.938901,0.424431
7541,7542,103.952685,0.406988
7542,7543,103.966468,0.410885
7543,7544,103.980251,0.513898
7544,7545,103.994034,0.393373
7545,7546,104.007817,0.459039
7546,7547,104.021600,0.479956
7547,7548,104.035384,0.422259
7548,7549,104.049167,0.356119
7549,7550,104.062950,0.389808
7550,7551,104.076733,0.405365
7551,7552,104.090516,0.509963
7552,7553,104.104300,0.456014
7553,7554,104.118083,0.384653
7554,7555,104.131866,0.472559
7555,7556,104.145649,0.466261
7556,7557,104.159432,0.485954
7557,7558,104.173215,0.456982
7558,7559,104.186999,0.354886
7559,7560,104.200782,0.473408
7560,7561,104.214565,0.441001
7561,7562,104.228348,0.472348
7562,7563,104.242131,0.446203
7563,7564,104.255914,0.483836
7564,7565,104.269698,0.415722
7565,7566,104.283481,0.422104
7566,7567,104.297264,0.448579
7567,7568,104.311047,0.388446
7568,7569,104.324830,0.427157
7569,7570,104.338613,0.376059
7570,7571,104.352397,0.419822
7571,7572,104.366180,0.483966
7572,7573,104.379963,0.432783
7573,7574,104.393746,0.494285
7574,7575,104.407529,0.460543
7575,7576,104.421312,0.461647
7576,7577,104.435096,0.413360
7577,7578,104.448879,0.369689
7578,7579,104.462662,0.413873
7579,7580,104.476445,0.466935
7580,7581,104.490228,0.383677
7581,7582,104.504012,0.399694
7582,7583,104.517795,0.485142
7583,7584,104.531578,0.481813
7584,7585,104.545361,0.417832
7585,7586,104.559144,0.408963
7586,7587,104.572927,0.443073
7587,7588,104.586711,0.418058
7588,7589,104.600494,0.476807
7589,7590,104.614277,0.392900
7590,7591,104.628060,0.415246
7591,7592,104.641843,0.465539
7592,7593,104.655626,0.379309
7593,7594,104.669410,0.432842
7594,7595,104.683193,0.372501
7595,7596,104.696976,0.402524
7596,7597,104.710759,0.456721
7597,7598,104.724542,0.468698
7598,7599,104.738325,0.491848
7599,7600,104.752109,0.465203
7600,7601,104.765892,0.460585
7601,7602,104.779675,0.443893
7602,7603,104.793458,0.418717
7603,7604,104.807241,0.438497
7604,7605,104.821024,0.416849
7605,7606,104.834808,0.423233
7606,7607,104.848591,0.458544
7607,7608,104.862374,0.469592
7608,7609,104.876157,0.489682
7609,7610,104.889940,0.454290
7610,7611,104.903724,0.426248
7611,7612,104.917507,0.396117
7612,7613,104.931290,0.435942
7613,7614,104.945073,0.421975
7614,7615,104.958856,0.481817
7615,7616,104.972639,0.446941
7616,7617,104.986423,0.440865
7617,7618,105.000206,0.405538
7618,7619,105.013989,0.427172
7619,7620,105.027772,0.449169
7620,7621,105.041555,0.452140
7621,7622,105.055338,0.410923
7622,7623,105.069122,0.512557
7623,7624,105.082905,0.402775
7624,7625,105.096688,0.386668
7625,7626,105.110471,0.442571
7626,7627,105.124254,0.406693
7627,7628,105.138037,0.482443
7628,7629,105.151821,0.379804
7629,7630,105.165604,0.416345
7630,7631,105.179387,0.453237
7631,7632,105.193170,0.452126
7632,7633,105.206953,0.407659
7633,7634,105.220736,0.441408
7634,7635,105.234520,0.408820
7635,7636,105.248303,0.372753
7636,7637,105.262086,0.461311
7637,7638,105.275869,0.447101
7638,7639,105.289652,0.418830
7639,7640,105.303436,0.407078
7640,7641,105.317219,0.445440
7641,7642,105.331002,0.525685
7642,7643,105.344785,0.433149
7643,7644,105.358568,0.446789
7644,7645,105.372351,0.466218
7645,7646,105.386135,0.546721
7646,7647,105.399918,0.414474
7647,7648,105.413701,0.467227
7648,7649,105.427484,0.401299
7649,7650,105.441267,0.408604
7650,7651,105.455050,0.504124
7651,7652,105.468834,0.418056
7652,7653,105.482617,0.407252
7653,7654,105.496400,0.480042
7654,7655,105.510183,0.438887
7655,7656,105.523966,0.361378
7656,7657,105.537749,0.418737
7657,7658,105.551533,0.445145
7658,7659,105.565316,0.414543
7659,7660,105.579099,0.459317
7660,7661,105.592882,0.464405
7661,7662,105.606665,0.436741
7662,7663,105.620448,0.476543
7663,7664,105.634232,0.474295
7664,7665,105.648015,0.506125
7665,7666,105.661798,0.404053
7666,7667,105.675581,0.358046
7667,7668,105.689364,0.470528
7668,7669,105.703148,0.448757
7669,7670,105.716931,0.469398
7670,7671,105.730714,0.513301
7671,7672,105.744497,0.415002
7672,7673,105.758280,0.426828
7673,7674,105.772063,0.424446
7674,7675,105.785847,0.465027
7675,7676,105.799630,0.447537
7676,7677,105.813413,0.409733
7677,7678,105.827196,0.409044
7678,7679,105.840979,0.455954
7679,7680,105.854762,0.345353
7680,7681,105.868546,0.385173
7681,7682,105.882329,0.416327
7682,7683,105.896112,0.480060
7683,7684,105.909895,0.426460
7684,7685,105.923678,0.476654
7685,7686,105.937461,0.473484
7686,7687,105.951245,0.419257
7687,7688,105.965028,0.443480
7688,7689,105.978811,0.484705
7689,7690,105.992594,0.476608
7690,7691,106.006377,0.487620
7691,7692,106.020160,0.464996
7692,7693,106.033944,0.455844
7693,7694,106.047727,0.450635
7694,7695,106.061510,0.435878
7695,7696,106.075293,0.423174
7696,7697,106.089076,0.451920
7697,7698,106.102859,0.543918
7698,7699,106.116643,0.490527
7699,7700,106.130426,0.363222
7700,7701,106.144209,0.414651
7701,7702,106.157992,0.461307
7702,7703,106.171775,0.475791
7703,7704,106.185559,0.423883
7704,7705,106.199342,0.487533
7705,7706,106.213125,0.478655
7706,7707,106.226908,0.418843
7707,7708,106.240691,0.448537
7708,7709,106.254474,0.504859
7709,7710,106.268258,0.355920
7710,7711,106.282041,0.431350
7711,7712,106.295824,0.461302
7712,7713,106.309607,0.402524
7713,7714,106.323390,0.434347
7714,7715,106.337173,0.457847
7715,7716,106.350957,0.415339
7716,7717,106.364740,0.474812
7717,7718,106.378523,0.451850
7718,7719,106.392306,0.475576
7719,7720,106.406089,0.405543
7720,7721,106.419872,0.445655
7721,7722,106.433656,0.398077
7722,7723,106.447439,0.474821
7723,7724,106.461222,0.349294
7724,7725,106.475005,0.433073
7725,7726,106.488788,0.445520
7726,7727,106.502571,0.458610
7727,7728,106.516355,0.529909
7728,7729,106.530138,0.464864
7729,7730,106.543921,0.396993
7730,7731,106.557704,0.407632
7731,7732,106.571487,0.456567
7732,7733,106.585271,0.438022
7733,7734,106.599054,0.339727
7734,7735,106.612837,0.401729
7735,7736,106.626620,0.522554
7736,7737,106.640403,0.442407
7737,7738,106.654186,0.441394
7738,7739,106.667970,0.360760
7739,7740,106.681753,0.440658
7740,7741,106.695536,0.373814
7741,7742,106.709319,0.402953
7742,7743,106.723102,0.466755
7743,7744,106.736885,0.399870
7744,7745,106.750669,0.419038
7745,7746,106.764452,0.406315
7746,7747,106.778235,0.456215
7747,7748,106.792018,0.476750
7748,7749,106.805801,0.468143
7749,7750,106.819584,0.514331
7750,7751,106.833368,0.476119
7751,7752,106.847151,0.457736
7752,7753,106.860934,0.530394
7753,7754,106.874717,0.431603
7754,7755,106.888500,0.410579
7755,7756,106.902283,0.424589
7756,7757,106.916067,0.398469
7757,7758,106.929850,0.457596
7758,7759,106.943633,0.406797
7759,7760,106.957416,0.449123
7760,7761,106.971199,0.445872
7761,7762,106.984983,0.514065
7762,7763,106.998766,0.384468
7763,7764,107.012549,0.366036
7764,7765,107.026332,0.458426
7765,7766,107.040115,0.468830
7766,7767,107.053898,0.433778
7767,7768,107.067682,0.375057
7768,7769,107.081465,0.437966
7769,7770,107.095248,0.443914
7770,7771,107.109031,0.473635
7771,7772,107.122814,0.401458
7772,7773,107.136597,0.399699
7773,7774,107.150381,0.452345
7774,7775,107.164164,0.440371
7775,7776,107.177947,0.321398
7776,7777,107.191730,0.433230
7777,7778,107.205513,0.408379
7778,7779,107.219296,0.470494
7779,7780,107.233080,0.372330
7780,7781,107.246863,0.458730
7781,7782,107.260646,0.415577
7782,7783,107.274429,0.410636
7783,7784,107.288212,0.463084
7784,7785,107.301995,0.439889
7785,7786,107.315779,0.509774
7786,7787,107.329562,0.424467
7787,7788,107.343345,0.438411
7788,7789,107.357128,0.444751
7789,7790,107.370911,0.442119
7790,7791,107.384695,0.446958
7791,7792,107.398478,0.476423
7792,7793,107.412261,0.505109
7793,7794,107.426044,0.417873
7794,7795,107.439827,0.445612
7795,7796,107.453610,0.422685
7796,7797,107.467394,0.426630
7797,7798,107.481177,0.444835
7798,7799,107.494960,0.443842
7799,7800,107.508743,0.450316
7800,7801,107.522526,0.448900
7801,7802,107.536309,0.463065
7802,7803,107.550093,0.443600
7803,7804,107.563876,0.489658
7804,7805,107.577659,0.463976
7805,7806,107.591442,0.451643
7806,7807,107.605225,0.382717
7807,7808,107.619008,0.398104
7808,7809,107.632792,0.440545
7809,7810,107.646575,0.483487
7810,7811,107.660358,0.450243
7811,7812,107.674141,0.408242
7812,7813,107.687924,0.483488
7813,7814,107.701707,0.505226
7814,7815,107.715491,0.473240
7815,7816,107.729274,0.436106
7816,7817,107.743057,0.463387
7817,7818,107.756840,0.408965
7818,7819,107.770623,0.431201
7819,7820,107.784407,0.429102
7820,7821,107.798190,0.335491
7821,7822,107.811973,0.450899
7822,7823,107.825756,0.461540
7823,7824,107.839539,0.446684
7824,7825,107.853322,0.391097
7825,7826,107.867106,0.423989
7826,7827,107.880889,0.450532
7827,7828,107.894672,0.420577
7828,7829,107.908455,0.464540
7829,7830,107.922238,0.486078
7830,7831,107.936021,0.359624
7831,7832,107.949805,0.448568
7832,7833,107.963588,0.430345
7833,7834,107.977371,0.415189
7834,7835,107.991154,0.421005
7835,7836,108.004937,0.492873
7836,7837,108.018720,0.486180
7837,7838,108.032504,0.423106
7838,7839,108.046287,0.462810
7839,7840,108.060070,0.475749
7840,7841,108.073853,0.454944
7841,7842,108.087636,0.431707
7842,7843,108.101419,0.457242
7843,7844,108.115203,0.520365
7844,7845,108.128986,0.469931
7845,7846,108.142769,0.435703
7846,7847,108.156552,0.406377
7847,7848,108.170335,0.425349
7848,7849,108.184118,0.388987
7849,7850,108.197902,0.385255
7850,7851,108.211685,0.430071
7851,7852,108.225468,0.508059
7852,7853,108.239251,0.473022
7853,7854,108.253034,0.490751
7854,7855,108.266818,0.385700
7855,7856,108.280601,0.402915
7856,7857,108.294384,0.424713
7857,7858,108.308167,0.444687
7858,7859,108.321950,0.476194
7859,7860,108.335733,0.431975
7860,7861,108.349517,0.386891
7861,7862,108.363300,0.471545
7862,7863,108.377083,0.510913
7863,7864,108.390866,0.398333
7864,7865,108.404649,0.393484
7865,7866,108.418432,0.494151
7866,7867,108.432216,0.512483
7867,7868,108.445999,0.451241
7868,7869,108.459782,0.382103
7869,7870,108.473565,0.486750
7870,7871,108.487348,0.393644
7871,7872,108.501131,0.374203
7872,7873,108.514915,0.462884
7873,7874,108.528698,0.459170
7874,7875,108.542481,0.407719
7875,7876,108.556264,0.514595
7876,7877,108.570047,0.409526
7877,7878,108.583830,0.481409
7878,7879,108.597614,0.463471
7879,7880,108.611397,0.443203
7880,7881,108.625180,0.424256
7881,7882,108.638963,0.360937
7882,7883,108.652746,0.438351
7883,7884,108.666530,0.377513
7884,7885,108.680313,0.466303
7885,7886,108.694096,0.381253
7886,7887,108.707879,0.444406
7887,7888,108.721662,0.364943
7888,7889,108.735445,0.384365
7889,7890,108.749229,0.469071
7890,7891,108.763012,0.404403
7891,7892,108.776795,0.387047
7892,7893,108.790578,0.454876
7893,7894,108.804361,0.432544
7894,7895,108.818144,0.417849
7895,7896,108.831928,0.406225
7896,7897,108.845711,0.454142
7897,7898,108.859494,0.449886
7898,7899,108.873277,0.406650
7899,7900,108.887060,0.372534
7900,7901,108.900843,0.441989
7901,7902,108.914627,0.422803
7902,7903,108.928410,0.426017
7903,7904,108.942193,0.436855
7904,7905,108.955976,0.399975
7905,7906,108.969759,0.356465
7906,7907,108.983542,0.457703
7907,7908,108.997326,0.415110
7908,7909,109.011109,0.366073
7909,7910,109.024892,0.448520
7910,7911,109.038675,0.429783
7911,7912,109.052458,0.521436
7912,7913,109.066242,0.364952
7913,7914,109.080025,0.439223
7914,7915,109.093808,0.418104
7915,7916,109.107591,0.374729
7916,7917,109.121374,0.502564
7917,7918,109.135157,0.521218
7918,7919,109.148941,0.442264
7919,7920,109.162724,0.460064
7920,7921,109.176507,0.409196
7921,7922,109.190290,0.377978
7922,7923,109.204073,0.467817
7923,7924,109.217856,0.349109
7924,7925,109.231640,0.425608
7925,7926,109.245423,0.414888
7926,7927,109.259206,0.441993
7927,7928,109.272989,0.435579
7928,7929,109.286772,0.483330
7929,7930,109.300555,0.395169
7930,7931,109.314339,0.487520
7931,7932,109.328122,0.469891
7932,7933,109.341905,0.437200
7933,7934,109.355688,0.454601
7934,7935,109.369471,0.442339
7935,7936,109.383254,0.400222
7936,7937,109.397038,0.426809
7937,7938,109.410821,0.434577
7938,7939,109.424604,0.388122
7939,7940,109.438387,0.500273
7940,7941,109.452170,0.452010
7941,7942,109.465954,0.462920
7942,7943,109.479737,0.463889
7943,7944,109.493520,0.408344
7944,7945,109.507303,0.433242
7945,7946,109.521086,0.491165
7946,7947,109.534869,0.476604
7947,7948,109.548653,0.337213
7948,7949,109.562436,0.438467
7949,7950,109.576219,0.402048
7950,7951,109.590002,0.381639
7951,7952,109.603785,0.490070
7952,7953,109.617568,0.452946
7953,7954,109.631352,0.449583
7954,7955,109.645135,0.455887
7955,7956,109.658918,0.346156
7956,7957,109.672701,0.505121
7957,7958,109.686484,0.532437
7958,7959,109.700267,0.424395
7959,7960,109.714051,0.439690
7960,7961,109.727834,0.411194
